EVENT_UNIQUE_ID,OCC_DATE,NEIGHBOURHOOD_158,CSI_CATEGORY,OFFENCE,DEATH,INJURIES,EVENT_TYPE,PREMISE_TYPE
GO-2004111878,1/3/2004 5:00:00 AM,Rosedale-Moore Park (98),NA,NA,NA,NA,NA,NA
GO-2004136086,1/8/2004 5:00:00 AM,Malvern East (146),NA,NA,NA,NA,NA,NA
GO-2004125755,1/8/2004 5:00:00 AM,Woburn North (142),NA,NA,NA,NA,NA,NA
GO-2004148619,1/25/2004 5:00:00 AM,Morningside Heights (144),NA,NA,NA,NA,NA,NA
GO-2004148623,1/25/2004 5:00:00 AM,Junction-Wallace Emerson (171),NA,NA,NA,NA,NA,NA
GO-2004152518,2/20/2004 5:00:00 AM,Oakdale-Beverley Heights (154),NA,NA,NA,NA,NA,NA
GO-2004152518,2/20/2004 5:00:00 AM,Oakdale-Beverley Heights (154),NA,NA,NA,NA,NA,NA
GO-2004133635,2/21/2004 5:00:00 AM,Mount Olive-Silverstone-Jamestown (2),NA,NA,NA,NA,NA,NA
GO-2004172092,2/21/2004 5:00:00 AM,Oakdale-Beverley Heights (154),NA,NA,NA,NA,NA,NA
GO-2004218803,3/3/2004 5:00:00 AM,Morningside Heights (144),NA,NA,NA,NA,NA,NA
GO-2004301868,3/3/2004 5:00:00 AM,Old East York (58),NA,NA,NA,NA,NA,NA
GO-2004218585,3/3/2004 5:00:00 AM,Agincourt North (129),NA,NA,NA,NA,NA,NA
GO-2004200779,3/4/2004 5:00:00 AM,Clairlea-Birchmount (120),NA,NA,NA,NA,NA,NA
GO-2004229133,3/13/2004 5:00:00 AM,Woburn North (142),NA,NA,NA,NA,NA,NA
GO-2004219659,3/18/2004 5:00:00 AM,Bedford Park-Nortown (39),NA,NA,NA,NA,NA,NA
GO-2004219687,3/24/2004 5:00:00 AM,Golfdale-Cedarbrae-Woburn (141),NA,NA,NA,NA,NA,NA
GO-2004256410,4/1/2004 5:00:00 AM,Moss Park (73),NA,NA,NA,NA,NA,NA
GO-2004250857,4/13/2004 4:00:00 AM,Elms-Old Rexdale (5),NA,NA,NA,NA,NA,NA
GO-2004350484,5/1/2004 4:00:00 AM,Mount Olive-Silverstone-Jamestown (2),NA,NA,NA,NA,NA,NA
GO-2004311851,5/15/2004 4:00:00 AM,Black Creek (24),NA,NA,NA,NA,NA,NA
GO-2004311870,5/19/2004 4:00:00 AM,Alderwood (20),NA,NA,NA,NA,NA,NA
GO-2004374908,5/20/2004 4:00:00 AM,Yorkdale-Glen Park (31),NA,NA,NA,NA,NA,NA
GO-2004408720,5/21/2004 4:00:00 AM,Thistletown-Beaumond Heights (3),NA,NA,NA,NA,NA,NA
GO-2004374867,5/21/2004 4:00:00 AM,Regent Park (72),NA,NA,NA,NA,NA,NA
GO-2004308782,5/22/2004 4:00:00 AM,Maple Leaf (29),NA,NA,NA,NA,NA,NA
GO-2004418221,5/25/2004 4:00:00 AM,Roncesvalles (86),NA,NA,NA,NA,NA,NA
GO-2004456650,6/1/2004 4:00:00 AM,Moss Park (73),NA,NA,NA,NA,NA,NA
GO-2004455137,6/4/2004 4:00:00 AM,South Parkdale (85),NA,NA,NA,NA,NA,NA
GO-2004456829,6/18/2004 4:00:00 AM,Moss Park (73),NA,NA,NA,NA,NA,NA
GO-2004510813,6/19/2004 4:00:00 AM,Pelmo Park-Humberlea (23),NA,NA,NA,NA,NA,NA
GO-2004564223,7/1/2004 4:00:00 AM,Black Creek (24),NA,NA,NA,NA,NA,NA
GO-2004565547,7/5/2004 4:00:00 AM,Oakridge (121),NA,NA,NA,NA,NA,NA
GO-2004565561,7/7/2004 4:00:00 AM,Stonegate-Queensway (16),NA,NA,NA,NA,NA,NA
GO-2004564251,7/8/2004 4:00:00 AM,Rustic (28),NA,NA,NA,NA,NA,NA
GO-2004565588,7/9/2004 4:00:00 AM,Yonge-Doris (151),NA,NA,NA,NA,NA,NA
GO-2004986698,7/12/2004 4:00:00 AM,Malvern East (146),NA,NA,NA,NA,NA,NA
GO-2004592201,7/21/2004 4:00:00 AM,Hillcrest Village (48),NA,NA,NA,NA,NA,NA
GO-2004593866,7/23/2004 4:00:00 AM,Junction Area (90),NA,NA,NA,NA,NA,NA
GO-2004594159,7/24/2004 4:00:00 AM,Moss Park (73),NA,NA,NA,NA,NA,NA
GO-2004607864,8/5/2004 4:00:00 AM,Junction-Wallace Emerson (171),NA,NA,NA,NA,NA,NA
GO-2004616055,8/18/2004 4:00:00 AM,Rustic (28),NA,NA,NA,NA,NA,NA
GO-2004605174,8/19/2004 4:00:00 AM,Briar Hill-Belgravia (108),NA,NA,NA,NA,NA,NA
GO-2004635798,8/30/2004 4:00:00 AM,Moss Park (73),NA,NA,NA,NA,NA,NA
GO-2004592255,8/30/2004 4:00:00 AM,Highland Creek (134),NA,NA,NA,NA,NA,NA
GO-2004642839,8/31/2004 4:00:00 AM,Humbermede (22),NA,NA,NA,NA,NA,NA
GO-2004642110,9/5/2004 4:00:00 AM,Kingsview Village-The Westway (6),NA,NA,NA,NA,NA,NA
GO-2004650681,9/21/2004 4:00:00 AM,West Humber-Clairville (1),NA,NA,NA,NA,NA,NA
GO-2004633558,9/22/2004 4:00:00 AM,York University Heights (27),NA,NA,NA,NA,NA,NA
GO-2004676448,10/8/2004 4:00:00 AM,South Riverdale (70),NA,NA,NA,NA,NA,NA
GO-2004683174,10/15/2004 4:00:00 AM,Rustic (28),NA,NA,NA,NA,NA,NA
GO-2004643900,10/21/2004 4:00:00 AM,High Park North (88),NA,NA,NA,NA,NA,NA
GO-2004696852,10/27/2004 4:00:00 AM,Mount Pleasant East (99),NA,NA,NA,NA,NA,NA
GO-2004697185,11/12/2004 5:00:00 AM,Corso Italia-Davenport (92),NA,NA,NA,NA,NA,NA
GO-2004734705,12/1/2004 5:00:00 AM,Dovercourt Village (172),NA,NA,NA,NA,NA,NA
GO-2004734705,12/1/2004 5:00:00 AM,Dovercourt Village (172),NA,NA,NA,NA,NA,NA
GO-2004735933,12/2/2004 5:00:00 AM,Centennial Scarborough (133),NA,NA,NA,NA,NA,NA
GO-2004734029,12/3/2004 5:00:00 AM,Old East York (58),NA,NA,NA,NA,NA,NA
GO-2004735980,12/11/2004 5:00:00 AM,St.Andrew-Windfields (40),NA,NA,NA,NA,NA,NA
GO-2004730198,12/11/2004 5:00:00 AM,University (79),NA,NA,NA,NA,NA,NA
GO-2004775505,12/12/2004 5:00:00 AM,O'Connor-Parkview (54),NA,NA,NA,NA,NA,NA
GO-2004811677,12/19/2004 5:00:00 AM,Kennedy Park (124),NA,NA,NA,NA,NA,NA
GO-2004736004,12/19/2004 5:00:00 AM,Downtown Yonge East (168),NA,NA,NA,NA,NA,NA
GO-2004730003,12/20/2004 5:00:00 AM,Flemingdon Park (44),NA,NA,NA,NA,NA,NA
GO-2004860547,12/31/2004 5:00:00 AM,Cliffcrest (123),NA,NA,NA,NA,NA,NA
GO-2005879569,1/14/2005 5:00:00 AM,Milliken (130),NA,NA,NA,NA,NA,NA
GO-2005910043,1/18/2005 5:00:00 AM,Dovercourt Village (172),NA,NA,NA,NA,NA,NA
GO-2005920738,1/21/2005 5:00:00 AM,West Queen West (162),NA,NA,NA,NA,NA,NA
GO-2005920738,1/21/2005 5:00:00 AM,West Queen West (162),NA,NA,NA,NA,NA,NA
GO-20051003568,1/24/2005 5:00:00 AM,Steeles (116),NA,NA,NA,NA,NA,NA
GO-2005812174,1/26/2005 5:00:00 AM,Black Creek (24),NA,NA,NA,NA,NA,NA
GO-2005733656,2/11/2005 5:00:00 AM,Weston-Pelham Park (91),NA,NA,NA,NA,NA,NA
GO-2005951634,2/11/2005 5:00:00 AM,Dorset Park (126),NA,NA,NA,NA,NA,NA
GO-2005736672,2/12/2005 5:00:00 AM,Mount Olive-Silverstone-Jamestown (2),NA,NA,NA,NA,NA,NA
GO-2005768554,2/15/2005 5:00:00 AM,Dorset Park (126),NA,NA,NA,NA,NA,NA
GO-2005918414,2/15/2005 5:00:00 AM,North St.James Town (74),NA,NA,NA,NA,NA,NA
GO-2005929672,2/18/2005 5:00:00 AM,Mimico-Queensway (160),NA,NA,NA,NA,NA,NA
GO-2005969241,2/28/2005 5:00:00 AM,Newtonbrook West (36),NA,NA,NA,NA,NA,NA
GO-2005953786,3/5/2005 5:00:00 AM,Banbury-Don Mills (42),NA,NA,NA,NA,NA,NA
GO-2005745939,3/11/2005 5:00:00 AM,Stonegate-Queensway (16),NA,NA,NA,NA,NA,NA
GO-2005758352,3/25/2005 5:00:00 AM,Church-Wellesley (167),NA,NA,NA,NA,NA,NA
GO-2005884190,4/13/2005 4:00:00 AM,Birchcliffe-Cliffside (122),NA,NA,NA,NA,NA,NA
GO-20051052948,4/18/2005 4:00:00 AM,South Parkdale (85),NA,NA,NA,NA,NA,NA
GO-20051006774,4/19/2005 4:00:00 AM,Harbourfront-CityPlace (165),NA,NA,NA,NA,NA,NA
GO-2005739652,4/24/2005 4:00:00 AM,Humber Summit (21),NA,NA,NA,NA,NA,NA
GO-2005736140,5/4/2005 4:00:00 AM,Agincourt North (129),NA,NA,NA,NA,NA,NA
GO-2005737037,5/5/2005 4:00:00 AM,Glenfield-Jane Heights (25),NA,NA,NA,NA,NA,NA
GO-2005739574,5/5/2005 4:00:00 AM,Junction-Wallace Emerson (171),NA,NA,NA,NA,NA,NA
GO-2005756176,5/8/2005 4:00:00 AM,Danforth (66),NA,NA,NA,NA,NA,NA
GO-20051001532,5/14/2005 4:00:00 AM,Church-Wellesley (167),NA,NA,NA,NA,NA,NA
GO-2005863844,5/15/2005 4:00:00 AM,Agincourt South-Malvern West (128),NA,NA,NA,NA,NA,NA
GO-2005988453,5/18/2005 4:00:00 AM,West Hill (136),NA,NA,NA,NA,NA,NA
GO-2005781084,5/27/2005 4:00:00 AM,Glenfield-Jane Heights (25),NA,NA,NA,NA,NA,NA
GO-2005760646,6/12/2005 4:00:00 AM,East End-Danforth (62),NA,NA,NA,NA,NA,NA
GO-20051000509,6/24/2005 4:00:00 AM,Black Creek (24),NA,NA,NA,NA,NA,NA
GO-2005834756,6/25/2005 4:00:00 AM,Englemount-Lawrence (32),NA,NA,NA,NA,NA,NA
GO-20051086009,6/29/2005 4:00:00 AM,Dovercourt Village (172),NA,NA,NA,NA,NA,NA
GO-2005884293,7/6/2005 4:00:00 AM,Humbermede (22),NA,NA,NA,NA,NA,NA
GO-20051150352,7/15/2005 4:00:00 AM,West Hill (136),NA,NA,NA,NA,NA,NA
GO-2005863854,7/17/2005 4:00:00 AM,Oakridge (121),NA,NA,NA,NA,NA,NA
GO-20051059962,7/19/2005 4:00:00 AM,Rockcliffe-Smythe (111),NA,NA,NA,NA,NA,NA
GO-20051070618,7/20/2005 4:00:00 AM,Parkwoods-O'Connor Hills (149),NA,NA,NA,NA,NA,NA
GO-20051135001,7/30/2005 4:00:00 AM,Englemount-Lawrence (32),NA,NA,NA,NA,NA,NA
GO-20051033503,7/30/2005 4:00:00 AM,East L'Amoreaux (148),NA,NA,NA,NA,NA,NA
GO-20051148137,7/31/2005 4:00:00 AM,Downtown Yonge East (168),NA,NA,NA,NA,NA,NA
GO-20051041793,8/3/2005 4:00:00 AM,Mount Olive-Silverstone-Jamestown (2),NA,NA,NA,NA,NA,NA
GO-20051102449,8/5/2005 4:00:00 AM,L'Amoreaux West (147),NA,NA,NA,NA,NA,NA
GO-20051068304,8/7/2005 4:00:00 AM,Cabbagetown-South St.James Town (71),NA,NA,NA,NA,NA,NA
GO-20051068304,8/7/2005 4:00:00 AM,Cabbagetown-South St.James Town (71),NA,NA,NA,NA,NA,NA
GO-2005985817,8/13/2005 4:00:00 AM,Humber Heights-Westmount (8),NA,NA,NA,NA,NA,NA
GO-20051156816,8/15/2005 4:00:00 AM,Cabbagetown-South St.James Town (71),NA,NA,NA,NA,NA,NA
GO-20051072514,8/16/2005 4:00:00 AM,Flemingdon Park (44),NA,NA,NA,NA,NA,NA
GO-2005117846,8/18/2005 4:00:00 AM,Bendale-Glen Andrew (156),NA,NA,NA,NA,NA,NA
GO-20051183577,8/20/2005 4:00:00 AM,New Toronto (18),NA,NA,NA,NA,NA,NA
GO-20051189864,8/25/2005 4:00:00 AM,Scarborough Village (139),NA,NA,NA,NA,NA,NA
GO-2005761120,8/30/2005 4:00:00 AM,Glenfield-Jane Heights (25),NA,NA,NA,NA,NA,NA
GO-20051178414,8/31/2005 4:00:00 AM,Moss Park (73),NA,NA,NA,NA,NA,NA
GO-20051389771,9/6/2005 4:00:00 AM,Banbury-Don Mills (42),NA,NA,NA,NA,NA,NA
GO-20051101797,9/8/2005 4:00:00 AM,Rustic (28),NA,NA,NA,NA,NA,NA
GO-2005739598,9/9/2005 4:00:00 AM,Fort York-Liberty Village (163),NA,NA,NA,NA,NA,NA
GO-20051096519,9/10/2005 4:00:00 AM,Black Creek (24),NA,NA,NA,NA,NA,NA
GO-20051203047,9/13/2005 4:00:00 AM,Glenfield-Jane Heights (25),NA,NA,NA,NA,NA,NA
GO-20051156513,9/16/2005 4:00:00 AM,Elms-Old Rexdale (5),NA,NA,NA,NA,NA,NA
GO-20051156513,9/16/2005 4:00:00 AM,Elms-Old Rexdale (5),NA,NA,NA,NA,NA,NA
GO-20051139553,9/16/2005 4:00:00 AM,South Parkdale (85),NA,NA,NA,NA,NA,NA
GO-20051156513,9/16/2005 4:00:00 AM,Elms-Old Rexdale (5),NA,NA,NA,NA,NA,NA
GO-20051158528,9/19/2005 4:00:00 AM,Clanton Park (33),NA,NA,NA,NA,NA,NA
GO-20051228892,9/22/2005 4:00:00 AM,Old East York (58),NA,NA,NA,NA,NA,NA
GO-20051141576,10/1/2005 4:00:00 AM,West Hill (136),NA,NA,NA,NA,NA,NA
GO-20051325246,10/22/2005 4:00:00 AM,Mount Olive-Silverstone-Jamestown (2),NA,NA,NA,NA,NA,NA
GO-20051265274,10/23/2005 4:00:00 AM,Mount Olive-Silverstone-Jamestown (2),NA,NA,NA,NA,NA,NA
GO-20051265274,10/23/2005 4:00:00 AM,Mount Olive-Silverstone-Jamestown (2),NA,NA,NA,NA,NA,NA
GO-20051317338,11/1/2005 5:00:00 AM,L'Amoreaux West (147),NA,NA,NA,NA,NA,NA
GO-20051293148,11/2/2005 5:00:00 AM,O'Connor-Parkview (54),NA,NA,NA,NA,NA,NA
GO-20051283750,11/5/2005 5:00:00 AM,South Parkdale (85),NA,NA,NA,NA,NA,NA
GO-20051345445,11/9/2005 5:00:00 AM,Briar Hill-Belgravia (108),NA,NA,NA,NA,NA,NA
GO-20051356083,11/12/2005 5:00:00 AM,Avondale (153),NA,NA,NA,NA,NA,NA
GO-20051322417,11/14/2005 5:00:00 AM,Weston-Pelham Park (91),NA,NA,NA,NA,NA,NA
GO-20051258191,11/18/2005 5:00:00 AM,Mount Olive-Silverstone-Jamestown (2),NA,NA,NA,NA,NA,NA
GO-20051337264,11/26/2005 5:00:00 AM,Dorset Park (126),NA,NA,NA,NA,NA,NA
GO-20051428567,11/29/2005 5:00:00 AM,Junction-Wallace Emerson (171),NA,NA,NA,NA,NA,NA
GO-20051440086,12/1/2005 5:00:00 AM,NSA,NA,NA,NA,NA,NA,NA
GO-20051439907,12/16/2005 5:00:00 AM,Forest Hill North (102),NA,NA,NA,NA,NA,NA
GO-20051443414,12/23/2005 5:00:00 AM,Glenfield-Jane Heights (25),NA,NA,NA,NA,NA,NA
GO-20051229258,12/26/2005 5:00:00 AM,Woodbine Corridor (64),NA,NA,NA,NA,NA,NA
GO-20061426456,1/1/2006 5:00:00 AM,Briar Hill-Belgravia (108),NA,NA,NA,NA,NA,NA
GO-20061557753,1/26/2006 5:00:00 AM,Bedford Park-Nortown (39),NA,NA,NA,NA,NA,NA
GO-20061361475,2/6/2006 5:00:00 AM,Glenfield-Jane Heights (25),NA,NA,NA,NA,NA,NA
GO-20061511490,2/8/2006 5:00:00 AM,Flemingdon Park (44),NA,NA,NA,NA,NA,NA
GO-20061624304,2/9/2006 5:00:00 AM,L'Amoreaux West (147),NA,NA,NA,NA,NA,NA
GO-20061624304,2/9/2006 5:00:00 AM,L'Amoreaux West (147),NA,NA,NA,NA,NA,NA
GO-20061624304,2/9/2006 5:00:00 AM,L'Amoreaux West (147),NA,NA,NA,NA,NA,NA
GO-20061559867,3/2/2006 5:00:00 AM,Taylor-Massey (61),NA,NA,NA,NA,NA,NA
GO-20061597252,3/4/2006 5:00:00 AM,Highland Creek (134),NA,NA,NA,NA,NA,NA
GO-20061640987,3/12/2006 5:00:00 AM,Humbermede (22),NA,NA,NA,NA,NA,NA
GO-20061591256,3/14/2006 5:00:00 AM,Scarborough Village (139),NA,NA,NA,NA,NA,NA
GO-20061479234,3/20/2006 5:00:00 AM,North St.James Town (74),NA,NA,NA,NA,NA,NA
GO-20061570672,3/27/2006 5:00:00 AM,Mount Dennis (115),NA,NA,NA,NA,NA,NA
GO-20061671071,3/27/2006 5:00:00 AM,Glenfield-Jane Heights (25),NA,NA,NA,NA,NA,NA
GO-20061578377,4/7/2006 4:00:00 AM,Humber Summit (21),NA,NA,NA,NA,NA,NA
GO-20061673447,4/20/2006 4:00:00 AM,Downsview (155),NA,NA,NA,NA,NA,NA
GO-20061636602,4/26/2006 4:00:00 AM,Don Valley Village (47),NA,NA,NA,NA,NA,NA
GO-20061473434,4/29/2006 4:00:00 AM,Flemingdon Park (44),NA,NA,NA,NA,NA,NA
GO-20061686110,4/29/2006 4:00:00 AM,New Toronto (18),NA,NA,NA,NA,NA,NA
GO-20061439616,5/2/2006 4:00:00 AM,Danforth (66),NA,NA,NA,NA,NA,NA
GO-20061506152,5/15/2006 4:00:00 AM,Kensington-Chinatown (78),NA,NA,NA,NA,NA,NA
GO-20061714664,5/17/2006 4:00:00 AM,Taylor-Massey (61),NA,NA,NA,NA,NA,NA
GO-20061465047,5/26/2006 4:00:00 AM,Humewood-Cedarvale (106),NA,NA,NA,NA,NA,NA
GO-20061630473,5/28/2006 4:00:00 AM,Golfdale-Cedarbrae-Woburn (141),NA,NA,NA,NA,NA,NA
GO-20061558823,6/2/2006 4:00:00 AM,Danforth (66),NA,NA,NA,NA,NA,NA
GO-20061441432,6/3/2006 4:00:00 AM,Weston (113),NA,NA,NA,NA,NA,NA
GO-20061677509,6/3/2006 4:00:00 AM,Downsview (155),NA,NA,NA,NA,NA,NA
GO-20061433643,6/12/2006 4:00:00 AM,Rustic (28),NA,NA,NA,NA,NA,NA
GO-20061269372,6/13/2006 4:00:00 AM,Mount Dennis (115),NA,NA,NA,NA,NA,NA
GO-20061556233,6/22/2006 4:00:00 AM,Oakdale-Beverley Heights (154),NA,NA,NA,NA,NA,NA
GO-20061523520,6/23/2006 4:00:00 AM,Malvern West (145),NA,NA,NA,NA,NA,NA
GO-20061712933,6/23/2006 4:00:00 AM,Church-Wellesley (167),NA,NA,NA,NA,NA,NA
GO-20061614702,6/26/2006 4:00:00 AM,St Lawrence-East Bayfront-The Islands (166),NA,NA,NA,NA,NA,NA
GO-20061463143,7/2/2006 4:00:00 AM,Junction Area (90),NA,NA,NA,NA,NA,NA
GO-20061436777,7/5/2006 4:00:00 AM,Alderwood (20),NA,NA,NA,NA,NA,NA
GO-20061680741,7/11/2006 4:00:00 AM,Downtown Yonge East (168),NA,NA,NA,NA,NA,NA
GO-20061789165,7/12/2006 4:00:00 AM,Morningside Heights (144),NA,NA,NA,NA,NA,NA
GO-20061482034,7/12/2006 4:00:00 AM,Mount Dennis (115),NA,NA,NA,NA,NA,NA
GO-20061786165,7/12/2006 4:00:00 AM,Morningside Heights (144),NA,NA,NA,NA,NA,NA
GO-20061720929,7/14/2006 4:00:00 AM,West Humber-Clairville (1),NA,NA,NA,NA,NA,NA
GO-20061753633,7/15/2006 4:00:00 AM,O'Connor-Parkview (54),NA,NA,NA,NA,NA,NA
GO-20061436568,7/17/2006 4:00:00 AM,O'Connor-Parkview (54),NA,NA,NA,NA,NA,NA
GO-20061436461,7/27/2006 4:00:00 AM,Malvern East (146),NA,NA,NA,NA,NA,NA
GO-20061684861,8/5/2006 4:00:00 AM,South Parkdale (85),NA,NA,NA,NA,NA,NA
GO-20061467979,9/11/2006 4:00:00 AM,Yonge-Bay Corridor (170),NA,NA,NA,NA,NA,NA
GO-20061467979,9/11/2006 4:00:00 AM,Yonge-Bay Corridor (170),NA,NA,NA,NA,NA,NA
GO-20061442534,9/14/2006 4:00:00 AM,East L'Amoreaux (148),NA,NA,NA,NA,NA,NA
GO-20061825448,9/17/2006 4:00:00 AM,Woburn North (142),NA,NA,NA,NA,NA,NA
GO-20061873074,9/17/2006 4:00:00 AM,South Parkdale (85),NA,NA,NA,NA,NA,NA
GO-20061859866,9/17/2006 4:00:00 AM,Steeles (116),NA,NA,NA,NA,NA,NA
GO-20061696275,9/21/2006 4:00:00 AM,Birchcliffe-Cliffside (122),NA,NA,NA,NA,NA,NA
GO-20061448580,9/22/2006 4:00:00 AM,Church-Wellesley (167),NA,NA,NA,NA,NA,NA
GO-20061710058,9/25/2006 4:00:00 AM,Humber Summit (21),NA,NA,NA,NA,NA,NA
GO-20061904938,10/6/2006 4:00:00 AM,Islington (158),NA,NA,NA,NA,NA,NA
GO-20061905589,10/9/2006 4:00:00 AM,Victoria Village (43),NA,NA,NA,NA,NA,NA
GO-20061855834,10/11/2006 4:00:00 AM,Cabbagetown-South St.James Town (71),NA,NA,NA,NA,NA,NA
GO-20061696286,10/17/2006 4:00:00 AM,Wexford/Maryvale (119),NA,NA,NA,NA,NA,NA
GO-20061603174,10/21/2006 4:00:00 AM,Highland Creek (134),NA,NA,NA,NA,NA,NA
GO-20061877732,10/27/2006 4:00:00 AM,Stonegate-Queensway (16),NA,NA,NA,NA,NA,NA
GO-20061787320,10/27/2006 4:00:00 AM,Wellington Place (164),NA,NA,NA,NA,NA,NA
GO-20061470621,11/5/2006 5:00:00 AM,Victoria Village (43),NA,NA,NA,NA,NA,NA
GO-20061470621,11/5/2006 5:00:00 AM,Victoria Village (43),NA,NA,NA,NA,NA,NA
GO-20061448992,11/14/2006 5:00:00 AM,Malvern West (145),NA,NA,NA,NA,NA,NA
GO-20061945800,11/25/2006 5:00:00 AM,High Park-Swansea (87),NA,NA,NA,NA,NA,NA
GO-20061796411,12/3/2006 5:00:00 AM,Harbourfront-CityPlace (165),NA,NA,NA,NA,NA,NA
GO-20061462848,12/3/2006 5:00:00 AM,Morningside Heights (144),NA,NA,NA,NA,NA,NA
GO-20061451923,12/20/2006 5:00:00 AM,Regent Park (72),NA,NA,NA,NA,NA,NA
GO-20061501929,12/25/2006 5:00:00 AM,South Parkdale (85),NA,NA,NA,NA,NA,NA
GO-20061490523,12/26/2006 5:00:00 AM,Rexdale-Kipling (4),NA,NA,NA,NA,NA,NA
GO-20061932560,12/27/2006 5:00:00 AM,Black Creek (24),NA,NA,NA,NA,NA,NA
GO-20071875060,1/1/2007 5:00:00 AM,Malvern West (145),NA,NA,NA,NA,NA,NA
GO-20071763040,1/11/2007 5:00:00 AM,Flemingdon Park (44),NA,NA,NA,NA,NA,NA
GO-20071441479,1/11/2007 5:00:00 AM,Weston (113),NA,NA,NA,NA,NA,NA
GO-20071993783,1/14/2007 5:00:00 AM,Agincourt South-Malvern West (128),NA,NA,NA,NA,NA,NA
GO-20071492036,1/20/2007 5:00:00 AM,Rockcliffe-Smythe (111),NA,NA,NA,NA,NA,NA
GO-20071925141,2/4/2007 5:00:00 AM,Cliffcrest (123),NA,NA,NA,NA,NA,NA
GO-20073654724,2/11/2007 5:00:00 AM,St Lawrence-East Bayfront-The Islands (166),NA,NA,NA,NA,NA,NA
GO-20071896894,2/14/2007 5:00:00 AM,Oakdale-Beverley Heights (154),NA,NA,NA,NA,NA,NA
GO-20072425942,2/22/2007 5:00:00 AM,Islington (158),NA,NA,NA,NA,NA,NA
GO-20072061133,3/9/2007 5:00:00 AM,Clairlea-Birchmount (120),NA,NA,NA,NA,NA,NA
GO-20072065992,3/15/2007 4:00:00 AM,Humbermede (22),NA,NA,NA,NA,NA,NA
GO-20071564750,3/17/2007 4:00:00 AM,Oakwood Village (107),NA,NA,NA,NA,NA,NA
GO-20071438873,3/28/2007 4:00:00 AM,Yonge-Doris (151),NA,NA,NA,NA,NA,NA
GO-20072090220,4/2/2007 4:00:00 AM,Glenfield-Jane Heights (25),NA,NA,NA,NA,NA,NA
GO-20072072766,4/4/2007 4:00:00 AM,Cabbagetown-South St.James Town (71),NA,NA,NA,NA,NA,NA
GO-20071447527,4/5/2007 4:00:00 AM,Mount Olive-Silverstone-Jamestown (2),NA,NA,NA,NA,NA,NA
GO-20071606685,4/6/2007 4:00:00 AM,Woburn North (142),NA,NA,NA,NA,NA,NA
GO-20072086798,4/9/2007 4:00:00 AM,Bathurst Manor (34),NA,NA,NA,NA,NA,NA
GO-20071842715,4/12/2007 4:00:00 AM,North Riverdale (68),NA,NA,NA,NA,NA,NA
GO-20072003231,4/13/2007 4:00:00 AM,Kennedy Park (124),NA,NA,NA,NA,NA,NA
GO-20072178693,4/21/2007 4:00:00 AM,Oakdale-Beverley Heights (154),NA,NA,NA,NA,NA,NA
GO-20072021610,4/22/2007 4:00:00 AM,Playter Estates-Danforth (67),NA,NA,NA,NA,NA,NA
GO-20071971014,4/29/2007 4:00:00 AM,Church-Wellesley (167),NA,NA,NA,NA,NA,NA
GO-20072149719,5/8/2007 4:00:00 AM,Morningside (135),NA,NA,NA,NA,NA,NA
GO-20072198590,5/9/2007 4:00:00 AM,West Rouge (143),NA,NA,NA,NA,NA,NA
GO-20072226769,5/14/2007 4:00:00 AM,Elms-Old Rexdale (5),NA,NA,NA,NA,NA,NA
GO-20072163954,5/18/2007 4:00:00 AM,Mount Pleasant East (99),NA,NA,NA,NA,NA,NA
GO-20072151831,5/20/2007 4:00:00 AM,Kensington-Chinatown (78),NA,NA,NA,NA,NA,NA
GO-20072044021,5/21/2007 4:00:00 AM,Humbermede (22),NA,NA,NA,NA,NA,NA
GO-20071902458,5/23/2007 4:00:00 AM,Banbury-Don Mills (42),NA,NA,NA,NA,NA,NA
GO-20072226684,5/26/2007 4:00:00 AM,Moss Park (73),NA,NA,NA,NA,NA,NA
GO-20072055785,5/30/2007 4:00:00 AM,Kensington-Chinatown (78),NA,NA,NA,NA,NA,NA
GO-20072243955,6/5/2007 4:00:00 AM,Fenside-Parkwoods (150),NA,NA,NA,NA,NA,NA
GO-20072066379,6/9/2007 4:00:00 AM,Thistletown-Beaumond Heights (3),NA,NA,NA,NA,NA,NA
GO-20072127704,6/17/2007 4:00:00 AM,Caledonia-Fairbank (109),NA,NA,NA,NA,NA,NA
GO-20072064605,6/25/2007 4:00:00 AM,Morningside Heights (144),NA,NA,NA,NA,NA,NA
GO-20072064605,6/25/2007 4:00:00 AM,Morningside Heights (144),NA,NA,NA,NA,NA,NA
GO-20072315548,6/29/2007 4:00:00 AM,Regent Park (72),NA,NA,NA,NA,NA,NA
GO-20072304950,7/3/2007 4:00:00 AM,Yorkdale-Glen Park (31),NA,NA,NA,NA,NA,NA
GO-20072122523,7/4/2007 4:00:00 AM,West Rouge (143),NA,NA,NA,NA,NA,NA
GO-20072122523,7/4/2007 4:00:00 AM,West Rouge (143),NA,NA,NA,NA,NA,NA
GO-20072126683,7/7/2007 4:00:00 AM,West Hill (136),NA,NA,NA,NA,NA,NA
GO-20072043425,7/17/2007 4:00:00 AM,Woburn North (142),NA,NA,NA,NA,NA,NA
GO-20072226971,7/21/2007 4:00:00 AM,Oakwood Village (107),NA,NA,NA,NA,NA,NA
GO-20072162156,7/22/2007 4:00:00 AM,Glenfield-Jane Heights (25),NA,NA,NA,NA,NA,NA
GO-20072253925,7/22/2007 4:00:00 AM,Wellington Place (164),NA,NA,NA,NA,NA,NA
GO-20072096282,7/22/2007 4:00:00 AM,North St.James Town (74),NA,NA,NA,NA,NA,NA
GO-20072314144,7/28/2007 4:00:00 AM,Morningside Heights (144),NA,NA,NA,NA,NA,NA
GO-20072133216,7/28/2007 4:00:00 AM,Junction Area (90),NA,NA,NA,NA,NA,NA
GO-20072344083,7/29/2007 4:00:00 AM,Eglinton East (138),NA,NA,NA,NA,NA,NA
GO-20072177286,7/30/2007 4:00:00 AM,West Humber-Clairville (1),NA,NA,NA,NA,NA,NA
GO-20072082431,8/4/2007 4:00:00 AM,Regent Park (72),NA,NA,NA,NA,NA,NA
GO-20072187991,8/9/2007 4:00:00 AM,Trinity-Bellwoods (81),NA,NA,NA,NA,NA,NA
GO-20072426042,8/16/2007 4:00:00 AM,Black Creek (24),NA,NA,NA,NA,NA,NA
GO-20072383826,8/22/2007 4:00:00 AM,Thorncliffe Park (55),NA,NA,NA,NA,NA,NA
GO-20072421599,8/22/2007 4:00:00 AM,Cliffcrest (123),NA,NA,NA,NA,NA,NA
GO-20072077377,8/26/2007 4:00:00 AM,Oakridge (121),NA,NA,NA,NA,NA,NA
GO-20072442324,8/31/2007 4:00:00 AM,Agincourt North (129),NA,NA,NA,NA,NA,NA
GO-20072357094,9/1/2007 4:00:00 AM,Clairlea-Birchmount (120),NA,NA,NA,NA,NA,NA
GO-20072479780,9/7/2007 4:00:00 AM,Oakwood Village (107),NA,NA,NA,NA,NA,NA
GO-20072265196,9/11/2007 4:00:00 AM,Dorset Park (126),NA,NA,NA,NA,NA,NA
GO-20072373579,9/11/2007 4:00:00 AM,Rustic (28),NA,NA,NA,NA,NA,NA
GO-20072304687,9/19/2007 4:00:00 AM,Downtown Yonge East (168),NA,NA,NA,NA,NA,NA
GO-20072430194,9/25/2007 4:00:00 AM,Fenside-Parkwoods (150),NA,NA,NA,NA,NA,NA
GO-20072373602,9/28/2007 4:00:00 AM,Glenfield-Jane Heights (25),NA,NA,NA,NA,NA,NA
GO-20072539175,10/2/2007 4:00:00 AM,Downsview (155),NA,NA,NA,NA,NA,NA
GO-20072432106,10/6/2007 4:00:00 AM,Rockcliffe-Smythe (111),NA,NA,NA,NA,NA,NA
GO-20072424127,10/8/2007 4:00:00 AM,Wychwood (94),NA,NA,NA,NA,NA,NA
GO-20071902459,10/9/2007 4:00:00 AM,Glenfield-Jane Heights (25),NA,NA,NA,NA,NA,NA
GO-20072421605,10/14/2007 4:00:00 AM,Wexford/Maryvale (119),NA,NA,NA,NA,NA,NA
GO-20072538165,10/18/2007 4:00:00 AM,Hillcrest Village (48),NA,NA,NA,NA,NA,NA
GO-20072371208,10/21/2007 4:00:00 AM,North Riverdale (68),NA,NA,NA,NA,NA,NA
GO-20072404032,10/27/2007 4:00:00 AM,Etobicoke City Centre (159),NA,NA,NA,NA,NA,NA
GO-20072345705,11/3/2007 4:00:00 AM,Glenfield-Jane Heights (25),NA,NA,NA,NA,NA,NA
GO-20072403226,11/6/2007 5:00:00 AM,Moss Park (73),NA,NA,NA,NA,NA,NA
GO-20072424731,11/23/2007 5:00:00 AM,O'Connor-Parkview (54),NA,NA,NA,NA,NA,NA
GO-20072507368,11/23/2007 5:00:00 AM,Malvern West (145),NA,NA,NA,NA,NA,NA
GO-20072528917,11/23/2007 5:00:00 AM,Tam O'Shanter-Sullivan (118),NA,NA,NA,NA,NA,NA
GO-20072345729,11/25/2007 5:00:00 AM,Black Creek (24),NA,NA,NA,NA,NA,NA
GO-20072370103,11/28/2007 5:00:00 AM,Morningside (135),NA,NA,NA,NA,NA,NA
GO-20073098346,12/1/2007 5:00:00 AM,Bendale-Glen Andrew (156),NA,NA,NA,NA,NA,NA
GO-20072101272,12/2/2007 5:00:00 AM,Malvern East (146),NA,NA,NA,NA,NA,NA
GO-20072311686,12/14/2007 5:00:00 AM,Morningside Heights (144),NA,NA,NA,NA,NA,NA
GO-20072428698,12/23/2007 5:00:00 AM,Regent Park (72),NA,NA,NA,NA,NA,NA
GO-20072446147,12/25/2007 5:00:00 AM,Mount Olive-Silverstone-Jamestown (2),NA,NA,NA,NA,NA,NA
GO-20072446147,12/25/2007 5:00:00 AM,Mount Olive-Silverstone-Jamestown (2),NA,NA,NA,NA,NA,NA
GO-20082586541,1/1/2008 5:00:00 AM,O'Connor-Parkview (54),NA,NA,NA,NA,NA,NA
GO-20082601995,1/12/2008 5:00:00 AM,Church-Wellesley (167),NA,NA,NA,NA,NA,NA
GO-20082532076,1/17/2008 5:00:00 AM,South Riverdale (70),NA,NA,NA,NA,NA,NA
GO-20082605959,1/22/2008 5:00:00 AM,Oakdale-Beverley Heights (154),NA,NA,NA,NA,NA,NA
GO-20082520381,2/1/2008 5:00:00 AM,Eglinton East (138),NA,NA,NA,NA,NA,NA
GO-20082520381,2/1/2008 5:00:00 AM,Eglinton East (138),NA,NA,NA,NA,NA,NA
GO-20082428060,2/17/2008 5:00:00 AM,Malvern West (145),NA,NA,NA,NA,NA,NA
GO-20082377423,2/22/2008 5:00:00 AM,Golfdale-Cedarbrae-Woburn (141),NA,NA,NA,NA,NA,NA
GO-20082604028,2/23/2008 5:00:00 AM,Trinity-Bellwoods (81),NA,NA,NA,NA,NA,NA
GO-20082615345,2/25/2008 5:00:00 AM,East End-Danforth (62),NA,NA,NA,NA,NA,NA
GO-20082651936,2/28/2008 5:00:00 AM,Clanton Park (33),NA,NA,NA,NA,NA,NA
GO-20082704738,3/14/2008 4:00:00 AM,Yorkdale-Glen Park (31),NA,NA,NA,NA,NA,NA
GO-20082722663,3/18/2008 4:00:00 AM,Etobicoke West Mall (13),NA,NA,NA,NA,NA,NA
GO-20082371247,3/18/2008 4:00:00 AM,South Riverdale (70),NA,NA,NA,NA,NA,NA
GO-20082586161,4/17/2008 4:00:00 AM,Junction-Wallace Emerson (171),NA,NA,NA,NA,NA,NA
GO-20082743492,4/30/2008 4:00:00 AM,Junction Area (90),NA,NA,NA,NA,NA,NA
GO-20082651181,5/4/2008 4:00:00 AM,Scarborough Village (139),NA,NA,NA,NA,NA,NA
GO-20082577122,5/4/2008 4:00:00 AM,Scarborough Village (139),NA,NA,NA,NA,NA,NA
GO-20082783886,5/17/2008 4:00:00 AM,Banbury-Don Mills (42),NA,NA,NA,NA,NA,NA
GO-20082783886,5/17/2008 4:00:00 AM,Banbury-Don Mills (42),NA,NA,NA,NA,NA,NA
GO-20082597314,5/28/2008 4:00:00 AM,West Humber-Clairville (1),NA,NA,NA,NA,NA,NA
GO-20082853575,5/28/2008 4:00:00 AM,Malvern East (146),NA,NA,NA,NA,NA,NA
GO-20082855091,5/28/2008 4:00:00 AM,Tam O'Shanter-Sullivan (118),NA,NA,NA,NA,NA,NA
GO-20082709711,5/30/2008 4:00:00 AM,Victoria Village (43),NA,NA,NA,NA,NA,NA
GO-20082555616,6/13/2008 4:00:00 AM,West Queen West (162),NA,NA,NA,NA,NA,NA
GO-20082555616,6/13/2008 4:00:00 AM,West Queen West (162),NA,NA,NA,NA,NA,NA
GO-20082399394,6/15/2008 4:00:00 AM,Rockcliffe-Smythe (111),NA,NA,NA,NA,NA,NA
GO-20082368814,6/22/2008 4:00:00 AM,Taylor-Massey (61),NA,NA,NA,NA,NA,NA
GO-20082810109,6/23/2008 4:00:00 AM,Clairlea-Birchmount (120),NA,NA,NA,NA,NA,NA
GO-20082862776,7/9/2008 4:00:00 AM,Wexford/Maryvale (119),NA,NA,NA,NA,NA,NA
GO-20082906096,7/14/2008 4:00:00 AM,Yonge-St.Clair (97),NA,NA,NA,NA,NA,NA
GO-20082517552,7/17/2008 4:00:00 AM,Morningside (135),NA,NA,NA,NA,NA,NA
GO-20082816710,7/19/2008 4:00:00 AM,West Rouge (143),NA,NA,NA,NA,NA,NA
GO-20082786692,7/20/2008 4:00:00 AM,Alderwood (20),NA,NA,NA,NA,NA,NA
GO-20082786692,7/20/2008 4:00:00 AM,Alderwood (20),NA,NA,NA,NA,NA,NA
GO-20082786692,7/20/2008 4:00:00 AM,Alderwood (20),NA,NA,NA,NA,NA,NA
GO-20082773144,7/26/2008 4:00:00 AM,Pelmo Park-Humberlea (23),NA,NA,NA,NA,NA,NA
GO-20082605554,7/27/2008 4:00:00 AM,Keelesdale-Eglinton West (110),NA,NA,NA,NA,NA,NA
GO-20082869738,8/2/2008 4:00:00 AM,Moss Park (73),NA,NA,NA,NA,NA,NA
GO-20082761191,8/3/2008 4:00:00 AM,Roncesvalles (86),NA,NA,NA,NA,NA,NA
GO-20082919665,8/3/2008 4:00:00 AM,Woodbine Corridor (64),NA,NA,NA,NA,NA,NA
GO-20082756711,8/10/2008 4:00:00 AM,Agincourt South-Malvern West (128),NA,NA,NA,NA,NA,NA
GO-20082986087,8/22/2008 4:00:00 AM,St Lawrence-East Bayfront-The Islands (166),NA,NA,NA,NA,NA,NA
GO-20082891170,8/24/2008 4:00:00 AM,Westminster-Branson (35),NA,NA,NA,NA,NA,NA
GO-20082928965,8/26/2008 4:00:00 AM,Malvern West (145),NA,NA,NA,NA,NA,NA
GO-20082373236,8/28/2008 4:00:00 AM,Kensington-Chinatown (78),NA,NA,NA,NA,NA,NA
GO-20082881742,9/2/2008 4:00:00 AM,Bayview Village (52),NA,NA,NA,NA,NA,NA
GO-20082386684,9/8/2008 4:00:00 AM,Humber Summit (21),NA,NA,NA,NA,NA,NA
GO-20082406153,9/8/2008 4:00:00 AM,Beechborough-Greenbrook (112),NA,NA,NA,NA,NA,NA
GO-20082922744,9/9/2008 4:00:00 AM,Maple Leaf (29),NA,NA,NA,NA,NA,NA
GO-20082909162,9/16/2008 4:00:00 AM,Agincourt South-Malvern West (128),NA,NA,NA,NA,NA,NA
GO-20082747960,9/16/2008 4:00:00 AM,Black Creek (24),NA,NA,NA,NA,NA,NA
GO-20082954481,9/22/2008 4:00:00 AM,Glenfield-Jane Heights (25),NA,NA,NA,NA,NA,NA
GO-20082875476,9/24/2008 4:00:00 AM,Downsview (155),NA,NA,NA,NA,NA,NA
GO-20082395868,10/3/2008 4:00:00 AM,Humber Heights-Westmount (8),NA,NA,NA,NA,NA,NA
GO-20083044970,10/9/2008 4:00:00 AM,Oakdale-Beverley Heights (154),NA,NA,NA,NA,NA,NA
GO-20082386395,10/11/2008 4:00:00 AM,Fort York-Liberty Village (163),NA,NA,NA,NA,NA,NA
GO-20082897918,10/13/2008 4:00:00 AM,West Rouge (143),NA,NA,NA,NA,NA,NA
GO-20082897918,10/13/2008 4:00:00 AM,West Rouge (143),NA,NA,NA,NA,NA,NA
GO-20082823465,10/14/2008 4:00:00 AM,Scarborough Village (139),NA,NA,NA,NA,NA,NA
GO-20083023273,10/25/2008 4:00:00 AM,Clanton Park (33),NA,NA,NA,NA,NA,NA
GO-20082440245,10/25/2008 4:00:00 AM,South Riverdale (70),NA,NA,NA,NA,NA,NA
GO-20082863291,11/18/2008 5:00:00 AM,Morningside (135),NA,NA,NA,NA,NA,NA
GO-20082863291,11/18/2008 5:00:00 AM,Morningside (135),NA,NA,NA,NA,NA,NA
GO-20082863291,11/18/2008 5:00:00 AM,Morningside (135),NA,NA,NA,NA,NA,NA
GO-20082739826,11/23/2008 5:00:00 AM,Eringate-Centennial-West Deane (11),NA,NA,NA,NA,NA,NA
GO-20083049956,11/26/2008 5:00:00 AM,Wexford/Maryvale (119),NA,NA,NA,NA,NA,NA
GO-20082439136,12/3/2008 5:00:00 AM,New Toronto (18),NA,NA,NA,NA,NA,NA
GO-20082873166,12/6/2008 5:00:00 AM,Beechborough-Greenbrook (112),NA,NA,NA,NA,NA,NA
GO-20083103211,12/25/2008 5:00:00 AM,Ionview (125),NA,NA,NA,NA,NA,NA
GO-20093148206,1/3/2009 5:00:00 AM,Humber Summit (21),NA,NA,NA,NA,NA,NA
GO-20093100835,1/4/2009 5:00:00 AM,Banbury-Don Mills (42),NA,NA,NA,NA,NA,NA
GO-20093118823,1/6/2009 5:00:00 AM,Flemingdon Park (44),NA,NA,NA,NA,NA,NA
GO-20093167296,1/16/2009 5:00:00 AM,Weston-Pelham Park (91),NA,NA,NA,NA,NA,NA
GO-20093043662,1/20/2009 5:00:00 AM,Keelesdale-Eglinton West (110),NA,NA,NA,NA,NA,NA
GO-20093065148,2/1/2009 5:00:00 AM,Weston (113),NA,NA,NA,NA,NA,NA
GO-20092874543,2/10/2009 5:00:00 AM,Morningside (135),NA,NA,NA,NA,NA,NA
GO-20093219115,2/22/2009 5:00:00 AM,Black Creek (24),NA,NA,NA,NA,NA,NA
GO-20092904889,2/26/2009 5:00:00 AM,Beechborough-Greenbrook (112),NA,NA,NA,NA,NA,NA
GO-20093082434,2/28/2009 5:00:00 AM,Dorset Park (126),NA,NA,NA,NA,NA,NA
GO-20093180676,3/12/2009 4:00:00 AM,Black Creek (24),NA,NA,NA,NA,NA,NA
GO-20093159164,4/2/2009 4:00:00 AM,Kennedy Park (124),NA,NA,NA,NA,NA,NA
GO-20093233433,4/17/2009 4:00:00 AM,South Riverdale (70),NA,NA,NA,NA,NA,NA
GO-20093104776,4/21/2009 4:00:00 AM,Keelesdale-Eglinton West (110),NA,NA,NA,NA,NA,NA
GO-20093185090,4/22/2009 4:00:00 AM,Mount Dennis (115),NA,NA,NA,NA,NA,NA
GO-20093103646,5/1/2009 4:00:00 AM,Lambton Baby Point (114),NA,NA,NA,NA,NA,NA
GO-20093201614,5/5/2009 4:00:00 AM,Little Portugal (84),NA,NA,NA,NA,NA,NA
GO-20093041325,5/9/2009 4:00:00 AM,Greenwood-Coxwell (65),NA,NA,NA,NA,NA,NA
GO-20093059077,5/11/2009 4:00:00 AM,Rockcliffe-Smythe (111),NA,NA,NA,NA,NA,NA
GO-20093386271,5/20/2009 4:00:00 AM,Rockcliffe-Smythe (111),NA,NA,NA,NA,NA,NA
GO-20093330600,5/20/2009 4:00:00 AM,South Riverdale (70),NA,NA,NA,NA,NA,NA
GO-20093386271,5/20/2009 4:00:00 AM,Rockcliffe-Smythe (111),NA,NA,NA,NA,NA,NA
GO-20093250588,6/15/2009 4:00:00 AM,Kingsview Village-The Westway (6),NA,NA,NA,NA,NA,NA
GO-20093420102,6/17/2009 4:00:00 AM,Yorkdale-Glen Park (31),NA,NA,NA,NA,NA,NA
GO-20093155134,6/21/2009 4:00:00 AM,South Riverdale (70),NA,NA,NA,NA,NA,NA
GO-20093155134,6/21/2009 4:00:00 AM,South Riverdale (70),NA,NA,NA,NA,NA,NA
GO-20093440867,7/7/2009 4:00:00 AM,Glenfield-Jane Heights (25),NA,NA,NA,NA,NA,NA
GO-20093096999,7/11/2009 4:00:00 AM,Dorset Park (126),NA,NA,NA,NA,NA,NA
GO-20093501395,7/19/2009 4:00:00 AM,West Rouge (143),NA,NA,NA,NA,NA,NA
GO-20093139087,7/20/2009 4:00:00 AM,Tam O'Shanter-Sullivan (118),NA,NA,NA,NA,NA,NA
GO-20093523913,7/25/2009 4:00:00 AM,University (79),NA,NA,NA,NA,NA,NA
GO-20093505649,8/1/2009 4:00:00 AM,Annex (95),NA,NA,NA,NA,NA,NA
GO-20093523721,8/2/2009 4:00:00 AM,West Humber-Clairville (1),NA,NA,NA,NA,NA,NA
GO-20093363634,8/4/2009 4:00:00 AM,Mimico-Queensway (160),NA,NA,NA,NA,NA,NA
GO-20093348714,8/5/2009 4:00:00 AM,Eglinton East (138),NA,NA,NA,NA,NA,NA
GO-20093515443,8/10/2009 4:00:00 AM,West Humber-Clairville (1),NA,NA,NA,NA,NA,NA
GO-20093523004,8/16/2009 4:00:00 AM,Mount Olive-Silverstone-Jamestown (2),NA,NA,NA,NA,NA,NA
GO-20093448946,9/2/2009 4:00:00 AM,Blake-Jones (69),NA,NA,NA,NA,NA,NA
GO-20093576028,9/5/2009 4:00:00 AM,St Lawrence-East Bayfront-The Islands (166),NA,NA,NA,NA,NA,NA
GO-20093269913,9/7/2009 4:00:00 AM,Bayview Woods-Steeles (49),NA,NA,NA,NA,NA,NA
GO-20093575026,9/12/2009 4:00:00 AM,Kennedy Park (124),NA,NA,NA,NA,NA,NA
GO-20093528405,10/10/2009 4:00:00 AM,South Parkdale (85),NA,NA,NA,NA,NA,NA
GO-20093464087,10/18/2009 4:00:00 AM,Downtown Yonge East (168),NA,NA,NA,NA,NA,NA
GO-20093524643,10/18/2009 4:00:00 AM,York University Heights (27),NA,NA,NA,NA,NA,NA
GO-20093425603,10/30/2009 4:00:00 AM,Wychwood (94),NA,NA,NA,NA,NA,NA
GO-20093588501,11/2/2009 5:00:00 AM,Playter Estates-Danforth (67),NA,NA,NA,NA,NA,NA
GO-20093454028,11/3/2009 5:00:00 AM,York University Heights (27),NA,NA,NA,NA,NA,NA
GO-20093586765,11/4/2009 5:00:00 AM,Annex (95),NA,NA,NA,NA,NA,NA
GO-20093593532,11/7/2009 5:00:00 AM,North Riverdale (68),NA,NA,NA,NA,NA,NA
GO-20093411009,11/7/2009 5:00:00 AM,University (79),NA,NA,NA,NA,NA,NA
GO-20093425609,11/11/2009 5:00:00 AM,Oakwood Village (107),NA,NA,NA,NA,NA,NA
GO-20092776015,11/17/2009 5:00:00 AM,Kingsview Village-The Westway (6),NA,NA,NA,NA,NA,NA
GO-20093358995,11/22/2009 5:00:00 AM,Bay-Cloverhill (169),NA,NA,NA,NA,NA,NA
GO-20093577507,11/22/2009 5:00:00 AM,Bendale-Glen Andrew (156),NA,NA,NA,NA,NA,NA
GO-20093687835,12/3/2009 5:00:00 AM,Rustic (28),NA,NA,NA,NA,NA,NA
GO-20093574569,12/5/2009 5:00:00 AM,North St.James Town (74),NA,NA,NA,NA,NA,NA
GO-20093567900,12/6/2009 5:00:00 AM,Humber Summit (21),NA,NA,NA,NA,NA,NA
GO-20093574814,12/7/2009 5:00:00 AM,Weston (113),NA,NA,NA,NA,NA,NA
GO-20093565736,12/9/2009 5:00:00 AM,Oakdale-Beverley Heights (154),NA,NA,NA,NA,NA,NA
GO-20093391807,12/13/2009 5:00:00 AM,Runnymede-Bloor West Village (89),NA,NA,NA,NA,NA,NA
GO-20093591551,12/18/2009 5:00:00 AM,Kensington-Chinatown (78),NA,NA,NA,NA,NA,NA
GO-20093543317,12/29/2009 5:00:00 AM,Junction Area (90),NA,NA,NA,NA,NA,NA
GO-20103593574,1/2/2010 5:00:00 AM,North Riverdale (68),NA,NA,NA,NA,NA,NA
GO-20103566324,1/7/2010 5:00:00 AM,Malvern East (146),NA,NA,NA,NA,NA,NA
GO-20103583884,1/24/2010 5:00:00 AM,Kensington-Chinatown (78),NA,NA,NA,NA,NA,NA
GO-20103281627,1/27/2010 5:00:00 AM,Wexford/Maryvale (119),NA,NA,NA,NA,NA,NA
GO-20103367693,2/3/2010 5:00:00 AM,Cabbagetown-South St.James Town (71),NA,NA,NA,NA,NA,NA
GO-20103713412,2/7/2010 5:00:00 AM,Brookhaven-Amesbury (30),NA,NA,NA,NA,NA,NA
GO-20103448094,2/8/2010 5:00:00 AM,Rustic (28),NA,NA,NA,NA,NA,NA
GO-20103456178,2/14/2010 5:00:00 AM,Eglinton East (138),NA,NA,NA,NA,NA,NA
GO-20103593600,2/15/2010 5:00:00 AM,South Riverdale (70),NA,NA,NA,NA,NA,NA
GO-2010357703,3/11/2010 5:00:00 AM,West Hill (136),NA,NA,NA,NA,NA,NA
GO-20103680160,3/13/2010 5:00:00 AM,Wexford/Maryvale (119),NA,NA,NA,NA,NA,NA
GO-20103657524,4/4/2010 4:00:00 AM,High Park-Swansea (87),NA,NA,NA,NA,NA,NA
GO-20103733844,4/28/2010 4:00:00 AM,Moss Park (73),NA,NA,NA,NA,NA,NA
GO-20103427476,5/3/2010 4:00:00 AM,Oakwood Village (107),NA,NA,NA,NA,NA,NA
GO-20103662181,5/8/2010 4:00:00 AM,Junction-Wallace Emerson (171),NA,NA,NA,NA,NA,NA
GO-20103709341,5/10/2010 4:00:00 AM,East L'Amoreaux (148),NA,NA,NA,NA,NA,NA
GO-20103577964,5/17/2010 4:00:00 AM,Beechborough-Greenbrook (112),NA,NA,NA,NA,NA,NA
GO-20103801763,5/25/2010 4:00:00 AM,Morningside (135),NA,NA,NA,NA,NA,NA
GO-20103795155,5/29/2010 4:00:00 AM,Glenfield-Jane Heights (25),NA,NA,NA,NA,NA,NA
GO-20103568162,5/29/2010 4:00:00 AM,High Park-Swansea (87),NA,NA,NA,NA,NA,NA
GO-20103746928,5/31/2010 4:00:00 AM,Brookhaven-Amesbury (30),NA,NA,NA,NA,NA,NA
GO-20103844704,6/12/2010 4:00:00 AM,Casa Loma (96),NA,NA,NA,NA,NA,NA
GO-20103711024,6/12/2010 4:00:00 AM,New Toronto (18),NA,NA,NA,NA,NA,NA
GO-20103786264,6/29/2010 4:00:00 AM,Kingsview Village-The Westway (6),NA,NA,NA,NA,NA,NA
GO-20103773164,6/30/2010 4:00:00 AM,Rockcliffe-Smythe (111),NA,NA,NA,NA,NA,NA
GO-20103771858,7/2/2010 4:00:00 AM,Annex (95),NA,NA,NA,NA,NA,NA
GO-20103776066,7/2/2010 4:00:00 AM,Downsview (155),NA,NA,NA,NA,NA,NA
GO-20103757791,7/6/2010 4:00:00 AM,Bendale-Glen Andrew (156),NA,NA,NA,NA,NA,NA
GO-20102896399,7/9/2010 4:00:00 AM,Wexford/Maryvale (119),NA,NA,NA,NA,NA,NA
GO-20103360930,7/10/2010 4:00:00 AM,Kensington-Chinatown (78),NA,NA,NA,NA,NA,NA
GO-20103587228,7/13/2010 4:00:00 AM,Flemingdon Park (44),NA,NA,NA,NA,NA,NA
GO-20103831826,7/14/2010 4:00:00 AM,Bendale-Glen Andrew (156),NA,NA,NA,NA,NA,NA
GO-20103686077,7/16/2010 4:00:00 AM,Agincourt South-Malvern West (128),NA,NA,NA,NA,NA,NA
GO-20103520868,7/30/2010 4:00:00 AM,Glenfield-Jane Heights (25),NA,NA,NA,NA,NA,NA
GO-20103804848,7/30/2010 4:00:00 AM,West Humber-Clairville (1),NA,NA,NA,NA,NA,NA
GO-20103883110,7/31/2010 4:00:00 AM,Flemingdon Park (44),NA,NA,NA,NA,NA,NA
GO-20103561930,8/8/2010 4:00:00 AM,Cabbagetown-South St.James Town (71),NA,NA,NA,NA,NA,NA
GO-20103436989,8/14/2010 4:00:00 AM,Etobicoke City Centre (159),NA,NA,NA,NA,NA,NA
GO-20103577793,8/14/2010 4:00:00 AM,North St.James Town (74),NA,NA,NA,NA,NA,NA
GO-20103773675,8/24/2010 4:00:00 AM,Englemount-Lawrence (32),NA,NA,NA,NA,NA,NA
GO-20103412926,8/27/2010 4:00:00 AM,Dufferin Grove (83),NA,NA,NA,NA,NA,NA
GO-20103793509,8/29/2010 4:00:00 AM,Junction Area (90),NA,NA,NA,NA,NA,NA
GO-2018104863,9/6/2010 4:00:00 AM,Thorncliffe Park (55),NA,NA,NA,NA,NA,NA
GO-20103528531,9/10/2010 4:00:00 AM,Woburn North (142),NA,NA,NA,NA,NA,NA
GO-20103912797,9/12/2010 4:00:00 AM,Brookhaven-Amesbury (30),NA,NA,NA,NA,NA,NA
GO-20103836758,9/12/2010 4:00:00 AM,Black Creek (24),NA,NA,NA,NA,NA,NA
GO-20103905801,9/25/2010 4:00:00 AM,Humber Heights-Westmount (8),NA,NA,NA,NA,NA,NA
GO-20103708472,9/29/2010 4:00:00 AM,Weston (113),NA,NA,NA,NA,NA,NA
GO-20103708472,9/29/2010 4:00:00 AM,Weston (113),NA,NA,NA,NA,NA,NA
GO-20103834477,10/4/2010 4:00:00 AM,South Parkdale (85),NA,NA,NA,NA,NA,NA
GO-20103633942,10/4/2010 4:00:00 AM,Black Creek (24),NA,NA,NA,NA,NA,NA
GO-20103561941,10/9/2010 4:00:00 AM,Regent Park (72),NA,NA,NA,NA,NA,NA
GO-20103561941,10/9/2010 4:00:00 AM,Regent Park (72),NA,NA,NA,NA,NA,NA
GO-20103520082,10/17/2010 4:00:00 AM,Oakridge (121),NA,NA,NA,NA,NA,NA
GO-20103772354,10/25/2010 4:00:00 AM,Regent Park (72),NA,NA,NA,NA,NA,NA
GO-20103355708,10/27/2010 4:00:00 AM,South Riverdale (70),NA,NA,NA,NA,NA,NA
GO-20103911901,11/17/2010 5:00:00 AM,Willowdale West (37),NA,NA,NA,NA,NA,NA
GO-20103929126,11/20/2010 5:00:00 AM,Don Valley Village (47),NA,NA,NA,NA,NA,NA
GO-20103988019,11/22/2010 5:00:00 AM,Glenfield-Jane Heights (25),NA,NA,NA,NA,NA,NA
GO-20103904746,11/24/2010 5:00:00 AM,Woburn North (142),NA,NA,NA,NA,NA,NA
GO-20103845292,11/27/2010 5:00:00 AM,Wellington Place (164),NA,NA,NA,NA,NA,NA
GO-20103878370,11/29/2010 5:00:00 AM,Regent Park (72),NA,NA,NA,NA,NA,NA
GO-20104003542,12/2/2010 5:00:00 AM,East End-Danforth (62),NA,NA,NA,NA,NA,NA
GO-20104016091,12/25/2010 5:00:00 AM,Rockcliffe-Smythe (111),NA,NA,NA,NA,NA,NA
GO-2018104863,12/29/2010 5:00:00 AM,Thorncliffe Park (55),NA,NA,NA,NA,NA,NA
GO-20113922539,1/1/2011 5:00:00 AM,Wellington Place (164),NA,NA,NA,NA,NA,NA
GO-20112885827,1/5/2011 5:00:00 AM,Ionview (125),NA,NA,NA,NA,NA,NA
GO-20113737551,1/6/2011 5:00:00 AM,West Hill (136),NA,NA,NA,NA,NA,NA
GO-20114040426,1/12/2011 5:00:00 AM,Annex (95),NA,NA,NA,NA,NA,NA
GO-20114033175,1/13/2011 5:00:00 AM,Briar Hill-Belgravia (108),NA,NA,NA,NA,NA,NA
GO-20113832781,1/23/2011 5:00:00 AM,Cabbagetown-South St.James Town (71),NA,NA,NA,NA,NA,NA
GO-20113966773,2/1/2011 5:00:00 AM,Humber Summit (21),NA,NA,NA,NA,NA,NA
GO-20113530271,2/5/2011 5:00:00 AM,York University Heights (27),NA,NA,NA,NA,NA,NA
GO-20113948450,2/11/2011 5:00:00 AM,Golfdale-Cedarbrae-Woburn (141),NA,NA,NA,NA,NA,NA
GO-20114017505,2/11/2011 5:00:00 AM,Beechborough-Greenbrook (112),NA,NA,NA,NA,NA,NA
GO-20114017400,2/16/2011 5:00:00 AM,Weston (113),NA,NA,NA,NA,NA,NA
GO-201139593058,2/19/2011 5:00:00 AM,Malvern East (146),NA,NA,NA,NA,NA,NA
GO-20113996966,2/26/2011 5:00:00 AM,Malvern East (146),NA,NA,NA,NA,NA,NA
GO-20114010034,3/2/2011 5:00:00 AM,Lambton Baby Point (114),NA,NA,NA,NA,NA,NA
GO-20114029641,3/3/2011 5:00:00 AM,Dovercourt Village (172),NA,NA,NA,NA,NA,NA
GO-20113973677,3/20/2011 4:00:00 AM,Kingsview Village-The Westway (6),NA,NA,NA,NA,NA,NA
GO-20113914456,3/21/2011 4:00:00 AM,South Parkdale (85),NA,NA,NA,NA,NA,NA
GO-20113736070,3/28/2011 4:00:00 AM,The Beaches (63),NA,NA,NA,NA,NA,NA
GO-20113981811,3/28/2011 4:00:00 AM,Eglinton East (138),NA,NA,NA,NA,NA,NA
GO-20113942884,4/6/2011 4:00:00 AM,Danforth (66),NA,NA,NA,NA,NA,NA
GO-20113985830,4/15/2011 4:00:00 AM,York University Heights (27),NA,NA,NA,NA,NA,NA
GO-20113832638,4/30/2011 4:00:00 AM,Rexdale-Kipling (4),NA,NA,NA,NA,NA,NA
GO-20113985926,5/26/2011 4:00:00 AM,L'Amoreaux West (147),NA,NA,NA,NA,NA,NA
GO-20114047557,5/29/2011 4:00:00 AM,Mount Olive-Silverstone-Jamestown (2),NA,NA,NA,NA,NA,NA
GO-20113582659,6/16/2011 4:00:00 AM,Glenfield-Jane Heights (25),NA,NA,NA,NA,NA,NA
GO-20114071110,7/1/2011 4:00:00 AM,Wexford/Maryvale (119),NA,NA,NA,NA,NA,NA
GO-20113984179,7/22/2011 4:00:00 AM,Scarborough Village (139),NA,NA,NA,NA,NA,NA
GO-20113429437,7/29/2011 4:00:00 AM,Islington (158),NA,NA,NA,NA,NA,NA
GO-20113794249,7/29/2011 4:00:00 AM,Mount Dennis (115),NA,NA,NA,NA,NA,NA
GO-20114119820,7/31/2011 4:00:00 AM,Mount Dennis (115),NA,NA,NA,NA,NA,NA
GO-20113443263,8/10/2011 4:00:00 AM,Downsview (155),NA,NA,NA,NA,NA,NA
GO-20114082526,8/20/2011 4:00:00 AM,Downsview (155),NA,NA,NA,NA,NA,NA
GO-20114131492,8/23/2011 4:00:00 AM,Clanton Park (33),NA,NA,NA,NA,NA,NA
GO-20113721549,8/27/2011 4:00:00 AM,Lambton Baby Point (114),NA,NA,NA,NA,NA,NA
GO-20114137445,9/11/2011 4:00:00 AM,Woburn North (142),NA,NA,NA,NA,NA,NA
GO-20113156934,9/17/2011 4:00:00 AM,Clairlea-Birchmount (120),NA,NA,NA,NA,NA,NA
GO-20114136529,10/2/2011 4:00:00 AM,Trinity-Bellwoods (81),NA,NA,NA,NA,NA,NA
GO-20113405116,10/7/2011 4:00:00 AM,Little Portugal (84),NA,NA,NA,NA,NA,NA
GO-20113887747,10/9/2011 4:00:00 AM,Victoria Village (43),NA,NA,NA,NA,NA,NA
GO-20114156058,10/14/2011 4:00:00 AM,Taylor-Massey (61),NA,NA,NA,NA,NA,NA
GO-20114244358,10/15/2011 4:00:00 AM,Black Creek (24),NA,NA,NA,NA,NA,NA
GO-20114140412,10/17/2011 4:00:00 AM,Clairlea-Birchmount (120),NA,NA,NA,NA,NA,NA
GO-20114219112,10/21/2011 4:00:00 AM,Etobicoke West Mall (13),NA,NA,NA,NA,NA,NA
GO-20114188550,10/28/2011 4:00:00 AM,Oakdale-Beverley Heights (154),NA,NA,NA,NA,NA,NA
GO-20114187348,11/29/2011 5:00:00 AM,South Riverdale (70),NA,NA,NA,NA,NA,NA
GO-20114253053,12/2/2011 5:00:00 AM,Newtonbrook East (50),NA,NA,NA,NA,NA,NA
GO-20114136582,12/2/2011 5:00:00 AM,Rustic (28),NA,NA,NA,NA,NA,NA
GO-20113034132,12/3/2011 5:00:00 AM,Bedford Park-Nortown (39),NA,NA,NA,NA,NA,NA
GO-20114191912,12/26/2011 5:00:00 AM,Regent Park (72),NA,NA,NA,NA,NA,NA
GO-20114266197,12/30/2011 5:00:00 AM,Golfdale-Cedarbrae-Woburn (141),NA,NA,NA,NA,NA,NA
GO-20114355679,12/31/2011 5:00:00 AM,Kensington-Chinatown (78),NA,NA,NA,NA,NA,NA
GO-201230000227,1/1/2012 5:00:00 AM,Leaside-Bennington (56),NA,NA,NA,NA,NA,NA
GO-20123665859,1/1/2012 5:00:00 AM,Fort York-Liberty Village (163),NA,NA,NA,NA,NA,NA
GO-20124194029,1/1/2012 5:00:00 AM,Clairlea-Birchmount (120),NA,NA,NA,NA,NA,NA
GO-20124205598,1/21/2012 5:00:00 AM,Ionview (125),NA,NA,NA,NA,NA,NA
GO-20124042332,1/24/2012 5:00:00 AM,Malvern West (145),NA,NA,NA,NA,NA,NA
GO-20124212793,1/27/2012 5:00:00 AM,Dufferin Grove (83),NA,NA,NA,NA,NA,NA
GO-20124085703,2/20/2012 5:00:00 AM,Lansing-Westgate (38),NA,NA,NA,NA,NA,NA
GO-20124085703,2/20/2012 5:00:00 AM,Lansing-Westgate (38),NA,NA,NA,NA,NA,NA
GO-20124370907,2/29/2012 5:00:00 AM,L'Amoreaux West (147),NA,NA,NA,NA,NA,NA
GO-20124334336,3/11/2012 5:00:00 AM,Yonge-Doris (151),NA,NA,NA,NA,NA,NA
GO-20124445252,3/23/2012 4:00:00 AM,Kingsway South (15),NA,NA,NA,NA,NA,NA
GO-20123755673,4/12/2012 4:00:00 AM,Rockcliffe-Smythe (111),NA,NA,NA,NA,NA,NA
GO-20124428014,4/15/2012 4:00:00 AM,Wexford/Maryvale (119),NA,NA,NA,NA,NA,NA
GO-20124376058,4/16/2012 4:00:00 AM,High Park North (88),NA,NA,NA,NA,NA,NA
GO-20124449577,5/4/2012 4:00:00 AM,Englemount-Lawrence (32),NA,NA,NA,NA,NA,NA
GO-20124449281,5/7/2012 4:00:00 AM,Oakridge (121),NA,NA,NA,NA,NA,NA
GO-20124346812,5/9/2012 4:00:00 AM,Yonge-Eglinton (100),NA,NA,NA,NA,NA,NA
GO-20124445741,5/10/2012 4:00:00 AM,Lambton Baby Point (114),NA,NA,NA,NA,NA,NA
GO-20123363455,5/14/2012 4:00:00 AM,Moss Park (73),NA,NA,NA,NA,NA,NA
GO-20124438492,5/31/2012 4:00:00 AM,Centennial Scarborough (133),NA,NA,NA,NA,NA,NA
GO-20124533105,6/2/2012 4:00:00 AM,Downtown Yonge East (168),NA,NA,NA,NA,NA,NA
GO-20124533105,6/2/2012 4:00:00 AM,Downtown Yonge East (168),NA,NA,NA,NA,NA,NA
GO-20124386217,6/18/2012 4:00:00 AM,Palmerston-Little Italy (80),NA,NA,NA,NA,NA,NA
GO-20124503011,6/22/2012 4:00:00 AM,Dorset Park (126),NA,NA,NA,NA,NA,NA
GO-20124556249,6/23/2012 4:00:00 AM,Avondale (153),NA,NA,NA,NA,NA,NA
GO-20124471737,7/2/2012 4:00:00 AM,Playter Estates-Danforth (67),NA,NA,NA,NA,NA,NA
GO-20121799882,7/3/2012 4:00:00 AM,Markland Wood (12),NA,NA,NA,NA,NA,NA
GO-20124578181,7/5/2012 4:00:00 AM,Islington (158),NA,NA,NA,NA,NA,NA
GO-20124544154,7/16/2012 4:00:00 AM,West Hill (136),NA,NA,NA,NA,NA,NA
GO-20124544154,7/16/2012 4:00:00 AM,West Hill (136),NA,NA,NA,NA,NA,NA
GO-20124466647,7/17/2012 4:00:00 AM,Mount Dennis (115),NA,NA,NA,NA,NA,NA
GO-20124427513,7/19/2012 4:00:00 AM,Englemount-Lawrence (32),NA,NA,NA,NA,NA,NA
GO-20124528375,7/22/2012 4:00:00 AM,Agincourt South-Malvern West (128),NA,NA,NA,NA,NA,NA
GO-20124622186,8/1/2012 4:00:00 AM,Black Creek (24),NA,NA,NA,NA,NA,NA
GO-20124531897,8/7/2012 4:00:00 AM,Malvern East (146),NA,NA,NA,NA,NA,NA
GO-20124613436,8/24/2012 4:00:00 AM,Clairlea-Birchmount (120),NA,NA,NA,NA,NA,NA
GO-20124528016,9/8/2012 4:00:00 AM,Malvern East (146),NA,NA,NA,NA,NA,NA
GO-20124563307,9/8/2012 4:00:00 AM,East End-Danforth (62),NA,NA,NA,NA,NA,NA
GO-20124520488,9/15/2012 4:00:00 AM,Briar Hill-Belgravia (108),NA,NA,NA,NA,NA,NA
GO-20124453311,9/16/2012 4:00:00 AM,Glenfield-Jane Heights (25),NA,NA,NA,NA,NA,NA
GO-20124589405,9/18/2012 4:00:00 AM,Mount Olive-Silverstone-Jamestown (2),NA,NA,NA,NA,NA,NA
GO-20124589405,9/18/2012 4:00:00 AM,Mount Olive-Silverstone-Jamestown (2),NA,NA,NA,NA,NA,NA
GO-20124663461,10/11/2012 4:00:00 AM,Black Creek (24),NA,NA,NA,NA,NA,NA
GO-20124615172,10/17/2012 4:00:00 AM,Woburn North (142),NA,NA,NA,NA,NA,NA
GO-2018104863,10/18/2012 4:00:00 AM,Church-Wellesley (167),NA,NA,NA,NA,NA,NA
GO-20124477212,10/23/2012 4:00:00 AM,Cabbagetown-South St.James Town (71),NA,NA,NA,NA,NA,NA
GO-20124703830,10/28/2012 4:00:00 AM,Morningside (135),NA,NA,NA,NA,NA,NA
GO-20124697103,10/29/2012 4:00:00 AM,Yorkdale-Glen Park (31),NA,NA,NA,NA,NA,NA
GO-20124613667,10/29/2012 4:00:00 AM,South Parkdale (85),NA,NA,NA,NA,NA,NA
GO-20124754900,10/30/2012 4:00:00 AM,Mount Dennis (115),NA,NA,NA,NA,NA,NA
GO-20124695122,11/11/2012 5:00:00 AM,University (79),NA,NA,NA,NA,NA,NA
GO-20124664511,11/12/2012 5:00:00 AM,Mount Olive-Silverstone-Jamestown (2),NA,NA,NA,NA,NA,NA
GO-20124559977,11/14/2012 5:00:00 AM,Woodbine Corridor (64),NA,NA,NA,NA,NA,NA
GO-20124545660,11/17/2012 5:00:00 AM,Flemingdon Park (44),NA,NA,NA,NA,NA,NA
GO-20121799887,11/29/2012 5:00:00 AM,Markland Wood (12),NA,NA,NA,NA,NA,NA
GO-20124672379,12/2/2012 5:00:00 AM,Downsview (155),NA,NA,NA,NA,NA,NA
GO-20124844185,12/20/2012 5:00:00 AM,North St.James Town (74),NA,NA,NA,NA,NA,NA
GO-20134821260,1/1/2013 5:00:00 AM,York University Heights (27),NA,NA,NA,NA,NA,NA
GO-20134842775,1/18/2013 5:00:00 AM,Regent Park (72),NA,NA,NA,NA,NA,NA
GO-20134724330,1/19/2013 5:00:00 AM,Willowridge-Martingrove-Richview (7),NA,NA,NA,NA,NA,NA
GO-20134911563,1/19/2013 5:00:00 AM,Dovercourt Village (172),NA,NA,NA,NA,NA,NA
GO-20134902220,2/2/2013 5:00:00 AM,Don Valley Village (47),NA,NA,NA,NA,NA,NA
GO-20134822914,2/6/2013 5:00:00 AM,Steeles (116),NA,NA,NA,NA,NA,NA
GO-20134822914,2/6/2013 5:00:00 AM,Steeles (116),NA,NA,NA,NA,NA,NA
GO-20134834800,2/10/2013 5:00:00 AM,Fort York-Liberty Village (163),NA,NA,NA,NA,NA,NA
GO-20134954079,2/11/2013 5:00:00 AM,Glenfield-Jane Heights (25),NA,NA,NA,NA,NA,NA
GO-20134920035,2/17/2013 5:00:00 AM,Mount Olive-Silverstone-Jamestown (2),NA,NA,NA,NA,NA,NA
GO-20134913786,2/24/2013 5:00:00 AM,Humber Summit (21),NA,NA,NA,NA,NA,NA
GO-20134896103,3/4/2013 5:00:00 AM,Caledonia-Fairbank (109),NA,NA,NA,NA,NA,NA
GO-20134847120,3/6/2013 5:00:00 AM,Rexdale-Kipling (4),NA,NA,NA,NA,NA,NA
GO-20134968037,3/13/2013 4:00:00 AM,Wexford/Maryvale (119),NA,NA,NA,NA,NA,NA
GO-20134779022,3/21/2013 4:00:00 AM,Cabbagetown-South St.James Town (71),NA,NA,NA,NA,NA,NA
GO-20134907315,3/28/2013 4:00:00 AM,Wellington Place (164),NA,NA,NA,NA,NA,NA
GO-20134902638,3/30/2013 4:00:00 AM,Yorkdale-Glen Park (31),NA,NA,NA,NA,NA,NA
GO-20134837042,4/6/2013 4:00:00 AM,Regent Park (72),NA,NA,NA,NA,NA,NA
GO-20134948721,4/25/2013 4:00:00 AM,Morningside Heights (144),NA,NA,NA,NA,NA,NA
GO-20134924967,4/25/2013 4:00:00 AM,Lansing-Westgate (38),NA,NA,NA,NA,NA,NA
GO-20134913839,4/29/2013 4:00:00 AM,Glenfield-Jane Heights (25),NA,NA,NA,NA,NA,NA
GO-20134929615,4/30/2013 4:00:00 AM,Birchcliffe-Cliffside (122),NA,NA,NA,NA,NA,NA
GO-20134823588,5/16/2013 4:00:00 AM,O'Connor-Parkview (54),NA,NA,NA,NA,NA,NA
GO-20134832188,5/19/2013 4:00:00 AM,Trinity-Bellwoods (81),NA,NA,NA,NA,NA,NA
GO-20134934653,5/24/2013 4:00:00 AM,Rockcliffe-Smythe (111),NA,NA,NA,NA,NA,NA
GO-20135001151,5/29/2013 4:00:00 AM,Morningside Heights (144),NA,NA,NA,NA,NA,NA
GO-20135067942,6/3/2013 4:00:00 AM,Agincourt North (129),NA,NA,NA,NA,NA,NA
GO-20135000885,6/16/2013 4:00:00 AM,Yonge-Doris (151),NA,NA,NA,NA,NA,NA
GO-20135096311,6/27/2013 4:00:00 AM,Broadview North (57),NA,NA,NA,NA,NA,NA
GO-20134832295,7/4/2013 4:00:00 AM,Clanton Park (33),NA,NA,NA,NA,NA,NA
GO-20135147700,7/9/2013 4:00:00 AM,Moss Park (73),NA,NA,NA,NA,NA,NA
GO-20135020177,7/13/2013 4:00:00 AM,Newtonbrook East (50),NA,NA,NA,NA,NA,NA
GO-20134799559,7/14/2013 4:00:00 AM,West Queen West (162),NA,NA,NA,NA,NA,NA
GO-20135172838,7/15/2013 4:00:00 AM,Markland Wood (12),NA,NA,NA,NA,NA,NA
GO-20135172838,7/15/2013 4:00:00 AM,Markland Wood (12),NA,NA,NA,NA,NA,NA
GO-20135172838,7/15/2013 4:00:00 AM,Markland Wood (12),NA,NA,NA,NA,NA,NA
GO-20135159817,7/28/2013 4:00:00 AM,Glenfield-Jane Heights (25),NA,NA,NA,NA,NA,NA
GO-20135162653,8/5/2013 4:00:00 AM,High Park-Swansea (87),NA,NA,NA,NA,NA,NA
GO-20135143553,8/12/2013 4:00:00 AM,Elms-Old Rexdale (5),NA,NA,NA,NA,NA,NA
GO-20135192957,8/23/2013 4:00:00 AM,Glenfield-Jane Heights (25),NA,NA,NA,NA,NA,NA
GO-20135192957,8/23/2013 4:00:00 AM,Glenfield-Jane Heights (25),NA,NA,NA,NA,NA,NA
GO-20135143282,9/3/2013 4:00:00 AM,Weston (113),NA,NA,NA,NA,NA,NA
GO-20135114771,9/12/2013 4:00:00 AM,Hillcrest Village (48),NA,NA,NA,NA,NA,NA
GO-20135245469,9/14/2013 4:00:00 AM,Danforth (66),NA,NA,NA,NA,NA,NA
GO-20135269597,9/17/2013 4:00:00 AM,Willowridge-Martingrove-Richview (7),NA,NA,NA,NA,NA,NA
GO-20135126688,9/20/2013 4:00:00 AM,Beechborough-Greenbrook (112),NA,NA,NA,NA,NA,NA
GO-20135260102,9/23/2013 4:00:00 AM,Moss Park (73),NA,NA,NA,NA,NA,NA
GO-20135237175,10/6/2013 4:00:00 AM,Yonge-Bay Corridor (170),NA,NA,NA,NA,NA,NA
GO-20135128923,10/13/2013 4:00:00 AM,Weston (113),NA,NA,NA,NA,NA,NA
GO-20135229819,10/20/2013 4:00:00 AM,Kensington-Chinatown (78),NA,NA,NA,NA,NA,NA
GO-20135070453,11/1/2013 4:00:00 AM,Regent Park (72),NA,NA,NA,NA,NA,NA
GO-2013939200,11/9/2013 5:00:00 AM,Wychwood (94),NA,NA,NA,NA,NA,NA
GO-2013943773,11/10/2013 5:00:00 AM,East End-Danforth (62),NA,NA,NA,NA,NA,NA
GO-20131032372,11/24/2013 5:00:00 AM,Mount Olive-Silverstone-Jamestown (2),NA,NA,NA,NA,NA,NA
GO-20131036741,11/25/2013 5:00:00 AM,Lawrence Park North (105),NA,NA,NA,NA,NA,NA
GO-20131225193,12/26/2013 5:00:00 AM,Pelmo Park-Humberlea (23),NA,NA,NA,NA,NA,NA
GO-20131231259,12/27/2013 5:00:00 AM,Milliken (130),NA,NA,NA,NA,NA,NA
GO-20141272537,1/3/2014 5:00:00 AM,North St.James Town (74),NA,NA,NA,NA,NA,NA
GO-20141326860,1/14/2014 5:00:00 AM,Dorset Park (126),NA,NA,NA,NA,NA,NA
GO-20141431240,1/29/2014 5:00:00 AM,Golfdale-Cedarbrae-Woburn (141),NA,NA,NA,NA,NA,NA
GO-20141428622,1/29/2014 5:00:00 AM,Humber Heights-Westmount (8),NA,NA,NA,NA,NA,NA
GO-20141435425,1/30/2014 5:00:00 AM,Downtown Yonge East (168),NA,NA,NA,NA,NA,NA
GO-20141381673,2/2/2014 5:00:00 AM,O'Connor-Parkview (54),NA,NA,NA,NA,NA,NA
GO-20141462653,2/3/2014 5:00:00 AM,Wexford/Maryvale (119),NA,NA,NA,NA,NA,NA
GO-20141470629,2/4/2014 5:00:00 AM,Lawrence Park North (105),NA,NA,NA,NA,NA,NA
GO-20141500533,2/9/2014 5:00:00 AM,Alderwood (20),NA,NA,NA,NA,NA,NA
GO-20141518863,2/12/2014 5:00:00 AM,Mount Olive-Silverstone-Jamestown (2),NA,NA,NA,NA,NA,NA
GO-20141663866,3/8/2014 5:00:00 AM,Flemingdon Park (44),NA,NA,NA,NA,NA,NA
GO-20141667340,3/9/2014 5:00:00 AM,Etobicoke City Centre (159),NA,NA,NA,NA,NA,NA
GO-20141668180,3/12/2014 4:00:00 AM,Greenwood-Coxwell (65),NA,NA,NA,NA,NA,NA
GO-20141703051,3/15/2014 4:00:00 AM,Woburn North (142),NA,NA,NA,NA,NA,NA
GO-20141703847,3/15/2014 4:00:00 AM,South Riverdale (70),NA,NA,NA,NA,NA,NA
GO-20141731923,3/19/2014 4:00:00 AM,East End-Danforth (62),NA,NA,NA,NA,NA,NA
GO-20141731923,3/19/2014 4:00:00 AM,East End-Danforth (62),NA,NA,NA,NA,NA,NA
GO-20141766614,3/25/2014 4:00:00 AM,Weston-Pelham Park (91),NA,NA,NA,NA,NA,NA
GO-20141824235,4/4/2014 4:00:00 AM,Cabbagetown-South St.James Town (71),NA,NA,NA,NA,NA,NA
GO-20141880069,4/12/2014 4:00:00 AM,Morningside Heights (144),NA,NA,NA,NA,NA,NA
GO-20142003751,5/2/2014 4:00:00 AM,Oakwood Village (107),NA,NA,NA,NA,NA,NA
GO-20142145283,5/24/2014 4:00:00 AM,Greenwood-Coxwell (65),NA,NA,NA,NA,NA,NA
GO-20142242196,6/10/2014 4:00:00 AM,Agincourt North (129),NA,NA,NA,NA,NA,NA
GO-20142439822,7/6/2014 4:00:00 AM,Moss Park (73),NA,NA,NA,NA,NA,NA
GO-20142452482,7/8/2014 4:00:00 AM,Yorkdale-Glen Park (31),NA,NA,NA,NA,NA,NA
GO-20142499434,7/15/2014 4:00:00 AM,L'Amoreaux West (147),NA,NA,NA,NA,NA,NA
GO-20142665166,8/9/2014 4:00:00 AM,Etobicoke West Mall (13),NA,NA,NA,NA,NA,NA
GO-20142728301,8/18/2014 4:00:00 AM,Mount Dennis (115),NA,NA,NA,NA,NA,NA
GO-20142777149,8/26/2014 4:00:00 AM,Wellington Place (164),NA,NA,NA,NA,NA,NA
GO-20142804113,8/30/2014 4:00:00 AM,Dovercourt Village (172),NA,NA,NA,NA,NA,NA
GO-20142849540,9/5/2014 4:00:00 AM,Cabbagetown-South St.James Town (71),NA,NA,NA,NA,NA,NA
GO-20142870490,9/8/2014 4:00:00 AM,Rustic (28),NA,NA,NA,NA,NA,NA
GO-20142870125,9/8/2014 4:00:00 AM,East End-Danforth (62),NA,NA,NA,NA,NA,NA
GO-20142891423,9/11/2014 4:00:00 AM,Etobicoke City Centre (159),NA,NA,NA,NA,NA,NA
GO-20142886898,9/11/2014 4:00:00 AM,St.Andrew-Windfields (40),NA,NA,NA,NA,NA,NA
GO-20142910832,9/14/2014 4:00:00 AM,Don Valley Village (47),NA,NA,NA,NA,NA,NA
GO-20142905498,9/14/2014 4:00:00 AM,Golfdale-Cedarbrae-Woburn (141),NA,NA,NA,NA,NA,NA
GO-20142929457,9/17/2014 4:00:00 AM,York University Heights (27),NA,NA,NA,NA,NA,NA
GO-20142966747,9/23/2014 4:00:00 AM,Mount Olive-Silverstone-Jamestown (2),NA,NA,NA,NA,NA,NA
GO-20142992607,9/27/2014 4:00:00 AM,Danforth (66),NA,NA,NA,NA,NA,NA
GO-20143005270,9/29/2014 4:00:00 AM,Scarborough Village (139),NA,NA,NA,NA,NA,NA
GO-20143017592,9/30/2014 4:00:00 AM,Oakwood Village (107),NA,NA,NA,NA,NA,NA
GO-20143045566,10/5/2014 4:00:00 AM,Junction Area (90),NA,NA,NA,NA,NA,NA
GO-20143053009,10/6/2014 4:00:00 AM,Kingsview Village-The Westway (6),NA,NA,NA,NA,NA,NA
GO-20143053009,10/6/2014 4:00:00 AM,Kingsview Village-The Westway (6),NA,NA,NA,NA,NA,NA
GO-20143053896,10/6/2014 4:00:00 AM,Regent Park (72),NA,NA,NA,NA,NA,NA
GO-20143094406,10/13/2014 4:00:00 AM,Don Valley Village (47),NA,NA,NA,NA,NA,NA
GO-20143107536,10/15/2014 4:00:00 AM,Junction-Wallace Emerson (171),NA,NA,NA,NA,NA,NA
GO-20143208371,10/30/2014 4:00:00 AM,Downsview (155),NA,NA,NA,NA,NA,NA
GO-20143252379,11/6/2014 5:00:00 AM,Keelesdale-Eglinton West (110),NA,NA,NA,NA,NA,NA
GO-20143310199,11/16/2014 5:00:00 AM,Yonge-Bay Corridor (170),NA,NA,NA,NA,NA,NA
GO-20143392120,11/29/2014 5:00:00 AM,Thorncliffe Park (55),NA,NA,NA,NA,NA,NA
GO-20143392120,11/29/2014 5:00:00 AM,Thorncliffe Park (55),NA,NA,NA,NA,NA,NA
GO-20143392120,11/29/2014 5:00:00 AM,Thorncliffe Park (55),NA,NA,NA,NA,NA,NA
GO-20143420091,12/1/2014 5:00:00 AM,North St.James Town (74),NA,NA,NA,NA,NA,NA
GO-20143423102,12/4/2014 5:00:00 AM,Bendale South (157),NA,NA,NA,NA,NA,NA
GO-20143455828,12/9/2014 5:00:00 AM,High Park North (88),NA,NA,NA,NA,NA,NA
GO-20143536404,12/15/2014 5:00:00 AM,Little Portugal (84),NA,NA,NA,NA,NA,NA
GO-201555992,1/10/2015 5:00:00 AM,Church-Wellesley (167),NA,NA,NA,NA,NA,NA
GO-201594334,1/16/2015 5:00:00 AM,West Humber-Clairville (1),NA,NA,NA,NA,NA,NA
GO-201599853,1/17/2015 5:00:00 AM,Newtonbrook East (50),NA,NA,NA,NA,NA,NA
GO-2015159448,1/27/2015 5:00:00 AM,Yorkdale-Glen Park (31),NA,NA,NA,NA,NA,NA
GO-2015179790,1/31/2015 5:00:00 AM,Kensington-Chinatown (78),NA,NA,NA,NA,NA,NA
GO-2015205271,2/4/2015 5:00:00 AM,Clairlea-Birchmount (120),NA,NA,NA,NA,NA,NA
GO-2015346652,2/28/2015 5:00:00 AM,Woodbine Corridor (64),NA,NA,NA,NA,NA,NA
GO-2015346652,2/28/2015 5:00:00 AM,Woodbine Corridor (64),NA,NA,NA,NA,NA,NA
GO-2015453427,3/17/2015 4:00:00 AM,Kingsview Village-The Westway (6),NA,NA,NA,NA,NA,NA
GO-2015457868,3/18/2015 4:00:00 AM,Humber Bay Shores (161),NA,NA,NA,NA,NA,NA
GO-2015473322,3/21/2015 4:00:00 AM,Willowridge-Martingrove-Richview (7),NA,NA,NA,NA,NA,NA
GO-2015531511,3/30/2015 4:00:00 AM,Mount Olive-Silverstone-Jamestown (2),NA,NA,NA,NA,NA,NA
GO-2015586781,4/9/2015 4:00:00 AM,Taylor-Massey (61),NA,NA,NA,NA,NA,NA
GO-2015618195,4/14/2015 4:00:00 AM,Corso Italia-Davenport (92),NA,NA,NA,NA,NA,NA
GO-2015669864,4/23/2015 4:00:00 AM,Birchcliffe-Cliffside (122),NA,NA,NA,NA,NA,NA
GO-2015767516,5/8/2015 4:00:00 AM,West Hill (136),NA,NA,NA,NA,NA,NA
GO-2015819674,5/17/2015 4:00:00 AM,Junction-Wallace Emerson (171),NA,NA,NA,NA,NA,NA
GO-2015831181,5/19/2015 4:00:00 AM,Danforth (66),NA,NA,NA,NA,NA,NA
GO-2015843494,5/20/2015 4:00:00 AM,Junction-Wallace Emerson (171),NA,NA,NA,NA,NA,NA
GO-2015870230,5/25/2015 4:00:00 AM,Woburn North (142),NA,NA,NA,NA,NA,NA
GO-2015922149,5/30/2015 4:00:00 AM,Woodbine-Lumsden (60),NA,NA,NA,NA,NA,NA
GO-2015916307,6/1/2015 4:00:00 AM,Woburn North (142),NA,NA,NA,NA,NA,NA
GO-2015926649,6/3/2015 4:00:00 AM,Downtown Yonge East (168),NA,NA,NA,NA,NA,NA
GO-2015988808,6/12/2015 4:00:00 AM,Rockcliffe-Smythe (111),NA,NA,NA,NA,NA,NA
GO-20151086599,6/28/2015 4:00:00 AM,Little Portugal (84),NA,NA,NA,NA,NA,NA
GO-20151086599,6/28/2015 4:00:00 AM,Little Portugal (84),NA,NA,NA,NA,NA,NA
GO-20151158745,7/9/2015 4:00:00 AM,Mount Olive-Silverstone-Jamestown (2),NA,NA,NA,NA,NA,NA
GO-20151178239,7/10/2015 4:00:00 AM,Junction-Wallace Emerson (171),NA,NA,NA,NA,NA,NA
GO-20151182401,7/12/2015 4:00:00 AM,Cliffcrest (123),NA,NA,NA,NA,NA,NA
GO-20151325557,8/3/2015 4:00:00 AM,North St.James Town (74),NA,NA,NA,NA,NA,NA
GO-20151330701,8/4/2015 4:00:00 AM,Fort York-Liberty Village (163),NA,NA,NA,NA,NA,NA
GO-20151330701,8/4/2015 4:00:00 AM,Fort York-Liberty Village (163),NA,NA,NA,NA,NA,NA
GO-20151352151,8/7/2015 4:00:00 AM,Weston-Pelham Park (91),NA,NA,NA,NA,NA,NA
GO-20151362027,8/9/2015 4:00:00 AM,Yonge-Bay Corridor (170),NA,NA,NA,NA,NA,NA
GO-20151428790,8/19/2015 4:00:00 AM,Rustic (28),NA,NA,NA,NA,NA,NA
GO-20151423810,8/19/2015 4:00:00 AM,Moss Park (73),NA,NA,NA,NA,NA,NA
GO-20151536584,9/6/2015 4:00:00 AM,Rockcliffe-Smythe (111),NA,NA,NA,NA,NA,NA
GO-20151577444,9/12/2015 4:00:00 AM,West Hill (136),NA,NA,NA,NA,NA,NA
GO-20151641806,9/22/2015 4:00:00 AM,Morningside (135),NA,NA,NA,NA,NA,NA
GO-20151692243,10/1/2015 4:00:00 AM,Highland Creek (134),NA,NA,NA,NA,NA,NA
GO-2018104863,10/15/2015 4:00:00 AM,Golfdale-Cedarbrae-Woburn (141),NA,NA,NA,NA,NA,NA
GO-20151791234,10/17/2015 4:00:00 AM,West Humber-Clairville (1),NA,NA,NA,NA,NA,NA
GO-20151869657,10/31/2015 4:00:00 AM,Church-Wellesley (167),NA,NA,NA,NA,NA,NA
GO-20151899333,11/4/2015 5:00:00 AM,Leaside-Bennington (56),NA,NA,NA,NA,NA,NA
GO-20151783770,11/10/2015 5:00:00 AM,Woodbine Corridor (64),NA,NA,NA,NA,NA,NA
GO-20151939320,11/10/2015 5:00:00 AM,Clairlea-Birchmount (120),NA,NA,NA,NA,NA,NA
GO-20151947851,11/13/2015 5:00:00 AM,North St.James Town (74),NA,NA,NA,NA,NA,NA
GO-20151950148,11/13/2015 5:00:00 AM,Tam O'Shanter-Sullivan (118),NA,NA,NA,NA,NA,NA
GO-20151975144,11/17/2015 5:00:00 AM,West Humber-Clairville (1),NA,NA,NA,NA,NA,NA
GO-20152071129,11/28/2015 5:00:00 AM,Oakridge (121),NA,NA,NA,NA,NA,NA
GO-20152050482,11/30/2015 5:00:00 AM,Thistletown-Beaumond Heights (3),NA,NA,NA,NA,NA,NA
GO-20152123843,12/11/2015 5:00:00 AM,Wellington Place (164),NA,NA,NA,NA,NA,NA
GO-20152125474,12/11/2015 5:00:00 AM,Henry Farm (53),NA,NA,NA,NA,NA,NA
GO-20152123328,12/11/2015 5:00:00 AM,Yonge-Bay Corridor (170),NA,NA,NA,NA,NA,NA
GO-2018104863,12/14/2015 5:00:00 AM,Thorncliffe Park (55),NA,NA,NA,NA,NA,NA
GO-20152151120,12/15/2015 5:00:00 AM,Downtown Yonge East (168),NA,NA,NA,NA,NA,NA
GO-20152149617,12/15/2015 5:00:00 AM,Humber Summit (21),NA,NA,NA,NA,NA,NA
GO-20152180756,12/20/2015 5:00:00 AM,Humewood-Cedarvale (106),NA,NA,NA,NA,NA,NA
GO-20152229877,12/30/2015 5:00:00 AM,Yonge-Eglinton (100),NA,NA,NA,NA,NA,NA
GO-201620700,1/4/2016 5:00:00 AM,Taylor-Massey (61),NA,NA,NA,NA,NA,NA
GO-201698593,1/17/2016 5:00:00 AM,Newtonbrook East (50),NA,NA,NA,NA,NA,NA
GO-2016108786,1/19/2016 5:00:00 AM,New Toronto (18),NA,NA,NA,NA,NA,NA
GO-2016119350,1/20/2016 5:00:00 AM,Princess-Rosethorn (10),NA,NA,NA,NA,NA,NA
GO-2016120610,1/20/2016 5:00:00 AM,L'Amoreaux West (147),NA,NA,NA,NA,NA,NA
GO-2016139786,1/24/2016 5:00:00 AM,Bendale-Glen Andrew (156),NA,NA,NA,NA,NA,NA
GO-2016173014,1/29/2016 5:00:00 AM,Yorkdale-Glen Park (31),NA,NA,NA,NA,NA,NA
GO-2016175803,1/30/2016 5:00:00 AM,Mount Olive-Silverstone-Jamestown (2),NA,NA,NA,NA,NA,NA
GO-2016181573,1/31/2016 5:00:00 AM,Kensington-Chinatown (78),NA,NA,NA,NA,NA,NA
GO-2016181573,1/31/2016 5:00:00 AM,Kensington-Chinatown (78),NA,NA,NA,NA,NA,NA
GO-2016204501,2/3/2016 5:00:00 AM,Etobicoke West Mall (13),NA,NA,NA,NA,NA,NA
GO-2016215657,2/5/2016 5:00:00 AM,Malvern East (146),NA,NA,NA,NA,NA,NA
GO-2016215657,2/5/2016 5:00:00 AM,Malvern East (146),NA,NA,NA,NA,NA,NA
GO-2016215657,2/5/2016 5:00:00 AM,Malvern East (146),NA,NA,NA,NA,NA,NA
GO-2016215657,2/5/2016 5:00:00 AM,Malvern East (146),NA,NA,NA,NA,NA,NA
GO-2016225259,2/7/2016 5:00:00 AM,Victoria Village (43),NA,NA,NA,NA,NA,NA
GO-2016235777,2/9/2016 5:00:00 AM,Rustic (28),NA,NA,NA,NA,NA,NA
GO-2016317425,2/22/2016 5:00:00 AM,Scarborough Village (139),NA,NA,NA,NA,NA,NA
GO-2016345475,2/27/2016 5:00:00 AM,Clairlea-Birchmount (120),NA,NA,NA,NA,NA,NA
GO-2016354140,2/28/2016 5:00:00 AM,Humber Heights-Westmount (8),NA,NA,NA,NA,NA,NA
GO-2016359352,2/29/2016 5:00:00 AM,Scarborough Village (139),NA,NA,NA,NA,NA,NA
GO-2016265129,3/4/2016 5:00:00 AM,Kensington-Chinatown (78),NA,NA,NA,NA,NA,NA
GO-2016481311,3/20/2016 4:00:00 AM,East L'Amoreaux (148),NA,NA,NA,NA,NA,NA
GO-2016491854,3/22/2016 4:00:00 AM,Pelmo Park-Humberlea (23),NA,NA,NA,NA,NA,NA
GO-2016500861,3/23/2016 4:00:00 AM,South Riverdale (70),NA,NA,NA,NA,NA,NA
GO-2016556458,4/2/2016 4:00:00 AM,Regent Park (72),NA,NA,NA,NA,NA,NA
GO-2016602150,4/9/2016 4:00:00 AM,York University Heights (27),NA,NA,NA,NA,NA,NA
GO-2016630918,4/13/2016 4:00:00 AM,Church-Wellesley (167),NA,NA,NA,NA,NA,NA
GO-2016632371,4/14/2016 4:00:00 AM,Mimico-Queensway (160),NA,NA,NA,NA,NA,NA
GO-2016652097,4/17/2016 4:00:00 AM,Danforth (66),NA,NA,NA,NA,NA,NA
GO-2016656231,4/17/2016 4:00:00 AM,Weston (113),NA,NA,NA,NA,NA,NA
GO-2016666749,4/19/2016 4:00:00 AM,North Riverdale (68),NA,NA,NA,NA,NA,NA
GO-2018104863,4/22/2016 4:00:00 AM,Thorncliffe Park (55),NA,NA,NA,NA,NA,NA
GO-2016734521,4/29/2016 4:00:00 AM,Wexford/Maryvale (119),NA,NA,NA,NA,NA,NA
GO-2016734521,4/29/2016 4:00:00 AM,Wexford/Maryvale (119),NA,NA,NA,NA,NA,NA
GO-2016838159,5/15/2016 4:00:00 AM,Mount Olive-Silverstone-Jamestown (2),NA,NA,NA,NA,NA,NA
GO-2016838159,5/15/2016 4:00:00 AM,Mount Olive-Silverstone-Jamestown (2),NA,NA,NA,NA,NA,NA
GO-2016851941,5/18/2016 4:00:00 AM,Church-Wellesley (167),NA,NA,NA,NA,NA,NA
GO-2016965196,6/3/2016 4:00:00 AM,Humbermede (22),NA,NA,NA,NA,NA,NA
GO-2016989870,6/7/2016 4:00:00 AM,South Eglinton-Davisville (174),NA,NA,NA,NA,NA,NA
GO-20161148938,7/1/2016 4:00:00 AM,Kensington-Chinatown (78),NA,NA,NA,NA,NA,NA
GO-20161148938,7/1/2016 4:00:00 AM,Kensington-Chinatown (78),NA,NA,NA,NA,NA,NA
GO-20161116247,7/3/2016 4:00:00 AM,Little Portugal (84),NA,NA,NA,NA,NA,NA
GO-20161229465,7/13/2016 4:00:00 AM,Glenfield-Jane Heights (25),NA,NA,NA,NA,NA,NA
GO-20161263080,7/18/2016 4:00:00 AM,Downtown Yonge East (168),NA,NA,NA,NA,NA,NA
GO-20161329227,7/28/2016 4:00:00 AM,Bendale South (157),NA,NA,NA,NA,NA,NA
GO-20161335085,7/29/2016 4:00:00 AM,Church-Wellesley (167),NA,NA,NA,NA,NA,NA
GO-20161403032,8/9/2016 4:00:00 AM,Blake-Jones (69),NA,NA,NA,NA,NA,NA
GO-20161443064,8/15/2016 4:00:00 AM,Moss Park (73),NA,NA,NA,NA,NA,NA
GO-20161480338,8/21/2016 4:00:00 AM,West Queen West (162),NA,NA,NA,NA,NA,NA
GO-20161506128,8/25/2016 4:00:00 AM,Scarborough Village (139),NA,NA,NA,NA,NA,NA
GO-20161506128,8/25/2016 4:00:00 AM,Scarborough Village (139),NA,NA,NA,NA,NA,NA
GO-20161506128,8/25/2016 4:00:00 AM,Scarborough Village (139),NA,NA,NA,NA,NA,NA
GO-20161520715,8/27/2016 4:00:00 AM,South Riverdale (70),NA,NA,NA,NA,NA,NA
GO-20161613172,9/11/2016 4:00:00 AM,South Parkdale (85),NA,NA,NA,NA,NA,NA
GO-20161625137,9/13/2016 4:00:00 AM,York University Heights (27),NA,NA,NA,NA,NA,NA
GO-20161688118,9/21/2016 4:00:00 AM,Weston-Pelham Park (91),NA,NA,NA,NA,NA,NA
GO-20161696689,9/23/2016 4:00:00 AM,Bendale-Glen Andrew (156),NA,NA,NA,NA,NA,NA
GO-20161743137,9/30/2016 4:00:00 AM,West Humber-Clairville (1),NA,NA,NA,NA,NA,NA
GO-20161838374,10/16/2016 4:00:00 AM,Weston (113),NA,NA,NA,NA,NA,NA
GO-20161855287,10/18/2016 4:00:00 AM,West Humber-Clairville (1),NA,NA,NA,NA,NA,NA
GO-20161888229,10/24/2016 4:00:00 AM,Kingsview Village-The Westway (6),NA,NA,NA,NA,NA,NA
GO-20161907779,10/27/2016 4:00:00 AM,Morningside (135),NA,NA,NA,NA,NA,NA
GO-20161966289,11/5/2016 4:00:00 AM,Trinity-Bellwoods (81),NA,NA,NA,NA,NA,NA
GO-20162051533,11/18/2016 5:00:00 AM,Victoria Village (43),NA,NA,NA,NA,NA,NA
GO-20162055725,11/19/2016 5:00:00 AM,Black Creek (24),NA,NA,NA,NA,NA,NA
GO-20162106299,11/27/2016 5:00:00 AM,South Riverdale (70),NA,NA,NA,NA,NA,NA
GO-20162138470,12/3/2016 5:00:00 AM,Clanton Park (33),NA,NA,NA,NA,NA,NA
GO-20162148586,12/4/2016 5:00:00 AM,Glenfield-Jane Heights (25),NA,NA,NA,NA,NA,NA
GO-20162172757,12/7/2016 5:00:00 AM,Old East York (58),NA,NA,NA,NA,NA,NA
GO-20162210973,12/14/2016 5:00:00 AM,Scarborough Village (139),NA,NA,NA,NA,NA,NA
GO-20162229166,12/16/2016 5:00:00 AM,Dufferin Grove (83),NA,NA,NA,NA,NA,NA
GO-20162233489,12/17/2016 5:00:00 AM,Weston (113),NA,NA,NA,NA,NA,NA
GO-20162242930,12/18/2016 5:00:00 AM,Kingsview Village-The Westway (6),NA,NA,NA,NA,NA,NA
GO-20162276833,12/24/2016 5:00:00 AM,Moss Park (73),NA,NA,NA,NA,NA,NA
GO-201743106,1/8/2017 5:00:00 AM,Moss Park (73),NA,NA,NA,NA,NA,NA
GO-2017137133,1/23/2017 5:00:00 AM,Humber Summit (21),NA,NA,NA,NA,NA,NA
GO-2017163412,1/26/2017 5:00:00 AM,Mimico-Queensway (160),NA,NA,NA,NA,NA,NA
GO-2017189239,1/30/2017 5:00:00 AM,Regent Park (72),NA,NA,NA,NA,NA,NA
GO-2017186988,1/30/2017 5:00:00 AM,Moss Park (73),NA,NA,NA,NA,NA,NA
GO-2017202856,2/1/2017 5:00:00 AM,Glenfield-Jane Heights (25),NA,NA,NA,NA,NA,NA
GO-2017222142,2/5/2017 5:00:00 AM,Danforth (66),NA,NA,NA,NA,NA,NA
GO-2017233897,2/6/2017 5:00:00 AM,Willowdale West (37),NA,NA,NA,NA,NA,NA
GO-2017233559,2/6/2017 5:00:00 AM,Elms-Old Rexdale (5),NA,NA,NA,NA,NA,NA
GO-2017291986,2/16/2017 5:00:00 AM,O'Connor-Parkview (54),NA,NA,NA,NA,NA,NA
GO-2017352942,2/25/2017 5:00:00 AM,Thorncliffe Park (55),NA,NA,NA,NA,NA,NA
GO-2017402242,3/4/2017 5:00:00 AM,North Riverdale (68),NA,NA,NA,NA,NA,NA
GO-2017468897,3/16/2017 4:00:00 AM,Morningside Heights (144),NA,NA,NA,NA,NA,NA
GO-2017486409,3/18/2017 4:00:00 AM,Taylor-Massey (61),NA,NA,NA,NA,NA,NA
GO-2017564412,3/31/2017 4:00:00 AM,Humber Heights-Westmount (8),NA,NA,NA,NA,NA,NA
GO-2017674351,4/14/2017 4:00:00 AM,South Riverdale (70),NA,NA,NA,NA,NA,NA
GO-2017662074,4/14/2017 4:00:00 AM,L'Amoreaux West (147),NA,NA,NA,NA,NA,NA
GO-2017703097,4/21/2017 4:00:00 AM,Briar Hill-Belgravia (108),NA,NA,NA,NA,NA,NA
GO-2017904599,5/22/2017 4:00:00 AM,South Riverdale (70),NA,NA,NA,NA,NA,NA
GO-2017904599,5/22/2017 4:00:00 AM,South Riverdale (70),NA,NA,NA,NA,NA,NA
GO-20171007434,6/7/2017 4:00:00 AM,Beechborough-Greenbrook (112),NA,NA,NA,NA,NA,NA
GO-20171035511,6/11/2017 4:00:00 AM,Humbermede (22),NA,NA,NA,NA,NA,NA
GO-20171118832,6/23/2017 4:00:00 AM,Junction-Wallace Emerson (171),NA,NA,NA,NA,NA,NA
GO-20171184598,7/2/2017 4:00:00 AM,Regent Park (72),NA,NA,NA,NA,NA,NA
GO-20171323827,7/23/2017 4:00:00 AM,Malvern East (146),NA,NA,NA,NA,NA,NA
GO-20171319697,7/23/2017 4:00:00 AM,Morningside Heights (144),NA,NA,NA,NA,NA,NA
GO-20171319697,7/23/2017 4:00:00 AM,Morningside Heights (144),NA,NA,NA,NA,NA,NA
GO-20171371751,7/30/2017 4:00:00 AM,Yorkdale-Glen Park (31),NA,NA,NA,NA,NA,NA
GO-20171378728,7/31/2017 4:00:00 AM,Moss Park (73),NA,NA,NA,NA,NA,NA
GO-20171377317,7/31/2017 4:00:00 AM,Broadview North (57),NA,NA,NA,NA,NA,NA
GO-20171379055,8/1/2017 4:00:00 AM,Humewood-Cedarvale (106),NA,NA,NA,NA,NA,NA
GO-20171499040,8/17/2017 4:00:00 AM,York University Heights (27),NA,NA,NA,NA,NA,NA
GO-20171503946,8/20/2017 4:00:00 AM,University (79),NA,NA,NA,NA,NA,NA
GO-20171516247,8/22/2017 4:00:00 AM,Glenfield-Jane Heights (25),NA,NA,NA,NA,NA,NA
GO-20171578601,8/31/2017 4:00:00 AM,Oakdale-Beverley Heights (154),NA,NA,NA,NA,NA,NA
GO-20171592166,9/2/2017 4:00:00 AM,Elms-Old Rexdale (5),NA,NA,NA,NA,NA,NA
GO-20171593482,9/6/2017 4:00:00 AM,Eglinton East (138),NA,NA,NA,NA,NA,NA
GO-20171640198,9/10/2017 4:00:00 AM,Birchcliffe-Cliffside (122),NA,NA,NA,NA,NA,NA
GO-20171661261,9/13/2017 4:00:00 AM,Henry Farm (53),NA,NA,NA,NA,NA,NA
GO-20171663919,9/14/2017 4:00:00 AM,Dorset Park (126),NA,NA,NA,NA,NA,NA
GO-20171677843,9/16/2017 4:00:00 AM,Regent Park (72),NA,NA,NA,NA,NA,NA
GO-20171682920,9/16/2017 4:00:00 AM,Wellington Place (164),NA,NA,NA,NA,NA,NA
GO-20171770154,9/29/2017 4:00:00 AM,Oakdale-Beverley Heights (154),NA,NA,NA,NA,NA,NA
GO-20171778161,10/1/2017 4:00:00 AM,South Riverdale (70),NA,NA,NA,NA,NA,NA
GO-20171778161,10/1/2017 4:00:00 AM,South Riverdale (70),NA,NA,NA,NA,NA,NA
GO-20171798506,10/4/2017 4:00:00 AM,Rexdale-Kipling (4),NA,NA,NA,NA,NA,NA
GO-20171807017,10/5/2017 4:00:00 AM,Kingsview Village-The Westway (6),NA,NA,NA,NA,NA,NA
GO-20171821632,10/7/2017 4:00:00 AM,Woodbine-Lumsden (60),NA,NA,NA,NA,NA,NA
GO-20171828016,10/8/2017 4:00:00 AM,Kingsview Village-The Westway (6),NA,NA,NA,NA,NA,NA
GO-20171856631,10/13/2017 4:00:00 AM,Dovercourt Village (172),NA,NA,NA,NA,NA,NA
GO-20171864268,10/14/2017 4:00:00 AM,Humber Summit (21),NA,NA,NA,NA,NA,NA
GO-20171897265,10/20/2017 4:00:00 AM,Thorncliffe Park (55),NA,NA,NA,NA,NA,NA
GO-20171954551,10/28/2017 4:00:00 AM,Victoria Village (43),NA,NA,NA,NA,NA,NA
GO-20172057548,11/13/2017 5:00:00 AM,Regent Park (72),NA,NA,NA,NA,NA,NA
GO-20172060242,11/14/2017 5:00:00 AM,Weston (113),NA,NA,NA,NA,NA,NA
GO-20173043943,11/21/2017 5:00:00 AM,Morningside Heights (144),NA,NA,NA,NA,NA,NA
GO-20173095559,11/29/2017 5:00:00 AM,Church-Wellesley (167),NA,NA,NA,NA,NA,NA
GO-20173121720,12/4/2017 5:00:00 AM,Scarborough Village (139),NA,NA,NA,NA,NA,NA
GO-20173140530,12/6/2017 5:00:00 AM,Centennial Scarborough (133),NA,NA,NA,NA,NA,NA
GO-20173181653,12/12/2017 5:00:00 AM,Malvern East (146),NA,NA,NA,NA,NA,NA
GO-20173201016,12/15/2017 5:00:00 AM,St.Andrew-Windfields (40),NA,NA,NA,NA,NA,NA
GO-20173201016,12/15/2017 5:00:00 AM,St.Andrew-Windfields (40),NA,NA,NA,NA,NA,NA
GO-20173205177,12/16/2017 5:00:00 AM,St Lawrence-East Bayfront-The Islands (166),NA,NA,NA,NA,NA,NA
GO-2018104863,12/31/2017 5:00:00 AM,Thorncliffe Park (55),NA,NA,NA,NA,NA,NA
GO-2018104863,12/31/2017 5:00:00 AM,Thorncliffe Park (55),NA,NA,NA,NA,NA,NA
GO-201817532,1/3/2018 5:00:00 AM,Willowridge-Martingrove-Richview (7),NA,NA,NA,NA,NA,NA
GO-201854152,1/9/2018 5:00:00 AM,Humber Heights-Westmount (8),NA,NA,NA,NA,NA,NA
GO-2018113424,1/19/2018 5:00:00 AM,Eringate-Centennial-West Deane (11),NA,NA,NA,NA,NA,NA
GO-2018113424,1/19/2018 5:00:00 AM,Eringate-Centennial-West Deane (11),NA,NA,NA,NA,NA,NA
GO-2018183793,1/29/2018 5:00:00 AM,Church-Wellesley (167),NA,NA,NA,NA,NA,NA
GO-2018249547,2/8/2018 5:00:00 AM,Bayview Village (52),NA,NA,NA,NA,NA,NA
GO-2018289167,2/15/2018 5:00:00 AM,Centennial Scarborough (133),NA,NA,NA,NA,NA,NA
GO-2018366454,2/26/2018 5:00:00 AM,Casa Loma (96),NA,NA,NA,NA,NA,NA
GO-2018393677,3/2/2018 5:00:00 AM,Black Creek (24),NA,NA,NA,NA,NA,NA
GO-2018413955,3/6/2018 5:00:00 AM,Fenside-Parkwoods (150),NA,NA,NA,NA,NA,NA
GO-2018444497,3/10/2018 5:00:00 AM,Mount Olive-Silverstone-Jamestown (2),NA,NA,NA,NA,NA,NA
GO-2018484039,3/16/2018 4:00:00 AM,Humber Heights-Westmount (8),NA,NA,NA,NA,NA,NA
GO-2018489653,3/17/2018 4:00:00 AM,Yorkdale-Glen Park (31),NA,NA,NA,NA,NA,NA
GO-2018489653,3/17/2018 4:00:00 AM,Yorkdale-Glen Park (31),NA,NA,NA,NA,NA,NA
GO-2018619032,4/6/2018 4:00:00 AM,Wexford/Maryvale (119),NA,NA,NA,NA,NA,NA
GO-2018661938,4/8/2018 4:00:00 AM,Wexford/Maryvale (119),NA,NA,NA,NA,NA,NA
GO-2018639035,4/10/2018 4:00:00 AM,Old East York (58),NA,NA,NA,NA,NA,NA
GO-2018711594,4/21/2018 4:00:00 AM,Kennedy Park (124),NA,NA,NA,NA,NA,NA
GO-2018725711,4/23/2018 4:00:00 AM,Avondale (153),NA,NA,NA,NA,NA,NA
GO-2018725711,4/23/2018 4:00:00 AM,Avondale (153),NA,NA,NA,NA,NA,NA
GO-2018725711,4/23/2018 4:00:00 AM,Avondale (153),NA,NA,NA,NA,NA,NA
GO-2018725711,4/23/2018 4:00:00 AM,Avondale (153),NA,NA,NA,NA,NA,NA
GO-2018725711,4/23/2018 4:00:00 AM,Avondale (153),NA,NA,NA,NA,NA,NA
GO-2018725711,4/23/2018 4:00:00 AM,Avondale (153),NA,NA,NA,NA,NA,NA
GO-2018725711,4/23/2018 4:00:00 AM,Avondale (153),NA,NA,NA,NA,NA,NA
GO-2018725711,4/23/2018 4:00:00 AM,Avondale (153),NA,NA,NA,NA,NA,NA
GO-2018725711,4/23/2018 4:00:00 AM,Avondale (153),NA,NA,NA,NA,NA,NA
GO-2018725711,4/23/2018 4:00:00 AM,Avondale (153),NA,NA,NA,NA,NA,NA
GO-2018725711,4/23/2018 4:00:00 AM,Avondale (153),NA,NA,NA,NA,NA,NA
GO-2018813479,5/6/2018 4:00:00 AM,Birchcliffe-Cliffside (122),NA,NA,NA,NA,NA,NA
GO-2018821806,5/7/2018 4:00:00 AM,Princess-Rosethorn (10),NA,NA,NA,NA,NA,NA
GO-2018907125,5/20/2018 4:00:00 AM,Morningside (135),NA,NA,NA,NA,NA,NA
GO-2018911506,5/20/2018 4:00:00 AM,Yonge-Bay Corridor (170),NA,NA,NA,NA,NA,NA
GO-2018929488,5/23/2018 4:00:00 AM,Annex (95),NA,NA,NA,NA,NA,NA
GO-2018945776,5/25/2018 4:00:00 AM,East End-Danforth (62),NA,NA,NA,NA,NA,NA
GO-2018946587,5/25/2018 4:00:00 AM,Broadview North (57),NA,NA,NA,NA,NA,NA
GO-2018965463,5/28/2018 4:00:00 AM,Annex (95),NA,NA,NA,NA,NA,NA
GO-2018958547,5/28/2018 4:00:00 AM,Malvern West (145),NA,NA,NA,NA,NA,NA
GO-2018979942,5/30/2018 4:00:00 AM,Downtown Yonge East (168),NA,NA,NA,NA,NA,NA
GO-20181021340,6/5/2018 4:00:00 AM,New Toronto (18),NA,NA,NA,NA,NA,NA
GO-20181046556,6/9/2018 4:00:00 AM,Little Portugal (84),NA,NA,NA,NA,NA,NA
GO-20181066328,6/9/2018 4:00:00 AM,West Queen West (162),NA,NA,NA,NA,NA,NA
GO-20181075301,6/13/2018 4:00:00 AM,Roncesvalles (86),NA,NA,NA,NA,NA,NA
GO-20181091522,6/16/2018 4:00:00 AM,Cliffcrest (123),NA,NA,NA,NA,NA,NA
GO-20181106259,6/18/2018 4:00:00 AM,Rosedale-Moore Park (98),NA,NA,NA,NA,NA,NA
GO-20181142174,6/23/2018 4:00:00 AM,Mount Olive-Silverstone-Jamestown (2),NA,NA,NA,NA,NA,NA
GO-20181146367,6/24/2018 4:00:00 AM,Englemount-Lawrence (32),NA,NA,NA,NA,NA,NA
GO-20181146418,6/24/2018 4:00:00 AM,Thistletown-Beaumond Heights (3),NA,NA,NA,NA,NA,NA
GO-20181146418,6/24/2018 4:00:00 AM,Thistletown-Beaumond Heights (3),NA,NA,NA,NA,NA,NA
GO-20181152121,6/25/2018 4:00:00 AM,Moss Park (73),NA,NA,NA,NA,NA,NA
GO-20181191880,6/30/2018 4:00:00 AM,Kensington-Chinatown (78),NA,NA,NA,NA,NA,NA
GO-20181191880,6/30/2018 4:00:00 AM,Kensington-Chinatown (78),NA,NA,NA,NA,NA,NA
GO-20181194072,7/1/2018 4:00:00 AM,Greenwood-Coxwell (65),NA,NA,NA,NA,NA,NA
GO-20181198918,7/1/2018 4:00:00 AM,Kensington-Chinatown (78),NA,NA,NA,NA,NA,NA
GO-20181221507,7/5/2018 4:00:00 AM,Clairlea-Birchmount (120),NA,NA,NA,NA,NA,NA
GO-20181240749,7/8/2018 4:00:00 AM,Black Creek (24),NA,NA,NA,NA,NA,NA
GO-20181245963,7/9/2018 4:00:00 AM,Black Creek (24),NA,NA,NA,NA,NA,NA
GO-20181329654,7/21/2018 4:00:00 AM,South Riverdale (70),NA,NA,NA,NA,NA,NA
GO-20181341286,7/23/2018 4:00:00 AM,Playter Estates-Danforth (67),NA,NA,NA,NA,NA,NA
GO-20181341286,7/23/2018 4:00:00 AM,Playter Estates-Danforth (67),NA,NA,NA,NA,NA,NA
GO-20181358001,7/25/2018 4:00:00 AM,Humber Summit (21),NA,NA,NA,NA,NA,NA
GO-20181494077,8/13/2018 4:00:00 AM,New Toronto (18),NA,NA,NA,NA,NA,NA
GO-20181508181,8/15/2018 4:00:00 AM,Mount Olive-Silverstone-Jamestown (2),NA,NA,NA,NA,NA,NA
GO-20181526723,8/18/2018 4:00:00 AM,Kingsview Village-The Westway (6),NA,NA,NA,NA,NA,NA
GO-20181527703,8/18/2018 4:00:00 AM,Etobicoke City Centre (159),NA,NA,NA,NA,NA,NA
GO-20181527703,8/18/2018 4:00:00 AM,Etobicoke City Centre (159),NA,NA,NA,NA,NA,NA
GO-20181528994,8/19/2018 4:00:00 AM,Moss Park (73),NA,NA,NA,NA,NA,NA
GO-20181549969,8/22/2018 4:00:00 AM,Mount Dennis (115),NA,NA,NA,NA,NA,NA
GO-20181548479,8/22/2018 4:00:00 AM,Danforth (66),NA,NA,NA,NA,NA,NA
GO-20181564549,8/24/2018 4:00:00 AM,Malvern West (145),NA,NA,NA,NA,NA,NA
GO-20181562384,8/24/2018 4:00:00 AM,Weston (113),NA,NA,NA,NA,NA,NA
GO-20181599566,8/29/2018 4:00:00 AM,Regent Park (72),NA,NA,NA,NA,NA,NA
GO-20181609974,8/31/2018 4:00:00 AM,Clairlea-Birchmount (120),NA,NA,NA,NA,NA,NA
GO-20181626502,9/2/2018 4:00:00 AM,Fort York-Liberty Village (163),NA,NA,NA,NA,NA,NA
GO-20181622696,9/2/2018 4:00:00 AM,Malvern East (146),NA,NA,NA,NA,NA,NA
GO-20181668023,9/8/2018 4:00:00 AM,Roncesvalles (86),NA,NA,NA,NA,NA,NA
GO-20181665625,9/8/2018 4:00:00 AM,Weston-Pelham Park (91),NA,NA,NA,NA,NA,NA
GO-20181684842,9/11/2018 4:00:00 AM,Willowridge-Martingrove-Richview (7),NA,NA,NA,NA,NA,NA
GO-20181706301,9/14/2018 4:00:00 AM,Eglinton East (138),NA,NA,NA,NA,NA,NA
GO-20181733104,9/18/2018 4:00:00 AM,Agincourt South-Malvern West (128),NA,NA,NA,NA,NA,NA
GO-20181739446,9/19/2018 4:00:00 AM,Newtonbrook East (50),NA,NA,NA,NA,NA,NA
GO-20181772173,9/24/2018 4:00:00 AM,Henry Farm (53),NA,NA,NA,NA,NA,NA
GO-20181777456,9/25/2018 4:00:00 AM,Regent Park (72),NA,NA,NA,NA,NA,NA
GO-20181823974,10/2/2018 4:00:00 AM,York University Heights (27),NA,NA,NA,NA,NA,NA
GO-20181827810,10/3/2018 4:00:00 AM,Tam O'Shanter-Sullivan (118),NA,NA,NA,NA,NA,NA
GO-20181839683,10/4/2018 4:00:00 AM,South Riverdale (70),NA,NA,NA,NA,NA,NA
GO-20181879521,10/11/2018 4:00:00 AM,Downsview (155),NA,NA,NA,NA,NA,NA
GO-20181887731,10/12/2018 4:00:00 AM,Downtown Yonge East (168),NA,NA,NA,NA,NA,NA
GO-20181923388,10/18/2018 4:00:00 AM,Clairlea-Birchmount (120),NA,NA,NA,NA,NA,NA
GO-20181939006,10/20/2018 4:00:00 AM,Kennedy Park (124),NA,NA,NA,NA,NA,NA
GO-20182096419,11/14/2018 5:00:00 AM,Pelmo Park-Humberlea (23),NA,NA,NA,NA,NA,NA
GO-20182113063,11/16/2018 5:00:00 AM,Moss Park (73),NA,NA,NA,NA,NA,NA
GO-20182124586,11/18/2018 5:00:00 AM,West Hill (136),NA,NA,NA,NA,NA,NA
GO-20182242344,12/6/2018 5:00:00 AM,Moss Park (73),NA,NA,NA,NA,NA,NA
GO-20182280579,12/12/2018 5:00:00 AM,Kingsview Village-The Westway (6),NA,NA,NA,NA,NA,NA
GO-20182315055,12/18/2018 5:00:00 AM,Black Creek (24),NA,NA,NA,NA,NA,NA
GO-20182320758,12/19/2018 5:00:00 AM,Wellington Place (164),NA,NA,NA,NA,NA,NA
GO-20182339244,12/21/2018 5:00:00 AM,Mount Olive-Silverstone-Jamestown (2),NA,NA,NA,NA,NA,NA
GO-201930365,1/6/2019 5:00:00 AM,Kennedy Park (124),NA,NA,NA,NA,NA,NA
GO-201945560,1/8/2019 5:00:00 AM,Clairlea-Birchmount (120),NA,NA,NA,NA,NA,NA
GO-201954928,1/9/2019 5:00:00 AM,Rexdale-Kipling (4),NA,NA,NA,NA,NA,NA
GO-201969065,1/12/2019 5:00:00 AM,Dorset Park (126),NA,NA,NA,NA,NA,NA
GO-2019146683,1/24/2019 5:00:00 AM,Rockcliffe-Smythe (111),NA,NA,NA,NA,NA,NA
GO-2019244561,2/8/2019 5:00:00 AM,Regent Park (72),NA,NA,NA,NA,NA,NA
GO-2019258675,2/10/2019 5:00:00 AM,Humber Bay Shores (161),NA,NA,NA,NA,NA,NA
GO-2019272774,2/12/2019 5:00:00 AM,West Hill (136),NA,NA,NA,NA,NA,NA
GO-2019281405,2/13/2019 5:00:00 AM,Rexdale-Kipling (4),NA,NA,NA,NA,NA,NA
GO-2019349242,2/24/2019 5:00:00 AM,Mount Olive-Silverstone-Jamestown (2),NA,NA,NA,NA,NA,NA
GO-2019400418,3/4/2019 5:00:00 AM,North Toronto (173),NA,NA,NA,NA,NA,NA
GO-2019424256,3/8/2019 5:00:00 AM,Yonge-Eglinton (100),NA,NA,NA,NA,NA,NA
GO-2019449448,3/11/2019 4:00:00 AM,Downsview (155),NA,NA,NA,NA,NA,NA
GO-2019456465,3/13/2019 4:00:00 AM,Weston-Pelham Park (91),NA,NA,NA,NA,NA,NA
GO-2019494501,3/18/2019 4:00:00 AM,Willowridge-Martingrove-Richview (7),NA,NA,NA,NA,NA,NA
GO-2019499554,3/19/2019 4:00:00 AM,Junction-Wallace Emerson (171),NA,NA,NA,NA,NA,NA
GO-2019598298,4/3/2019 4:00:00 AM,Tam O'Shanter-Sullivan (118),NA,NA,NA,NA,NA,NA
GO-2019649220,4/10/2019 4:00:00 AM,Yonge-Bay Corridor (170),NA,NA,NA,NA,NA,NA
GO-2019677551,4/15/2019 4:00:00 AM,Keelesdale-Eglinton West (110),NA,NA,NA,NA,NA,NA
GO-2019716384,4/21/2019 4:00:00 AM,Oakwood Village (107),NA,NA,NA,NA,NA,NA
GO-2019766762,4/28/2019 4:00:00 AM,Eringate-Centennial-West Deane (11),NA,NA,NA,NA,NA,NA
GO-2019767371,4/28/2019 4:00:00 AM,Morningside (135),NA,NA,NA,NA,NA,NA
GO-2019785029,5/1/2019 4:00:00 AM,West Humber-Clairville (1),NA,NA,NA,NA,NA,NA
GO-2019798063,5/3/2019 4:00:00 AM,Humber Summit (21),NA,NA,NA,NA,NA,NA
GO-2019819986,5/5/2019 4:00:00 AM,Guildwood (140),NA,NA,NA,NA,NA,NA
GO-2019928762,5/21/2019 4:00:00 AM,Dovercourt Village (172),NA,NA,NA,NA,NA,NA
GO-20191039892,6/6/2019 4:00:00 AM,Moss Park (73),NA,NA,NA,NA,NA,NA
GO-20191052988,6/8/2019 4:00:00 AM,Bay-Cloverhill (169),NA,NA,NA,NA,NA,NA
GO-20191198026,6/27/2019 4:00:00 AM,West Hill (136),NA,NA,NA,NA,NA,NA
GO-20191191914,6/27/2019 4:00:00 AM,Fenside-Parkwoods (150),NA,NA,NA,NA,NA,NA
GO-20191206091,6/29/2019 4:00:00 AM,Mount Dennis (115),NA,NA,NA,NA,NA,NA
GO-20191206091,6/29/2019 4:00:00 AM,Mount Dennis (115),NA,NA,NA,NA,NA,NA
GO-20191213308,6/30/2019 4:00:00 AM,Wellington Place (164),NA,NA,NA,NA,NA,NA
GO-20191226977,7/1/2019 4:00:00 AM,Moss Park (73),NA,NA,NA,NA,NA,NA
GO-20191344279,7/18/2019 4:00:00 AM,Dovercourt Village (172),NA,NA,NA,NA,NA,NA
GO-20191445359,8/2/2019 4:00:00 AM,Rustic (28),NA,NA,NA,NA,NA,NA
GO-20191492032,8/7/2019 4:00:00 AM,Wychwood (94),NA,NA,NA,NA,NA,NA
GO-20191506357,8/9/2019 4:00:00 AM,Victoria Village (43),NA,NA,NA,NA,NA,NA
GO-20191558069,8/16/2019 4:00:00 AM,Roncesvalles (86),NA,NA,NA,NA,NA,NA
GO-20191581564,8/19/2019 4:00:00 AM,Pelmo Park-Humberlea (23),NA,NA,NA,NA,NA,NA
GO-20191595863,8/21/2019 4:00:00 AM,Mount Dennis (115),NA,NA,NA,NA,NA,NA
GO-20191619393,8/25/2019 4:00:00 AM,Humber Summit (21),NA,NA,NA,NA,NA,NA
GO-20191683554,9/3/2019 4:00:00 AM,Bendale-Glen Andrew (156),NA,NA,NA,NA,NA,NA
GO-20191695351,9/4/2019 4:00:00 AM,Oakdale-Beverley Heights (154),NA,NA,NA,NA,NA,NA
GO-20191745744,9/11/2019 4:00:00 AM,Highland Creek (134),NA,NA,NA,NA,NA,NA
GO-20191782132,9/16/2019 4:00:00 AM,Yorkdale-Glen Park (31),NA,NA,NA,NA,NA,NA
GO-20191806337,9/19/2019 4:00:00 AM,Milliken (130),NA,NA,NA,NA,NA,NA
GO-20191828916,9/22/2019 4:00:00 AM,Dorset Park (126),NA,NA,NA,NA,NA,NA
GO-20191840069,9/24/2019 4:00:00 AM,Etobicoke West Mall (13),NA,NA,NA,NA,NA,NA
GO-20191843578,9/24/2019 4:00:00 AM,Church-Wellesley (167),NA,NA,NA,NA,NA,NA
GO-20191878460,9/29/2019 4:00:00 AM,Mount Olive-Silverstone-Jamestown (2),NA,NA,NA,NA,NA,NA
GO-20191894014,10/1/2019 4:00:00 AM,Glenfield-Jane Heights (25),NA,NA,NA,NA,NA,NA
GO-20191894014,10/1/2019 4:00:00 AM,Glenfield-Jane Heights (25),NA,NA,NA,NA,NA,NA
GO-20191901852,10/2/2019 4:00:00 AM,Yonge-Bay Corridor (170),NA,NA,NA,NA,NA,NA
GO-20191930830,10/7/2019 4:00:00 AM,Woodbine-Lumsden (60),NA,NA,NA,NA,NA,NA
GO-20191981086,10/14/2019 4:00:00 AM,Mount Olive-Silverstone-Jamestown (2),NA,NA,NA,NA,NA,NA
GO-20192006688,10/17/2019 4:00:00 AM,Hillcrest Village (48),NA,NA,NA,NA,NA,NA
GO-20192021028,10/19/2019 4:00:00 AM,High Park-Swansea (87),NA,NA,NA,NA,NA,NA
GO-20192067798,10/26/2019 4:00:00 AM,South Eglinton-Davisville (174),NA,NA,NA,NA,NA,NA
GO-20192106976,10/31/2019 4:00:00 AM,Annex (95),NA,NA,NA,NA,NA,NA
GO-20192131648,11/4/2019 5:00:00 AM,Etobicoke City Centre (159),NA,NA,NA,NA,NA,NA
GO-20192136178,11/5/2019 5:00:00 AM,Taylor-Massey (61),NA,NA,NA,NA,NA,NA
GO-20192150110,11/7/2019 5:00:00 AM,Weston (113),NA,NA,NA,NA,NA,NA
GO-20192212187,11/16/2019 5:00:00 AM,Oakwood Village (107),NA,NA,NA,NA,NA,NA
GO-20192263515,11/23/2019 5:00:00 AM,Eglinton East (138),NA,NA,NA,NA,NA,NA
GO-20192361770,12/7/2019 5:00:00 AM,Humber Summit (21),NA,NA,NA,NA,NA,NA
GO-20192378461,12/10/2019 5:00:00 AM,Wexford/Maryvale (119),NA,NA,NA,NA,NA,NA
GO-20192390677,12/11/2019 5:00:00 AM,West Humber-Clairville (1),NA,NA,NA,NA,NA,NA
GO-20192390277,12/11/2019 5:00:00 AM,Bayview Woods-Steeles (49),NA,NA,NA,NA,NA,NA
GO-20192385631,12/11/2019 5:00:00 AM,Cliffcrest (123),NA,NA,NA,NA,NA,NA
GO-20192412908,12/15/2019 5:00:00 AM,Downsview (155),NA,NA,NA,NA,NA,NA
GO-20192445475,12/19/2019 5:00:00 AM,Tam O'Shanter-Sullivan (118),NA,NA,NA,NA,NA,NA
GO-20192452711,12/20/2019 5:00:00 AM,Weston (113),NA,NA,NA,NA,NA,NA
GO-20192465270,12/22/2019 5:00:00 AM,Moss Park (73),NA,NA,NA,NA,NA,NA
GO-20192464487,12/22/2019 5:00:00 AM,University (79),NA,NA,NA,NA,NA,NA
GO-20192470898,12/23/2019 5:00:00 AM,South Parkdale (85),NA,NA,NA,NA,NA,NA
GO-20192490349,12/27/2019 5:00:00 AM,Etobicoke West Mall (13),NA,NA,NA,NA,NA,NA
GO-20192503671,12/29/2019 5:00:00 AM,Eglinton East (138),NA,NA,NA,NA,NA,NA
GO-20192520736,12/31/2019 5:00:00 AM,Malvern West (145),NA,NA,NA,NA,NA,NA
GO-20205967,1/1/2020 5:00:00 AM,Regent Park (72),NA,NA,NA,NA,NA,NA
GO-202069552,1/11/2020 5:00:00 AM,Morningside (135),NA,NA,NA,NA,NA,NA
GO-202082425,1/13/2020 5:00:00 AM,Tam O'Shanter-Sullivan (118),NA,NA,NA,NA,NA,NA
GO-2020135493,1/20/2020 5:00:00 AM,Golfdale-Cedarbrae-Woburn (141),NA,NA,NA,NA,NA,NA
GO-2020136609,1/20/2020 5:00:00 AM,Oakwood Village (107),NA,NA,NA,NA,NA,NA
GO-2020174603,1/25/2020 5:00:00 AM,Scarborough Village (139),NA,NA,NA,NA,NA,NA
GO-2020219180,1/31/2020 5:00:00 AM,Harbourfront-CityPlace (165),NA,NA,NA,NA,NA,NA
GO-2020219180,1/31/2020 5:00:00 AM,Harbourfront-CityPlace (165),NA,NA,NA,NA,NA,NA
GO-2020249293,2/5/2020 5:00:00 AM,Danforth (66),NA,NA,NA,NA,NA,NA
GO-2020271347,2/7/2020 5:00:00 AM,Etobicoke West Mall (13),NA,NA,NA,NA,NA,NA
GO-2020372105,2/21/2020 5:00:00 AM,Agincourt South-Malvern West (128),NA,NA,NA,NA,NA,NA
GO-2020390671,2/24/2020 5:00:00 AM,Downsview (155),NA,NA,NA,NA,NA,NA
GO-2020530236,3/11/2020 4:00:00 AM,Mount Dennis (115),NA,NA,NA,NA,NA,NA
GO-2020524758,3/13/2020 4:00:00 AM,Agincourt South-Malvern West (128),NA,NA,NA,NA,NA,NA
GO-2020538385,3/15/2020 4:00:00 AM,Oakwood Village (107),NA,NA,NA,NA,NA,NA
GO-2020562795,3/18/2020 4:00:00 AM,Clairlea-Birchmount (120),NA,NA,NA,NA,NA,NA
GO-2020580138,3/21/2020 4:00:00 AM,Downtown Yonge East (168),NA,NA,NA,NA,NA,NA
GO-2020648505,4/5/2020 4:00:00 AM,Woburn North (142),NA,NA,NA,NA,NA,NA
GO-2020668167,4/5/2020 4:00:00 AM,Thorncliffe Park (55),NA,NA,NA,NA,NA,NA
GO-2020665733,4/5/2020 4:00:00 AM,L'Amoreaux West (147),NA,NA,NA,NA,NA,NA
GO-2020686647,4/8/2020 4:00:00 AM,Wychwood (94),NA,NA,NA,NA,NA,NA
GO-2020717283,4/14/2020 4:00:00 AM,Bayview Village (52),NA,NA,NA,NA,NA,NA
GO-2020762187,4/21/2020 4:00:00 AM,Mimico-Queensway (160),NA,NA,NA,NA,NA,NA
GO-2020790951,4/26/2020 4:00:00 AM,Glenfield-Jane Heights (25),NA,NA,NA,NA,NA,NA
GO-2020828038,5/2/2020 4:00:00 AM,Wexford/Maryvale (119),NA,NA,NA,NA,NA,NA
GO-2020893378,5/14/2020 4:00:00 AM,South Eglinton-Davisville (174),NA,NA,NA,NA,NA,NA
GO-2020898005,5/14/2020 4:00:00 AM,Mount Olive-Silverstone-Jamestown (2),NA,NA,NA,NA,NA,NA
GO-2020915335,5/17/2020 4:00:00 AM,L'Amoreaux West (147),NA,NA,NA,NA,NA,NA
GO-2020909524,5/19/2020 4:00:00 AM,Eglinton East (138),NA,NA,NA,NA,NA,NA
GO-2020971451,5/26/2020 4:00:00 AM,Wellington Place (164),NA,NA,NA,NA,NA,NA
GO-2020993900,5/30/2020 4:00:00 AM,Mount Olive-Silverstone-Jamestown (2),NA,NA,NA,NA,NA,NA
GO-20201063476,6/9/2020 4:00:00 AM,Thorncliffe Park (55),NA,NA,NA,NA,NA,NA
GO-20201127664,6/19/2020 4:00:00 AM,Corso Italia-Davenport (92),NA,NA,NA,NA,NA,NA
GO-20201173382,6/25/2020 4:00:00 AM,Cabbagetown-South St.James Town (71),NA,NA,NA,NA,NA,NA
GO-20201233592,7/4/2020 4:00:00 AM,L'Amoreaux West (147),NA,NA,NA,NA,NA,NA
GO-20201267365,7/9/2020 4:00:00 AM,Moss Park (73),NA,NA,NA,NA,NA,NA
GO-20201281439,7/10/2020 4:00:00 AM,Rockcliffe-Smythe (111),NA,NA,NA,NA,NA,NA
GO-20201278229,7/10/2020 4:00:00 AM,Bendale-Glen Andrew (156),NA,NA,NA,NA,NA,NA
GO-20201466110,8/3/2020 4:00:00 AM,Danforth East York (59),NA,NA,NA,NA,NA,NA
GO-20201486174,8/9/2020 4:00:00 AM,Trinity-Bellwoods (81),NA,NA,NA,NA,NA,NA
GO-20201505493,8/11/2020 4:00:00 AM,West Queen West (162),NA,NA,NA,NA,NA,NA
GO-20201506702,8/12/2020 4:00:00 AM,Eglinton East (138),NA,NA,NA,NA,NA,NA
GO-20201568363,8/20/2020 4:00:00 AM,Avondale (153),NA,NA,NA,NA,NA,NA
GO-20201583370,8/22/2020 4:00:00 AM,West Hill (136),NA,NA,NA,NA,NA,NA
GO-20201583370,8/22/2020 4:00:00 AM,West Hill (136),NA,NA,NA,NA,NA,NA
GO-20201607604,8/26/2020 4:00:00 AM,Moss Park (73),NA,NA,NA,NA,NA,NA
GO-20201655784,9/2/2020 4:00:00 AM,York University Heights (27),NA,NA,NA,NA,NA,NA
GO-20201691332,9/7/2020 4:00:00 AM,West Humber-Clairville (1),NA,NA,NA,NA,NA,NA
GO-20201713867,9/10/2020 4:00:00 AM,Rockcliffe-Smythe (111),NA,NA,NA,NA,NA,NA
GO-20201728164,9/12/2020 4:00:00 AM,Weston (113),NA,NA,NA,NA,NA,NA
GO-20201730504,9/12/2020 4:00:00 AM,West Humber-Clairville (1),NA,NA,NA,NA,NA,NA
GO-20201728164,9/12/2020 4:00:00 AM,Weston (113),NA,NA,NA,NA,NA,NA
GO-20201786596,9/20/2020 4:00:00 AM,Malvern East (146),NA,NA,NA,NA,NA,NA
GO-20201816857,9/24/2020 4:00:00 AM,Black Creek (24),NA,NA,NA,NA,NA,NA
GO-20201838773,9/27/2020 4:00:00 AM,Black Creek (24),NA,NA,NA,NA,NA,NA
GO-20201838399,9/27/2020 4:00:00 AM,Mount Olive-Silverstone-Jamestown (2),NA,NA,NA,NA,NA,NA
GO-20201989086,9/28/2020 4:00:00 AM,Don Valley Village (47),NA,NA,NA,NA,NA,NA
GO-20201863629,10/1/2020 4:00:00 AM,Weston (113),NA,NA,NA,NA,NA,NA
GO-20201876749,10/3/2020 4:00:00 AM,Downsview (155),NA,NA,NA,NA,NA,NA
GO-20201908230,10/7/2020 4:00:00 AM,Englemount-Lawrence (32),NA,NA,NA,NA,NA,NA
GO-20202026517,10/25/2020 4:00:00 AM,Oakridge (121),NA,NA,NA,NA,NA,NA
GO-20202114189,11/7/2020 5:00:00 AM,Black Creek (24),NA,NA,NA,NA,NA,NA
GO-20202177333,11/16/2020 5:00:00 AM,West Rouge (143),NA,NA,NA,NA,NA,NA
GO-20202188906,11/18/2020 5:00:00 AM,Dovercourt Village (172),NA,NA,NA,NA,NA,NA
GO-20202213650,11/22/2020 5:00:00 AM,Parkwoods-O'Connor Hills (149),NA,NA,NA,NA,NA,NA
GO-20202271563,12/2/2020 5:00:00 AM,Yorkdale-Glen Park (31),NA,NA,NA,NA,NA,NA
GO-20202295266,12/6/2020 5:00:00 AM,Dufferin Grove (83),NA,NA,NA,NA,NA,NA
GO-2020982844,12/8/2020 5:00:00 AM,Kensington-Chinatown (78),NA,NA,NA,NA,NA,NA
GO-20202279344,12/8/2020 5:00:00 AM,Woodbine Corridor (64),NA,NA,NA,NA,NA,NA
GO-20202381546,12/18/2020 5:00:00 AM,North Toronto (173),NA,NA,NA,NA,NA,NA
GO-20202400901,12/21/2020 5:00:00 AM,Don Valley Village (47),NA,NA,NA,NA,NA,NA
GO-202179788,1/13/2021 5:00:00 AM,Kennedy Park (124),NA,NA,NA,NA,NA,NA
GO-2021105728,1/17/2021 5:00:00 AM,Humber Summit (21),NA,NA,NA,NA,NA,NA
GO-2021133150,1/21/2021 5:00:00 AM,York University Heights (27),NA,NA,NA,NA,NA,NA
GO-2021204256,1/21/2021 5:00:00 AM,Humber Heights-Westmount (8),NA,NA,NA,NA,NA,NA
GO-2021185744,1/29/2021 5:00:00 AM,Rosedale-Moore Park (98),NA,NA,NA,NA,NA,NA
GO-2021198314,1/31/2021 5:00:00 AM,Rustic (28),NA,NA,NA,NA,NA,NA
GO-2021238843,2/6/2021 5:00:00 AM,Malvern West (145),NA,NA,NA,NA,NA,NA
GO-2021250265,2/8/2021 5:00:00 AM,Wexford/Maryvale (119),NA,NA,NA,NA,NA,NA
GO-2021251003,2/8/2021 5:00:00 AM,Yorkdale-Glen Park (31),NA,NA,NA,NA,NA,NA
GO-2021257693,2/9/2021 5:00:00 AM,East End-Danforth (62),NA,NA,NA,NA,NA,NA
GO-2021277195,2/12/2021 5:00:00 AM,Willowridge-Martingrove-Richview (7),NA,NA,NA,NA,NA,NA
GO-2021334695,2/19/2021 5:00:00 AM,Cabbagetown-South St.James Town (71),NA,NA,NA,NA,NA,NA
GO-2021363118,2/26/2021 5:00:00 AM,Stonegate-Queensway (16),NA,NA,NA,NA,NA,NA
GO-2021368408,2/27/2021 5:00:00 AM,Keelesdale-Eglinton West (110),NA,NA,NA,NA,NA,NA
GO-2021424868,3/6/2021 5:00:00 AM,Clairlea-Birchmount (120),NA,NA,NA,NA,NA,NA
GO-2021437169,3/9/2021 5:00:00 AM,Brookhaven-Amesbury (30),NA,NA,NA,NA,NA,NA
GO-2021511040,3/19/2021 4:00:00 AM,Glenfield-Jane Heights (25),NA,NA,NA,NA,NA,NA
GO-2021611765,4/3/2021 4:00:00 AM,Humber Heights-Westmount (8),NA,NA,NA,NA,NA,NA
GO-2021614694,4/4/2021 4:00:00 AM,Hillcrest Village (48),NA,NA,NA,NA,NA,NA
GO-2021618567,4/4/2021 4:00:00 AM,Broadview North (57),NA,NA,NA,NA,NA,NA
GO-2021683552,4/5/2021 4:00:00 AM,O'Connor-Parkview (54),NA,NA,NA,NA,NA,NA
GO-2021646518,4/8/2021 4:00:00 AM,Dorset Park (126),NA,NA,NA,NA,NA,NA
GO-2021700719,4/16/2021 4:00:00 AM,Rustic (28),NA,NA,NA,NA,NA,NA
GO-2021904598,5/16/2021 4:00:00 AM,Willowridge-Martingrove-Richview (7),NA,NA,NA,NA,NA,NA
GO-2021951127,5/22/2021 4:00:00 AM,Milliken (130),NA,NA,NA,NA,NA,NA
GO-2021961854,5/24/2021 4:00:00 AM,South Riverdale (70),NA,NA,NA,NA,NA,NA
GO-20211028789,6/2/2021 4:00:00 AM,Palmerston-Little Italy (80),NA,NA,NA,NA,NA,NA
GO-20211087369,6/11/2021 4:00:00 AM,Golfdale-Cedarbrae-Woburn (141),NA,NA,NA,NA,NA,NA
GO-20211107853,6/13/2021 4:00:00 AM,Eglinton East (138),NA,NA,NA,NA,NA,NA
GO-20211112628,6/13/2021 4:00:00 AM,Eglinton East (138),NA,NA,NA,NA,NA,NA
GO-20211107853,6/13/2021 4:00:00 AM,Eglinton East (138),NA,NA,NA,NA,NA,NA
GO-20211108068,6/14/2021 4:00:00 AM,Beechborough-Greenbrook (112),NA,NA,NA,NA,NA,NA
GO-20211158175,6/21/2021 4:00:00 AM,Beechborough-Greenbrook (112),NA,NA,NA,NA,NA,NA
GO-20211233778,7/1/2021 4:00:00 AM,Clanton Park (33),NA,NA,NA,NA,NA,NA
GO-20211236893,7/2/2021 4:00:00 AM,Flemingdon Park (44),NA,NA,NA,NA,NA,NA
GO-20211236780,7/2/2021 4:00:00 AM,Yonge-Bay Corridor (170),NA,NA,NA,NA,NA,NA
GO-20211248165,7/3/2021 4:00:00 AM,Dorset Park (126),NA,NA,NA,NA,NA,NA
GO-20211263005,7/5/2021 4:00:00 AM,York University Heights (27),NA,NA,NA,NA,NA,NA
GO-20211292779,7/10/2021 4:00:00 AM,York University Heights (27),NA,NA,NA,NA,NA,NA
GO-20211319545,7/14/2021 4:00:00 AM,Pelmo Park-Humberlea (23),NA,NA,NA,NA,NA,NA
GO-20211362894,7/18/2021 4:00:00 AM,Cliffcrest (123),NA,NA,NA,NA,NA,NA
GO-20211359540,7/19/2021 4:00:00 AM,South Riverdale (70),NA,NA,NA,NA,NA,NA
GO-20211360309,7/20/2021 4:00:00 AM,Kingsview Village-The Westway (6),NA,NA,NA,NA,NA,NA
GO-20211370623,7/21/2021 4:00:00 AM,Briar Hill-Belgravia (108),NA,NA,NA,NA,NA,NA
GO-20211382319,7/23/2021 4:00:00 AM,Brookhaven-Amesbury (30),NA,NA,NA,NA,NA,NA
GO-20211417029,7/28/2021 4:00:00 AM,North Riverdale (68),NA,NA,NA,NA,NA,NA
GO-20211484398,8/6/2021 4:00:00 AM,East End-Danforth (62),NA,NA,NA,NA,NA,NA
GO-20211494943,8/8/2021 4:00:00 AM,Kensington-Chinatown (78),NA,NA,NA,NA,NA,NA
GO-20211494943,8/8/2021 4:00:00 AM,Kensington-Chinatown (78),NA,NA,NA,NA,NA,NA
GO-20211543961,8/14/2021 4:00:00 AM,Brookhaven-Amesbury (30),NA,NA,NA,NA,NA,NA
GO-20211538967,8/14/2021 4:00:00 AM,NSA,NA,NA,NA,NA,NA,NA
GO-20211617066,8/25/2021 4:00:00 AM,Keelesdale-Eglinton West (110),NA,NA,NA,NA,NA,NA
GO-20211630428,8/27/2021 4:00:00 AM,Long Branch (19),NA,NA,NA,NA,NA,NA
GO-20211638087,8/28/2021 4:00:00 AM,Wellington Place (164),NA,NA,NA,NA,NA,NA
GO-20211677261,9/2/2021 4:00:00 AM,Moss Park (73),NA,NA,NA,NA,NA,NA
GO-20211684171,9/3/2021 4:00:00 AM,York University Heights (27),NA,NA,NA,NA,NA,NA
GO-20211692780,9/4/2021 4:00:00 AM,Etobicoke City Centre (159),NA,NA,NA,NA,NA,NA
GO-20211699665,9/5/2021 4:00:00 AM,Guildwood (140),NA,NA,NA,NA,NA,NA
GO-20211699665,9/5/2021 4:00:00 AM,Guildwood (140),NA,NA,NA,NA,NA,NA
GO-20211713828,9/7/2021 4:00:00 AM,Glenfield-Jane Heights (25),NA,NA,NA,NA,NA,NA
GO-20211788435,9/17/2021 4:00:00 AM,Kennedy Park (124),NA,NA,NA,NA,NA,NA
GO-20211794405,9/18/2021 4:00:00 AM,Regent Park (72),NA,NA,NA,NA,NA,NA
GO-20211851845,9/26/2021 4:00:00 AM,Morningside Heights (144),NA,NA,NA,NA,NA,NA
GO-20211874352,9/29/2021 4:00:00 AM,West Humber-Clairville (1),NA,NA,NA,NA,NA,NA
GO-20211896862,10/3/2021 4:00:00 AM,Woodbine Corridor (64),NA,NA,NA,NA,NA,NA
GO-20211971401,10/13/2021 4:00:00 AM,Malvern East (146),NA,NA,NA,NA,NA,NA
GO-20211987049,10/16/2021 4:00:00 AM,York University Heights (27),NA,NA,NA,NA,NA,NA
GO-20212022276,10/21/2021 4:00:00 AM,York University Heights (27),NA,NA,NA,NA,NA,NA
GO-20212037136,10/23/2021 4:00:00 AM,Keelesdale-Eglinton West (110),NA,NA,NA,NA,NA,NA
GO-20212036766,10/23/2021 4:00:00 AM,Glenfield-Jane Heights (25),NA,NA,NA,NA,NA,NA
GO-20212040619,10/23/2021 4:00:00 AM,Pelmo Park-Humberlea (23),NA,NA,NA,NA,NA,NA
GO-20212048858,10/24/2021 4:00:00 AM,Wexford/Maryvale (119),NA,NA,NA,NA,NA,NA
GO-20212071533,10/28/2021 4:00:00 AM,Malvern West (145),NA,NA,NA,NA,NA,NA
GO-20212079091,10/29/2021 4:00:00 AM,Dorset Park (126),NA,NA,NA,NA,NA,NA
GO-20212091136,10/30/2021 4:00:00 AM,Glenfield-Jane Heights (25),NA,NA,NA,NA,NA,NA
GO-20212177949,11/12/2021 5:00:00 AM,Highland Creek (134),NA,NA,NA,NA,NA,NA
GO-20212211875,11/16/2021 5:00:00 AM,Golfdale-Cedarbrae-Woburn (141),NA,NA,NA,NA,NA,NA
GO-20212209204,11/16/2021 5:00:00 AM,Fenside-Parkwoods (150),NA,NA,NA,NA,NA,NA
GO-20212277790,11/26/2021 5:00:00 AM,West Rouge (143),NA,NA,NA,NA,NA,NA
GO-20212373251,12/9/2021 5:00:00 AM,South Eglinton-Davisville (174),NA,NA,NA,NA,NA,NA
GO-20212397941,12/13/2021 5:00:00 AM,Agincourt South-Malvern West (128),NA,NA,NA,NA,NA,NA
GO-20212471927,12/23/2021 5:00:00 AM,Glenfield-Jane Heights (25),NA,NA,NA,NA,NA,NA
GO-20212477849,12/24/2021 5:00:00 AM,Englemount-Lawrence (32),NA,NA,NA,NA,NA,NA
GO-20212487697,12/26/2021 5:00:00 AM,Rockcliffe-Smythe (111),NA,NA,NA,NA,NA,NA
GO-20212516090,12/31/2021 5:00:00 AM,Mount Dennis (115),NA,NA,NA,NA,NA,NA
GO-20229964,1/2/2022 5:00:00 AM,Pelmo Park-Humberlea (23),NA,NA,NA,NA,NA,NA
GO-202217098,1/3/2022 5:00:00 AM,Humber Bay Shores (161),NA,NA,NA,NA,NA,NA
GO-202216903,1/3/2022 5:00:00 AM,Alderwood (20),NA,NA,NA,NA,NA,NA
GO-202216903,1/3/2022 5:00:00 AM,Alderwood (20),NA,NA,NA,NA,NA,NA
GO-202216630,1/3/2022 5:00:00 AM,Palmerston-Little Italy (80),NA,NA,NA,NA,NA,NA
GO-202250758,1/8/2022 5:00:00 AM,Rosedale-Moore Park (98),NA,NA,NA,NA,NA,NA
GO-2022110972,1/18/2022 5:00:00 AM,Elms-Old Rexdale (5),NA,NA,NA,NA,NA,NA
GO-2022124347,1/19/2022 5:00:00 AM,Broadview North (57),NA,NA,NA,NA,NA,NA
GO-2022139163,1/22/2022 5:00:00 AM,Brookhaven-Amesbury (30),NA,NA,NA,NA,NA,NA
GO-2022151149,1/23/2022 5:00:00 AM,Yonge-Eglinton (100),NA,NA,NA,NA,NA,NA
GO-2022267789,2/9/2022 5:00:00 AM,Glenfield-Jane Heights (25),NA,NA,NA,NA,NA,NA
GO-2022294326,2/14/2022 5:00:00 AM,Bendale-Glen Andrew (156),NA,NA,NA,NA,NA,NA
GO-2022314804,2/17/2022 5:00:00 AM,Newtonbrook West (36),NA,NA,NA,NA,NA,NA
GO-2022324234,2/19/2022 5:00:00 AM,Brookhaven-Amesbury (30),NA,NA,NA,NA,NA,NA
GO-2022385565,2/28/2022 5:00:00 AM,West Hill (136),NA,NA,NA,NA,NA,NA
GO-2022458878,3/11/2022 5:00:00 AM,Runnymede-Bloor West Village (89),NA,NA,NA,NA,NA,NA
GO-2022499009,3/17/2022 4:00:00 AM,Woburn North (142),NA,NA,NA,NA,NA,NA
GO-2022576248,3/28/2022 4:00:00 AM,South Riverdale (70),NA,NA,NA,NA,NA,NA
GO-2022613599,4/2/2022 4:00:00 AM,Moss Park (73),NA,NA,NA,NA,NA,NA
GO-2022646404,4/7/2022 4:00:00 AM,North St.James Town (74),NA,NA,NA,NA,NA,NA
GO-2022661027,4/9/2022 4:00:00 AM,Moss Park (73),NA,NA,NA,NA,NA,NA
GO-2022689316,4/15/2022 4:00:00 AM,St Lawrence-East Bayfront-The Islands (166),NA,NA,NA,NA,NA,NA
GO-2022792257,4/28/2022 4:00:00 AM,High Park-Swansea (87),NA,NA,NA,NA,NA,NA
GO-2022804180,4/30/2022 4:00:00 AM,Mount Olive-Silverstone-Jamestown (2),NA,NA,NA,NA,NA,NA
GO-2022849364,5/7/2022 4:00:00 AM,Malvern East (146),NA,NA,NA,NA,NA,NA
GO-2022868493,5/9/2022 4:00:00 AM,Oakdale-Beverley Heights (154),NA,NA,NA,NA,NA,NA
GO-2022964428,5/22/2022 4:00:00 AM,Kensington-Chinatown (78),NA,NA,NA,NA,NA,NA
GO-20221060544,6/5/2022 4:00:00 AM,Briar Hill-Belgravia (108),NA,NA,NA,NA,NA,NA
GO-20221087191,6/8/2022 4:00:00 AM,Golfdale-Cedarbrae-Woburn (141),NA,NA,NA,NA,NA,NA
GO-20221138477,6/15/2022 4:00:00 AM,Lansing-Westgate (38),NA,NA,NA,NA,NA,NA
GO-20221150299,6/17/2022 4:00:00 AM,L'Amoreaux West (147),NA,NA,NA,NA,NA,NA
GO-20221149694,6/17/2022 4:00:00 AM,Etobicoke City Centre (159),NA,NA,NA,NA,NA,NA
GO-20221153656,6/18/2022 4:00:00 AM,Humber Heights-Westmount (8),NA,NA,NA,NA,NA,NA
GO-20221164624,6/19/2022 4:00:00 AM,Yorkdale-Glen Park (31),NA,NA,NA,NA,NA,NA
GO-20221294476,7/7/2022 4:00:00 AM,Woodbine Corridor (64),NA,NA,NA,NA,NA,NA
GO-20221295738,7/8/2022 4:00:00 AM,York University Heights (27),NA,NA,NA,NA,NA,NA
GO-20221324110,7/11/2022 4:00:00 AM,Bendale-Glen Andrew (156),NA,NA,NA,NA,NA,NA
GO-20221360743,7/16/2022 4:00:00 AM,St Lawrence-East Bayfront-The Islands (166),NA,NA,NA,NA,NA,NA
GO-20221362949,7/17/2022 4:00:00 AM,Wellington Place (164),NA,NA,NA,NA,NA,NA
GO-20221443372,7/28/2022 4:00:00 AM,Clairlea-Birchmount (120),NA,NA,NA,NA,NA,NA
GO-20221527751,8/9/2022 4:00:00 AM,Weston (113),NA,NA,NA,NA,NA,NA
GO-20221594291,8/18/2022 4:00:00 AM,Oakdale-Beverley Heights (154),NA,NA,NA,NA,NA,NA
GO-20221608092,8/20/2022 4:00:00 AM,Birchcliffe-Cliffside (122),NA,NA,NA,NA,NA,NA
GO-20221652609,8/26/2022 4:00:00 AM,Lansing-Westgate (38),NA,NA,NA,NA,NA,NA
GO-20221652609,8/26/2022 4:00:00 AM,Lansing-Westgate (38),NA,NA,NA,NA,NA,NA
GO-20221757893,9/10/2022 4:00:00 AM,York University Heights (27),NA,NA,NA,NA,NA,NA
GO-20221760173,9/10/2022 4:00:00 AM,Avondale (153),NA,NA,NA,NA,NA,NA
GO-20221800162,9/15/2022 4:00:00 AM,Humber Bay Shores (161),NA,NA,NA,NA,NA,NA
GO-20221835644,9/20/2022 4:00:00 AM,Black Creek (24),NA,NA,NA,NA,NA,NA
GO-20221836380,9/21/2022 4:00:00 AM,Rexdale-Kipling (4),NA,NA,NA,NA,NA,NA
GO-20221839939,9/21/2022 4:00:00 AM,Eglinton East (138),NA,NA,NA,NA,NA,NA
GO-20221836380,9/21/2022 4:00:00 AM,Rexdale-Kipling (4),NA,NA,NA,NA,NA,NA
GO-20221864755,9/25/2022 4:00:00 AM,Alderwood (20),NA,NA,NA,NA,NA,NA
GO-20221897062,9/29/2022 4:00:00 AM,Wexford/Maryvale (119),NA,NA,NA,NA,NA,NA
GO-20221934921,10/4/2022 4:00:00 AM,Moss Park (73),NA,NA,NA,NA,NA,NA
GO-20221946068,10/6/2022 4:00:00 AM,Glenfield-Jane Heights (25),NA,NA,NA,NA,NA,NA
GO-20221963156,10/8/2022 4:00:00 AM,Weston (113),NA,NA,NA,NA,NA,NA
GO-20221968025,10/9/2022 4:00:00 AM,York University Heights (27),NA,NA,NA,NA,NA,NA
GO-20222052791,10/22/2022 4:00:00 AM,Wellington Place (164),NA,NA,NA,NA,NA,NA
GO-20222099784,10/28/2022 4:00:00 AM,Blake-Jones (69),NA,NA,NA,NA,NA,NA
GO-20222120467,10/31/2022 4:00:00 AM,Woburn North (142),NA,NA,NA,NA,NA,NA
GO-20222165958,11/6/2022 4:00:00 AM,Glenfield-Jane Heights (25),NA,NA,NA,NA,NA,NA
GO-20222209711,11/12/2022 5:00:00 AM,Milliken (130),NA,NA,NA,NA,NA,NA
GO-20222229664,11/15/2022 5:00:00 AM,South Parkdale (85),NA,NA,NA,NA,NA,NA
GO-20222265498,11/20/2022 5:00:00 AM,West Humber-Clairville (1),NA,NA,NA,NA,NA,NA
GO-20222377717,12/6/2022 5:00:00 AM,Greenwood-Coxwell (65),NA,NA,NA,NA,NA,NA
GO-20222396611,12/8/2022 5:00:00 AM,High Park North (88),NA,NA,NA,NA,NA,NA
GO-20222413771,12/10/2022 5:00:00 AM,Taylor-Massey (61),NA,NA,NA,NA,NA,NA
GO-20222452652,12/16/2022 5:00:00 AM,Morningside (135),NA,NA,NA,NA,NA,NA
GO-20222467066,12/18/2022 5:00:00 AM,Yonge-Bay Corridor (170),NA,NA,NA,NA,NA,NA
GO-20222554708,12/30/2022 5:00:00 AM,Tam O'Shanter-Sullivan (118),NA,NA,NA,NA,NA,NA
GO-2023139370,1/18/2023 5:00:00 AM,Don Valley Village (47),NA,NA,NA,NA,NA,NA
GO-2023151988,1/20/2023 5:00:00 AM,Downtown Yonge East (168),NA,NA,NA,NA,NA,NA
GO-2023185555,1/24/2023 5:00:00 AM,Blake-Jones (69),NA,NA,NA,NA,NA,NA
GO-2023224883,1/29/2023 5:00:00 AM,Moss Park (73),NA,NA,NA,NA,NA,NA
GO-2023278711,2/5/2023 5:00:00 AM,East End-Danforth (62),NA,NA,NA,NA,NA,NA
GO-2023383606,2/17/2023 5:00:00 AM,L'Amoreaux West (147),NA,NA,NA,NA,NA,NA
GO-2023506891,3/6/2023 5:00:00 AM,Moss Park (73),NA,NA,NA,NA,NA,NA
GO-2023506913,3/6/2023 5:00:00 AM,Cliffcrest (123),NA,NA,NA,NA,NA,NA
GO-2023546968,3/10/2023 5:00:00 AM,West Humber-Clairville (1),NA,NA,NA,NA,NA,NA
GO-2023543517,3/10/2023 5:00:00 AM,West Rouge (143),NA,NA,NA,NA,NA,NA
GO-2023621135,3/20/2023 4:00:00 AM,Don Valley Village (47),NA,NA,NA,NA,NA,NA
GO-2023640430,3/23/2023 4:00:00 AM,Stonegate-Queensway (16),NA,NA,NA,NA,NA,NA
GO-2023657742,3/24/2023 4:00:00 AM,Dorset Park (126),NA,NA,NA,NA,NA,NA
GO-2023662891,3/25/2023 4:00:00 AM,High Park North (88),NA,NA,NA,NA,NA,NA
GO-2023828737,4/14/2023 4:00:00 AM,Palmerston-Little Italy (80),NA,NA,NA,NA,NA,NA
GO-2023834466,4/15/2023 4:00:00 AM,Beechborough-Greenbrook (112),NA,NA,NA,NA,NA,NA
GO-2023887801,4/21/2023 4:00:00 AM,Humber Summit (21),NA,NA,NA,NA,NA,NA
GO-2023978539,5/2/2023 4:00:00 AM,Fort York-Liberty Village (163),NA,NA,NA,NA,NA,NA
GO-20231028071,5/8/2023 4:00:00 AM,Yonge-Doris (151),NA,NA,NA,NA,NA,NA
GO-20231041455,5/10/2023 4:00:00 AM,Mimico-Queensway (160),NA,NA,NA,NA,NA,NA
GO-20231063692,5/12/2023 4:00:00 AM,Downtown Yonge East (168),NA,NA,NA,NA,NA,NA
GO-20231077176,5/13/2023 4:00:00 AM,West Humber-Clairville (1),NA,NA,NA,NA,NA,NA
GO-20231090728,5/15/2023 4:00:00 AM,Church-Wellesley (167),NA,NA,NA,NA,NA,NA
GO-20231140390,5/21/2023 4:00:00 AM,Palmerston-Little Italy (80),NA,NA,NA,NA,NA,NA
GO-20231189726,5/26/2023 4:00:00 AM,Caledonia-Fairbank (109),NA,NA,NA,NA,NA,NA
GO-20231309309,6/6/2023 4:00:00 AM,Fort York-Liberty Village (163),NA,NA,NA,NA,NA,NA
GO-20231343735,6/12/2023 4:00:00 AM,NSA,NA,NA,NA,NA,NA,NA
GO-20231352411,6/13/2023 4:00:00 AM,Woburn North (142),NA,NA,NA,NA,NA,NA
GO-20231411799,6/19/2023 4:00:00 AM,Etobicoke City Centre (159),NA,NA,NA,NA,NA,NA
GO-20231469234,6/25/2023 4:00:00 AM,Eglinton East (138),NA,NA,NA,NA,NA,NA
GO-20231500195,6/29/2023 4:00:00 AM,Banbury-Don Mills (42),NA,NA,NA,NA,NA,NA
GO-20231512850,6/30/2023 4:00:00 AM,Golfdale-Cedarbrae-Woburn (141),NA,NA,NA,NA,NA,NA
GO-20231501474,6/30/2023 4:00:00 AM,Henry Farm (53),NA,NA,NA,NA,NA,NA
GO-20231534477,7/2/2023 4:00:00 AM,Mount Olive-Silverstone-Jamestown (2),NA,NA,NA,NA,NA,NA
GO-20231579958,7/7/2023 4:00:00 AM,Rosedale-Moore Park (98),NA,NA,NA,NA,NA,NA
GO-20231576848,7/7/2023 4:00:00 AM,South Riverdale (70),NA,NA,NA,NA,NA,NA
GO-20231683614,7/19/2023 4:00:00 AM,Mount Olive-Silverstone-Jamestown (2),NA,NA,NA,NA,NA,NA
GO-20231710891,7/23/2023 4:00:00 AM,North Riverdale (68),NA,NA,NA,NA,NA,NA
GO-20231724291,7/24/2023 4:00:00 AM,Etobicoke City Centre (159),NA,NA,NA,NA,NA,NA
GO-20231729348,7/25/2023 4:00:00 AM,Moss Park (73),NA,NA,NA,NA,NA,NA
GO-20231745566,7/27/2023 4:00:00 AM,Greenwood-Coxwell (65),NA,NA,NA,NA,NA,NA
GO-20231856702,8/9/2023 4:00:00 AM,Weston (113),NA,NA,NA,NA,NA,NA
GO-20231906479,8/15/2023 4:00:00 AM,Moss Park (73),NA,NA,NA,NA,NA,NA
GO-20231910215,8/16/2023 4:00:00 AM,Moss Park (73),NA,NA,NA,NA,NA,NA
GO-20231947605,8/21/2023 4:00:00 AM,Kensington-Chinatown (78),NA,NA,NA,NA,NA,NA
GO-20231978214,8/24/2023 4:00:00 AM,Corso Italia-Davenport (92),NA,NA,NA,NA,NA,NA
GO-20231993035,8/26/2023 4:00:00 AM,Woodbine-Lumsden (60),NA,NA,NA,NA,NA,NA
GO-20232011416,8/30/2023 4:00:00 AM,Wellington Place (164),NA,NA,NA,NA,NA,NA
GO-20232069328,9/4/2023 4:00:00 AM,Stonegate-Queensway (16),NA,NA,NA,NA,NA,NA
GO-20232076456,9/5/2023 4:00:00 AM,Dorset Park (126),NA,NA,NA,NA,NA,NA
GO-20232075472,9/5/2023 4:00:00 AM,Woburn North (142),NA,NA,NA,NA,NA,NA
GO-20232110461,9/9/2023 4:00:00 AM,Moss Park (73),NA,NA,NA,NA,NA,NA
GO-20232164179,9/16/2023 4:00:00 AM,Moss Park (73),NA,NA,NA,NA,NA,NA
GO-20232227404,9/23/2023 4:00:00 AM,Mount Olive-Silverstone-Jamestown (2),NA,NA,NA,NA,NA,NA
GO-20232227404,9/23/2023 4:00:00 AM,Mount Olive-Silverstone-Jamestown (2),NA,NA,NA,NA,NA,NA
GO-20232234267,9/24/2023 4:00:00 AM,Newtonbrook East (50),NA,NA,NA,NA,NA,NA
GO-20232234677,9/24/2023 4:00:00 AM,West Hill (136),NA,NA,NA,NA,NA,NA
GO-20232320141,10/5/2023 4:00:00 AM,Bathurst Manor (34),NA,NA,NA,NA,NA,NA
GO-20232400648,10/15/2023 4:00:00 AM,Keelesdale-Eglinton West (110),NA,NA,NA,NA,NA,NA
GO-20232573487,11/6/2023 5:00:00 AM,West Hill (136),NA,NA,NA,NA,NA,NA
GO-20232592783,11/8/2023 5:00:00 AM,Yonge-Bay Corridor (170),NA,NA,NA,NA,NA,NA
GO-20232603209,11/10/2023 5:00:00 AM,Etobicoke City Centre (159),NA,NA,NA,NA,NA,NA
GO-20232643558,11/15/2023 5:00:00 AM,Fenside-Parkwoods (150),NA,NA,NA,NA,NA,NA
GO-20232774550,12/2/2023 5:00:00 AM,St.Andrew-Windfields (40),NA,NA,NA,NA,NA,NA
GO-20232784341,12/2/2023 5:00:00 AM,O'Connor-Parkview (54),NA,NA,NA,NA,NA,NA
GO-20232830913,12/9/2023 5:00:00 AM,Oakdale-Beverley Heights (154),NA,NA,NA,NA,NA,NA
GO-20232842259,12/10/2023 5:00:00 AM,Dorset Park (126),NA,NA,NA,NA,NA,NA
GO-20232842259,12/10/2023 5:00:00 AM,Dorset Park (126),NA,NA,NA,NA,NA,NA
GO-20232852385,12/12/2023 5:00:00 AM,The Beaches (63),NA,NA,NA,NA,NA,NA
GO-20232934827,12/22/2023 5:00:00 AM,East End-Danforth (62),NA,NA,NA,NA,NA,NA
GO-20232935410,12/23/2023 5:00:00 AM,Humber Summit (21),NA,NA,NA,NA,NA,NA
GO-20232954061,12/26/2023 5:00:00 AM,High Park-Swansea (87),NA,NA,NA,NA,NA,NA
GO-20232980418,12/30/2023 5:00:00 AM,Harbourfront-CityPlace (165),NA,NA,NA,NA,NA,NA
GO-20248555,1/2/2024 5:00:00 AM,Englemount-Lawrence (32),NA,NA,NA,NA,NA,NA
GO-202441915,1/4/2024 5:00:00 AM,Broadview North (57),NA,NA,NA,NA,NA,NA
GO-202432470,1/5/2024 5:00:00 AM,Oakdale-Beverley Heights (154),NA,NA,NA,NA,NA,NA
GO-202445043,1/6/2024 5:00:00 AM,Roncesvalles (86),NA,NA,NA,NA,NA,NA
GO-202482011,1/11/2024 5:00:00 AM,Harbourfront-CityPlace (165),NA,NA,NA,NA,NA,NA
GO-2024173183,1/23/2024 5:00:00 AM,Roncesvalles (86),NA,NA,NA,NA,NA,NA
GO-2024166708,1/23/2024 5:00:00 AM,Blake-Jones (69),NA,NA,NA,NA,NA,NA
GO-2024275367,2/6/2024 5:00:00 AM,Dufferin Grove (83),NA,NA,NA,NA,NA,NA
GO-2024308909,2/10/2024 5:00:00 AM,Weston (113),NA,NA,NA,NA,NA,NA
GO-2024363811,2/17/2024 5:00:00 AM,Black Creek (24),NA,NA,NA,NA,NA,NA
GO-2024433846,2/27/2024 5:00:00 AM,Yonge-Bay Corridor (170),NA,NA,NA,NA,NA,NA
GO-2024434274,2/27/2024 5:00:00 AM,Weston (113),NA,NA,NA,NA,NA,NA
GO-2024434274,2/27/2024 5:00:00 AM,Weston (113),NA,NA,NA,NA,NA,NA
GO-2024453371,2/29/2024 5:00:00 AM,West Humber-Clairville (1),NA,NA,NA,NA,NA,NA
GO-2024480054,3/3/2024 5:00:00 AM,Rexdale-Kipling (4),NA,NA,NA,NA,NA,NA
GO-2024511473,3/7/2024 5:00:00 AM,Etobicoke West Mall (13),NA,NA,NA,NA,NA,NA
GO-2024545700,3/12/2024 4:00:00 AM,Regent Park (72),NA,NA,NA,NA,NA,NA
GO-2024545700,3/12/2024 4:00:00 AM,Regent Park (72),NA,NA,NA,NA,NA,NA
GO-2024558575,3/14/2024 4:00:00 AM,Scarborough Village (139),NA,NA,NA,NA,NA,NA
GO-2024671809,3/28/2024 4:00:00 AM,York University Heights (27),NA,NA,NA,NA,NA,NA
GO-2024673427,3/29/2024 4:00:00 AM,Pelmo Park-Humberlea (23),NA,NA,NA,NA,NA,NA
GO-2024734984,4/6/2024 4:00:00 AM,Clanton Park (33),NA,NA,NA,NA,NA,NA
GO-2024772799,4/11/2024 4:00:00 AM,Wellington Place (164),NA,NA,NA,NA,NA,NA
GO-2024800040,4/14/2024 4:00:00 AM,Weston (113),NA,NA,NA,NA,NA,NA
GO-2024830325,4/18/2024 4:00:00 AM,Princess-Rosethorn (10),NA,NA,NA,NA,NA,NA
GO-2024854549,4/21/2024 4:00:00 AM,Mimico-Queensway (160),NA,NA,NA,NA,NA,NA
GO-2024875857,4/24/2024 4:00:00 AM,West Hill (136),NA,NA,NA,NA,NA,NA
GO-2024881043,4/24/2024 4:00:00 AM,Downtown Yonge East (168),NA,NA,NA,NA,NA,NA
GO-2024881453,4/25/2024 4:00:00 AM,Long Branch (19),NA,NA,NA,NA,NA,NA
GO-2024941489,4/29/2024 4:00:00 AM,Forest Hill North (102),NA,NA,NA,NA,NA,NA
GO-2024978434,5/7/2024 4:00:00 AM,Oakwood Village (107),NA,NA,NA,NA,NA,NA
GO-20241013308,5/11/2024 4:00:00 AM,Oakwood Village (107),NA,NA,NA,NA,NA,NA
GO-20241021707,5/12/2024 4:00:00 AM,Downtown Yonge East (168),NA,NA,NA,NA,NA,NA
GO-20241056408,5/16/2024 4:00:00 AM,Ionview (125),NA,NA,NA,NA,NA,NA
GO-20241100422,5/22/2024 4:00:00 AM,North St.James Town (74),NA,NA,NA,NA,NA,NA
GO-20241141964,5/27/2024 4:00:00 AM,Oakridge (121),NA,NA,NA,NA,NA,NA
GO-20241198224,6/2/2024 4:00:00 AM,Mount Olive-Silverstone-Jamestown (2),NA,NA,NA,NA,NA,NA
GO-20241198224,6/2/2024 4:00:00 AM,Mount Olive-Silverstone-Jamestown (2),NA,NA,NA,NA,NA,NA
GO-20241301628,6/15/2024 4:00:00 AM,East L'Amoreaux (148),NA,NA,NA,NA,NA,NA
GO-20241317786,6/17/2024 4:00:00 AM,Banbury-Don Mills (42),NA,NA,NA,NA,NA,NA
GO-20241317786,6/17/2024 4:00:00 AM,Banbury-Don Mills (42),NA,NA,NA,NA,NA,NA
GO-20241330441,6/19/2024 4:00:00 AM,Moss Park (73),NA,NA,NA,NA,NA,NA
GO-20241357594,6/22/2024 4:00:00 AM,Dorset Park (126),NA,NA,NA,NA,NA,NA
GO-20241381039,6/24/2024 4:00:00 AM,Rustic (28),NA,NA,NA,NA,NA,NA
GO-20241387230,6/25/2024 4:00:00 AM,Runnymede-Bloor West Village (89),NA,NA,NA,NA,NA,NA
GO-20241398541,6/27/2024 4:00:00 AM,Pleasant View (46),NA,NA,NA,NA,NA,NA
GO-20241406007,6/27/2024 4:00:00 AM,Rockcliffe-Smythe (111),NA,NA,NA,NA,NA,NA
GO-20241478072,7/6/2024 4:00:00 AM,Wexford/Maryvale (119),NA,NA,NA,NA,NA,NA
GO-20241485781,7/8/2024 4:00:00 AM,South Parkdale (85),NA,NA,NA,NA,NA,NA
GO-20241513869,7/11/2024 4:00:00 AM,Rockcliffe-Smythe (111),NA,NA,NA,NA,NA,NA
GO-20241590747,7/21/2024 4:00:00 AM,Hillcrest Village (48),NA,NA,NA,NA,NA,NA
GO-20241610791,7/24/2024 4:00:00 AM,Bendale-Glen Andrew (156),NA,NA,NA,NA,NA,NA
GO-20241610791,7/24/2024 4:00:00 AM,Bendale-Glen Andrew (156),NA,NA,NA,NA,NA,NA
GO-20241735319,8/8/2024 4:00:00 AM,The Beaches (63),NA,NA,NA,NA,NA,NA
GO-20241845574,8/23/2024 4:00:00 AM,Alderwood (20),NA,NA,NA,NA,NA,NA
GO-20241845574,8/23/2024 4:00:00 AM,Alderwood (20),NA,NA,NA,NA,NA,NA
GO-20241872807,8/27/2024 4:00:00 AM,Pelmo Park-Humberlea (23),NA,NA,NA,NA,NA,NA
GO-20241881216,8/28/2024 4:00:00 AM,Dufferin Grove (83),NA,NA,NA,NA,NA,NA
GO-20241905609,8/30/2024 4:00:00 AM,Oakridge (121),NA,NA,NA,NA,NA,NA
GO-20241914605,9/1/2024 4:00:00 AM,Briar Hill-Belgravia (108),NA,NA,NA,NA,NA,NA
GO-20241925882,9/2/2024 4:00:00 AM,Brookhaven-Amesbury (30),NA,NA,NA,NA,NA,NA
GO-20241999220,9/12/2024 4:00:00 AM,New Toronto (18),NA,NA,NA,NA,NA,NA
GO-20242041625,9/17/2024 4:00:00 AM,Black Creek (24),NA,NA,NA,NA,NA,NA
GO-20242041625,9/17/2024 4:00:00 AM,Black Creek (24),NA,NA,NA,NA,NA,NA
GO-20242076688,9/21/2024 4:00:00 AM,Scarborough Village (139),NA,NA,NA,NA,NA,NA
GO-20242129902,9/28/2024 4:00:00 AM,Agincourt North (129),NA,NA,NA,NA,NA,NA
GO-20242136604,9/29/2024 4:00:00 AM,Morningside (135),NA,NA,NA,NA,NA,NA
GO-20242140337,9/30/2024 4:00:00 AM,Weston (113),NA,NA,NA,NA,NA,NA
GO-20242147124,9/30/2024 4:00:00 AM,Yorkdale-Glen Park (31),NA,NA,NA,NA,NA,NA
GO-20242151556,10/1/2024 4:00:00 AM,Junction Area (90),NA,NA,NA,NA,NA,NA
GO-20242147234,10/1/2024 4:00:00 AM,Rockcliffe-Smythe (111),NA,NA,NA,NA,NA,NA
GO-20242183230,10/3/2024 4:00:00 AM,Lawrence Park South (103),NA,NA,NA,NA,NA,NA
GO-20242164857,10/3/2024 4:00:00 AM,Mimico-Queensway (160),NA,NA,NA,NA,NA,NA
GO-20242200829,10/7/2024 4:00:00 AM,Beechborough-Greenbrook (112),NA,NA,NA,NA,NA,NA
GO-20242325262,10/24/2024 4:00:00 AM,Lansing-Westgate (38),NA,NA,NA,NA,NA,NA
GO-20242330126,10/25/2024 4:00:00 AM,Beechborough-Greenbrook (112),NA,NA,NA,NA,NA,NA
GO-20242429334,11/7/2024 5:00:00 AM,West Hill (136),NA,NA,NA,NA,NA,NA
GO-20242480454,11/14/2024 5:00:00 AM,Harbourfront-CityPlace (165),NA,NA,NA,NA,NA,NA
GO-20242529668,11/20/2024 5:00:00 AM,Agincourt North (129),NA,NA,NA,NA,NA,NA
GO-20242525127,11/20/2024 5:00:00 AM,Briar Hill-Belgravia (108),NA,NA,NA,NA,NA,NA
GO-20242659607,12/8/2024 5:00:00 AM,Blake-Jones (69),NA,NA,NA,NA,NA,NA
GO-20242661659,12/9/2024 5:00:00 AM,Englemount-Lawrence (32),NA,NA,NA,NA,NA,NA
GO-20242734667,12/19/2024 5:00:00 AM,Scarborough Village (139),NA,NA,NA,NA,NA,NA
GO-20242749902,12/21/2024 5:00:00 AM,Corso Italia-Davenport (92),NA,NA,NA,NA,NA,NA
GO-20242814403,12/30/2024 5:00:00 AM,Weston-Pelham Park (91),NA,NA,NA,NA,NA,NA
GO-2025185495,1/26/2025 5:00:00 AM,Annex (95),NA,NA,NA,NA,NA,NA
GO-2025259658,2/4/2025 5:00:00 AM,Islington (158),NA,NA,NA,NA,NA,NA
GO-2025268343,2/5/2025 5:00:00 AM,Moss Park (73),NA,NA,NA,NA,NA,NA
GO-2025379660,2/21/2025 5:00:00 AM,Wychwood (94),NA,NA,NA,NA,NA,NA
GO-2025584004,3/20/2025 4:00:00 AM,University (79),NA,NA,NA,NA,NA,NA
GO-2025609460,3/23/2025 4:00:00 AM,Harbourfront-CityPlace (165),NA,NA,NA,NA,NA,NA
GO-2025617006,3/24/2025 4:00:00 AM,Mimico-Queensway (160),NA,NA,NA,NA,NA,NA
GO-2025633699,3/26/2025 4:00:00 AM,Mount Olive-Silverstone-Jamestown (2),NA,NA,NA,NA,NA,NA
GO-2025784909,4/15/2025 4:00:00 AM,North Riverdale (68),NA,NA,NA,NA,NA,NA
GO-2025784909,4/15/2025 4:00:00 AM,North Riverdale (68),NA,NA,NA,NA,NA,NA
GO-2025866414,4/27/2025 4:00:00 AM,Stonegate-Queensway (16),NA,NA,NA,NA,NA,NA
GO-20251035766,5/19/2025 4:00:00 AM,Pelmo Park-Humberlea (23),NA,NA,NA,NA,NA,NA
GO-20251154114,6/3/2025 4:00:00 AM,Englemount-Lawrence (32),NA,NA,NA,NA,NA,NA
GO-20251186586,6/7/2025 4:00:00 AM,Mount Dennis (115),NA,NA,NA,NA,NA,NA
GO-20251201148,6/9/2025 4:00:00 AM,Scarborough Village (139),NA,NA,NA,NA,NA,NA
GO-20251263265,6/17/2025 4:00:00 AM,Danforth (66),NA,NA,NA,NA,NA,NA
GO-20251297748,6/19/2025 4:00:00 AM,Oakdale-Beverley Heights (154),NA,NA,NA,NA,NA,NA
GO-20251378703,7/2/2025 4:00:00 AM,Ionview (125),NA,NA,NA,NA,NA,NA
GO-20251426238,7/4/2025 4:00:00 AM,Bendale-Glen Andrew (156),NA,NA,NA,NA,NA,NA
GO-20251403079,7/5/2025 4:00:00 AM,Greenwood-Coxwell (65),NA,NA,NA,NA,NA,NA
GO-20251487856,7/17/2025 4:00:00 AM,Yorkdale-Glen Park (31),NA,NA,NA,NA,NA,NA
GO-20251489034,7/17/2025 4:00:00 AM,Henry Farm (53),NA,NA,NA,NA,NA,NA
GO-20251525204,7/22/2025 4:00:00 AM,Weston-Pelham Park (91),NA,NA,NA,NA,NA,NA
GO-20251616924,8/2/2025 4:00:00 AM,Wellington Place (164),NA,NA,NA,NA,NA,NA
GO-20251690000,8/12/2025 4:00:00 AM,Woodbine-Lumsden (60),NA,NA,NA,NA,NA,NA
GO-20251717344,8/16/2025 4:00:00 AM,Brookhaven-Amesbury (30),NA,NA,NA,NA,NA,NA
GO-20251756156,8/21/2025 4:00:00 AM,Bendale-Glen Andrew (156),NA,NA,NA,NA,NA,NA
GO-20251763697,8/22/2025 4:00:00 AM,Agincourt South-Malvern West (128),NA,NA,NA,NA,NA,NA
GO-20251845699,9/2/2025 4:00:00 AM,West Hill (136),NA,NA,NA,NA,NA,NA
GO-20251857681,9/4/2025 4:00:00 AM,Yonge-Bay Corridor (170),NA,NA,NA,NA,NA,NA
GO-20251868392,9/5/2025 4:00:00 AM,High Park North (88),NA,NA,NA,NA,NA,NA
GO-20251930701,9/13/2025 4:00:00 AM,Tam O'Shanter-Sullivan (118),NA,NA,NA,NA,NA,NA
GO-20251944810,9/15/2025 4:00:00 AM,West Hill (136),NA,NA,NA,NA,NA,NA
GO-20252013206,9/24/2025 4:00:00 AM,Agincourt South-Malvern West (128),NA,NA,NA,NA,NA,NA
GO-20252104727,10/4/2025 4:00:00 AM,West Humber-Clairville (1),NA,NA,NA,NA,NA,NA
GO-20252176489,10/16/2025 4:00:00 AM,Kennedy Park (124),NA,NA,NA,NA,NA,NA
GO-20252399086,11/15/2025 5:00:00 AM,Annex (95),NA,NA,NA,NA,NA,NA
GO-20252463881,11/25/2025 5:00:00 AM,Wellington Place (164),NA,NA,NA,NA,NA,NA
GO-20252509351,12/1/2025 5:00:00 AM,Bayview Woods-Steeles (49),NA,NA,NA,NA,NA,NA
GO-20252567794,12/9/2025 5:00:00 AM,Wychwood (94),NA,NA,NA,NA,NA,NA
GO-20252649068,12/17/2025 5:00:00 AM,Fort York-Liberty Village (163),NA,NA,NA,NA,NA,NA
GO-20252674577,12/23/2025 5:00:00 AM,Highland Creek (134),NA,NA,NA,NA,NA,NA
GO-20252689515,12/26/2025 5:00:00 AM,Church-Wellesley (167),NA,NA,NA,NA,NA,NA
GO-20252693265,12/26/2025 5:00:00 AM,South Parkdale (85),NA,NA,NA,NA,NA,NA
GO-20252701095,12/28/2025 5:00:00 AM,Yonge-Bay Corridor (170),NA,NA,NA,NA,NA,NA
