neighbourhood_158,occ_year,crime_category,incidents,total_incidents,category_share,weighted_risk_score,safety_score,safety_rank,safety_category,dominant_crime_category
Agincourt North (129),2014,Assault,73,233,0.3133,319.19,82.3,97,Very Safe,Assault
Agincourt North (129),2014,Auto Theft,17,233,0.073,319.19,82.3,97,Very Safe,Assault
Agincourt North (129),2014,Break and Enter,45,233,0.1931,319.19,82.3,97,Very Safe,Assault
Agincourt North (129),2014,NonMCI,63,233,0.2704,319.19,82.3,97,Very Safe,Assault
Agincourt North (129),2014,Robbery,34,233,0.1459,319.19,82.3,97,Very Safe,Assault
Agincourt North (129),2014,Theft Over,1,233,0.0043,319.19,82.3,97,Very Safe,Assault
Agincourt South-Malvern West (128),2014,Assault,105,323,0.3251,432.56,73.8,119,Safe,Assault
Agincourt South-Malvern West (128),2014,Auto Theft,33,323,0.1022,432.56,73.8,119,Safe,Assault
Agincourt South-Malvern West (128),2014,Break and Enter,73,323,0.226,432.56,73.8,119,Safe,Assault
Agincourt South-Malvern West (128),2014,NonMCI,73,323,0.226,432.56,73.8,119,Safe,Assault
Agincourt South-Malvern West (128),2014,Robbery,20,323,0.0619,432.56,73.8,119,Safe,Assault
Agincourt South-Malvern West (128),2014,Theft Over,19,323,0.0588,432.56,73.8,119,Safe,Assault
Alderwood (20),2014,Assault,43,120,0.3583,157.42,94.5,18,Very Safe,Assault
Alderwood (20),2014,Auto Theft,10,120,0.0833,157.42,94.5,18,Very Safe,Assault
Alderwood (20),2014,Break and Enter,19,120,0.1583,157.42,94.5,18,Very Safe,Assault
Alderwood (20),2014,NonMCI,37,120,0.3083,157.42,94.5,18,Very Safe,Assault
Alderwood (20),2014,Robbery,4,120,0.0333,157.42,94.5,18,Very Safe,Assault
Alderwood (20),2014,Theft Over,7,120,0.0583,157.42,94.5,18,Very Safe,Assault
Annex (95),2014,Assault,217,574,0.378,823.2,44.4,150,Moderate,Assault
Annex (95),2014,Auto Theft,13,574,0.0226,823.2,44.4,150,Moderate,Assault
Annex (95),2014,Break and Enter,156,574,0.2718,823.2,44.4,150,Moderate,Assault
Annex (95),2014,NonMCI,127,574,0.2213,823.2,44.4,150,Moderate,Assault
Annex (95),2014,Robbery,42,574,0.0732,823.2,44.4,150,Moderate,Assault
Annex (95),2014,Theft Over,19,574,0.0331,823.2,44.4,150,Moderate,Assault
Avondale (153),2014,Assault,30,65,0.4615,96.42,99.1,2,Very Safe,Assault
Avondale (153),2014,Auto Theft,13,65,0.2,96.42,99.1,2,Very Safe,Assault
Avondale (153),2014,Break and Enter,10,65,0.1538,96.42,99.1,2,Very Safe,Assault
Avondale (153),2014,NonMCI,8,65,0.1231,96.42,99.1,2,Very Safe,Assault
Avondale (153),2014,Robbery,2,65,0.0308,96.42,99.1,2,Very Safe,Assault
Avondale (153),2014,Theft Over,2,65,0.0308,96.42,99.1,2,Very Safe,Assault
Banbury-Don Mills (42),2014,Assault,52,228,0.2281,280.07,85.3,74,Very Safe,NonMCI
Banbury-Don Mills (42),2014,Auto Theft,19,228,0.0833,280.07,85.3,74,Very Safe,NonMCI
Banbury-Don Mills (42),2014,Break and Enter,66,228,0.2895,280.07,85.3,74,Very Safe,NonMCI
Banbury-Don Mills (42),2014,NonMCI,72,228,0.3158,280.07,85.3,74,Very Safe,NonMCI
Banbury-Don Mills (42),2014,Robbery,10,228,0.0439,280.07,85.3,74,Very Safe,NonMCI
Banbury-Don Mills (42),2014,Theft Over,9,228,0.0395,280.07,85.3,74,Very Safe,NonMCI
Bathurst Manor (34),2014,Assault,51,169,0.3018,221.41,89.7,53,Very Safe,Assault
Bathurst Manor (34),2014,Auto Theft,36,169,0.213,221.41,89.7,53,Very Safe,Assault
Bathurst Manor (34),2014,Break and Enter,34,169,0.2012,221.41,89.7,53,Very Safe,Assault
Bathurst Manor (34),2014,NonMCI,38,169,0.2249,221.41,89.7,53,Very Safe,Assault
Bathurst Manor (34),2014,Robbery,8,169,0.0473,221.41,89.7,53,Very Safe,Assault
Bathurst Manor (34),2014,Theft Over,2,169,0.0118,221.41,89.7,53,Very Safe,Assault
Bay-Cloverhill (169),2014,Assault,104,201,0.5174,305.66,83.3,92,Very Safe,Assault
Bay-Cloverhill (169),2014,Auto Theft,7,201,0.0348,305.66,83.3,92,Very Safe,Assault
Bay-Cloverhill (169),2014,Break and Enter,25,201,0.1244,305.66,83.3,92,Very Safe,Assault
Bay-Cloverhill (169),2014,NonMCI,37,201,0.1841,305.66,83.3,92,Very Safe,Assault
Bay-Cloverhill (169),2014,Robbery,12,201,0.0597,305.66,83.3,92,Very Safe,Assault
Bay-Cloverhill (169),2014,Theft Over,16,201,0.0796,305.66,83.3,92,Very Safe,Assault
Bayview Village (52),2014,Assault,76,239,0.318,300.2,83.8,86,Very Safe,NonMCI
Bayview Village (52),2014,Auto Theft,25,239,0.1046,300.2,83.8,86,Very Safe,NonMCI
Bayview Village (52),2014,Break and Enter,43,239,0.1799,300.2,83.8,86,Very Safe,NonMCI
Bayview Village (52),2014,NonMCI,83,239,0.3473,300.2,83.8,86,Very Safe,NonMCI
Bayview Village (52),2014,Robbery,3,239,0.0126,300.2,83.8,86,Very Safe,NonMCI
Bayview Village (52),2014,Theft Over,9,239,0.0377,300.2,83.8,86,Very Safe,NonMCI
Bayview Woods-Steeles (49),2014,Assault,33,103,0.3204,140.16,95.8,12,Very Safe,Assault
Bayview Woods-Steeles (49),2014,Auto Theft,16,103,0.1553,140.16,95.8,12,Very Safe,Assault
Bayview Woods-Steeles (49),2014,Break and Enter,22,103,0.2136,140.16,95.8,12,Very Safe,Assault
Bayview Woods-Steeles (49),2014,NonMCI,22,103,0.2136,140.16,95.8,12,Very Safe,Assault
Bayview Woods-Steeles (49),2014,Robbery,7,103,0.068,140.16,95.8,12,Very Safe,Assault
Bayview Woods-Steeles (49),2014,Theft Over,3,103,0.0291,140.16,95.8,12,Very Safe,Assault
Bedford Park-Nortown (39),2014,Assault,56,263,0.2129,326.85,81.8,99,Very Safe,Break and Enter
Bedford Park-Nortown (39),2014,Auto Theft,37,263,0.1407,326.85,81.8,99,Very Safe,Break and Enter
Bedford Park-Nortown (39),2014,Break and Enter,84,263,0.3194,326.85,81.8,99,Very Safe,Break and Enter
Bedford Park-Nortown (39),2014,NonMCI,66,263,0.251,326.85,81.8,99,Very Safe,Break and Enter
Bedford Park-Nortown (39),2014,Robbery,10,263,0.038,326.85,81.8,99,Very Safe,Break and Enter
Bedford Park-Nortown (39),2014,Theft Over,10,263,0.038,326.85,81.8,99,Very Safe,Break and Enter
Beechborough-Greenbrook (112),2014,Assault,57,114,0.5,182.43,92.6,33,Very Safe,Assault
Beechborough-Greenbrook (112),2014,Auto Theft,10,114,0.0877,182.43,92.6,33,Very Safe,Assault
Beechborough-Greenbrook (112),2014,Break and Enter,20,114,0.1754,182.43,92.6,33,Very Safe,Assault
Beechborough-Greenbrook (112),2014,NonMCI,9,114,0.0789,182.43,92.6,33,Very Safe,Assault
Beechborough-Greenbrook (112),2014,Robbery,16,114,0.1404,182.43,92.6,33,Very Safe,Assault
Beechborough-Greenbrook (112),2014,Theft Over,2,114,0.0175,182.43,92.6,33,Very Safe,Assault
Bendale South (157),2014,Assault,54,120,0.45,185.01,92.4,35,Very Safe,Assault
Bendale South (157),2014,Auto Theft,9,120,0.075,185.01,92.4,35,Very Safe,Assault
Bendale South (157),2014,Break and Enter,26,120,0.2167,185.01,92.4,35,Very Safe,Assault
Bendale South (157),2014,NonMCI,15,120,0.125,185.01,92.4,35,Very Safe,Assault
Bendale South (157),2014,Robbery,14,120,0.1167,185.01,92.4,35,Very Safe,Assault
Bendale South (157),2014,Theft Over,2,120,0.0167,185.01,92.4,35,Very Safe,Assault
Bendale-Glen Andrew (156),2014,Assault,121,363,0.3333,505.15,68.3,130,Safe,Assault
Bendale-Glen Andrew (156),2014,Auto Theft,37,363,0.1019,505.15,68.3,130,Safe,Assault
Bendale-Glen Andrew (156),2014,Break and Enter,71,363,0.1956,505.15,68.3,130,Safe,Assault
Bendale-Glen Andrew (156),2014,NonMCI,83,363,0.2287,505.15,68.3,130,Safe,Assault
Bendale-Glen Andrew (156),2014,Robbery,44,363,0.1212,505.15,68.3,130,Safe,Assault
Bendale-Glen Andrew (156),2014,Theft Over,7,363,0.0193,505.15,68.3,130,Safe,Assault
Birchcliffe-Cliffside (122),2014,Assault,134,319,0.4201,458.11,71.9,124,Safe,Assault
Birchcliffe-Cliffside (122),2014,Auto Theft,13,319,0.0408,458.11,71.9,124,Safe,Assault
Birchcliffe-Cliffside (122),2014,Break and Enter,72,319,0.2257,458.11,71.9,124,Safe,Assault
Birchcliffe-Cliffside (122),2014,NonMCI,81,319,0.2539,458.11,71.9,124,Safe,Assault
Birchcliffe-Cliffside (122),2014,Robbery,16,319,0.0502,458.11,71.9,124,Safe,Assault
Birchcliffe-Cliffside (122),2014,Theft Over,3,319,0.0094,458.11,71.9,124,Safe,Assault
Black Creek (24),2014,Assault,197,360,0.5472,569.77,63.5,141,Safe,Assault
Black Creek (24),2014,Auto Theft,44,360,0.1222,569.77,63.5,141,Safe,Assault
Black Creek (24),2014,Break and Enter,26,360,0.0722,569.77,63.5,141,Safe,Assault
Black Creek (24),2014,NonMCI,41,360,0.1139,569.77,63.5,141,Safe,Assault
Black Creek (24),2014,Robbery,42,360,0.1167,569.77,63.5,141,Safe,Assault
Black Creek (24),2014,Theft Over,10,360,0.0278,569.77,63.5,141,Safe,Assault
Blake-Jones (69),2014,Assault,67,129,0.5194,196.44,91.6,42,Very Safe,Assault
Blake-Jones (69),2014,Auto Theft,2,129,0.0155,196.44,91.6,42,Very Safe,Assault
Blake-Jones (69),2014,Break and Enter,20,129,0.155,196.44,91.6,42,Very Safe,Assault
Blake-Jones (69),2014,NonMCI,29,129,0.2248,196.44,91.6,42,Very Safe,Assault
Blake-Jones (69),2014,Robbery,10,129,0.0775,196.44,91.6,42,Very Safe,Assault
Blake-Jones (69),2014,Theft Over,1,129,0.0078,196.44,91.6,42,Very Safe,Assault
Briar Hill-Belgravia (108),2014,Assault,74,200,0.37,288.9,84.6,79,Very Safe,Assault
Briar Hill-Belgravia (108),2014,Auto Theft,20,200,0.1,288.9,84.6,79,Very Safe,Assault
Briar Hill-Belgravia (108),2014,Break and Enter,43,200,0.215,288.9,84.6,79,Very Safe,Assault
Briar Hill-Belgravia (108),2014,NonMCI,32,200,0.16,288.9,84.6,79,Very Safe,Assault
Briar Hill-Belgravia (108),2014,Robbery,22,200,0.11,288.9,84.6,79,Very Safe,Assault
Briar Hill-Belgravia (108),2014,Theft Over,9,200,0.045,288.9,84.6,79,Very Safe,Assault
Bridle Path-Sunnybrook-York Mills (41),2014,Assault,19,89,0.2135,112.82,97.9,5,Very Safe,Break and Enter
Bridle Path-Sunnybrook-York Mills (41),2014,Auto Theft,5,89,0.0562,112.82,97.9,5,Very Safe,Break and Enter
Bridle Path-Sunnybrook-York Mills (41),2014,Break and Enter,38,89,0.427,112.82,97.9,5,Very Safe,Break and Enter
Bridle Path-Sunnybrook-York Mills (41),2014,NonMCI,21,89,0.236,112.82,97.9,5,Very Safe,Break and Enter
Bridle Path-Sunnybrook-York Mills (41),2014,Robbery,1,89,0.0112,112.82,97.9,5,Very Safe,Break and Enter
Bridle Path-Sunnybrook-York Mills (41),2014,Theft Over,5,89,0.0562,112.82,97.9,5,Very Safe,Break and Enter
Broadview North (57),2014,Assault,47,86,0.5465,137.86,96.0,11,Very Safe,Assault
Broadview North (57),2014,Auto Theft,2,86,0.0233,137.86,96.0,11,Very Safe,Assault
Broadview North (57),2014,Break and Enter,14,86,0.1628,137.86,96.0,11,Very Safe,Assault
Broadview North (57),2014,NonMCI,15,86,0.1744,137.86,96.0,11,Very Safe,Assault
Broadview North (57),2014,Robbery,8,86,0.093,137.86,96.0,11,Very Safe,Assault
Broadview North (57),2014,Theft Over,0,86,0.0,137.86,96.0,11,Very Safe,Assault
Brookhaven-Amesbury (30),2014,Assault,79,197,0.401,285.18,84.9,76,Very Safe,Assault
Brookhaven-Amesbury (30),2014,Auto Theft,40,197,0.203,285.18,84.9,76,Very Safe,Assault
Brookhaven-Amesbury (30),2014,Break and Enter,23,197,0.1168,285.18,84.9,76,Very Safe,Assault
Brookhaven-Amesbury (30),2014,NonMCI,29,197,0.1472,285.18,84.9,76,Very Safe,Assault
Brookhaven-Amesbury (30),2014,Robbery,21,197,0.1066,285.18,84.9,76,Very Safe,Assault
Brookhaven-Amesbury (30),2014,Theft Over,5,197,0.0254,285.18,84.9,76,Very Safe,Assault
Cabbagetown-South St.James Town (71),2014,Assault,80,247,0.3239,330.9,81.4,102,Very Safe,Assault
Cabbagetown-South St.James Town (71),2014,Auto Theft,9,247,0.0364,330.9,81.4,102,Very Safe,Assault
Cabbagetown-South St.James Town (71),2014,Break and Enter,74,247,0.2996,330.9,81.4,102,Very Safe,Assault
Cabbagetown-South St.James Town (71),2014,NonMCI,72,247,0.2915,330.9,81.4,102,Very Safe,Assault
Cabbagetown-South St.James Town (71),2014,Robbery,9,247,0.0364,330.9,81.4,102,Very Safe,Assault
Cabbagetown-South St.James Town (71),2014,Theft Over,3,247,0.0121,330.9,81.4,102,Very Safe,Assault
Caledonia-Fairbank (109),2014,Assault,47,110,0.4273,165.12,93.9,23,Very Safe,Assault
Caledonia-Fairbank (109),2014,Auto Theft,7,110,0.0636,165.12,93.9,23,Very Safe,Assault
Caledonia-Fairbank (109),2014,Break and Enter,27,110,0.2455,165.12,93.9,23,Very Safe,Assault
Caledonia-Fairbank (109),2014,NonMCI,14,110,0.1273,165.12,93.9,23,Very Safe,Assault
Caledonia-Fairbank (109),2014,Robbery,10,110,0.0909,165.12,93.9,23,Very Safe,Assault
Caledonia-Fairbank (109),2014,Theft Over,5,110,0.0455,165.12,93.9,23,Very Safe,Assault
Casa Loma (96),2014,Assault,24,93,0.2581,122.85,97.1,6,Very Safe,Break and Enter
Casa Loma (96),2014,Auto Theft,4,93,0.043,122.85,97.1,6,Very Safe,Break and Enter
Casa Loma (96),2014,Break and Enter,32,93,0.3441,122.85,97.1,6,Very Safe,Break and Enter
Casa Loma (96),2014,NonMCI,22,93,0.2366,122.85,97.1,6,Very Safe,Break and Enter
Casa Loma (96),2014,Robbery,6,93,0.0645,122.85,97.1,6,Very Safe,Break and Enter
Casa Loma (96),2014,Theft Over,5,93,0.0538,122.85,97.1,6,Very Safe,Break and Enter
Centennial Scarborough (133),2014,Assault,45,111,0.4054,153.24,94.8,17,Very Safe,Assault
Centennial Scarborough (133),2014,Auto Theft,8,111,0.0721,153.24,94.8,17,Very Safe,Assault
Centennial Scarborough (133),2014,Break and Enter,13,111,0.1171,153.24,94.8,17,Very Safe,Assault
Centennial Scarborough (133),2014,NonMCI,35,111,0.3153,153.24,94.8,17,Very Safe,Assault
Centennial Scarborough (133),2014,Robbery,8,111,0.0721,153.24,94.8,17,Very Safe,Assault
Centennial Scarborough (133),2014,Theft Over,2,111,0.018,153.24,94.8,17,Very Safe,Assault
Church-Wellesley (167),2014,Assault,196,420,0.4667,619.43,59.7,143,Moderate,Assault
Church-Wellesley (167),2014,Auto Theft,14,420,0.0333,619.43,59.7,143,Moderate,Assault
Church-Wellesley (167),2014,Break and Enter,62,420,0.1476,619.43,59.7,143,Moderate,Assault
Church-Wellesley (167),2014,NonMCI,102,420,0.2429,619.43,59.7,143,Moderate,Assault
Church-Wellesley (167),2014,Robbery,38,420,0.0905,619.43,59.7,143,Moderate,Assault
Church-Wellesley (167),2014,Theft Over,8,420,0.019,619.43,59.7,143,Moderate,Assault
Clairlea-Birchmount (120),2014,Assault,224,539,0.4156,784.24,47.3,149,Moderate,Assault
Clairlea-Birchmount (120),2014,Auto Theft,44,539,0.0816,784.24,47.3,149,Moderate,Assault
Clairlea-Birchmount (120),2014,Break and Enter,129,539,0.2393,784.24,47.3,149,Moderate,Assault
Clairlea-Birchmount (120),2014,NonMCI,101,539,0.1874,784.24,47.3,149,Moderate,Assault
Clairlea-Birchmount (120),2014,Robbery,37,539,0.0686,784.24,47.3,149,Moderate,Assault
Clairlea-Birchmount (120),2014,Theft Over,4,539,0.0074,784.24,47.3,149,Moderate,Assault
Clanton Park (33),2014,Assault,61,235,0.2596,305.75,83.3,92,Very Safe,Auto Theft
Clanton Park (33),2014,Auto Theft,69,235,0.2936,305.75,83.3,92,Very Safe,Auto Theft
Clanton Park (33),2014,Break and Enter,60,235,0.2553,305.75,83.3,92,Very Safe,Auto Theft
Clanton Park (33),2014,NonMCI,34,235,0.1447,305.75,83.3,92,Very Safe,Auto Theft
Clanton Park (33),2014,Robbery,7,235,0.0298,305.75,83.3,92,Very Safe,Auto Theft
Clanton Park (33),2014,Theft Over,4,235,0.017,305.75,83.3,92,Very Safe,Auto Theft
Cliffcrest (123),2014,Assault,73,201,0.3632,287.05,84.7,78,Very Safe,Assault
Cliffcrest (123),2014,Auto Theft,19,201,0.0945,287.05,84.7,78,Very Safe,Assault
Cliffcrest (123),2014,Break and Enter,42,201,0.209,287.05,84.7,78,Very Safe,Assault
Cliffcrest (123),2014,NonMCI,39,201,0.194,287.05,84.7,78,Very Safe,Assault
Cliffcrest (123),2014,Robbery,25,201,0.1244,287.05,84.7,78,Very Safe,Assault
Cliffcrest (123),2014,Theft Over,3,201,0.0149,287.05,84.7,78,Very Safe,Assault
Corso Italia-Davenport (92),2014,Assault,64,157,0.4076,233.6,88.8,61,Very Safe,Assault
Corso Italia-Davenport (92),2014,Auto Theft,16,157,0.1019,233.6,88.8,61,Very Safe,Assault
Corso Italia-Davenport (92),2014,Break and Enter,29,157,0.1847,233.6,88.8,61,Very Safe,Assault
Corso Italia-Davenport (92),2014,NonMCI,26,157,0.1656,233.6,88.8,61,Very Safe,Assault
Corso Italia-Davenport (92),2014,Robbery,20,157,0.1274,233.6,88.8,61,Very Safe,Assault
Corso Italia-Davenport (92),2014,Theft Over,2,157,0.0127,233.6,88.8,61,Very Safe,Assault
Danforth (66),2014,Assault,83,194,0.4278,284.2,85.0,75,Very Safe,Assault
Danforth (66),2014,Auto Theft,12,194,0.0619,284.2,85.0,75,Very Safe,Assault
Danforth (66),2014,Break and Enter,39,194,0.201,284.2,85.0,75,Very Safe,Assault
Danforth (66),2014,NonMCI,40,194,0.2062,284.2,85.0,75,Very Safe,Assault
Danforth (66),2014,Robbery,17,194,0.0876,284.2,85.0,75,Very Safe,Assault
Danforth (66),2014,Theft Over,3,194,0.0155,284.2,85.0,75,Very Safe,Assault
Danforth East York (59),2014,Assault,65,165,0.3939,222.69,89.6,54,Very Safe,Assault
Danforth East York (59),2014,Auto Theft,7,165,0.0424,222.69,89.6,54,Very Safe,Assault
Danforth East York (59),2014,Break and Enter,31,165,0.1879,222.69,89.6,54,Very Safe,Assault
Danforth East York (59),2014,NonMCI,57,165,0.3455,222.69,89.6,54,Very Safe,Assault
Danforth East York (59),2014,Robbery,4,165,0.0242,222.69,89.6,54,Very Safe,Assault
Danforth East York (59),2014,Theft Over,1,165,0.0061,222.69,89.6,54,Very Safe,Assault
Don Valley Village (47),2014,Assault,106,387,0.2739,503.91,68.4,129,Safe,Assault
Don Valley Village (47),2014,Auto Theft,48,387,0.124,503.91,68.4,129,Safe,Assault
Don Valley Village (47),2014,Break and Enter,80,387,0.2067,503.91,68.4,129,Safe,Assault
Don Valley Village (47),2014,NonMCI,101,387,0.261,503.91,68.4,129,Safe,Assault
Don Valley Village (47),2014,Robbery,42,387,0.1085,503.91,68.4,129,Safe,Assault
Don Valley Village (47),2014,Theft Over,10,387,0.0258,503.91,68.4,129,Safe,Assault
Dorset Park (126),2014,Assault,121,376,0.3218,516.95,67.4,133,Safe,Assault
Dorset Park (126),2014,Auto Theft,46,376,0.1223,516.95,67.4,133,Safe,Assault
Dorset Park (126),2014,Break and Enter,92,376,0.2447,516.95,67.4,133,Safe,Assault
Dorset Park (126),2014,NonMCI,78,376,0.2074,516.95,67.4,133,Safe,Assault
Dorset Park (126),2014,Robbery,32,376,0.0851,516.95,67.4,133,Safe,Assault
Dorset Park (126),2014,Theft Over,7,376,0.0186,516.95,67.4,133,Safe,Assault
Dovercourt Village (172),2014,Assault,63,184,0.3424,255.3,87.1,69,Very Safe,Assault
Dovercourt Village (172),2014,Auto Theft,11,184,0.0598,255.3,87.1,69,Very Safe,Assault
Dovercourt Village (172),2014,Break and Enter,40,184,0.2174,255.3,87.1,69,Very Safe,Assault
Dovercourt Village (172),2014,NonMCI,43,184,0.2337,255.3,87.1,69,Very Safe,Assault
Dovercourt Village (172),2014,Robbery,22,184,0.1196,255.3,87.1,69,Very Safe,Assault
Dovercourt Village (172),2014,Theft Over,5,184,0.0272,255.3,87.1,69,Very Safe,Assault
Downsview (155),2014,Assault,100,253,0.3953,353.28,79.8,106,Safe,Assault
Downsview (155),2014,Auto Theft,37,253,0.1462,353.28,79.8,106,Safe,Assault
Downsview (155),2014,Break and Enter,30,253,0.1186,353.28,79.8,106,Safe,Assault
Downsview (155),2014,NonMCI,59,253,0.2332,353.28,79.8,106,Safe,Assault
Downsview (155),2014,Robbery,21,253,0.083,353.28,79.8,106,Safe,Assault
Downsview (155),2014,Theft Over,6,253,0.0237,353.28,79.8,106,Safe,Assault
Downtown Yonge East (168),2014,Assault,297,701,0.4237,1007.81,30.5,154,Risky,Assault
Downtown Yonge East (168),2014,Auto Theft,26,701,0.0371,1007.81,30.5,154,Risky,Assault
Downtown Yonge East (168),2014,Break and Enter,88,701,0.1255,1007.81,30.5,154,Risky,Assault
Downtown Yonge East (168),2014,NonMCI,186,701,0.2653,1007.81,30.5,154,Risky,Assault
Downtown Yonge East (168),2014,Robbery,81,701,0.1155,1007.81,30.5,154,Risky,Assault
Downtown Yonge East (168),2014,Theft Over,23,701,0.0328,1007.81,30.5,154,Risky,Assault
Dufferin Grove (83),2014,Assault,75,192,0.3906,274.05,85.7,73,Very Safe,Assault
Dufferin Grove (83),2014,Auto Theft,9,192,0.0469,274.05,85.7,73,Very Safe,Assault
Dufferin Grove (83),2014,Break and Enter,30,192,0.1562,274.05,85.7,73,Very Safe,Assault
Dufferin Grove (83),2014,NonMCI,45,192,0.2344,274.05,85.7,73,Very Safe,Assault
Dufferin Grove (83),2014,Robbery,24,192,0.125,274.05,85.7,73,Very Safe,Assault
Dufferin Grove (83),2014,Theft Over,9,192,0.0469,274.05,85.7,73,Very Safe,Assault
East End-Danforth (62),2014,Assault,158,374,0.4225,550.02,65.0,138,Safe,Assault
East End-Danforth (62),2014,Auto Theft,19,374,0.0508,550.02,65.0,138,Safe,Assault
East End-Danforth (62),2014,Break and Enter,81,374,0.2166,550.02,65.0,138,Safe,Assault
East End-Danforth (62),2014,NonMCI,78,374,0.2086,550.02,65.0,138,Safe,Assault
East End-Danforth (62),2014,Robbery,32,374,0.0856,550.02,65.0,138,Safe,Assault
East End-Danforth (62),2014,Theft Over,6,374,0.016,550.02,65.0,138,Safe,Assault
East L'Amoreaux (148),2014,Assault,53,167,0.3174,229.14,89.1,57,Very Safe,Assault
East L'Amoreaux (148),2014,Auto Theft,7,167,0.0419,229.14,89.1,57,Very Safe,Assault
East L'Amoreaux (148),2014,Break and Enter,35,167,0.2096,229.14,89.1,57,Very Safe,Assault
East L'Amoreaux (148),2014,NonMCI,44,167,0.2635,229.14,89.1,57,Very Safe,Assault
East L'Amoreaux (148),2014,Robbery,23,167,0.1377,229.14,89.1,57,Very Safe,Assault
East L'Amoreaux (148),2014,Theft Over,5,167,0.0299,229.14,89.1,57,Very Safe,Assault
East Willowdale (152),2014,Assault,38,155,0.2452,206.08,90.8,47,Very Safe,Break and Enter
East Willowdale (152),2014,Auto Theft,14,155,0.0903,206.08,90.8,47,Very Safe,Break and Enter
East Willowdale (152),2014,Break and Enter,67,155,0.4323,206.08,90.8,47,Very Safe,Break and Enter
East Willowdale (152),2014,NonMCI,27,155,0.1742,206.08,90.8,47,Very Safe,Break and Enter
East Willowdale (152),2014,Robbery,7,155,0.0452,206.08,90.8,47,Very Safe,Break and Enter
East Willowdale (152),2014,Theft Over,2,155,0.0129,206.08,90.8,47,Very Safe,Break and Enter
Edenbridge-Humber Valley (9),2014,Assault,27,187,0.1444,202.93,91.1,45,Very Safe,NonMCI
Edenbridge-Humber Valley (9),2014,Auto Theft,28,187,0.1497,202.93,91.1,45,Very Safe,NonMCI
Edenbridge-Humber Valley (9),2014,Break and Enter,43,187,0.2299,202.93,91.1,45,Very Safe,NonMCI
Edenbridge-Humber Valley (9),2014,NonMCI,80,187,0.4278,202.93,91.1,45,Very Safe,NonMCI
Edenbridge-Humber Valley (9),2014,Robbery,6,187,0.0321,202.93,91.1,45,Very Safe,NonMCI
Edenbridge-Humber Valley (9),2014,Theft Over,3,187,0.016,202.93,91.1,45,Very Safe,NonMCI
Eglinton East (138),2014,Assault,173,323,0.5356,530.49,66.4,137,Safe,Assault
Eglinton East (138),2014,Auto Theft,19,323,0.0588,530.49,66.4,137,Safe,Assault
Eglinton East (138),2014,Break and Enter,40,323,0.1238,530.49,66.4,137,Safe,Assault
Eglinton East (138),2014,NonMCI,28,323,0.0867,530.49,66.4,137,Safe,Assault
Eglinton East (138),2014,Robbery,55,323,0.1703,530.49,66.4,137,Safe,Assault
Eglinton East (138),2014,Theft Over,8,323,0.0248,530.49,66.4,137,Safe,Assault
Elms-Old Rexdale (5),2014,Assault,40,101,0.396,141.57,95.7,13,Very Safe,Assault
Elms-Old Rexdale (5),2014,Auto Theft,7,101,0.0693,141.57,95.7,13,Very Safe,Assault
Elms-Old Rexdale (5),2014,Break and Enter,9,101,0.0891,141.57,95.7,13,Very Safe,Assault
Elms-Old Rexdale (5),2014,NonMCI,31,101,0.3069,141.57,95.7,13,Very Safe,Assault
Elms-Old Rexdale (5),2014,Robbery,12,101,0.1188,141.57,95.7,13,Very Safe,Assault
Elms-Old Rexdale (5),2014,Theft Over,2,101,0.0198,141.57,95.7,13,Very Safe,Assault
Englemount-Lawrence (32),2014,Assault,77,209,0.3684,303.05,83.5,90,Very Safe,Assault
Englemount-Lawrence (32),2014,Auto Theft,30,209,0.1435,303.05,83.5,90,Very Safe,Assault
Englemount-Lawrence (32),2014,Break and Enter,43,209,0.2057,303.05,83.5,90,Very Safe,Assault
Englemount-Lawrence (32),2014,NonMCI,30,209,0.1435,303.05,83.5,90,Very Safe,Assault
Englemount-Lawrence (32),2014,Robbery,26,209,0.1244,303.05,83.5,90,Very Safe,Assault
Englemount-Lawrence (32),2014,Theft Over,3,209,0.0144,303.05,83.5,90,Very Safe,Assault
Eringate-Centennial-West Deane (11),2014,Assault,51,204,0.25,250.89,87.5,66,Very Safe,NonMCI
Eringate-Centennial-West Deane (11),2014,Auto Theft,27,204,0.1324,250.89,87.5,66,Very Safe,NonMCI
Eringate-Centennial-West Deane (11),2014,Break and Enter,39,204,0.1912,250.89,87.5,66,Very Safe,NonMCI
Eringate-Centennial-West Deane (11),2014,NonMCI,69,204,0.3382,250.89,87.5,66,Very Safe,NonMCI
Eringate-Centennial-West Deane (11),2014,Robbery,11,204,0.0539,250.89,87.5,66,Very Safe,NonMCI
Eringate-Centennial-West Deane (11),2014,Theft Over,7,204,0.0343,250.89,87.5,66,Very Safe,NonMCI
Etobicoke City Centre (159),2014,Assault,132,439,0.3007,554.6,64.6,140,Safe,Assault
Etobicoke City Centre (159),2014,Auto Theft,66,439,0.1503,554.6,64.6,140,Safe,Assault
Etobicoke City Centre (159),2014,Break and Enter,57,439,0.1298,554.6,64.6,140,Safe,Assault
Etobicoke City Centre (159),2014,NonMCI,130,439,0.2961,554.6,64.6,140,Safe,Assault
Etobicoke City Centre (159),2014,Robbery,18,439,0.041,554.6,64.6,140,Safe,Assault
Etobicoke City Centre (159),2014,Theft Over,36,439,0.082,554.6,64.6,140,Safe,Assault
Etobicoke West Mall (13),2014,Assault,42,115,0.3652,165.79,93.9,23,Very Safe,Assault
Etobicoke West Mall (13),2014,Auto Theft,11,115,0.0957,165.79,93.9,23,Very Safe,Assault
Etobicoke West Mall (13),2014,Break and Enter,27,115,0.2348,165.79,93.9,23,Very Safe,Assault
Etobicoke West Mall (13),2014,NonMCI,24,115,0.2087,165.79,93.9,23,Very Safe,Assault
Etobicoke West Mall (13),2014,Robbery,11,115,0.0957,165.79,93.9,23,Very Safe,Assault
Etobicoke West Mall (13),2014,Theft Over,0,115,0.0,165.79,93.9,23,Very Safe,Assault
Fenside-Parkwoods (150),2014,Assault,86,214,0.4019,299.39,83.8,86,Very Safe,Assault
Fenside-Parkwoods (150),2014,Auto Theft,21,214,0.0981,299.39,83.8,86,Very Safe,Assault
Fenside-Parkwoods (150),2014,Break and Enter,45,214,0.2103,299.39,83.8,86,Very Safe,Assault
Fenside-Parkwoods (150),2014,NonMCI,52,214,0.243,299.39,83.8,86,Very Safe,Assault
Fenside-Parkwoods (150),2014,Robbery,5,214,0.0234,299.39,83.8,86,Very Safe,Assault
Fenside-Parkwoods (150),2014,Theft Over,5,214,0.0234,299.39,83.8,86,Very Safe,Assault
Flemingdon Park (44),2014,Assault,119,325,0.3662,436.13,73.5,120,Safe,Assault
Flemingdon Park (44),2014,Auto Theft,10,325,0.0308,436.13,73.5,120,Safe,Assault
Flemingdon Park (44),2014,Break and Enter,50,325,0.1538,436.13,73.5,120,Safe,Assault
Flemingdon Park (44),2014,NonMCI,111,325,0.3415,436.13,73.5,120,Safe,Assault
Flemingdon Park (44),2014,Robbery,25,325,0.0769,436.13,73.5,120,Safe,Assault
Flemingdon Park (44),2014,Theft Over,10,325,0.0308,436.13,73.5,120,Safe,Assault
Forest Hill North (102),2014,Assault,32,128,0.25,165.71,93.9,23,Very Safe,Break and Enter
Forest Hill North (102),2014,Auto Theft,12,128,0.0938,165.71,93.9,23,Very Safe,Break and Enter
Forest Hill North (102),2014,Break and Enter,39,128,0.3047,165.71,93.9,23,Very Safe,Break and Enter
Forest Hill North (102),2014,NonMCI,34,128,0.2656,165.71,93.9,23,Very Safe,Break and Enter
Forest Hill North (102),2014,Robbery,8,128,0.0625,165.71,93.9,23,Very Safe,Break and Enter
Forest Hill North (102),2014,Theft Over,3,128,0.0234,165.71,93.9,23,Very Safe,Break and Enter
Forest Hill South (101),2014,Assault,21,103,0.2039,130.98,96.5,8,Very Safe,Break and Enter
Forest Hill South (101),2014,Auto Theft,5,103,0.0485,130.98,96.5,8,Very Safe,Break and Enter
Forest Hill South (101),2014,Break and Enter,47,103,0.4563,130.98,96.5,8,Very Safe,Break and Enter
Forest Hill South (101),2014,NonMCI,23,103,0.2233,130.98,96.5,8,Very Safe,Break and Enter
Forest Hill South (101),2014,Robbery,2,103,0.0194,130.98,96.5,8,Very Safe,Break and Enter
Forest Hill South (101),2014,Theft Over,5,103,0.0485,130.98,96.5,8,Very Safe,Break and Enter
Fort York-Liberty Village (163),2014,Assault,87,187,0.4652,271.6,85.9,70,Very Safe,Assault
Fort York-Liberty Village (163),2014,Auto Theft,14,187,0.0749,271.6,85.9,70,Very Safe,Assault
Fort York-Liberty Village (163),2014,Break and Enter,30,187,0.1604,271.6,85.9,70,Very Safe,Assault
Fort York-Liberty Village (163),2014,NonMCI,38,187,0.2032,271.6,85.9,70,Very Safe,Assault
Fort York-Liberty Village (163),2014,Robbery,6,187,0.0321,271.6,85.9,70,Very Safe,Assault
Fort York-Liberty Village (163),2014,Theft Over,12,187,0.0642,271.6,85.9,70,Very Safe,Assault
Glenfield-Jane Heights (25),2014,Assault,261,456,0.5724,717.98,52.3,147,Moderate,Assault
Glenfield-Jane Heights (25),2014,Auto Theft,41,456,0.0899,717.98,52.3,147,Moderate,Assault
Glenfield-Jane Heights (25),2014,Break and Enter,36,456,0.0789,717.98,52.3,147,Moderate,Assault
Glenfield-Jane Heights (25),2014,NonMCI,77,456,0.1689,717.98,52.3,147,Moderate,Assault
Glenfield-Jane Heights (25),2014,Robbery,35,456,0.0768,717.98,52.3,147,Moderate,Assault
Glenfield-Jane Heights (25),2014,Theft Over,6,456,0.0132,717.98,52.3,147,Moderate,Assault
Golfdale-Cedarbrae-Woburn (141),2014,Assault,178,323,0.5511,524.3,66.9,135,Safe,Assault
Golfdale-Cedarbrae-Woburn (141),2014,Auto Theft,17,323,0.0526,524.3,66.9,135,Safe,Assault
Golfdale-Cedarbrae-Woburn (141),2014,Break and Enter,54,323,0.1672,524.3,66.9,135,Safe,Assault
Golfdale-Cedarbrae-Woburn (141),2014,NonMCI,36,323,0.1115,524.3,66.9,135,Safe,Assault
Golfdale-Cedarbrae-Woburn (141),2014,Robbery,35,323,0.1084,524.3,66.9,135,Safe,Assault
Golfdale-Cedarbrae-Woburn (141),2014,Theft Over,3,323,0.0093,524.3,66.9,135,Safe,Assault
Greenwood-Coxwell (65),2014,Assault,113,245,0.4612,363.19,79.0,109,Safe,Assault
Greenwood-Coxwell (65),2014,Auto Theft,15,245,0.0612,363.19,79.0,109,Safe,Assault
Greenwood-Coxwell (65),2014,Break and Enter,48,245,0.1959,363.19,79.0,109,Safe,Assault
Greenwood-Coxwell (65),2014,NonMCI,50,245,0.2041,363.19,79.0,109,Safe,Assault
Greenwood-Coxwell (65),2014,Robbery,15,245,0.0612,363.19,79.0,109,Safe,Assault
Greenwood-Coxwell (65),2014,Theft Over,4,245,0.0163,363.19,79.0,109,Safe,Assault
Guildwood (140),2014,Assault,45,94,0.4787,141.73,95.7,13,Very Safe,Assault
Guildwood (140),2014,Auto Theft,2,94,0.0213,141.73,95.7,13,Very Safe,Assault
Guildwood (140),2014,Break and Enter,13,94,0.1383,141.73,95.7,13,Very Safe,Assault
Guildwood (140),2014,NonMCI,23,94,0.2447,141.73,95.7,13,Very Safe,Assault
Guildwood (140),2014,Robbery,10,94,0.1064,141.73,95.7,13,Very Safe,Assault
Guildwood (140),2014,Theft Over,1,94,0.0106,141.73,95.7,13,Very Safe,Assault
Harbourfront-CityPlace (165),2014,Assault,102,251,0.4064,335.1,81.1,103,Very Safe,Assault
Harbourfront-CityPlace (165),2014,Auto Theft,20,251,0.0797,335.1,81.1,103,Very Safe,Assault
Harbourfront-CityPlace (165),2014,Break and Enter,27,251,0.1076,335.1,81.1,103,Very Safe,Assault
Harbourfront-CityPlace (165),2014,NonMCI,81,251,0.3227,335.1,81.1,103,Very Safe,Assault
Harbourfront-CityPlace (165),2014,Robbery,8,251,0.0319,335.1,81.1,103,Very Safe,Assault
Harbourfront-CityPlace (165),2014,Theft Over,13,251,0.0518,335.1,81.1,103,Very Safe,Assault
Henry Farm (53),2014,Assault,52,138,0.3768,194.3,91.7,40,Very Safe,Assault
Henry Farm (53),2014,Auto Theft,15,138,0.1087,194.3,91.7,40,Very Safe,Assault
Henry Farm (53),2014,Break and Enter,38,138,0.2754,194.3,91.7,40,Very Safe,Assault
Henry Farm (53),2014,NonMCI,28,138,0.2029,194.3,91.7,40,Very Safe,Assault
Henry Farm (53),2014,Robbery,2,138,0.0145,194.3,91.7,40,Very Safe,Assault
Henry Farm (53),2014,Theft Over,3,138,0.0217,194.3,91.7,40,Very Safe,Assault
High Park North (88),2014,Assault,81,168,0.4821,248.23,87.7,65,Very Safe,Assault
High Park North (88),2014,Auto Theft,14,168,0.0833,248.23,87.7,65,Very Safe,Assault
High Park North (88),2014,Break and Enter,17,168,0.1012,248.23,87.7,65,Very Safe,Assault
High Park North (88),2014,NonMCI,36,168,0.2143,248.23,87.7,65,Very Safe,Assault
High Park North (88),2014,Robbery,13,168,0.0774,248.23,87.7,65,Very Safe,Assault
High Park North (88),2014,Theft Over,7,168,0.0417,248.23,87.7,65,Very Safe,Assault
High Park-Swansea (87),2014,Assault,75,209,0.3589,289.47,84.6,79,Very Safe,Assault
High Park-Swansea (87),2014,Auto Theft,18,209,0.0861,289.47,84.6,79,Very Safe,Assault
High Park-Swansea (87),2014,Break and Enter,44,209,0.2105,289.47,84.6,79,Very Safe,Assault
High Park-Swansea (87),2014,NonMCI,50,209,0.2392,289.47,84.6,79,Very Safe,Assault
High Park-Swansea (87),2014,Robbery,15,209,0.0718,289.47,84.6,79,Very Safe,Assault
High Park-Swansea (87),2014,Theft Over,7,209,0.0335,289.47,84.6,79,Very Safe,Assault
Highland Creek (134),2014,Assault,51,149,0.3423,209.17,90.6,49,Very Safe,Assault
Highland Creek (134),2014,Auto Theft,24,149,0.1611,209.17,90.6,49,Very Safe,Assault
Highland Creek (134),2014,Break and Enter,27,149,0.1812,209.17,90.6,49,Very Safe,Assault
Highland Creek (134),2014,NonMCI,27,149,0.1812,209.17,90.6,49,Very Safe,Assault
Highland Creek (134),2014,Robbery,16,149,0.1074,209.17,90.6,49,Very Safe,Assault
Highland Creek (134),2014,Theft Over,4,149,0.0268,209.17,90.6,49,Very Safe,Assault
Hillcrest Village (48),2014,Assault,67,162,0.4136,243.22,88.0,64,Very Safe,Assault
Hillcrest Village (48),2014,Auto Theft,12,162,0.0741,243.22,88.0,64,Very Safe,Assault
Hillcrest Village (48),2014,Break and Enter,35,162,0.216,243.22,88.0,64,Very Safe,Assault
Hillcrest Village (48),2014,NonMCI,22,162,0.1358,243.22,88.0,64,Very Safe,Assault
Hillcrest Village (48),2014,Robbery,20,162,0.1235,243.22,88.0,64,Very Safe,Assault
Hillcrest Village (48),2014,Theft Over,6,162,0.037,243.22,88.0,64,Very Safe,Assault
Humber Bay Shores (161),2014,Assault,57,129,0.4419,173.19,93.3,31,Very Safe,Assault
Humber Bay Shores (161),2014,Auto Theft,6,129,0.0465,173.19,93.3,31,Very Safe,Assault
Humber Bay Shores (161),2014,Break and Enter,12,129,0.093,173.19,93.3,31,Very Safe,Assault
Humber Bay Shores (161),2014,NonMCI,47,129,0.3643,173.19,93.3,31,Very Safe,Assault
Humber Bay Shores (161),2014,Robbery,1,129,0.0078,173.19,93.3,31,Very Safe,Assault
Humber Bay Shores (161),2014,Theft Over,6,129,0.0465,173.19,93.3,31,Very Safe,Assault
Humber Heights-Westmount (8),2014,Assault,23,151,0.1523,162.89,94.1,22,Very Safe,NonMCI
Humber Heights-Westmount (8),2014,Auto Theft,27,151,0.1788,162.89,94.1,22,Very Safe,NonMCI
Humber Heights-Westmount (8),2014,Break and Enter,19,151,0.1258,162.89,94.1,22,Very Safe,NonMCI
Humber Heights-Westmount (8),2014,NonMCI,70,151,0.4636,162.89,94.1,22,Very Safe,NonMCI
Humber Heights-Westmount (8),2014,Robbery,11,151,0.0728,162.89,94.1,22,Very Safe,NonMCI
Humber Heights-Westmount (8),2014,Theft Over,1,151,0.0066,162.89,94.1,22,Very Safe,NonMCI
Humber Summit (21),2014,Assault,88,308,0.2857,399.94,76.3,115,Safe,Assault
Humber Summit (21),2014,Auto Theft,61,308,0.1981,399.94,76.3,115,Safe,Assault
Humber Summit (21),2014,Break and Enter,54,308,0.1753,399.94,76.3,115,Safe,Assault
Humber Summit (21),2014,NonMCI,70,308,0.2273,399.94,76.3,115,Safe,Assault
Humber Summit (21),2014,Robbery,20,308,0.0649,399.94,76.3,115,Safe,Assault
Humber Summit (21),2014,Theft Over,15,308,0.0487,399.94,76.3,115,Safe,Assault
Humbermede (22),2014,Assault,92,217,0.424,318.89,82.4,96,Very Safe,Assault
Humbermede (22),2014,Auto Theft,36,217,0.1659,318.89,82.4,96,Very Safe,Assault
Humbermede (22),2014,Break and Enter,34,217,0.1567,318.89,82.4,96,Very Safe,Assault
Humbermede (22),2014,NonMCI,34,217,0.1567,318.89,82.4,96,Very Safe,Assault
Humbermede (22),2014,Robbery,20,217,0.0922,318.89,82.4,96,Very Safe,Assault
Humbermede (22),2014,Theft Over,1,217,0.0046,318.89,82.4,96,Very Safe,Assault
Humewood-Cedarvale (106),2014,Assault,36,168,0.2143,185.75,92.4,35,Very Safe,NonMCI
Humewood-Cedarvale (106),2014,Auto Theft,12,168,0.0714,185.75,92.4,35,Very Safe,NonMCI
Humewood-Cedarvale (106),2014,Break and Enter,30,168,0.1786,185.75,92.4,35,Very Safe,NonMCI
Humewood-Cedarvale (106),2014,NonMCI,83,168,0.494,185.75,92.4,35,Very Safe,NonMCI
Humewood-Cedarvale (106),2014,Robbery,4,168,0.0238,185.75,92.4,35,Very Safe,NonMCI
Humewood-Cedarvale (106),2014,Theft Over,3,168,0.0179,185.75,92.4,35,Very Safe,NonMCI
Ionview (125),2014,Assault,92,163,0.5644,272.31,85.9,70,Very Safe,Assault
Ionview (125),2014,Auto Theft,5,163,0.0307,272.31,85.9,70,Very Safe,Assault
Ionview (125),2014,Break and Enter,32,163,0.1963,272.31,85.9,70,Very Safe,Assault
Ionview (125),2014,NonMCI,12,163,0.0736,272.31,85.9,70,Very Safe,Assault
Ionview (125),2014,Robbery,21,163,0.1288,272.31,85.9,70,Very Safe,Assault
Ionview (125),2014,Theft Over,1,163,0.0061,272.31,85.9,70,Very Safe,Assault
Islington (158),2014,Assault,80,253,0.3162,330.03,81.5,101,Very Safe,Assault
Islington (158),2014,Auto Theft,26,253,0.1028,330.03,81.5,101,Very Safe,Assault
Islington (158),2014,Break and Enter,54,253,0.2134,330.03,81.5,101,Very Safe,Assault
Islington (158),2014,NonMCI,76,253,0.3004,330.03,81.5,101,Very Safe,Assault
Islington (158),2014,Robbery,15,253,0.0593,330.03,81.5,101,Very Safe,Assault
Islington (158),2014,Theft Over,2,253,0.0079,330.03,81.5,101,Very Safe,Assault
Junction Area (90),2014,Assault,89,200,0.445,295.53,84.1,83,Very Safe,Assault
Junction Area (90),2014,Auto Theft,23,200,0.115,295.53,84.1,83,Very Safe,Assault
Junction Area (90),2014,Break and Enter,36,200,0.18,295.53,84.1,83,Very Safe,Assault
Junction Area (90),2014,NonMCI,34,200,0.17,295.53,84.1,83,Very Safe,Assault
Junction Area (90),2014,Robbery,12,200,0.06,295.53,84.1,83,Very Safe,Assault
Junction Area (90),2014,Theft Over,6,200,0.03,295.53,84.1,83,Very Safe,Assault
Junction-Wallace Emerson (171),2014,Assault,152,311,0.4887,459.64,71.8,125,Safe,Assault
Junction-Wallace Emerson (171),2014,Auto Theft,23,311,0.074,459.64,71.8,125,Safe,Assault
Junction-Wallace Emerson (171),2014,Break and Enter,36,311,0.1158,459.64,71.8,125,Safe,Assault
Junction-Wallace Emerson (171),2014,NonMCI,73,311,0.2347,459.64,71.8,125,Safe,Assault
Junction-Wallace Emerson (171),2014,Robbery,22,311,0.0707,459.64,71.8,125,Safe,Assault
Junction-Wallace Emerson (171),2014,Theft Over,5,311,0.0161,459.64,71.8,125,Safe,Assault
Keelesdale-Eglinton West (110),2014,Assault,63,149,0.4228,228.2,89.2,56,Very Safe,Assault
Keelesdale-Eglinton West (110),2014,Auto Theft,19,149,0.1275,228.2,89.2,56,Very Safe,Assault
Keelesdale-Eglinton West (110),2014,Break and Enter,23,149,0.1544,228.2,89.2,56,Very Safe,Assault
Keelesdale-Eglinton West (110),2014,NonMCI,17,149,0.1141,228.2,89.2,56,Very Safe,Assault
Keelesdale-Eglinton West (110),2014,Robbery,26,149,0.1745,228.2,89.2,56,Very Safe,Assault
Keelesdale-Eglinton West (110),2014,Theft Over,1,149,0.0067,228.2,89.2,56,Very Safe,Assault
Kennedy Park (124),2014,Assault,196,371,0.5283,612.1,60.3,142,Safe,Assault
Kennedy Park (124),2014,Auto Theft,25,371,0.0674,612.1,60.3,142,Safe,Assault
Kennedy Park (124),2014,Break and Enter,48,371,0.1294,612.1,60.3,142,Safe,Assault
Kennedy Park (124),2014,NonMCI,31,371,0.0836,612.1,60.3,142,Safe,Assault
Kennedy Park (124),2014,Robbery,65,371,0.1752,612.1,60.3,142,Safe,Assault
Kennedy Park (124),2014,Theft Over,6,371,0.0162,612.1,60.3,142,Safe,Assault
Kensington-Chinatown (78),2014,Assault,312,1072,0.291,1270.43,10.7,157,Very Risky,NonMCI
Kensington-Chinatown (78),2014,Auto Theft,27,1072,0.0252,1270.43,10.7,157,Very Risky,NonMCI
Kensington-Chinatown (78),2014,Break and Enter,103,1072,0.0961,1270.43,10.7,157,Very Risky,NonMCI
Kensington-Chinatown (78),2014,NonMCI,544,1072,0.5075,1270.43,10.7,157,Very Risky,NonMCI
Kensington-Chinatown (78),2014,Robbery,68,1072,0.0634,1270.43,10.7,157,Very Risky,NonMCI
Kensington-Chinatown (78),2014,Theft Over,18,1072,0.0168,1270.43,10.7,157,Very Risky,NonMCI
Kingsview Village-The Westway (6),2014,Assault,87,304,0.2862,370.53,78.5,112,Safe,NonMCI
Kingsview Village-The Westway (6),2014,Auto Theft,55,304,0.1809,370.53,78.5,112,Safe,NonMCI
Kingsview Village-The Westway (6),2014,Break and Enter,36,304,0.1184,370.53,78.5,112,Safe,NonMCI
Kingsview Village-The Westway (6),2014,NonMCI,108,304,0.3553,370.53,78.5,112,Safe,NonMCI
Kingsview Village-The Westway (6),2014,Robbery,14,304,0.0461,370.53,78.5,112,Safe,NonMCI
Kingsview Village-The Westway (6),2014,Theft Over,4,304,0.0132,370.53,78.5,112,Safe,NonMCI
Kingsway South (15),2014,Assault,25,103,0.2427,132.32,96.4,10,Very Safe,Assault
Kingsway South (15),2014,Auto Theft,16,103,0.1553,132.32,96.4,10,Very Safe,Assault
Kingsway South (15),2014,Break and Enter,24,103,0.233,132.32,96.4,10,Very Safe,Assault
Kingsway South (15),2014,NonMCI,24,103,0.233,132.32,96.4,10,Very Safe,Assault
Kingsway South (15),2014,Robbery,11,103,0.1068,132.32,96.4,10,Very Safe,Assault
Kingsway South (15),2014,Theft Over,3,103,0.0291,132.32,96.4,10,Very Safe,Assault
L'Amoreaux West (147),2014,Assault,58,163,0.3558,233.5,88.8,61,Very Safe,Assault
L'Amoreaux West (147),2014,Auto Theft,11,163,0.0675,233.5,88.8,61,Very Safe,Assault
L'Amoreaux West (147),2014,Break and Enter,33,163,0.2025,233.5,88.8,61,Very Safe,Assault
L'Amoreaux West (147),2014,NonMCI,36,163,0.2209,233.5,88.8,61,Very Safe,Assault
L'Amoreaux West (147),2014,Robbery,24,163,0.1472,233.5,88.8,61,Very Safe,Assault
L'Amoreaux West (147),2014,Theft Over,1,163,0.0061,233.5,88.8,61,Very Safe,Assault
Lambton Baby Point (114),2014,Assault,30,77,0.3896,104.22,98.5,4,Very Safe,Assault
Lambton Baby Point (114),2014,Auto Theft,6,77,0.0779,104.22,98.5,4,Very Safe,Assault
Lambton Baby Point (114),2014,Break and Enter,17,77,0.2208,104.22,98.5,4,Very Safe,Assault
Lambton Baby Point (114),2014,NonMCI,23,77,0.2987,104.22,98.5,4,Very Safe,Assault
Lambton Baby Point (114),2014,Robbery,1,77,0.013,104.22,98.5,4,Very Safe,Assault
Lambton Baby Point (114),2014,Theft Over,0,77,0.0,104.22,98.5,4,Very Safe,Assault
Lansing-Westgate (38),2014,Assault,35,123,0.2846,166.0,93.9,23,Very Safe,Assault
Lansing-Westgate (38),2014,Auto Theft,18,123,0.1463,166.0,93.9,23,Very Safe,Assault
Lansing-Westgate (38),2014,Break and Enter,34,123,0.2764,166.0,93.9,23,Very Safe,Assault
Lansing-Westgate (38),2014,NonMCI,22,123,0.1789,166.0,93.9,23,Very Safe,Assault
Lansing-Westgate (38),2014,Robbery,9,123,0.0732,166.0,93.9,23,Very Safe,Assault
Lansing-Westgate (38),2014,Theft Over,5,123,0.0407,166.0,93.9,23,Very Safe,Assault
Lawrence Park North (105),2014,Assault,26,148,0.1757,161.5,94.2,20,Very Safe,NonMCI
Lawrence Park North (105),2014,Auto Theft,22,148,0.1486,161.5,94.2,20,Very Safe,NonMCI
Lawrence Park North (105),2014,Break and Enter,34,148,0.2297,161.5,94.2,20,Very Safe,NonMCI
Lawrence Park North (105),2014,NonMCI,62,148,0.4189,161.5,94.2,20,Very Safe,NonMCI
Lawrence Park North (105),2014,Robbery,0,148,0.0,161.5,94.2,20,Very Safe,NonMCI
Lawrence Park North (105),2014,Theft Over,4,148,0.027,161.5,94.2,20,Very Safe,NonMCI
Lawrence Park South (103),2014,Assault,14,152,0.0921,169.82,93.6,29,Very Safe,Break and Enter
Lawrence Park South (103),2014,Auto Theft,14,152,0.0921,169.82,93.6,29,Very Safe,Break and Enter
Lawrence Park South (103),2014,Break and Enter,68,152,0.4474,169.82,93.6,29,Very Safe,Break and Enter
Lawrence Park South (103),2014,NonMCI,48,152,0.3158,169.82,93.6,29,Very Safe,Break and Enter
Lawrence Park South (103),2014,Robbery,3,152,0.0197,169.82,93.6,29,Very Safe,Break and Enter
Lawrence Park South (103),2014,Theft Over,5,152,0.0329,169.82,93.6,29,Very Safe,Break and Enter
Leaside-Bennington (56),2014,Assault,31,164,0.189,185.67,92.4,35,Very Safe,NonMCI
Leaside-Bennington (56),2014,Auto Theft,12,164,0.0732,185.67,92.4,35,Very Safe,NonMCI
Leaside-Bennington (56),2014,Break and Enter,39,164,0.2378,185.67,92.4,35,Very Safe,NonMCI
Leaside-Bennington (56),2014,NonMCI,67,164,0.4085,185.67,92.4,35,Very Safe,NonMCI
Leaside-Bennington (56),2014,Robbery,6,164,0.0366,185.67,92.4,35,Very Safe,NonMCI
Leaside-Bennington (56),2014,Theft Over,9,164,0.0549,185.67,92.4,35,Very Safe,NonMCI
Little Portugal (84),2014,Assault,76,167,0.4551,251.13,87.5,66,Very Safe,Assault
Little Portugal (84),2014,Auto Theft,15,167,0.0898,251.13,87.5,66,Very Safe,Assault
Little Portugal (84),2014,Break and Enter,41,167,0.2455,251.13,87.5,66,Very Safe,Assault
Little Portugal (84),2014,NonMCI,23,167,0.1377,251.13,87.5,66,Very Safe,Assault
Little Portugal (84),2014,Robbery,7,167,0.0419,251.13,87.5,66,Very Safe,Assault
Little Portugal (84),2014,Theft Over,5,167,0.0299,251.13,87.5,66,Very Safe,Assault
Long Branch (19),2014,Assault,62,154,0.4026,214.62,90.2,51,Very Safe,Assault
Long Branch (19),2014,Auto Theft,10,154,0.0649,214.62,90.2,51,Very Safe,Assault
Long Branch (19),2014,Break and Enter,24,154,0.1558,214.62,90.2,51,Very Safe,Assault
Long Branch (19),2014,NonMCI,45,154,0.2922,214.62,90.2,51,Very Safe,Assault
Long Branch (19),2014,Robbery,12,154,0.0779,214.62,90.2,51,Very Safe,Assault
Long Branch (19),2014,Theft Over,1,154,0.0065,214.62,90.2,51,Very Safe,Assault
Malvern East (146),2014,Assault,123,223,0.5516,355.61,79.6,107,Safe,Assault
Malvern East (146),2014,Auto Theft,16,223,0.0717,355.61,79.6,107,Safe,Assault
Malvern East (146),2014,Break and Enter,29,223,0.13,355.61,79.6,107,Safe,Assault
Malvern East (146),2014,NonMCI,28,223,0.1256,355.61,79.6,107,Safe,Assault
Malvern East (146),2014,Robbery,21,223,0.0942,355.61,79.6,107,Safe,Assault
Malvern East (146),2014,Theft Over,6,223,0.0269,355.61,79.6,107,Safe,Assault
Malvern West (145),2014,Assault,66,163,0.4049,232.55,88.9,59,Very Safe,Assault
Malvern West (145),2014,Auto Theft,7,163,0.0429,232.55,88.9,59,Very Safe,Assault
Malvern West (145),2014,Break and Enter,34,163,0.2086,232.55,88.9,59,Very Safe,Assault
Malvern West (145),2014,NonMCI,39,163,0.2393,232.55,88.9,59,Very Safe,Assault
Malvern West (145),2014,Robbery,12,163,0.0736,232.55,88.9,59,Very Safe,Assault
Malvern West (145),2014,Theft Over,5,163,0.0307,232.55,88.9,59,Very Safe,Assault
Maple Leaf (29),2014,Assault,21,60,0.35,84.5,100.0,1,Very Safe,Assault
Maple Leaf (29),2014,Auto Theft,7,60,0.1167,84.5,100.0,1,Very Safe,Assault
Maple Leaf (29),2014,Break and Enter,14,60,0.2333,84.5,100.0,1,Very Safe,Assault
Maple Leaf (29),2014,NonMCI,12,60,0.2,84.5,100.0,1,Very Safe,Assault
Maple Leaf (29),2014,Robbery,6,60,0.1,84.5,100.0,1,Very Safe,Assault
Maple Leaf (29),2014,Theft Over,0,60,0.0,84.5,100.0,1,Very Safe,Assault
Markland Wood (12),2014,Assault,20,146,0.137,168.65,93.7,28,Very Safe,NonMCI
Markland Wood (12),2014,Auto Theft,8,146,0.0548,168.65,93.7,28,Very Safe,NonMCI
Markland Wood (12),2014,Break and Enter,51,146,0.3493,168.65,93.7,28,Very Safe,NonMCI
Markland Wood (12),2014,NonMCI,55,146,0.3767,168.65,93.7,28,Very Safe,NonMCI
Markland Wood (12),2014,Robbery,9,146,0.0616,168.65,93.7,28,Very Safe,NonMCI
Markland Wood (12),2014,Theft Over,3,146,0.0205,168.65,93.7,28,Very Safe,NonMCI
Milliken (130),2014,Assault,68,298,0.2282,385.34,77.3,114,Safe,Break and Enter
Milliken (130),2014,Auto Theft,33,298,0.1107,385.34,77.3,114,Safe,Break and Enter
Milliken (130),2014,Break and Enter,102,298,0.3423,385.34,77.3,114,Safe,Break and Enter
Milliken (130),2014,NonMCI,59,298,0.198,385.34,77.3,114,Safe,Break and Enter
Milliken (130),2014,Robbery,20,298,0.0671,385.34,77.3,114,Safe,Break and Enter
Milliken (130),2014,Theft Over,16,298,0.0537,385.34,77.3,114,Safe,Break and Enter
Mimico-Queensway (160),2014,Assault,125,280,0.4464,400.02,76.2,116,Safe,Assault
Mimico-Queensway (160),2014,Auto Theft,30,280,0.1071,400.02,76.2,116,Safe,Assault
Mimico-Queensway (160),2014,Break and Enter,43,280,0.1536,400.02,76.2,116,Safe,Assault
Mimico-Queensway (160),2014,NonMCI,69,280,0.2464,400.02,76.2,116,Safe,Assault
Mimico-Queensway (160),2014,Robbery,9,280,0.0321,400.02,76.2,116,Safe,Assault
Mimico-Queensway (160),2014,Theft Over,4,280,0.0143,400.02,76.2,116,Safe,Assault
Morningside (135),2014,Assault,115,204,0.5637,325.12,81.9,98,Very Safe,Assault
Morningside (135),2014,Auto Theft,20,204,0.098,325.12,81.9,98,Very Safe,Assault
Morningside (135),2014,Break and Enter,31,204,0.152,325.12,81.9,98,Very Safe,Assault
Morningside (135),2014,NonMCI,24,204,0.1176,325.12,81.9,98,Very Safe,Assault
Morningside (135),2014,Robbery,14,204,0.0686,325.12,81.9,98,Very Safe,Assault
Morningside (135),2014,Theft Over,0,204,0.0,325.12,81.9,98,Very Safe,Assault
Morningside Heights (144),2014,Assault,83,211,0.3934,298.95,83.9,85,Very Safe,Assault
Morningside Heights (144),2014,Auto Theft,29,211,0.1374,298.95,83.9,85,Very Safe,Assault
Morningside Heights (144),2014,Break and Enter,39,211,0.1848,298.95,83.9,85,Very Safe,Assault
Morningside Heights (144),2014,NonMCI,38,211,0.1801,298.95,83.9,85,Very Safe,Assault
Morningside Heights (144),2014,Robbery,15,211,0.0711,298.95,83.9,85,Very Safe,Assault
Morningside Heights (144),2014,Theft Over,7,211,0.0332,298.95,83.9,85,Very Safe,Assault
Moss Park (73),2014,Assault,329,800,0.4112,1185.91,17.1,156,Very Risky,Assault
Moss Park (73),2014,Auto Theft,25,800,0.0312,1185.91,17.1,156,Very Risky,Assault
Moss Park (73),2014,Break and Enter,152,800,0.19,1185.91,17.1,156,Very Risky,Assault
Moss Park (73),2014,NonMCI,175,800,0.2188,1185.91,17.1,156,Very Risky,Assault
Moss Park (73),2014,Robbery,111,800,0.1388,1185.91,17.1,156,Very Risky,Assault
Moss Park (73),2014,Theft Over,8,800,0.01,1185.91,17.1,156,Very Risky,Assault
Mount Dennis (115),2014,Assault,89,182,0.489,285.44,84.9,76,Very Safe,Assault
Mount Dennis (115),2014,Auto Theft,28,182,0.1538,285.44,84.9,76,Very Safe,Assault
Mount Dennis (115),2014,Break and Enter,18,182,0.0989,285.44,84.9,76,Very Safe,Assault
Mount Dennis (115),2014,NonMCI,20,182,0.1099,285.44,84.9,76,Very Safe,Assault
Mount Dennis (115),2014,Robbery,25,182,0.1374,285.44,84.9,76,Very Safe,Assault
Mount Dennis (115),2014,Theft Over,2,182,0.011,285.44,84.9,76,Very Safe,Assault
Mount Olive-Silverstone-Jamestown (2),2014,Assault,217,474,0.4578,696.77,53.9,145,Moderate,Assault
Mount Olive-Silverstone-Jamestown (2),2014,Auto Theft,59,474,0.1245,696.77,53.9,145,Moderate,Assault
Mount Olive-Silverstone-Jamestown (2),2014,Break and Enter,25,474,0.0527,696.77,53.9,145,Moderate,Assault
Mount Olive-Silverstone-Jamestown (2),2014,NonMCI,108,474,0.2278,696.77,53.9,145,Moderate,Assault
Mount Olive-Silverstone-Jamestown (2),2014,Robbery,61,474,0.1287,696.77,53.9,145,Moderate,Assault
Mount Olive-Silverstone-Jamestown (2),2014,Theft Over,4,474,0.0084,696.77,53.9,145,Moderate,Assault
Mount Pleasant East (99),2014,Assault,28,95,0.2947,123.5,97.1,6,Very Safe,Break and Enter
Mount Pleasant East (99),2014,Auto Theft,7,95,0.0737,123.5,97.1,6,Very Safe,Break and Enter
Mount Pleasant East (99),2014,Break and Enter,30,95,0.3158,123.5,97.1,6,Very Safe,Break and Enter
Mount Pleasant East (99),2014,NonMCI,25,95,0.2632,123.5,97.1,6,Very Safe,Break and Enter
Mount Pleasant East (99),2014,Robbery,1,95,0.0105,123.5,97.1,6,Very Safe,Break and Enter
Mount Pleasant East (99),2014,Theft Over,4,95,0.0421,123.5,97.1,6,Very Safe,Break and Enter
New Toronto (18),2014,Assault,74,148,0.5,230.85,89.0,58,Very Safe,Assault
New Toronto (18),2014,Auto Theft,9,148,0.0608,230.85,89.0,58,Very Safe,Assault
New Toronto (18),2014,Break and Enter,24,148,0.1622,230.85,89.0,58,Very Safe,Assault
New Toronto (18),2014,NonMCI,21,148,0.1419,230.85,89.0,58,Very Safe,Assault
New Toronto (18),2014,Robbery,16,148,0.1081,230.85,89.0,58,Very Safe,Assault
New Toronto (18),2014,Theft Over,4,148,0.027,230.85,89.0,58,Very Safe,Assault
Newtonbrook East (50),2014,Assault,70,153,0.4575,231.27,88.9,59,Very Safe,Assault
Newtonbrook East (50),2014,Auto Theft,15,153,0.098,231.27,88.9,59,Very Safe,Assault
Newtonbrook East (50),2014,Break and Enter,36,153,0.2353,231.27,88.9,59,Very Safe,Assault
Newtonbrook East (50),2014,NonMCI,21,153,0.1373,231.27,88.9,59,Very Safe,Assault
Newtonbrook East (50),2014,Robbery,9,153,0.0588,231.27,88.9,59,Very Safe,Assault
Newtonbrook East (50),2014,Theft Over,2,153,0.0131,231.27,88.9,59,Very Safe,Assault
Newtonbrook West (36),2014,Assault,124,321,0.3863,453.88,72.2,122,Safe,Assault
Newtonbrook West (36),2014,Auto Theft,48,321,0.1495,453.88,72.2,122,Safe,Assault
Newtonbrook West (36),2014,Break and Enter,54,321,0.1682,453.88,72.2,122,Safe,Assault
Newtonbrook West (36),2014,NonMCI,62,321,0.1931,453.88,72.2,122,Safe,Assault
Newtonbrook West (36),2014,Robbery,24,321,0.0748,453.88,72.2,122,Safe,Assault
Newtonbrook West (36),2014,Theft Over,9,321,0.028,453.88,72.2,122,Safe,Assault
North Riverdale (68),2014,Assault,39,164,0.2378,210.73,90.5,50,Very Safe,NonMCI
North Riverdale (68),2014,Auto Theft,12,164,0.0732,210.73,90.5,50,Very Safe,NonMCI
North Riverdale (68),2014,Break and Enter,43,164,0.2622,210.73,90.5,50,Very Safe,NonMCI
North Riverdale (68),2014,NonMCI,49,164,0.2988,210.73,90.5,50,Very Safe,NonMCI
North Riverdale (68),2014,Robbery,18,164,0.1098,210.73,90.5,50,Very Safe,NonMCI
North Riverdale (68),2014,Theft Over,3,164,0.0183,210.73,90.5,50,Very Safe,NonMCI
North St.James Town (74),2014,Assault,115,337,0.3412,460.05,71.7,126,Safe,Assault
North St.James Town (74),2014,Auto Theft,25,337,0.0742,460.05,71.7,126,Safe,Assault
North St.James Town (74),2014,Break and Enter,76,337,0.2255,460.05,71.7,126,Safe,Assault
North St.James Town (74),2014,NonMCI,89,337,0.2641,460.05,71.7,126,Safe,Assault
North St.James Town (74),2014,Robbery,25,337,0.0742,460.05,71.7,126,Safe,Assault
North St.James Town (74),2014,Theft Over,7,337,0.0208,460.05,71.7,126,Safe,Assault
North Toronto (173),2014,Assault,52,117,0.4444,171.57,93.4,30,Very Safe,Assault
North Toronto (173),2014,Auto Theft,8,117,0.0684,171.57,93.4,30,Very Safe,Assault
North Toronto (173),2014,Break and Enter,26,117,0.2222,171.57,93.4,30,Very Safe,Assault
North Toronto (173),2014,NonMCI,23,117,0.1966,171.57,93.4,30,Very Safe,Assault
North Toronto (173),2014,Robbery,6,117,0.0513,171.57,93.4,30,Very Safe,Assault
North Toronto (173),2014,Theft Over,2,117,0.0171,171.57,93.4,30,Very Safe,Assault
O'Connor-Parkview (54),2014,Assault,168,331,0.5076,505.87,68.3,130,Safe,Assault
O'Connor-Parkview (54),2014,Auto Theft,20,331,0.0604,505.87,68.3,130,Safe,Assault
O'Connor-Parkview (54),2014,Break and Enter,53,331,0.1601,505.87,68.3,130,Safe,Assault
O'Connor-Parkview (54),2014,NonMCI,58,331,0.1752,505.87,68.3,130,Safe,Assault
O'Connor-Parkview (54),2014,Robbery,21,331,0.0634,505.87,68.3,130,Safe,Assault
O'Connor-Parkview (54),2014,Theft Over,11,331,0.0332,505.87,68.3,130,Safe,Assault
Oakdale-Beverley Heights (154),2014,Assault,195,440,0.4432,648.02,57.6,144,Moderate,Assault
Oakdale-Beverley Heights (154),2014,Auto Theft,68,440,0.1545,648.02,57.6,144,Moderate,Assault
Oakdale-Beverley Heights (154),2014,Break and Enter,56,440,0.1273,648.02,57.6,144,Moderate,Assault
Oakdale-Beverley Heights (154),2014,NonMCI,73,440,0.1659,648.02,57.6,144,Moderate,Assault
Oakdale-Beverley Heights (154),2014,Robbery,36,440,0.0818,648.02,57.6,144,Moderate,Assault
Oakdale-Beverley Heights (154),2014,Theft Over,12,440,0.0273,648.02,57.6,144,Moderate,Assault
Oakridge (121),2014,Assault,161,316,0.5095,509.57,68.0,132,Safe,Assault
Oakridge (121),2014,Auto Theft,20,316,0.0633,509.57,68.0,132,Safe,Assault
Oakridge (121),2014,Break and Enter,62,316,0.1962,509.57,68.0,132,Safe,Assault
Oakridge (121),2014,NonMCI,32,316,0.1013,509.57,68.0,132,Safe,Assault
Oakridge (121),2014,Robbery,39,316,0.1234,509.57,68.0,132,Safe,Assault
Oakridge (121),2014,Theft Over,2,316,0.0063,509.57,68.0,132,Safe,Assault
Oakwood Village (107),2014,Assault,94,194,0.4845,302.38,83.6,89,Very Safe,Assault
Oakwood Village (107),2014,Auto Theft,17,194,0.0876,302.38,83.6,89,Very Safe,Assault
Oakwood Village (107),2014,Break and Enter,26,194,0.134,302.38,83.6,89,Very Safe,Assault
Oakwood Village (107),2014,NonMCI,28,194,0.1443,302.38,83.6,89,Very Safe,Assault
Oakwood Village (107),2014,Robbery,27,194,0.1392,302.38,83.6,89,Very Safe,Assault
Oakwood Village (107),2014,Theft Over,2,194,0.0103,302.38,83.6,89,Very Safe,Assault
Old East York (58),2014,Assault,45,120,0.375,167.43,93.8,27,Very Safe,Assault
Old East York (58),2014,Auto Theft,2,120,0.0167,167.43,93.8,27,Very Safe,Assault
Old East York (58),2014,Break and Enter,21,120,0.175,167.43,93.8,27,Very Safe,Assault
Old East York (58),2014,NonMCI,34,120,0.2833,167.43,93.8,27,Very Safe,Assault
Old East York (58),2014,Robbery,14,120,0.1167,167.43,93.8,27,Very Safe,Assault
Old East York (58),2014,Theft Over,4,120,0.0333,167.43,93.8,27,Very Safe,Assault
Palmerston-Little Italy (80),2014,Assault,77,212,0.3632,305.45,83.4,91,Very Safe,Assault
Palmerston-Little Italy (80),2014,Auto Theft,18,212,0.0849,305.45,83.4,91,Very Safe,Assault
Palmerston-Little Italy (80),2014,Break and Enter,54,212,0.2547,305.45,83.4,91,Very Safe,Assault
Palmerston-Little Italy (80),2014,NonMCI,38,212,0.1792,305.45,83.4,91,Very Safe,Assault
Palmerston-Little Italy (80),2014,Robbery,19,212,0.0896,305.45,83.4,91,Very Safe,Assault
Palmerston-Little Italy (80),2014,Theft Over,6,212,0.0283,305.45,83.4,91,Very Safe,Assault
Parkwoods-O'Connor Hills (149),2014,Assault,39,125,0.312,162.07,94.2,20,Very Safe,Assault
Parkwoods-O'Connor Hills (149),2014,Auto Theft,15,125,0.12,162.07,94.2,20,Very Safe,Assault
Parkwoods-O'Connor Hills (149),2014,Break and Enter,25,125,0.2,162.07,94.2,20,Very Safe,Assault
Parkwoods-O'Connor Hills (149),2014,NonMCI,38,125,0.304,162.07,94.2,20,Very Safe,Assault
Parkwoods-O'Connor Hills (149),2014,Robbery,7,125,0.056,162.07,94.2,20,Very Safe,Assault
Parkwoods-O'Connor Hills (149),2014,Theft Over,1,125,0.008,162.07,94.2,20,Very Safe,Assault
Pelmo Park-Humberlea (23),2014,Assault,56,166,0.3373,223.95,89.5,55,Very Safe,Assault
Pelmo Park-Humberlea (23),2014,Auto Theft,29,166,0.1747,223.95,89.5,55,Very Safe,Assault
Pelmo Park-Humberlea (23),2014,Break and Enter,31,166,0.1867,223.95,89.5,55,Very Safe,Assault
Pelmo Park-Humberlea (23),2014,NonMCI,38,166,0.2289,223.95,89.5,55,Very Safe,Assault
Pelmo Park-Humberlea (23),2014,Robbery,9,166,0.0542,223.95,89.5,55,Very Safe,Assault
Pelmo Park-Humberlea (23),2014,Theft Over,3,166,0.0181,223.95,89.5,55,Very Safe,Assault
Playter Estates-Danforth (67),2014,Assault,54,148,0.3649,207.74,90.7,48,Very Safe,Assault
Playter Estates-Danforth (67),2014,Auto Theft,4,148,0.027,207.74,90.7,48,Very Safe,Assault
Playter Estates-Danforth (67),2014,Break and Enter,36,148,0.2432,207.74,90.7,48,Very Safe,Assault
Playter Estates-Danforth (67),2014,NonMCI,40,148,0.2703,207.74,90.7,48,Very Safe,Assault
Playter Estates-Danforth (67),2014,Robbery,14,148,0.0946,207.74,90.7,48,Very Safe,Assault
Playter Estates-Danforth (67),2014,Theft Over,0,148,0.0,207.74,90.7,48,Very Safe,Assault
Pleasant View (46),2014,Assault,32,101,0.3168,130.75,96.5,8,Very Safe,Assault
Pleasant View (46),2014,Auto Theft,11,101,0.1089,130.75,96.5,8,Very Safe,Assault
Pleasant View (46),2014,Break and Enter,17,101,0.1683,130.75,96.5,8,Very Safe,Assault
Pleasant View (46),2014,NonMCI,32,101,0.3168,130.75,96.5,8,Very Safe,Assault
Pleasant View (46),2014,Robbery,6,101,0.0594,130.75,96.5,8,Very Safe,Assault
Pleasant View (46),2014,Theft Over,3,101,0.0297,130.75,96.5,8,Very Safe,Assault
Princess-Rosethorn (10),2014,Assault,22,184,0.1196,195.34,91.7,40,Very Safe,NonMCI
Princess-Rosethorn (10),2014,Auto Theft,21,184,0.1141,195.34,91.7,40,Very Safe,NonMCI
Princess-Rosethorn (10),2014,Break and Enter,34,184,0.1848,195.34,91.7,40,Very Safe,NonMCI
Princess-Rosethorn (10),2014,NonMCI,90,184,0.4891,195.34,91.7,40,Very Safe,NonMCI
Princess-Rosethorn (10),2014,Robbery,14,184,0.0761,195.34,91.7,40,Very Safe,NonMCI
Princess-Rosethorn (10),2014,Theft Over,3,184,0.0163,195.34,91.7,40,Very Safe,NonMCI
Regent Park (72),2014,Assault,95,220,0.4318,317.4,82.5,95,Very Safe,Assault
Regent Park (72),2014,Auto Theft,9,220,0.0409,317.4,82.5,95,Very Safe,Assault
Regent Park (72),2014,Break and Enter,35,220,0.1591,317.4,82.5,95,Very Safe,Assault
Regent Park (72),2014,NonMCI,54,220,0.2455,317.4,82.5,95,Very Safe,Assault
Regent Park (72),2014,Robbery,18,220,0.0818,317.4,82.5,95,Very Safe,Assault
Regent Park (72),2014,Theft Over,9,220,0.0409,317.4,82.5,95,Very Safe,Assault
Rexdale-Kipling (4),2014,Assault,51,152,0.3355,195.95,91.6,42,Very Safe,NonMCI
Rexdale-Kipling (4),2014,Auto Theft,13,152,0.0855,195.95,91.6,42,Very Safe,NonMCI
Rexdale-Kipling (4),2014,Break and Enter,17,152,0.1118,195.95,91.6,42,Very Safe,NonMCI
Rexdale-Kipling (4),2014,NonMCI,58,152,0.3816,195.95,91.6,42,Very Safe,NonMCI
Rexdale-Kipling (4),2014,Robbery,12,152,0.0789,195.95,91.6,42,Very Safe,NonMCI
Rexdale-Kipling (4),2014,Theft Over,1,152,0.0066,195.95,91.6,42,Very Safe,NonMCI
Rockcliffe-Smythe (111),2014,Assault,111,280,0.3964,402.6,76.1,117,Safe,Assault
Rockcliffe-Smythe (111),2014,Auto Theft,44,280,0.1571,402.6,76.1,117,Safe,Assault
Rockcliffe-Smythe (111),2014,Break and Enter,37,280,0.1321,402.6,76.1,117,Safe,Assault
Rockcliffe-Smythe (111),2014,NonMCI,51,280,0.1821,402.6,76.1,117,Safe,Assault
Rockcliffe-Smythe (111),2014,Robbery,31,280,0.1107,402.6,76.1,117,Safe,Assault
Rockcliffe-Smythe (111),2014,Theft Over,6,280,0.0214,402.6,76.1,117,Safe,Assault
Roncesvalles (86),2014,Assault,92,193,0.4767,296.56,84.0,84,Very Safe,Assault
Roncesvalles (86),2014,Auto Theft,15,193,0.0777,296.56,84.0,84,Very Safe,Assault
Roncesvalles (86),2014,Break and Enter,38,193,0.1969,296.56,84.0,84,Very Safe,Assault
Roncesvalles (86),2014,NonMCI,25,193,0.1295,296.56,84.0,84,Very Safe,Assault
Roncesvalles (86),2014,Robbery,21,193,0.1088,296.56,84.0,84,Very Safe,Assault
Roncesvalles (86),2014,Theft Over,2,193,0.0104,296.56,84.0,84,Very Safe,Assault
Rosedale-Moore Park (98),2014,Assault,65,287,0.2265,360.25,79.2,108,Safe,Break and Enter
Rosedale-Moore Park (98),2014,Auto Theft,10,287,0.0348,360.25,79.2,108,Safe,Break and Enter
Rosedale-Moore Park (98),2014,Break and Enter,99,287,0.3449,360.25,79.2,108,Safe,Break and Enter
Rosedale-Moore Park (98),2014,NonMCI,90,287,0.3136,360.25,79.2,108,Safe,Break and Enter
Rosedale-Moore Park (98),2014,Robbery,16,287,0.0557,360.25,79.2,108,Safe,Break and Enter
Rosedale-Moore Park (98),2014,Theft Over,7,287,0.0244,360.25,79.2,108,Safe,Break and Enter
Runnymede-Bloor West Village (89),2014,Assault,27,111,0.2432,141.56,95.7,13,Very Safe,NonMCI
Runnymede-Bloor West Village (89),2014,Auto Theft,17,111,0.1532,141.56,95.7,13,Very Safe,NonMCI
Runnymede-Bloor West Village (89),2014,Break and Enter,21,111,0.1892,141.56,95.7,13,Very Safe,NonMCI
Runnymede-Bloor West Village (89),2014,NonMCI,33,111,0.2973,141.56,95.7,13,Very Safe,NonMCI
Runnymede-Bloor West Village (89),2014,Robbery,12,111,0.1081,141.56,95.7,13,Very Safe,NonMCI
Runnymede-Bloor West Village (89),2014,Theft Over,1,111,0.009,141.56,95.7,13,Very Safe,NonMCI
Rustic (28),2014,Assault,56,122,0.459,184.87,92.4,35,Very Safe,Assault
Rustic (28),2014,Auto Theft,8,122,0.0656,184.87,92.4,35,Very Safe,Assault
Rustic (28),2014,Break and Enter,21,122,0.1721,184.87,92.4,35,Very Safe,Assault
Rustic (28),2014,NonMCI,22,122,0.1803,184.87,92.4,35,Very Safe,Assault
Rustic (28),2014,Robbery,14,122,0.1148,184.87,92.4,35,Very Safe,Assault
Rustic (28),2014,Theft Over,1,122,0.0082,184.87,92.4,35,Very Safe,Assault
Scarborough Village (139),2014,Assault,144,298,0.4832,453.44,72.2,122,Safe,Assault
Scarborough Village (139),2014,Auto Theft,20,298,0.0671,453.44,72.2,122,Safe,Assault
Scarborough Village (139),2014,Break and Enter,50,298,0.1678,453.44,72.2,122,Safe,Assault
Scarborough Village (139),2014,NonMCI,55,298,0.1846,453.44,72.2,122,Safe,Assault
Scarborough Village (139),2014,Robbery,26,298,0.0872,453.44,72.2,122,Safe,Assault
Scarborough Village (139),2014,Theft Over,3,298,0.0101,453.44,72.2,122,Safe,Assault
South Eglinton-Davisville (174),2014,Assault,42,94,0.4468,142.46,95.6,16,Very Safe,Assault
South Eglinton-Davisville (174),2014,Auto Theft,2,94,0.0213,142.46,95.6,16,Very Safe,Assault
South Eglinton-Davisville (174),2014,Break and Enter,27,94,0.2872,142.46,95.6,16,Very Safe,Assault
South Eglinton-Davisville (174),2014,NonMCI,12,94,0.1277,142.46,95.6,16,Very Safe,Assault
South Eglinton-Davisville (174),2014,Robbery,7,94,0.0745,142.46,95.6,16,Very Safe,Assault
South Eglinton-Davisville (174),2014,Theft Over,4,94,0.0426,142.46,95.6,16,Very Safe,Assault
South Parkdale (85),2014,Assault,167,315,0.5302,479.18,70.3,128,Safe,Assault
South Parkdale (85),2014,Auto Theft,10,315,0.0317,479.18,70.3,128,Safe,Assault
South Parkdale (85),2014,Break and Enter,45,315,0.1429,479.18,70.3,128,Safe,Assault
South Parkdale (85),2014,NonMCI,70,315,0.2222,479.18,70.3,128,Safe,Assault
South Parkdale (85),2014,Robbery,18,315,0.0571,479.18,70.3,128,Safe,Assault
South Parkdale (85),2014,Theft Over,5,315,0.0159,479.18,70.3,128,Safe,Assault
South Riverdale (70),2014,Assault,181,556,0.3255,717.14,52.4,146,Moderate,NonMCI
South Riverdale (70),2014,Auto Theft,20,556,0.036,717.14,52.4,146,Moderate,NonMCI
South Riverdale (70),2014,Break and Enter,89,556,0.1601,717.14,52.4,146,Moderate,NonMCI
South Riverdale (70),2014,NonMCI,207,556,0.3723,717.14,52.4,146,Moderate,NonMCI
South Riverdale (70),2014,Robbery,42,556,0.0755,717.14,52.4,146,Moderate,NonMCI
South Riverdale (70),2014,Theft Over,17,556,0.0306,717.14,52.4,146,Moderate,NonMCI
St Lawrence-East Bayfront-The Islands (166),2014,Assault,162,397,0.4081,548.99,65.0,138,Safe,Assault
St Lawrence-East Bayfront-The Islands (166),2014,Auto Theft,20,397,0.0504,548.99,65.0,138,Safe,Assault
St Lawrence-East Bayfront-The Islands (166),2014,Break and Enter,60,397,0.1511,548.99,65.0,138,Safe,Assault
St Lawrence-East Bayfront-The Islands (166),2014,NonMCI,120,397,0.3023,548.99,65.0,138,Safe,Assault
St Lawrence-East Bayfront-The Islands (166),2014,Robbery,20,397,0.0504,548.99,65.0,138,Safe,Assault
St Lawrence-East Bayfront-The Islands (166),2014,Theft Over,15,397,0.0378,548.99,65.0,138,Safe,Assault
St.Andrew-Windfields (40),2014,Assault,55,238,0.2311,299.2,83.8,86,Very Safe,Break and Enter
St.Andrew-Windfields (40),2014,Auto Theft,17,238,0.0714,299.2,83.8,86,Very Safe,Break and Enter
St.Andrew-Windfields (40),2014,Break and Enter,82,238,0.3445,299.2,83.8,86,Very Safe,Break and Enter
St.Andrew-Windfields (40),2014,NonMCI,62,238,0.2605,299.2,83.8,86,Very Safe,Break and Enter
St.Andrew-Windfields (40),2014,Robbery,9,238,0.0378,299.2,83.8,86,Very Safe,Break and Enter
St.Andrew-Windfields (40),2014,Theft Over,13,238,0.0546,299.2,83.8,86,Very Safe,Break and Enter
Steeles (116),2014,Assault,40,151,0.2649,205.98,90.9,46,Very Safe,Break and Enter
Steeles (116),2014,Auto Theft,17,151,0.1126,205.98,90.9,46,Very Safe,Break and Enter
Steeles (116),2014,Break and Enter,61,151,0.404,205.98,90.9,46,Very Safe,Break and Enter
Steeles (116),2014,NonMCI,23,151,0.1523,205.98,90.9,46,Very Safe,Break and Enter
Steeles (116),2014,Robbery,8,151,0.053,205.98,90.9,46,Very Safe,Break and Enter
Steeles (116),2014,Theft Over,2,151,0.0132,205.98,90.9,46,Very Safe,Break and Enter
Stonegate-Queensway (16),2014,Assault,80,299,0.2676,378.92,77.8,113,Safe,NonMCI
Stonegate-Queensway (16),2014,Auto Theft,38,299,0.1271,378.92,77.8,113,Safe,NonMCI
Stonegate-Queensway (16),2014,Break and Enter,70,299,0.2341,378.92,77.8,113,Safe,NonMCI
Stonegate-Queensway (16),2014,NonMCI,90,299,0.301,378.92,77.8,113,Safe,NonMCI
Stonegate-Queensway (16),2014,Robbery,13,299,0.0435,378.92,77.8,113,Safe,NonMCI
Stonegate-Queensway (16),2014,Theft Over,8,299,0.0268,378.92,77.8,113,Safe,NonMCI
Tam O'Shanter-Sullivan (118),2014,Assault,99,259,0.3822,364.23,78.9,110,Safe,Assault
Tam O'Shanter-Sullivan (118),2014,Auto Theft,21,259,0.0811,364.23,78.9,110,Safe,Assault
Tam O'Shanter-Sullivan (118),2014,Break and Enter,48,259,0.1853,364.23,78.9,110,Safe,Assault
Tam O'Shanter-Sullivan (118),2014,NonMCI,65,259,0.251,364.23,78.9,110,Safe,Assault
Tam O'Shanter-Sullivan (118),2014,Robbery,23,259,0.0888,364.23,78.9,110,Safe,Assault
Tam O'Shanter-Sullivan (118),2014,Theft Over,3,259,0.0116,364.23,78.9,110,Safe,Assault
Taylor-Massey (61),2014,Assault,117,218,0.5367,345.27,80.4,104,Very Safe,Assault
Taylor-Massey (61),2014,Auto Theft,13,218,0.0596,345.27,80.4,104,Very Safe,Assault
Taylor-Massey (61),2014,Break and Enter,30,218,0.1376,345.27,80.4,104,Very Safe,Assault
Taylor-Massey (61),2014,NonMCI,29,218,0.133,345.27,80.4,104,Very Safe,Assault
Taylor-Massey (61),2014,Robbery,26,218,0.1193,345.27,80.4,104,Very Safe,Assault
Taylor-Massey (61),2014,Theft Over,3,218,0.0138,345.27,80.4,104,Very Safe,Assault
The Beaches (63),2014,Assault,78,216,0.3611,292.33,84.4,82,Very Safe,Assault
The Beaches (63),2014,Auto Theft,7,216,0.0324,292.33,84.4,82,Very Safe,Assault
The Beaches (63),2014,Break and Enter,45,216,0.2083,292.33,84.4,82,Very Safe,Assault
The Beaches (63),2014,NonMCI,66,216,0.3056,292.33,84.4,82,Very Safe,Assault
The Beaches (63),2014,Robbery,13,216,0.0602,292.33,84.4,82,Very Safe,Assault
The Beaches (63),2014,Theft Over,7,216,0.0324,292.33,84.4,82,Very Safe,Assault
Thistletown-Beaumond Heights (3),2014,Assault,56,139,0.4029,201.01,91.2,44,Very Safe,Assault
Thistletown-Beaumond Heights (3),2014,Auto Theft,10,139,0.0719,201.01,91.2,44,Very Safe,Assault
Thistletown-Beaumond Heights (3),2014,Break and Enter,22,139,0.1583,201.01,91.2,44,Very Safe,Assault
Thistletown-Beaumond Heights (3),2014,NonMCI,31,139,0.223,201.01,91.2,44,Very Safe,Assault
Thistletown-Beaumond Heights (3),2014,Robbery,19,139,0.1367,201.01,91.2,44,Very Safe,Assault
Thistletown-Beaumond Heights (3),2014,Theft Over,1,139,0.0072,201.01,91.2,44,Very Safe,Assault
Thorncliffe Park (55),2014,Assault,78,169,0.4615,255.11,87.2,68,Very Safe,Assault
Thorncliffe Park (55),2014,Auto Theft,13,169,0.0769,255.11,87.2,68,Very Safe,Assault
Thorncliffe Park (55),2014,Break and Enter,33,169,0.1953,255.11,87.2,68,Very Safe,Assault
Thorncliffe Park (55),2014,NonMCI,23,169,0.1361,255.11,87.2,68,Very Safe,Assault
Thorncliffe Park (55),2014,Robbery,15,169,0.0888,255.11,87.2,68,Very Safe,Assault
Thorncliffe Park (55),2014,Theft Over,7,169,0.0414,255.11,87.2,68,Very Safe,Assault
Trinity-Bellwoods (81),2014,Assault,102,308,0.3312,408.96,75.6,118,Safe,Assault
Trinity-Bellwoods (81),2014,Auto Theft,10,308,0.0325,408.96,75.6,118,Safe,Assault
Trinity-Bellwoods (81),2014,Break and Enter,65,308,0.211,408.96,75.6,118,Safe,Assault
Trinity-Bellwoods (81),2014,NonMCI,98,308,0.3182,408.96,75.6,118,Safe,Assault
Trinity-Bellwoods (81),2014,Robbery,22,308,0.0714,408.96,75.6,118,Safe,Assault
Trinity-Bellwoods (81),2014,Theft Over,11,308,0.0357,408.96,75.6,118,Safe,Assault
University (79),2014,Assault,118,333,0.3544,468.92,71.1,127,Safe,Assault
University (79),2014,Auto Theft,10,333,0.03,468.92,71.1,127,Safe,Assault
University (79),2014,Break and Enter,72,333,0.2162,468.92,71.1,127,Safe,Assault
University (79),2014,NonMCI,86,333,0.2583,468.92,71.1,127,Safe,Assault
University (79),2014,Robbery,40,333,0.1201,468.92,71.1,127,Safe,Assault
University (79),2014,Theft Over,7,333,0.021,468.92,71.1,127,Safe,Assault
Victoria Village (43),2014,Assault,104,211,0.4929,314.68,82.7,94,Very Safe,Assault
Victoria Village (43),2014,Auto Theft,18,211,0.0853,314.68,82.7,94,Very Safe,Assault
Victoria Village (43),2014,Break and Enter,39,211,0.1848,314.68,82.7,94,Very Safe,Assault
Victoria Village (43),2014,NonMCI,39,211,0.1848,314.68,82.7,94,Very Safe,Assault
Victoria Village (43),2014,Robbery,6,211,0.0284,314.68,82.7,94,Very Safe,Assault
Victoria Village (43),2014,Theft Over,5,211,0.0237,314.68,82.7,94,Very Safe,Assault
Wellington Place (164),2014,Assault,357,681,0.5242,1010.93,30.2,155,Risky,Assault
Wellington Place (164),2014,Auto Theft,22,681,0.0323,1010.93,30.2,155,Risky,Assault
Wellington Place (164),2014,Break and Enter,80,681,0.1175,1010.93,30.2,155,Risky,Assault
Wellington Place (164),2014,NonMCI,178,681,0.2614,1010.93,30.2,155,Risky,Assault
Wellington Place (164),2014,Robbery,24,681,0.0352,1010.93,30.2,155,Risky,Assault
Wellington Place (164),2014,Theft Over,20,681,0.0294,1010.93,30.2,155,Risky,Assault
West Hill (136),2014,Assault,320,550,0.5818,905.05,38.2,151,Risky,Assault
West Hill (136),2014,Auto Theft,23,550,0.0418,905.05,38.2,151,Risky,Assault
West Hill (136),2014,Break and Enter,88,550,0.16,905.05,38.2,151,Risky,Assault
West Hill (136),2014,NonMCI,57,550,0.1036,905.05,38.2,151,Risky,Assault
West Hill (136),2014,Robbery,57,550,0.1036,905.05,38.2,151,Risky,Assault
West Hill (136),2014,Theft Over,5,550,0.0091,905.05,38.2,151,Risky,Assault
West Humber-Clairville (1),2014,Assault,271,1184,0.2289,1412.69,0.0,158,Very Risky,NonMCI
West Humber-Clairville (1),2014,Auto Theft,303,1184,0.2559,1412.69,0.0,158,Very Risky,NonMCI
West Humber-Clairville (1),2014,Break and Enter,151,1184,0.1275,1412.69,0.0,158,Very Risky,NonMCI
West Humber-Clairville (1),2014,NonMCI,358,1184,0.3024,1412.69,0.0,158,Very Risky,NonMCI
West Humber-Clairville (1),2014,Robbery,60,1184,0.0507,1412.69,0.0,158,Very Risky,NonMCI
West Humber-Clairville (1),2014,Theft Over,41,1184,0.0346,1412.69,0.0,158,Very Risky,NonMCI
West Queen West (162),2014,Assault,111,267,0.4157,368.87,78.6,111,Safe,Assault
West Queen West (162),2014,Auto Theft,13,267,0.0487,368.87,78.6,111,Safe,Assault
West Queen West (162),2014,Break and Enter,35,267,0.1311,368.87,78.6,111,Safe,Assault
West Queen West (162),2014,NonMCI,88,267,0.3296,368.87,78.6,111,Safe,Assault
West Queen West (162),2014,Robbery,17,267,0.0637,368.87,78.6,111,Safe,Assault
West Queen West (162),2014,Theft Over,3,267,0.0112,368.87,78.6,111,Safe,Assault
West Rouge (143),2014,Assault,75,219,0.3425,288.96,84.6,79,Very Safe,Assault
West Rouge (143),2014,Auto Theft,30,219,0.137,288.96,84.6,79,Very Safe,Assault
West Rouge (143),2014,Break and Enter,36,219,0.1644,288.96,84.6,79,Very Safe,Assault
West Rouge (143),2014,NonMCI,64,219,0.2922,288.96,84.6,79,Very Safe,Assault
West Rouge (143),2014,Robbery,11,219,0.0502,288.96,84.6,79,Very Safe,Assault
West Rouge (143),2014,Theft Over,3,219,0.0137,288.96,84.6,79,Very Safe,Assault
Westminster-Branson (35),2014,Assault,74,257,0.2879,328.98,81.6,100,Very Safe,NonMCI
Westminster-Branson (35),2014,Auto Theft,27,257,0.1051,328.98,81.6,100,Very Safe,NonMCI
Westminster-Branson (35),2014,Break and Enter,62,257,0.2412,328.98,81.6,100,Very Safe,NonMCI
Westminster-Branson (35),2014,NonMCI,79,257,0.3074,328.98,81.6,100,Very Safe,NonMCI
Westminster-Branson (35),2014,Robbery,10,257,0.0389,328.98,81.6,100,Very Safe,NonMCI
Westminster-Branson (35),2014,Theft Over,5,257,0.0195,328.98,81.6,100,Very Safe,NonMCI
Weston (113),2014,Assault,159,354,0.4492,517.55,67.4,133,Safe,Assault
Weston (113),2014,Auto Theft,51,354,0.1441,517.55,67.4,133,Safe,Assault
Weston (113),2014,Break and Enter,33,354,0.0932,517.55,67.4,133,Safe,Assault
Weston (113),2014,NonMCI,74,354,0.209,517.55,67.4,133,Safe,Assault
Weston (113),2014,Robbery,32,354,0.0904,517.55,67.4,133,Safe,Assault
Weston (113),2014,Theft Over,5,354,0.0141,517.55,67.4,133,Safe,Assault
Weston-Pelham Park (91),2014,Assault,90,177,0.5085,271.85,85.9,70,Very Safe,Assault
Weston-Pelham Park (91),2014,Auto Theft,23,177,0.1299,271.85,85.9,70,Very Safe,Assault
Weston-Pelham Park (91),2014,Break and Enter,26,177,0.1469,271.85,85.9,70,Very Safe,Assault
Weston-Pelham Park (91),2014,NonMCI,23,177,0.1299,271.85,85.9,70,Very Safe,Assault
Weston-Pelham Park (91),2014,Robbery,11,177,0.0621,271.85,85.9,70,Very Safe,Assault
Weston-Pelham Park (91),2014,Theft Over,4,177,0.0226,271.85,85.9,70,Very Safe,Assault
Wexford/Maryvale (119),2014,Assault,189,542,0.3487,759.77,49.2,148,Moderate,Assault
Wexford/Maryvale (119),2014,Auto Theft,57,542,0.1052,759.77,49.2,148,Moderate,Assault
Wexford/Maryvale (119),2014,Break and Enter,126,542,0.2325,759.77,49.2,148,Moderate,Assault
Wexford/Maryvale (119),2014,NonMCI,111,542,0.2048,759.77,49.2,148,Moderate,Assault
Wexford/Maryvale (119),2014,Robbery,43,542,0.0793,759.77,49.2,148,Moderate,Assault
Wexford/Maryvale (119),2014,Theft Over,16,542,0.0295,759.77,49.2,148,Moderate,Assault
Willowdale West (37),2014,Assault,71,137,0.5182,217.33,90.0,52,Very Safe,Assault
Willowdale West (37),2014,Auto Theft,11,137,0.0803,217.33,90.0,52,Very Safe,Assault
Willowdale West (37),2014,Break and Enter,29,137,0.2117,217.33,90.0,52,Very Safe,Assault
Willowdale West (37),2014,NonMCI,13,137,0.0949,217.33,90.0,52,Very Safe,Assault
Willowdale West (37),2014,Robbery,9,137,0.0657,217.33,90.0,52,Very Safe,Assault
Willowdale West (37),2014,Theft Over,4,137,0.0292,217.33,90.0,52,Very Safe,Assault
Willowridge-Martingrove-Richview (7),2014,Assault,72,295,0.2441,347.45,80.2,105,Very Safe,NonMCI
Willowridge-Martingrove-Richview (7),2014,Auto Theft,44,295,0.1492,347.45,80.2,105,Very Safe,NonMCI
Willowridge-Martingrove-Richview (7),2014,Break and Enter,44,295,0.1492,347.45,80.2,105,Very Safe,NonMCI
Willowridge-Martingrove-Richview (7),2014,NonMCI,116,295,0.3932,347.45,80.2,105,Very Safe,NonMCI
Willowridge-Martingrove-Richview (7),2014,Robbery,15,295,0.0508,347.45,80.2,105,Very Safe,NonMCI
Willowridge-Martingrove-Richview (7),2014,Theft Over,4,295,0.0136,347.45,80.2,105,Very Safe,NonMCI
Woburn North (142),2014,Assault,153,352,0.4347,528.39,66.6,136,Safe,Assault
Woburn North (142),2014,Auto Theft,27,352,0.0767,528.39,66.6,136,Safe,Assault
Woburn North (142),2014,Break and Enter,67,352,0.1903,528.39,66.6,136,Safe,Assault
Woburn North (142),2014,NonMCI,58,352,0.1648,528.39,66.6,136,Safe,Assault
Woburn North (142),2014,Robbery,39,352,0.1108,528.39,66.6,136,Safe,Assault
Woburn North (142),2014,Theft Over,8,352,0.0227,528.39,66.6,136,Safe,Assault
Woodbine Corridor (64),2014,Assault,75,164,0.4573,240.31,88.3,63,Very Safe,Assault
Woodbine Corridor (64),2014,Auto Theft,6,164,0.0366,240.31,88.3,63,Very Safe,Assault
Woodbine Corridor (64),2014,Break and Enter,32,164,0.1951,240.31,88.3,63,Very Safe,Assault
Woodbine Corridor (64),2014,NonMCI,39,164,0.2378,240.31,88.3,63,Very Safe,Assault
Woodbine Corridor (64),2014,Robbery,10,164,0.061,240.31,88.3,63,Very Safe,Assault
Woodbine Corridor (64),2014,Theft Over,2,164,0.0122,240.31,88.3,63,Very Safe,Assault
Woodbine-Lumsden (60),2014,Assault,45,139,0.3237,179.93,92.8,32,Very Safe,NonMCI
Woodbine-Lumsden (60),2014,Auto Theft,2,139,0.0144,179.93,92.8,32,Very Safe,NonMCI
Woodbine-Lumsden (60),2014,Break and Enter,36,139,0.259,179.93,92.8,32,Very Safe,NonMCI
Woodbine-Lumsden (60),2014,NonMCI,49,139,0.3525,179.93,92.8,32,Very Safe,NonMCI
Woodbine-Lumsden (60),2014,Robbery,5,139,0.036,179.93,92.8,32,Very Safe,NonMCI
Woodbine-Lumsden (60),2014,Theft Over,2,139,0.0144,179.93,92.8,32,Very Safe,NonMCI
Wychwood (94),2014,Assault,51,123,0.4146,186.85,92.3,39,Very Safe,Assault
Wychwood (94),2014,Auto Theft,7,123,0.0569,186.85,92.3,39,Very Safe,Assault
Wychwood (94),2014,Break and Enter,32,123,0.2602,186.85,92.3,39,Very Safe,Assault
Wychwood (94),2014,NonMCI,16,123,0.1301,186.85,92.3,39,Very Safe,Assault
Wychwood (94),2014,Robbery,15,123,0.122,186.85,92.3,39,Very Safe,Assault
Wychwood (94),2014,Theft Over,2,123,0.0163,186.85,92.3,39,Very Safe,Assault
Yonge-Bay Corridor (170),2014,Assault,344,638,0.5392,992.83,31.6,153,Risky,Assault
Yonge-Bay Corridor (170),2014,Auto Theft,11,638,0.0172,992.83,31.6,153,Risky,Assault
Yonge-Bay Corridor (170),2014,Break and Enter,69,638,0.1082,992.83,31.6,153,Risky,Assault
Yonge-Bay Corridor (170),2014,NonMCI,118,638,0.185,992.83,31.6,153,Risky,Assault
Yonge-Bay Corridor (170),2014,Robbery,58,638,0.0909,992.83,31.6,153,Risky,Assault
Yonge-Bay Corridor (170),2014,Theft Over,38,638,0.0596,992.83,31.6,153,Risky,Assault
Yonge-Doris (151),2014,Assault,60,99,0.6061,159.15,94.4,19,Very Safe,Assault
Yonge-Doris (151),2014,Auto Theft,8,99,0.0808,159.15,94.4,19,Very Safe,Assault
Yonge-Doris (151),2014,Break and Enter,8,99,0.0808,159.15,94.4,19,Very Safe,Assault
Yonge-Doris (151),2014,NonMCI,14,99,0.1414,159.15,94.4,19,Very Safe,Assault
Yonge-Doris (151),2014,Robbery,7,99,0.0707,159.15,94.4,19,Very Safe,Assault
Yonge-Doris (151),2014,Theft Over,2,99,0.0202,159.15,94.4,19,Very Safe,Assault
Yonge-Eglinton (100),2014,Assault,47,127,0.3701,182.34,92.6,33,Very Safe,Assault
Yonge-Eglinton (100),2014,Auto Theft,6,127,0.0472,182.34,92.6,33,Very Safe,Assault
Yonge-Eglinton (100),2014,Break and Enter,36,127,0.2835,182.34,92.6,33,Very Safe,Assault
Yonge-Eglinton (100),2014,NonMCI,23,127,0.1811,182.34,92.6,33,Very Safe,Assault
Yonge-Eglinton (100),2014,Robbery,10,127,0.0787,182.34,92.6,33,Very Safe,Assault
Yonge-Eglinton (100),2014,Theft Over,5,127,0.0394,182.34,92.6,33,Very Safe,Assault
Yonge-St.Clair (97),2014,Assault,18,68,0.2647,96.94,99.1,2,Very Safe,Break and Enter
Yonge-St.Clair (97),2014,Auto Theft,1,68,0.0147,96.94,99.1,2,Very Safe,Break and Enter
Yonge-St.Clair (97),2014,Break and Enter,37,68,0.5441,96.94,99.1,2,Very Safe,Break and Enter
Yonge-St.Clair (97),2014,NonMCI,7,68,0.1029,96.94,99.1,2,Very Safe,Break and Enter
Yonge-St.Clair (97),2014,Robbery,3,68,0.0441,96.94,99.1,2,Very Safe,Break and Enter
Yonge-St.Clair (97),2014,Theft Over,2,68,0.0294,96.94,99.1,2,Very Safe,Break and Enter
York University Heights (27),2014,Assault,260,693,0.3752,971.86,33.2,152,Risky,Assault
York University Heights (27),2014,Auto Theft,104,693,0.1501,971.86,33.2,152,Risky,Assault
York University Heights (27),2014,Break and Enter,110,693,0.1587,971.86,33.2,152,Risky,Assault
York University Heights (27),2014,NonMCI,134,693,0.1934,971.86,33.2,152,Risky,Assault
York University Heights (27),2014,Robbery,54,693,0.0779,971.86,33.2,152,Risky,Assault
York University Heights (27),2014,Theft Over,31,693,0.0447,971.86,33.2,152,Risky,Assault
Yorkdale-Glen Park (31),2014,Assault,95,351,0.2707,441.71,73.1,121,Safe,Assault
Yorkdale-Glen Park (31),2014,Auto Theft,67,351,0.1909,441.71,73.1,121,Safe,Assault
Yorkdale-Glen Park (31),2014,Break and Enter,51,351,0.1453,441.71,73.1,121,Safe,Assault
Yorkdale-Glen Park (31),2014,NonMCI,95,351,0.2707,441.71,73.1,121,Safe,Assault
Yorkdale-Glen Park (31),2014,Robbery,20,351,0.057,441.71,73.1,121,Safe,Assault
Yorkdale-Glen Park (31),2014,Theft Over,23,351,0.0655,441.71,73.1,121,Safe,Assault
Agincourt North (129),2015,Assault,65,227,0.2863,367.79,80.6,82,Very Safe,Assault
Agincourt North (129),2015,Auto Theft,26,227,0.1145,367.79,80.6,82,Very Safe,Assault
Agincourt North (129),2015,Break and Enter,54,227,0.2379,367.79,80.6,82,Very Safe,Assault
Agincourt North (129),2015,NonMCI,44,227,0.1938,367.79,80.6,82,Very Safe,Assault
Agincourt North (129),2015,Robbery,31,227,0.1366,367.79,80.6,82,Very Safe,Assault
Agincourt North (129),2015,Theft Over,7,227,0.0308,367.79,80.6,82,Very Safe,Assault
Agincourt South-Malvern West (128),2015,Assault,93,276,0.337,439.28,75.7,109,Safe,Assault
Agincourt South-Malvern West (128),2015,Auto Theft,29,276,0.1051,439.28,75.7,109,Safe,Assault
Agincourt South-Malvern West (128),2015,Break and Enter,60,276,0.2174,439.28,75.7,109,Safe,Assault
Agincourt South-Malvern West (128),2015,NonMCI,67,276,0.2428,439.28,75.7,109,Safe,Assault
Agincourt South-Malvern West (128),2015,Robbery,18,276,0.0652,439.28,75.7,109,Safe,Assault
Agincourt South-Malvern West (128),2015,Theft Over,9,276,0.0326,439.28,75.7,109,Safe,Assault
Alderwood (20),2015,Assault,41,137,0.2993,206.09,91.8,32,Very Safe,NonMCI
Alderwood (20),2015,Auto Theft,15,137,0.1095,206.09,91.8,32,Very Safe,NonMCI
Alderwood (20),2015,Break and Enter,27,137,0.1971,206.09,91.8,32,Very Safe,NonMCI
Alderwood (20),2015,NonMCI,44,137,0.3212,206.09,91.8,32,Very Safe,NonMCI
Alderwood (20),2015,Robbery,6,137,0.0438,206.09,91.8,32,Very Safe,NonMCI
Alderwood (20),2015,Theft Over,4,137,0.0292,206.09,91.8,32,Very Safe,NonMCI
Annex (95),2015,Assault,206,597,0.3451,931.41,41.7,150,Moderate,Assault
Annex (95),2015,Auto Theft,15,597,0.0251,931.41,41.7,150,Moderate,Assault
Annex (95),2015,Break and Enter,108,597,0.1809,931.41,41.7,150,Moderate,Assault
Annex (95),2015,NonMCI,205,597,0.3434,931.41,41.7,150,Moderate,Assault
Annex (95),2015,Robbery,44,597,0.0737,931.41,41.7,150,Moderate,Assault
Annex (95),2015,Theft Over,19,597,0.0318,931.41,41.7,150,Moderate,Assault
Avondale (153),2015,Assault,29,58,0.5,104.03,98.8,2,Very Safe,Assault
Avondale (153),2015,Auto Theft,9,58,0.1552,104.03,98.8,2,Very Safe,Assault
Avondale (153),2015,Break and Enter,9,58,0.1552,104.03,98.8,2,Very Safe,Assault
Avondale (153),2015,NonMCI,6,58,0.1034,104.03,98.8,2,Very Safe,Assault
Avondale (153),2015,Robbery,3,58,0.0517,104.03,98.8,2,Very Safe,Assault
Avondale (153),2015,Theft Over,2,58,0.0345,104.03,98.8,2,Very Safe,Assault
Banbury-Don Mills (42),2015,Assault,72,247,0.2915,401.19,78.3,95,Safe,Break and Enter
Banbury-Don Mills (42),2015,Auto Theft,19,247,0.0769,401.19,78.3,95,Safe,Break and Enter
Banbury-Don Mills (42),2015,Break and Enter,87,247,0.3522,401.19,78.3,95,Safe,Break and Enter
Banbury-Don Mills (42),2015,NonMCI,40,247,0.1619,401.19,78.3,95,Safe,Break and Enter
Banbury-Don Mills (42),2015,Robbery,13,247,0.0526,401.19,78.3,95,Safe,Break and Enter
Banbury-Don Mills (42),2015,Theft Over,16,247,0.0648,401.19,78.3,95,Safe,Break and Enter
Bathurst Manor (34),2015,Assault,45,140,0.3214,220.19,90.8,38,Very Safe,Assault
Bathurst Manor (34),2015,Auto Theft,25,140,0.1786,220.19,90.8,38,Very Safe,Assault
Bathurst Manor (34),2015,Break and Enter,30,140,0.2143,220.19,90.8,38,Very Safe,Assault
Bathurst Manor (34),2015,NonMCI,31,140,0.2214,220.19,90.8,38,Very Safe,Assault
Bathurst Manor (34),2015,Robbery,7,140,0.05,220.19,90.8,38,Very Safe,Assault
Bathurst Manor (34),2015,Theft Over,2,140,0.0143,220.19,90.8,38,Very Safe,Assault
Bay-Cloverhill (169),2015,Assault,96,192,0.5,355.77,81.5,80,Very Safe,Assault
Bay-Cloverhill (169),2015,Auto Theft,5,192,0.026,355.77,81.5,80,Very Safe,Assault
Bay-Cloverhill (169),2015,Break and Enter,46,192,0.2396,355.77,81.5,80,Very Safe,Assault
Bay-Cloverhill (169),2015,NonMCI,21,192,0.1094,355.77,81.5,80,Very Safe,Assault
Bay-Cloverhill (169),2015,Robbery,14,192,0.0729,355.77,81.5,80,Very Safe,Assault
Bay-Cloverhill (169),2015,Theft Over,10,192,0.0521,355.77,81.5,80,Very Safe,Assault
Bayview Village (52),2015,Assault,96,187,0.5134,339.19,82.6,77,Very Safe,Assault
Bayview Village (52),2015,Auto Theft,21,187,0.1123,339.19,82.6,77,Very Safe,Assault
Bayview Village (52),2015,Break and Enter,35,187,0.1872,339.19,82.6,77,Very Safe,Assault
Bayview Village (52),2015,NonMCI,21,187,0.1123,339.19,82.6,77,Very Safe,Assault
Bayview Village (52),2015,Robbery,5,187,0.0267,339.19,82.6,77,Very Safe,Assault
Bayview Village (52),2015,Theft Over,9,187,0.0481,339.19,82.6,77,Very Safe,Assault
Bayview Woods-Steeles (49),2015,Assault,40,97,0.4124,166.73,94.5,13,Very Safe,Assault
Bayview Woods-Steeles (49),2015,Auto Theft,7,97,0.0722,166.73,94.5,13,Very Safe,Assault
Bayview Woods-Steeles (49),2015,Break and Enter,34,97,0.3505,166.73,94.5,13,Very Safe,Assault
Bayview Woods-Steeles (49),2015,NonMCI,14,97,0.1443,166.73,94.5,13,Very Safe,Assault
Bayview Woods-Steeles (49),2015,Robbery,1,97,0.0103,166.73,94.5,13,Very Safe,Assault
Bayview Woods-Steeles (49),2015,Theft Over,1,97,0.0103,166.73,94.5,13,Very Safe,Assault
Bedford Park-Nortown (39),2015,Assault,28,212,0.1321,286.75,86.2,62,Very Safe,Break and Enter
Bedford Park-Nortown (39),2015,Auto Theft,38,212,0.1792,286.75,86.2,62,Very Safe,Break and Enter
Bedford Park-Nortown (39),2015,Break and Enter,66,212,0.3113,286.75,86.2,62,Very Safe,Break and Enter
Bedford Park-Nortown (39),2015,NonMCI,61,212,0.2877,286.75,86.2,62,Very Safe,Break and Enter
Bedford Park-Nortown (39),2015,Robbery,6,212,0.0283,286.75,86.2,62,Very Safe,Break and Enter
Bedford Park-Nortown (39),2015,Theft Over,13,212,0.0613,286.75,86.2,62,Very Safe,Break and Enter
Beechborough-Greenbrook (112),2015,Assault,79,136,0.5809,257.76,88.2,52,Very Safe,Assault
Beechborough-Greenbrook (112),2015,Auto Theft,9,136,0.0662,257.76,88.2,52,Very Safe,Assault
Beechborough-Greenbrook (112),2015,Break and Enter,15,136,0.1103,257.76,88.2,52,Very Safe,Assault
Beechborough-Greenbrook (112),2015,NonMCI,16,136,0.1176,257.76,88.2,52,Very Safe,Assault
Beechborough-Greenbrook (112),2015,Robbery,11,136,0.0809,257.76,88.2,52,Very Safe,Assault
Beechborough-Greenbrook (112),2015,Theft Over,6,136,0.0441,257.76,88.2,52,Very Safe,Assault
Bendale South (157),2015,Assault,61,145,0.4207,250.16,88.8,49,Very Safe,Assault
Bendale South (157),2015,Auto Theft,12,145,0.0828,250.16,88.8,49,Very Safe,Assault
Bendale South (157),2015,Break and Enter,28,145,0.1931,250.16,88.8,49,Very Safe,Assault
Bendale South (157),2015,NonMCI,28,145,0.1931,250.16,88.8,49,Very Safe,Assault
Bendale South (157),2015,Robbery,14,145,0.0966,250.16,88.8,49,Very Safe,Assault
Bendale South (157),2015,Theft Over,2,145,0.0138,250.16,88.8,49,Very Safe,Assault
Bendale-Glen Andrew (156),2015,Assault,136,317,0.429,548.74,68.1,128,Safe,Assault
Bendale-Glen Andrew (156),2015,Auto Theft,37,317,0.1167,548.74,68.1,128,Safe,Assault
Bendale-Glen Andrew (156),2015,Break and Enter,34,317,0.1073,548.74,68.1,128,Safe,Assault
Bendale-Glen Andrew (156),2015,NonMCI,62,317,0.1956,548.74,68.1,128,Safe,Assault
Bendale-Glen Andrew (156),2015,Robbery,40,317,0.1262,548.74,68.1,128,Safe,Assault
Bendale-Glen Andrew (156),2015,Theft Over,8,317,0.0252,548.74,68.1,128,Safe,Assault
Birchcliffe-Cliffside (122),2015,Assault,127,361,0.3518,577.66,66.2,129,Safe,Assault
Birchcliffe-Cliffside (122),2015,Auto Theft,22,361,0.0609,577.66,66.2,129,Safe,Assault
Birchcliffe-Cliffside (122),2015,Break and Enter,82,361,0.2271,577.66,66.2,129,Safe,Assault
Birchcliffe-Cliffside (122),2015,NonMCI,106,361,0.2936,577.66,66.2,129,Safe,Assault
Birchcliffe-Cliffside (122),2015,Robbery,20,361,0.0554,577.66,66.2,129,Safe,Assault
Birchcliffe-Cliffside (122),2015,Theft Over,4,361,0.0111,577.66,66.2,129,Safe,Assault
Black Creek (24),2015,Assault,214,359,0.5961,696.88,57.9,138,Moderate,Assault
Black Creek (24),2015,Auto Theft,46,359,0.1281,696.88,57.9,138,Moderate,Assault
Black Creek (24),2015,Break and Enter,26,359,0.0724,696.88,57.9,138,Moderate,Assault
Black Creek (24),2015,NonMCI,30,359,0.0836,696.88,57.9,138,Moderate,Assault
Black Creek (24),2015,Robbery,39,359,0.1086,696.88,57.9,138,Moderate,Assault
Black Creek (24),2015,Theft Over,4,359,0.0111,696.88,57.9,138,Moderate,Assault
Blake-Jones (69),2015,Assault,60,118,0.5085,220.62,90.8,38,Very Safe,Assault
Blake-Jones (69),2015,Auto Theft,2,118,0.0169,220.62,90.8,38,Very Safe,Assault
Blake-Jones (69),2015,Break and Enter,28,118,0.2373,220.62,90.8,38,Very Safe,Assault
Blake-Jones (69),2015,NonMCI,17,118,0.1441,220.62,90.8,38,Very Safe,Assault
Blake-Jones (69),2015,Robbery,10,118,0.0847,220.62,90.8,38,Very Safe,Assault
Blake-Jones (69),2015,Theft Over,1,118,0.0085,220.62,90.8,38,Very Safe,Assault
Briar Hill-Belgravia (108),2015,Assault,81,175,0.4629,305.58,84.9,68,Very Safe,Assault
Briar Hill-Belgravia (108),2015,Auto Theft,14,175,0.08,305.58,84.9,68,Very Safe,Assault
Briar Hill-Belgravia (108),2015,Break and Enter,30,175,0.1714,305.58,84.9,68,Very Safe,Assault
Briar Hill-Belgravia (108),2015,NonMCI,35,175,0.2,305.58,84.9,68,Very Safe,Assault
Briar Hill-Belgravia (108),2015,Robbery,12,175,0.0686,305.58,84.9,68,Very Safe,Assault
Briar Hill-Belgravia (108),2015,Theft Over,3,175,0.0171,305.58,84.9,68,Very Safe,Assault
Bridle Path-Sunnybrook-York Mills (41),2015,Assault,27,91,0.2967,146.77,95.9,9,Very Safe,Break and Enter
Bridle Path-Sunnybrook-York Mills (41),2015,Auto Theft,8,91,0.0879,146.77,95.9,9,Very Safe,Break and Enter
Bridle Path-Sunnybrook-York Mills (41),2015,Break and Enter,35,91,0.3846,146.77,95.9,9,Very Safe,Break and Enter
Bridle Path-Sunnybrook-York Mills (41),2015,NonMCI,16,91,0.1758,146.77,95.9,9,Very Safe,Break and Enter
Bridle Path-Sunnybrook-York Mills (41),2015,Robbery,1,91,0.011,146.77,95.9,9,Very Safe,Break and Enter
Bridle Path-Sunnybrook-York Mills (41),2015,Theft Over,4,91,0.044,146.77,95.9,9,Very Safe,Break and Enter
Broadview North (57),2015,Assault,53,108,0.4907,189.34,92.9,24,Very Safe,Assault
Broadview North (57),2015,Auto Theft,4,108,0.037,189.34,92.9,24,Very Safe,Assault
Broadview North (57),2015,Break and Enter,21,108,0.1944,189.34,92.9,24,Very Safe,Assault
Broadview North (57),2015,NonMCI,26,108,0.2407,189.34,92.9,24,Very Safe,Assault
Broadview North (57),2015,Robbery,3,108,0.0278,189.34,92.9,24,Very Safe,Assault
Broadview North (57),2015,Theft Over,1,108,0.0093,189.34,92.9,24,Very Safe,Assault
Brookhaven-Amesbury (30),2015,Assault,94,251,0.3745,410.89,77.7,101,Safe,Assault
Brookhaven-Amesbury (30),2015,Auto Theft,42,251,0.1673,410.89,77.7,101,Safe,Assault
Brookhaven-Amesbury (30),2015,Break and Enter,44,251,0.1753,410.89,77.7,101,Safe,Assault
Brookhaven-Amesbury (30),2015,NonMCI,49,251,0.1952,410.89,77.7,101,Safe,Assault
Brookhaven-Amesbury (30),2015,Robbery,15,251,0.0598,410.89,77.7,101,Safe,Assault
Brookhaven-Amesbury (30),2015,Theft Over,7,251,0.0279,410.89,77.7,101,Safe,Assault
Cabbagetown-South St.James Town (71),2015,Assault,102,308,0.3312,467.14,73.8,117,Safe,NonMCI
Cabbagetown-South St.James Town (71),2015,Auto Theft,7,308,0.0227,467.14,73.8,117,Safe,NonMCI
Cabbagetown-South St.James Town (71),2015,Break and Enter,65,308,0.211,467.14,73.8,117,Safe,NonMCI
Cabbagetown-South St.James Town (71),2015,NonMCI,115,308,0.3734,467.14,73.8,117,Safe,NonMCI
Cabbagetown-South St.James Town (71),2015,Robbery,14,308,0.0455,467.14,73.8,117,Safe,NonMCI
Cabbagetown-South St.James Town (71),2015,Theft Over,5,308,0.0162,467.14,73.8,117,Safe,NonMCI
Caledonia-Fairbank (109),2015,Assault,49,88,0.5568,164.86,94.6,12,Very Safe,Assault
Caledonia-Fairbank (109),2015,Auto Theft,4,88,0.0455,164.86,94.6,12,Very Safe,Assault
Caledonia-Fairbank (109),2015,Break and Enter,17,88,0.1932,164.86,94.6,12,Very Safe,Assault
Caledonia-Fairbank (109),2015,NonMCI,11,88,0.125,164.86,94.6,12,Very Safe,Assault
Caledonia-Fairbank (109),2015,Robbery,6,88,0.0682,164.86,94.6,12,Very Safe,Assault
Caledonia-Fairbank (109),2015,Theft Over,1,88,0.0114,164.86,94.6,12,Very Safe,Assault
Casa Loma (96),2015,Assault,33,93,0.3548,151.88,95.5,10,Very Safe,Assault
Casa Loma (96),2015,Auto Theft,2,93,0.0215,151.88,95.5,10,Very Safe,Assault
Casa Loma (96),2015,Break and Enter,24,93,0.2581,151.88,95.5,10,Very Safe,Assault
Casa Loma (96),2015,NonMCI,25,93,0.2688,151.88,95.5,10,Very Safe,Assault
Casa Loma (96),2015,Robbery,5,93,0.0538,151.88,95.5,10,Very Safe,Assault
Casa Loma (96),2015,Theft Over,4,93,0.043,151.88,95.5,10,Very Safe,Assault
Centennial Scarborough (133),2015,Assault,32,70,0.4571,121.58,97.6,6,Very Safe,Assault
Centennial Scarborough (133),2015,Auto Theft,7,70,0.1,121.58,97.6,6,Very Safe,Assault
Centennial Scarborough (133),2015,Break and Enter,15,70,0.2143,121.58,97.6,6,Very Safe,Assault
Centennial Scarborough (133),2015,NonMCI,13,70,0.1857,121.58,97.6,6,Very Safe,Assault
Centennial Scarborough (133),2015,Robbery,3,70,0.0429,121.58,97.6,6,Very Safe,Assault
Centennial Scarborough (133),2015,Theft Over,0,70,0.0,121.58,97.6,6,Very Safe,Assault
Church-Wellesley (167),2015,Assault,197,380,0.5184,702.56,57.5,139,Moderate,Assault
Church-Wellesley (167),2015,Auto Theft,11,380,0.0289,702.56,57.5,139,Moderate,Assault
Church-Wellesley (167),2015,Break and Enter,73,380,0.1921,702.56,57.5,139,Moderate,Assault
Church-Wellesley (167),2015,NonMCI,61,380,0.1605,702.56,57.5,139,Moderate,Assault
Church-Wellesley (167),2015,Robbery,33,380,0.0868,702.56,57.5,139,Moderate,Assault
Church-Wellesley (167),2015,Theft Over,5,380,0.0132,702.56,57.5,139,Moderate,Assault
Clairlea-Birchmount (120),2015,Assault,235,530,0.4434,927.77,42.0,149,Moderate,Assault
Clairlea-Birchmount (120),2015,Auto Theft,26,530,0.0491,927.77,42.0,149,Moderate,Assault
Clairlea-Birchmount (120),2015,Break and Enter,114,530,0.2151,927.77,42.0,149,Moderate,Assault
Clairlea-Birchmount (120),2015,NonMCI,96,530,0.1811,927.77,42.0,149,Moderate,Assault
Clairlea-Birchmount (120),2015,Robbery,42,530,0.0792,927.77,42.0,149,Moderate,Assault
Clairlea-Birchmount (120),2015,Theft Over,17,530,0.0321,927.77,42.0,149,Moderate,Assault
Clanton Park (33),2015,Assault,57,192,0.2969,292.13,85.9,65,Very Safe,Assault
Clanton Park (33),2015,Auto Theft,29,192,0.151,292.13,85.9,65,Very Safe,Assault
Clanton Park (33),2015,Break and Enter,44,192,0.2292,292.13,85.9,65,Very Safe,Assault
Clanton Park (33),2015,NonMCI,50,192,0.2604,292.13,85.9,65,Very Safe,Assault
Clanton Park (33),2015,Robbery,7,192,0.0365,292.13,85.9,65,Very Safe,Assault
Clanton Park (33),2015,Theft Over,5,192,0.026,292.13,85.9,65,Very Safe,Assault
Cliffcrest (123),2015,Assault,96,248,0.3871,414.61,77.4,102,Safe,Assault
Cliffcrest (123),2015,Auto Theft,13,248,0.0524,414.61,77.4,102,Safe,Assault
Cliffcrest (123),2015,Break and Enter,58,248,0.2339,414.61,77.4,102,Safe,Assault
Cliffcrest (123),2015,NonMCI,57,248,0.2298,414.61,77.4,102,Safe,Assault
Cliffcrest (123),2015,Robbery,18,248,0.0726,414.61,77.4,102,Safe,Assault
Cliffcrest (123),2015,Theft Over,6,248,0.0242,414.61,77.4,102,Safe,Assault
Corso Italia-Davenport (92),2015,Assault,80,165,0.4848,290.64,86.0,64,Very Safe,Assault
Corso Italia-Davenport (92),2015,Auto Theft,10,165,0.0606,290.64,86.0,64,Very Safe,Assault
Corso Italia-Davenport (92),2015,Break and Enter,22,165,0.1333,290.64,86.0,64,Very Safe,Assault
Corso Italia-Davenport (92),2015,NonMCI,36,165,0.2182,290.64,86.0,64,Very Safe,Assault
Corso Italia-Davenport (92),2015,Robbery,13,165,0.0788,290.64,86.0,64,Very Safe,Assault
Corso Italia-Davenport (92),2015,Theft Over,4,165,0.0242,290.64,86.0,64,Very Safe,Assault
Danforth (66),2015,Assault,93,233,0.3991,385.86,79.4,90,Safe,Assault
Danforth (66),2015,Auto Theft,8,233,0.0343,385.86,79.4,90,Safe,Assault
Danforth (66),2015,Break and Enter,40,233,0.1717,385.86,79.4,90,Safe,Assault
Danforth (66),2015,NonMCI,65,233,0.279,385.86,79.4,90,Safe,Assault
Danforth (66),2015,Robbery,22,233,0.0944,385.86,79.4,90,Safe,Assault
Danforth (66),2015,Theft Over,5,233,0.0215,385.86,79.4,90,Safe,Assault
Danforth East York (59),2015,Assault,54,161,0.3354,239.47,89.5,43,Very Safe,NonMCI
Danforth East York (59),2015,Auto Theft,10,161,0.0621,239.47,89.5,43,Very Safe,NonMCI
Danforth East York (59),2015,Break and Enter,24,161,0.1491,239.47,89.5,43,Very Safe,NonMCI
Danforth East York (59),2015,NonMCI,63,161,0.3913,239.47,89.5,43,Very Safe,NonMCI
Danforth East York (59),2015,Robbery,7,161,0.0435,239.47,89.5,43,Very Safe,NonMCI
Danforth East York (59),2015,Theft Over,3,161,0.0186,239.47,89.5,43,Very Safe,NonMCI
Don Valley Village (47),2015,Assault,122,330,0.3697,519.06,70.2,123,Safe,Assault
Don Valley Village (47),2015,Auto Theft,29,330,0.0879,519.06,70.2,123,Safe,Assault
Don Valley Village (47),2015,Break and Enter,48,330,0.1455,519.06,70.2,123,Safe,Assault
Don Valley Village (47),2015,NonMCI,102,330,0.3091,519.06,70.2,123,Safe,Assault
Don Valley Village (47),2015,Robbery,24,330,0.0727,519.06,70.2,123,Safe,Assault
Don Valley Village (47),2015,Theft Over,5,330,0.0152,519.06,70.2,123,Safe,Assault
Dorset Park (126),2015,Assault,157,421,0.3729,691.82,58.3,137,Moderate,Assault
Dorset Park (126),2015,Auto Theft,42,421,0.0998,691.82,58.3,137,Moderate,Assault
Dorset Park (126),2015,Break and Enter,84,421,0.1995,691.82,58.3,137,Moderate,Assault
Dorset Park (126),2015,NonMCI,98,421,0.2328,691.82,58.3,137,Moderate,Assault
Dorset Park (126),2015,Robbery,31,421,0.0736,691.82,58.3,137,Moderate,Assault
Dorset Park (126),2015,Theft Over,9,421,0.0214,691.82,58.3,137,Moderate,Assault
Dovercourt Village (172),2015,Assault,64,161,0.3975,273.34,87.2,58,Very Safe,Assault
Dovercourt Village (172),2015,Auto Theft,16,161,0.0994,273.34,87.2,58,Very Safe,Assault
Dovercourt Village (172),2015,Break and Enter,20,161,0.1242,273.34,87.2,58,Very Safe,Assault
Dovercourt Village (172),2015,NonMCI,37,161,0.2298,273.34,87.2,58,Very Safe,Assault
Dovercourt Village (172),2015,Robbery,22,161,0.1366,273.34,87.2,58,Very Safe,Assault
Dovercourt Village (172),2015,Theft Over,2,161,0.0124,273.34,87.2,58,Very Safe,Assault
Downsview (155),2015,Assault,115,260,0.4423,446.89,75.2,112,Safe,Assault
Downsview (155),2015,Auto Theft,35,260,0.1346,446.89,75.2,112,Safe,Assault
Downsview (155),2015,Break and Enter,33,260,0.1269,446.89,75.2,112,Safe,Assault
Downsview (155),2015,NonMCI,46,260,0.1769,446.89,75.2,112,Safe,Assault
Downsview (155),2015,Robbery,21,260,0.0808,446.89,75.2,112,Safe,Assault
Downsview (155),2015,Theft Over,10,260,0.0385,446.89,75.2,112,Safe,Assault
Downtown Yonge East (168),2015,Assault,352,711,0.4951,1277.91,17.8,154,Very Risky,Assault
Downtown Yonge East (168),2015,Auto Theft,18,711,0.0253,1277.91,17.8,154,Very Risky,Assault
Downtown Yonge East (168),2015,Break and Enter,81,711,0.1139,1277.91,17.8,154,Very Risky,Assault
Downtown Yonge East (168),2015,NonMCI,158,711,0.2222,1277.91,17.8,154,Very Risky,Assault
Downtown Yonge East (168),2015,Robbery,88,711,0.1238,1277.91,17.8,154,Very Risky,Assault
Downtown Yonge East (168),2015,Theft Over,14,711,0.0197,1277.91,17.8,154,Very Risky,Assault
Dufferin Grove (83),2015,Assault,71,167,0.4251,291.17,85.9,65,Very Safe,Assault
Dufferin Grove (83),2015,Auto Theft,8,167,0.0479,291.17,85.9,65,Very Safe,Assault
Dufferin Grove (83),2015,Break and Enter,31,167,0.1856,291.17,85.9,65,Very Safe,Assault
Dufferin Grove (83),2015,NonMCI,32,167,0.1916,291.17,85.9,65,Very Safe,Assault
Dufferin Grove (83),2015,Robbery,21,167,0.1257,291.17,85.9,65,Very Safe,Assault
Dufferin Grove (83),2015,Theft Over,4,167,0.024,291.17,85.9,65,Very Safe,Assault
East End-Danforth (62),2015,Assault,180,437,0.4119,732.93,55.4,143,Moderate,Assault
East End-Danforth (62),2015,Auto Theft,13,437,0.0297,732.93,55.4,143,Moderate,Assault
East End-Danforth (62),2015,Break and Enter,90,437,0.2059,732.93,55.4,143,Moderate,Assault
East End-Danforth (62),2015,NonMCI,119,437,0.2723,732.93,55.4,143,Moderate,Assault
East End-Danforth (62),2015,Robbery,27,437,0.0618,732.93,55.4,143,Moderate,Assault
East End-Danforth (62),2015,Theft Over,8,437,0.0183,732.93,55.4,143,Moderate,Assault
East L'Amoreaux (148),2015,Assault,75,180,0.4167,313.67,84.4,70,Very Safe,Assault
East L'Amoreaux (148),2015,Auto Theft,8,180,0.0444,313.67,84.4,70,Very Safe,Assault
East L'Amoreaux (148),2015,Break and Enter,50,180,0.2778,313.67,84.4,70,Very Safe,Assault
East L'Amoreaux (148),2015,NonMCI,30,180,0.1667,313.67,84.4,70,Very Safe,Assault
East L'Amoreaux (148),2015,Robbery,12,180,0.0667,313.67,84.4,70,Very Safe,Assault
East L'Amoreaux (148),2015,Theft Over,5,180,0.0278,313.67,84.4,70,Very Safe,Assault
East Willowdale (152),2015,Assault,41,156,0.2628,257.43,88.2,52,Very Safe,Break and Enter
East Willowdale (152),2015,Auto Theft,20,156,0.1282,257.43,88.2,52,Very Safe,Break and Enter
East Willowdale (152),2015,Break and Enter,58,156,0.3718,257.43,88.2,52,Very Safe,Break and Enter
East Willowdale (152),2015,NonMCI,18,156,0.1154,257.43,88.2,52,Very Safe,Break and Enter
East Willowdale (152),2015,Robbery,14,156,0.0897,257.43,88.2,52,Very Safe,Break and Enter
East Willowdale (152),2015,Theft Over,5,156,0.0321,257.43,88.2,52,Very Safe,Break and Enter
Edenbridge-Humber Valley (9),2015,Assault,21,178,0.118,221.65,90.7,40,Very Safe,NonMCI
Edenbridge-Humber Valley (9),2015,Auto Theft,24,178,0.1348,221.65,90.7,40,Very Safe,NonMCI
Edenbridge-Humber Valley (9),2015,Break and Enter,40,178,0.2247,221.65,90.7,40,Very Safe,NonMCI
Edenbridge-Humber Valley (9),2015,NonMCI,82,178,0.4607,221.65,90.7,40,Very Safe,NonMCI
Edenbridge-Humber Valley (9),2015,Robbery,7,178,0.0393,221.65,90.7,40,Very Safe,NonMCI
Edenbridge-Humber Valley (9),2015,Theft Over,4,178,0.0225,221.65,90.7,40,Very Safe,NonMCI
Eglinton East (138),2015,Assault,175,360,0.4861,665.47,60.1,136,Safe,Assault
Eglinton East (138),2015,Auto Theft,17,360,0.0472,665.47,60.1,136,Safe,Assault
Eglinton East (138),2015,Break and Enter,77,360,0.2139,665.47,60.1,136,Safe,Assault
Eglinton East (138),2015,NonMCI,47,360,0.1306,665.47,60.1,136,Safe,Assault
Eglinton East (138),2015,Robbery,41,360,0.1139,665.47,60.1,136,Safe,Assault
Eglinton East (138),2015,Theft Over,3,360,0.0083,665.47,60.1,136,Safe,Assault
Elms-Old Rexdale (5),2015,Assault,46,114,0.4035,188.74,93.0,23,Very Safe,Assault
Elms-Old Rexdale (5),2015,Auto Theft,18,114,0.1579,188.74,93.0,23,Very Safe,Assault
Elms-Old Rexdale (5),2015,Break and Enter,17,114,0.1491,188.74,93.0,23,Very Safe,Assault
Elms-Old Rexdale (5),2015,NonMCI,25,114,0.2193,188.74,93.0,23,Very Safe,Assault
Elms-Old Rexdale (5),2015,Robbery,8,114,0.0702,188.74,93.0,23,Very Safe,Assault
Elms-Old Rexdale (5),2015,Theft Over,0,114,0.0,188.74,93.0,23,Very Safe,Assault
Englemount-Lawrence (32),2015,Assault,88,216,0.4074,354.04,81.6,79,Very Safe,Assault
Englemount-Lawrence (32),2015,Auto Theft,21,216,0.0972,354.04,81.6,79,Very Safe,Assault
Englemount-Lawrence (32),2015,Break and Enter,40,216,0.1852,354.04,81.6,79,Very Safe,Assault
Englemount-Lawrence (32),2015,NonMCI,55,216,0.2546,354.04,81.6,79,Very Safe,Assault
Englemount-Lawrence (32),2015,Robbery,10,216,0.0463,354.04,81.6,79,Very Safe,Assault
Englemount-Lawrence (32),2015,Theft Over,2,216,0.0093,354.04,81.6,79,Very Safe,Assault
Eringate-Centennial-West Deane (11),2015,Assault,58,174,0.3333,270.91,87.3,57,Very Safe,Assault
Eringate-Centennial-West Deane (11),2015,Auto Theft,25,174,0.1437,270.91,87.3,57,Very Safe,Assault
Eringate-Centennial-West Deane (11),2015,Break and Enter,28,174,0.1609,270.91,87.3,57,Very Safe,Assault
Eringate-Centennial-West Deane (11),2015,NonMCI,47,174,0.2701,270.91,87.3,57,Very Safe,Assault
Eringate-Centennial-West Deane (11),2015,Robbery,13,174,0.0747,270.91,87.3,57,Very Safe,Assault
Eringate-Centennial-West Deane (11),2015,Theft Over,3,174,0.0172,270.91,87.3,57,Very Safe,Assault
Etobicoke City Centre (159),2015,Assault,142,468,0.3034,715.64,56.6,140,Moderate,Assault
Etobicoke City Centre (159),2015,Auto Theft,77,468,0.1645,715.64,56.6,140,Moderate,Assault
Etobicoke City Centre (159),2015,Break and Enter,86,468,0.1838,715.64,56.6,140,Moderate,Assault
Etobicoke City Centre (159),2015,NonMCI,107,468,0.2286,715.64,56.6,140,Moderate,Assault
Etobicoke City Centre (159),2015,Robbery,19,468,0.0406,715.64,56.6,140,Moderate,Assault
Etobicoke City Centre (159),2015,Theft Over,37,468,0.0791,715.64,56.6,140,Moderate,Assault
Etobicoke West Mall (13),2015,Assault,60,131,0.458,226.83,90.4,41,Very Safe,Assault
Etobicoke West Mall (13),2015,Auto Theft,17,131,0.1298,226.83,90.4,41,Very Safe,Assault
Etobicoke West Mall (13),2015,Break and Enter,25,131,0.1908,226.83,90.4,41,Very Safe,Assault
Etobicoke West Mall (13),2015,NonMCI,21,131,0.1603,226.83,90.4,41,Very Safe,Assault
Etobicoke West Mall (13),2015,Robbery,5,131,0.0382,226.83,90.4,41,Very Safe,Assault
Etobicoke West Mall (13),2015,Theft Over,3,131,0.0229,226.83,90.4,41,Very Safe,Assault
Fenside-Parkwoods (150),2015,Assault,96,218,0.4404,369.85,80.5,84,Very Safe,Assault
Fenside-Parkwoods (150),2015,Auto Theft,15,218,0.0688,369.85,80.5,84,Very Safe,Assault
Fenside-Parkwoods (150),2015,Break and Enter,35,218,0.1606,369.85,80.5,84,Very Safe,Assault
Fenside-Parkwoods (150),2015,NonMCI,53,218,0.2431,369.85,80.5,84,Very Safe,Assault
Fenside-Parkwoods (150),2015,Robbery,16,218,0.0734,369.85,80.5,84,Very Safe,Assault
Fenside-Parkwoods (150),2015,Theft Over,3,218,0.0138,369.85,80.5,84,Very Safe,Assault
Flemingdon Park (44),2015,Assault,134,199,0.6734,404.83,78.1,97,Safe,Assault
Flemingdon Park (44),2015,Auto Theft,8,199,0.0402,404.83,78.1,97,Safe,Assault
Flemingdon Park (44),2015,Break and Enter,21,199,0.1055,404.83,78.1,97,Safe,Assault
Flemingdon Park (44),2015,NonMCI,15,199,0.0754,404.83,78.1,97,Safe,Assault
Flemingdon Park (44),2015,Robbery,18,199,0.0905,404.83,78.1,97,Safe,Assault
Flemingdon Park (44),2015,Theft Over,3,199,0.0151,404.83,78.1,97,Safe,Assault
Forest Hill North (102),2015,Assault,34,113,0.3009,182.94,93.4,21,Very Safe,Break and Enter
Forest Hill North (102),2015,Auto Theft,16,113,0.1416,182.94,93.4,21,Very Safe,Break and Enter
Forest Hill North (102),2015,Break and Enter,36,113,0.3186,182.94,93.4,21,Very Safe,Break and Enter
Forest Hill North (102),2015,NonMCI,18,113,0.1593,182.94,93.4,21,Very Safe,Break and Enter
Forest Hill North (102),2015,Robbery,6,113,0.0531,182.94,93.4,21,Very Safe,Break and Enter
Forest Hill North (102),2015,Theft Over,3,113,0.0265,182.94,93.4,21,Very Safe,Break and Enter
Forest Hill South (101),2015,Assault,11,60,0.1833,87.12,100.0,1,Very Safe,Break and Enter
Forest Hill South (101),2015,Auto Theft,13,60,0.2167,87.12,100.0,1,Very Safe,Break and Enter
Forest Hill South (101),2015,Break and Enter,18,60,0.3,87.12,100.0,1,Very Safe,Break and Enter
Forest Hill South (101),2015,NonMCI,12,60,0.2,87.12,100.0,1,Very Safe,Break and Enter
Forest Hill South (101),2015,Robbery,1,60,0.0167,87.12,100.0,1,Very Safe,Break and Enter
Forest Hill South (101),2015,Theft Over,5,60,0.0833,87.12,100.0,1,Very Safe,Break and Enter
Fort York-Liberty Village (163),2015,Assault,99,232,0.4267,384.18,79.5,89,Safe,Assault
Fort York-Liberty Village (163),2015,Auto Theft,19,232,0.0819,384.18,79.5,89,Safe,Assault
Fort York-Liberty Village (163),2015,Break and Enter,39,232,0.1681,384.18,79.5,89,Safe,Assault
Fort York-Liberty Village (163),2015,NonMCI,56,232,0.2414,384.18,79.5,89,Safe,Assault
Fort York-Liberty Village (163),2015,Robbery,6,232,0.0259,384.18,79.5,89,Safe,Assault
Fort York-Liberty Village (163),2015,Theft Over,13,232,0.056,384.18,79.5,89,Safe,Assault
Glenfield-Jane Heights (25),2015,Assault,269,449,0.5991,866.19,46.2,148,Moderate,Assault
Glenfield-Jane Heights (25),2015,Auto Theft,49,449,0.1091,866.19,46.2,148,Moderate,Assault
Glenfield-Jane Heights (25),2015,Break and Enter,38,449,0.0846,866.19,46.2,148,Moderate,Assault
Glenfield-Jane Heights (25),2015,NonMCI,49,449,0.1091,866.19,46.2,148,Moderate,Assault
Glenfield-Jane Heights (25),2015,Robbery,38,449,0.0846,866.19,46.2,148,Moderate,Assault
Glenfield-Jane Heights (25),2015,Theft Over,6,449,0.0134,866.19,46.2,148,Moderate,Assault
Golfdale-Cedarbrae-Woburn (141),2015,Assault,203,387,0.5245,721.19,56.2,141,Moderate,Assault
Golfdale-Cedarbrae-Woburn (141),2015,Auto Theft,18,387,0.0465,721.19,56.2,141,Moderate,Assault
Golfdale-Cedarbrae-Woburn (141),2015,Break and Enter,60,387,0.155,721.19,56.2,141,Moderate,Assault
Golfdale-Cedarbrae-Woburn (141),2015,NonMCI,58,387,0.1499,721.19,56.2,141,Moderate,Assault
Golfdale-Cedarbrae-Woburn (141),2015,Robbery,43,387,0.1111,721.19,56.2,141,Moderate,Assault
Golfdale-Cedarbrae-Woburn (141),2015,Theft Over,5,387,0.0129,721.19,56.2,141,Moderate,Assault
Greenwood-Coxwell (65),2015,Assault,121,254,0.4764,438.97,75.7,109,Safe,Assault
Greenwood-Coxwell (65),2015,Auto Theft,17,254,0.0669,438.97,75.7,109,Safe,Assault
Greenwood-Coxwell (65),2015,Break and Enter,35,254,0.1378,438.97,75.7,109,Safe,Assault
Greenwood-Coxwell (65),2015,NonMCI,59,254,0.2323,438.97,75.7,109,Safe,Assault
Greenwood-Coxwell (65),2015,Robbery,15,254,0.0591,438.97,75.7,109,Safe,Assault
Greenwood-Coxwell (65),2015,Theft Over,7,254,0.0276,438.97,75.7,109,Safe,Assault
Guildwood (140),2015,Assault,36,123,0.2927,176.15,93.9,15,Very Safe,NonMCI
Guildwood (140),2015,Auto Theft,1,123,0.0081,176.15,93.9,15,Very Safe,NonMCI
Guildwood (140),2015,Break and Enter,21,123,0.1707,176.15,93.9,15,Very Safe,NonMCI
Guildwood (140),2015,NonMCI,57,123,0.4634,176.15,93.9,15,Very Safe,NonMCI
Guildwood (140),2015,Robbery,6,123,0.0488,176.15,93.9,15,Very Safe,NonMCI
Guildwood (140),2015,Theft Over,2,123,0.0163,176.15,93.9,15,Very Safe,NonMCI
Harbourfront-CityPlace (165),2015,Assault,132,334,0.3952,538.47,68.9,125,Safe,Assault
Harbourfront-CityPlace (165),2015,Auto Theft,23,334,0.0689,538.47,68.9,125,Safe,Assault
Harbourfront-CityPlace (165),2015,Break and Enter,66,334,0.1976,538.47,68.9,125,Safe,Assault
Harbourfront-CityPlace (165),2015,NonMCI,91,334,0.2725,538.47,68.9,125,Safe,Assault
Harbourfront-CityPlace (165),2015,Robbery,7,334,0.021,538.47,68.9,125,Safe,Assault
Harbourfront-CityPlace (165),2015,Theft Over,15,334,0.0449,538.47,68.9,125,Safe,Assault
Henry Farm (53),2015,Assault,51,125,0.408,205.0,91.9,30,Very Safe,Assault
Henry Farm (53),2015,Auto Theft,10,125,0.08,205.0,91.9,30,Very Safe,Assault
Henry Farm (53),2015,Break and Enter,26,125,0.208,205.0,91.9,30,Very Safe,Assault
Henry Farm (53),2015,NonMCI,30,125,0.24,205.0,91.9,30,Very Safe,Assault
Henry Farm (53),2015,Robbery,5,125,0.04,205.0,91.9,30,Very Safe,Assault
Henry Farm (53),2015,Theft Over,3,125,0.024,205.0,91.9,30,Very Safe,Assault
High Park North (88),2015,Assault,106,239,0.4435,440.63,75.6,111,Safe,Assault
High Park North (88),2015,Auto Theft,14,239,0.0586,440.63,75.6,111,Safe,Assault
High Park North (88),2015,Break and Enter,70,239,0.2929,440.63,75.6,111,Safe,Assault
High Park North (88),2015,NonMCI,23,239,0.0962,440.63,75.6,111,Safe,Assault
High Park North (88),2015,Robbery,25,239,0.1046,440.63,75.6,111,Safe,Assault
High Park North (88),2015,Theft Over,1,239,0.0042,440.63,75.6,111,Safe,Assault
High Park-Swansea (87),2015,Assault,89,250,0.356,406.52,78.0,98,Safe,Assault
High Park-Swansea (87),2015,Auto Theft,14,250,0.056,406.52,78.0,98,Safe,Assault
High Park-Swansea (87),2015,Break and Enter,50,250,0.2,406.52,78.0,98,Safe,Assault
High Park-Swansea (87),2015,NonMCI,68,250,0.272,406.52,78.0,98,Safe,Assault
High Park-Swansea (87),2015,Robbery,24,250,0.096,406.52,78.0,98,Safe,Assault
High Park-Swansea (87),2015,Theft Over,5,250,0.02,406.52,78.0,98,Safe,Assault
Highland Creek (134),2015,Assault,48,149,0.3221,254.17,88.5,51,Very Safe,Assault
Highland Creek (134),2015,Auto Theft,10,149,0.0671,254.17,88.5,51,Very Safe,Assault
Highland Creek (134),2015,Break and Enter,36,149,0.2416,254.17,88.5,51,Very Safe,Assault
Highland Creek (134),2015,NonMCI,25,149,0.1678,254.17,88.5,51,Very Safe,Assault
Highland Creek (134),2015,Robbery,25,149,0.1678,254.17,88.5,51,Very Safe,Assault
Highland Creek (134),2015,Theft Over,5,149,0.0336,254.17,88.5,51,Very Safe,Assault
Hillcrest Village (48),2015,Assault,47,164,0.2866,252.1,88.6,50,Very Safe,Break and Enter
Hillcrest Village (48),2015,Auto Theft,10,164,0.061,252.1,88.6,50,Very Safe,Break and Enter
Hillcrest Village (48),2015,Break and Enter,48,164,0.2927,252.1,88.6,50,Very Safe,Break and Enter
Hillcrest Village (48),2015,NonMCI,46,164,0.2805,252.1,88.6,50,Very Safe,Break and Enter
Hillcrest Village (48),2015,Robbery,8,164,0.0488,252.1,88.6,50,Very Safe,Break and Enter
Hillcrest Village (48),2015,Theft Over,5,164,0.0305,252.1,88.6,50,Very Safe,Break and Enter
Humber Bay Shores (161),2015,Assault,73,134,0.5448,244.74,89.1,44,Very Safe,Assault
Humber Bay Shores (161),2015,Auto Theft,11,134,0.0821,244.74,89.1,44,Very Safe,Assault
Humber Bay Shores (161),2015,Break and Enter,20,134,0.1493,244.74,89.1,44,Very Safe,Assault
Humber Bay Shores (161),2015,NonMCI,20,134,0.1493,244.74,89.1,44,Very Safe,Assault
Humber Bay Shores (161),2015,Robbery,5,134,0.0373,244.74,89.1,44,Very Safe,Assault
Humber Bay Shores (161),2015,Theft Over,5,134,0.0373,244.74,89.1,44,Very Safe,Assault
Humber Heights-Westmount (8),2015,Assault,32,121,0.2645,175.24,93.9,15,Very Safe,NonMCI
Humber Heights-Westmount (8),2015,Auto Theft,25,121,0.2066,175.24,93.9,15,Very Safe,NonMCI
Humber Heights-Westmount (8),2015,Break and Enter,20,121,0.1653,175.24,93.9,15,Very Safe,NonMCI
Humber Heights-Westmount (8),2015,NonMCI,37,121,0.3058,175.24,93.9,15,Very Safe,NonMCI
Humber Heights-Westmount (8),2015,Robbery,5,121,0.0413,175.24,93.9,15,Very Safe,NonMCI
Humber Heights-Westmount (8),2015,Theft Over,2,121,0.0165,175.24,93.9,15,Very Safe,NonMCI
Humber Summit (21),2015,Assault,94,275,0.3418,448.36,75.1,114,Safe,Assault
Humber Summit (21),2015,Auto Theft,37,275,0.1345,448.36,75.1,114,Safe,Assault
Humber Summit (21),2015,Break and Enter,45,275,0.1636,448.36,75.1,114,Safe,Assault
Humber Summit (21),2015,NonMCI,58,275,0.2109,448.36,75.1,114,Safe,Assault
Humber Summit (21),2015,Robbery,26,275,0.0945,448.36,75.1,114,Safe,Assault
Humber Summit (21),2015,Theft Over,15,275,0.0545,448.36,75.1,114,Safe,Assault
Humbermede (22),2015,Assault,111,228,0.4868,407.15,77.9,100,Safe,Assault
Humbermede (22),2015,Auto Theft,31,228,0.136,407.15,77.9,100,Safe,Assault
Humbermede (22),2015,Break and Enter,35,228,0.1535,407.15,77.9,100,Safe,Assault
Humbermede (22),2015,NonMCI,27,228,0.1184,407.15,77.9,100,Safe,Assault
Humbermede (22),2015,Robbery,15,228,0.0658,407.15,77.9,100,Safe,Assault
Humbermede (22),2015,Theft Over,9,228,0.0395,407.15,77.9,100,Safe,Assault
Humewood-Cedarvale (106),2015,Assault,50,160,0.3125,245.62,89.1,44,Very Safe,NonMCI
Humewood-Cedarvale (106),2015,Auto Theft,6,160,0.0375,245.62,89.1,44,Very Safe,NonMCI
Humewood-Cedarvale (106),2015,Break and Enter,39,160,0.2438,245.62,89.1,44,Very Safe,NonMCI
Humewood-Cedarvale (106),2015,NonMCI,53,160,0.3312,245.62,89.1,44,Very Safe,NonMCI
Humewood-Cedarvale (106),2015,Robbery,9,160,0.0562,245.62,89.1,44,Very Safe,NonMCI
Humewood-Cedarvale (106),2015,Theft Over,3,160,0.0188,245.62,89.1,44,Very Safe,NonMCI
Ionview (125),2015,Assault,102,210,0.4857,382.22,79.6,87,Safe,Assault
Ionview (125),2015,Auto Theft,12,210,0.0571,382.22,79.6,87,Safe,Assault
Ionview (125),2015,Break and Enter,45,210,0.2143,382.22,79.6,87,Safe,Assault
Ionview (125),2015,NonMCI,29,210,0.1381,382.22,79.6,87,Safe,Assault
Ionview (125),2015,Robbery,17,210,0.081,382.22,79.6,87,Safe,Assault
Ionview (125),2015,Theft Over,5,210,0.0238,382.22,79.6,87,Safe,Assault
Islington (158),2015,Assault,58,262,0.2214,365.96,80.8,81,Very Safe,NonMCI
Islington (158),2015,Auto Theft,24,262,0.0916,365.96,80.8,81,Very Safe,NonMCI
Islington (158),2015,Break and Enter,57,262,0.2176,365.96,80.8,81,Very Safe,NonMCI
Islington (158),2015,NonMCI,104,262,0.3969,365.96,80.8,81,Very Safe,NonMCI
Islington (158),2015,Robbery,13,262,0.0496,365.96,80.8,81,Very Safe,NonMCI
Islington (158),2015,Theft Over,6,262,0.0229,365.96,80.8,81,Very Safe,NonMCI
Junction Area (90),2015,Assault,97,210,0.4619,367.95,80.6,82,Very Safe,Assault
Junction Area (90),2015,Auto Theft,23,210,0.1095,367.95,80.6,82,Very Safe,Assault
Junction Area (90),2015,Break and Enter,33,210,0.1571,367.95,80.6,82,Very Safe,Assault
Junction Area (90),2015,NonMCI,39,210,0.1857,367.95,80.6,82,Very Safe,Assault
Junction Area (90),2015,Robbery,16,210,0.0762,367.95,80.6,82,Very Safe,Assault
Junction Area (90),2015,Theft Over,2,210,0.0095,367.95,80.6,82,Very Safe,Assault
Junction-Wallace Emerson (171),2015,Assault,142,260,0.5462,499.79,71.5,119,Safe,Assault
Junction-Wallace Emerson (171),2015,Auto Theft,15,260,0.0577,499.79,71.5,119,Safe,Assault
Junction-Wallace Emerson (171),2015,Break and Enter,47,260,0.1808,499.79,71.5,119,Safe,Assault
Junction-Wallace Emerson (171),2015,NonMCI,25,260,0.0962,499.79,71.5,119,Safe,Assault
Junction-Wallace Emerson (171),2015,Robbery,26,260,0.1,499.79,71.5,119,Safe,Assault
Junction-Wallace Emerson (171),2015,Theft Over,5,260,0.0192,499.79,71.5,119,Safe,Assault
Keelesdale-Eglinton West (110),2015,Assault,53,122,0.4344,216.66,91.1,37,Very Safe,Assault
Keelesdale-Eglinton West (110),2015,Auto Theft,16,122,0.1311,216.66,91.1,37,Very Safe,Assault
Keelesdale-Eglinton West (110),2015,Break and Enter,20,122,0.1639,216.66,91.1,37,Very Safe,Assault
Keelesdale-Eglinton West (110),2015,NonMCI,16,122,0.1311,216.66,91.1,37,Very Safe,Assault
Keelesdale-Eglinton West (110),2015,Robbery,15,122,0.123,216.66,91.1,37,Very Safe,Assault
Keelesdale-Eglinton West (110),2015,Theft Over,2,122,0.0164,216.66,91.1,37,Very Safe,Assault
Kennedy Park (124),2015,Assault,216,375,0.576,725.56,55.9,142,Moderate,Assault
Kennedy Park (124),2015,Auto Theft,14,375,0.0373,725.56,55.9,142,Moderate,Assault
Kennedy Park (124),2015,Break and Enter,36,375,0.096,725.56,55.9,142,Moderate,Assault
Kennedy Park (124),2015,NonMCI,49,375,0.1307,725.56,55.9,142,Moderate,Assault
Kennedy Park (124),2015,Robbery,57,375,0.152,725.56,55.9,142,Moderate,Assault
Kennedy Park (124),2015,Theft Over,3,375,0.008,725.56,55.9,142,Moderate,Assault
Kensington-Chinatown (78),2015,Assault,355,1075,0.3302,1536.37,0.0,158,Very Risky,NonMCI
Kensington-Chinatown (78),2015,Auto Theft,22,1075,0.0205,1536.37,0.0,158,Very Risky,NonMCI
Kensington-Chinatown (78),2015,Break and Enter,99,1075,0.0921,1536.37,0.0,158,Very Risky,NonMCI
Kensington-Chinatown (78),2015,NonMCI,510,1075,0.4744,1536.37,0.0,158,Very Risky,NonMCI
Kensington-Chinatown (78),2015,Robbery,49,1075,0.0456,1536.37,0.0,158,Very Risky,NonMCI
Kensington-Chinatown (78),2015,Theft Over,40,1075,0.0372,1536.37,0.0,158,Very Risky,NonMCI
Kingsview Village-The Westway (6),2015,Assault,109,275,0.3964,457.75,74.4,115,Safe,Assault
Kingsview Village-The Westway (6),2015,Auto Theft,49,275,0.1782,457.75,74.4,115,Safe,Assault
Kingsview Village-The Westway (6),2015,Break and Enter,33,275,0.12,457.75,74.4,115,Safe,Assault
Kingsview Village-The Westway (6),2015,NonMCI,53,275,0.1927,457.75,74.4,115,Safe,Assault
Kingsview Village-The Westway (6),2015,Robbery,27,275,0.0982,457.75,74.4,115,Safe,Assault
Kingsview Village-The Westway (6),2015,Theft Over,4,275,0.0145,457.75,74.4,115,Safe,Assault
Kingsway South (15),2015,Assault,33,123,0.2683,191.9,92.8,27,Very Safe,Assault
Kingsway South (15),2015,Auto Theft,14,123,0.1138,191.9,92.8,27,Very Safe,Assault
Kingsway South (15),2015,Break and Enter,23,123,0.187,191.9,92.8,27,Very Safe,Assault
Kingsway South (15),2015,NonMCI,33,123,0.2683,191.9,92.8,27,Very Safe,Assault
Kingsway South (15),2015,Robbery,17,123,0.1382,191.9,92.8,27,Very Safe,Assault
Kingsway South (15),2015,Theft Over,3,123,0.0244,191.9,92.8,27,Very Safe,Assault
L'Amoreaux West (147),2015,Assault,74,182,0.4066,315.49,84.2,73,Very Safe,Assault
L'Amoreaux West (147),2015,Auto Theft,12,182,0.0659,315.49,84.2,73,Very Safe,Assault
L'Amoreaux West (147),2015,Break and Enter,35,182,0.1923,315.49,84.2,73,Very Safe,Assault
L'Amoreaux West (147),2015,NonMCI,35,182,0.1923,315.49,84.2,73,Very Safe,Assault
L'Amoreaux West (147),2015,Robbery,24,182,0.1319,315.49,84.2,73,Very Safe,Assault
L'Amoreaux West (147),2015,Theft Over,2,182,0.011,315.49,84.2,73,Very Safe,Assault
Lambton Baby Point (114),2015,Assault,31,67,0.4627,115.83,98.0,5,Very Safe,Assault
Lambton Baby Point (114),2015,Auto Theft,5,67,0.0746,115.83,98.0,5,Very Safe,Assault
Lambton Baby Point (114),2015,Break and Enter,12,67,0.1791,115.83,98.0,5,Very Safe,Assault
Lambton Baby Point (114),2015,NonMCI,13,67,0.194,115.83,98.0,5,Very Safe,Assault
Lambton Baby Point (114),2015,Robbery,3,67,0.0448,115.83,98.0,5,Very Safe,Assault
Lambton Baby Point (114),2015,Theft Over,3,67,0.0448,115.83,98.0,5,Very Safe,Assault
Lansing-Westgate (38),2015,Assault,63,150,0.42,248.28,88.9,48,Very Safe,Assault
Lansing-Westgate (38),2015,Auto Theft,21,150,0.14,248.28,88.9,48,Very Safe,Assault
Lansing-Westgate (38),2015,Break and Enter,27,150,0.18,248.28,88.9,48,Very Safe,Assault
Lansing-Westgate (38),2015,NonMCI,31,150,0.2067,248.28,88.9,48,Very Safe,Assault
Lansing-Westgate (38),2015,Robbery,5,150,0.0333,248.28,88.9,48,Very Safe,Assault
Lansing-Westgate (38),2015,Theft Over,3,150,0.02,248.28,88.9,48,Very Safe,Assault
Lawrence Park North (105),2015,Assault,27,125,0.216,180.41,93.6,19,Very Safe,Break and Enter
Lawrence Park North (105),2015,Auto Theft,19,125,0.152,180.41,93.6,19,Very Safe,Break and Enter
Lawrence Park North (105),2015,Break and Enter,35,125,0.28,180.41,93.6,19,Very Safe,Break and Enter
Lawrence Park North (105),2015,NonMCI,34,125,0.272,180.41,93.6,19,Very Safe,Break and Enter
Lawrence Park North (105),2015,Robbery,5,125,0.04,180.41,93.6,19,Very Safe,Break and Enter
Lawrence Park North (105),2015,Theft Over,5,125,0.04,180.41,93.6,19,Very Safe,Break and Enter
Lawrence Park South (103),2015,Assault,21,126,0.1667,185.06,93.2,22,Very Safe,Break and Enter
Lawrence Park South (103),2015,Auto Theft,27,126,0.2143,185.06,93.2,22,Very Safe,Break and Enter
Lawrence Park South (103),2015,Break and Enter,47,126,0.373,185.06,93.2,22,Very Safe,Break and Enter
Lawrence Park South (103),2015,NonMCI,21,126,0.1667,185.06,93.2,22,Very Safe,Break and Enter
Lawrence Park South (103),2015,Robbery,6,126,0.0476,185.06,93.2,22,Very Safe,Break and Enter
Lawrence Park South (103),2015,Theft Over,4,126,0.0317,185.06,93.2,22,Very Safe,Break and Enter
Leaside-Bennington (56),2015,Assault,31,120,0.2583,180.0,93.6,19,Very Safe,NonMCI
Leaside-Bennington (56),2015,Auto Theft,14,120,0.1167,180.0,93.6,19,Very Safe,NonMCI
Leaside-Bennington (56),2015,Break and Enter,30,120,0.25,180.0,93.6,19,Very Safe,NonMCI
Leaside-Bennington (56),2015,NonMCI,34,120,0.2833,180.0,93.6,19,Very Safe,NonMCI
Leaside-Bennington (56),2015,Robbery,7,120,0.0583,180.0,93.6,19,Very Safe,NonMCI
Leaside-Bennington (56),2015,Theft Over,4,120,0.0333,180.0,93.6,19,Very Safe,NonMCI
Little Portugal (84),2015,Assault,74,159,0.4654,277.46,86.9,60,Very Safe,Assault
Little Portugal (84),2015,Auto Theft,10,159,0.0629,277.46,86.9,60,Very Safe,Assault
Little Portugal (84),2015,Break and Enter,40,159,0.2516,277.46,86.9,60,Very Safe,Assault
Little Portugal (84),2015,NonMCI,29,159,0.1824,277.46,86.9,60,Very Safe,Assault
Little Portugal (84),2015,Robbery,5,159,0.0314,277.46,86.9,60,Very Safe,Assault
Little Portugal (84),2015,Theft Over,1,159,0.0063,277.46,86.9,60,Very Safe,Assault
Long Branch (19),2015,Assault,62,180,0.3444,285.07,86.3,61,Very Safe,Assault
Long Branch (19),2015,Auto Theft,17,180,0.0944,285.07,86.3,61,Very Safe,Assault
Long Branch (19),2015,Break and Enter,33,180,0.1833,285.07,86.3,61,Very Safe,Assault
Long Branch (19),2015,NonMCI,50,180,0.2778,285.07,86.3,61,Very Safe,Assault
Long Branch (19),2015,Robbery,14,180,0.0778,285.07,86.3,61,Very Safe,Assault
Long Branch (19),2015,Theft Over,4,180,0.0222,285.07,86.3,61,Very Safe,Assault
Malvern East (146),2015,Assault,172,254,0.6772,515.53,70.4,121,Safe,Assault
Malvern East (146),2015,Auto Theft,15,254,0.0591,515.53,70.4,121,Safe,Assault
Malvern East (146),2015,Break and Enter,21,254,0.0827,515.53,70.4,121,Safe,Assault
Malvern East (146),2015,NonMCI,19,254,0.0748,515.53,70.4,121,Safe,Assault
Malvern East (146),2015,Robbery,26,254,0.1024,515.53,70.4,121,Safe,Assault
Malvern East (146),2015,Theft Over,1,254,0.0039,515.53,70.4,121,Safe,Assault
Malvern West (145),2015,Assault,87,178,0.4888,316.96,84.1,74,Very Safe,Assault
Malvern West (145),2015,Auto Theft,17,178,0.0955,316.96,84.1,74,Very Safe,Assault
Malvern West (145),2015,Break and Enter,21,178,0.118,316.96,84.1,74,Very Safe,Assault
Malvern West (145),2015,NonMCI,31,178,0.1742,316.96,84.1,74,Very Safe,Assault
Malvern West (145),2015,Robbery,18,178,0.1011,316.96,84.1,74,Very Safe,Assault
Malvern West (145),2015,Theft Over,4,178,0.0225,316.96,84.1,74,Very Safe,Assault
Maple Leaf (29),2015,Assault,28,79,0.3544,126.0,97.3,7,Very Safe,Assault
Maple Leaf (29),2015,Auto Theft,17,79,0.2152,126.0,97.3,7,Very Safe,Assault
Maple Leaf (29),2015,Break and Enter,13,79,0.1646,126.0,97.3,7,Very Safe,Assault
Maple Leaf (29),2015,NonMCI,15,79,0.1899,126.0,97.3,7,Very Safe,Assault
Maple Leaf (29),2015,Robbery,3,79,0.038,126.0,97.3,7,Very Safe,Assault
Maple Leaf (29),2015,Theft Over,3,79,0.038,126.0,97.3,7,Very Safe,Assault
Markland Wood (12),2015,Assault,14,87,0.1609,113.3,98.2,4,Very Safe,NonMCI
Markland Wood (12),2015,Auto Theft,12,87,0.1379,113.3,98.2,4,Very Safe,NonMCI
Markland Wood (12),2015,Break and Enter,19,87,0.2184,113.3,98.2,4,Very Safe,NonMCI
Markland Wood (12),2015,NonMCI,37,87,0.4253,113.3,98.2,4,Very Safe,NonMCI
Markland Wood (12),2015,Robbery,3,87,0.0345,113.3,98.2,4,Very Safe,NonMCI
Markland Wood (12),2015,Theft Over,2,87,0.023,113.3,98.2,4,Very Safe,NonMCI
Milliken (130),2015,Assault,83,346,0.2399,544.99,68.4,126,Safe,Break and Enter
Milliken (130),2015,Auto Theft,44,346,0.1272,544.99,68.4,126,Safe,Break and Enter
Milliken (130),2015,Break and Enter,117,346,0.3382,544.99,68.4,126,Safe,Break and Enter
Milliken (130),2015,NonMCI,60,346,0.1734,544.99,68.4,126,Safe,Break and Enter
Milliken (130),2015,Robbery,29,346,0.0838,544.99,68.4,126,Safe,Break and Enter
Milliken (130),2015,Theft Over,13,346,0.0376,544.99,68.4,126,Safe,Break and Enter
Mimico-Queensway (160),2015,Assault,121,266,0.4549,460.95,74.2,116,Safe,Assault
Mimico-Queensway (160),2015,Auto Theft,24,266,0.0902,460.95,74.2,116,Safe,Assault
Mimico-Queensway (160),2015,Break and Enter,46,266,0.1729,460.95,74.2,116,Safe,Assault
Mimico-Queensway (160),2015,NonMCI,49,266,0.1842,460.95,74.2,116,Safe,Assault
Mimico-Queensway (160),2015,Robbery,16,266,0.0602,460.95,74.2,116,Safe,Assault
Mimico-Queensway (160),2015,Theft Over,10,266,0.0376,460.95,74.2,116,Safe,Assault
Morningside (135),2015,Assault,131,226,0.5796,426.22,76.6,107,Safe,Assault
Morningside (135),2015,Auto Theft,15,226,0.0664,426.22,76.6,107,Safe,Assault
Morningside (135),2015,Break and Enter,19,226,0.0841,426.22,76.6,107,Safe,Assault
Morningside (135),2015,NonMCI,36,226,0.1593,426.22,76.6,107,Safe,Assault
Morningside (135),2015,Robbery,23,226,0.1018,426.22,76.6,107,Safe,Assault
Morningside (135),2015,Theft Over,2,226,0.0088,426.22,76.6,107,Safe,Assault
Morningside Heights (144),2015,Assault,105,228,0.4605,402.46,78.2,96,Safe,Assault
Morningside Heights (144),2015,Auto Theft,22,228,0.0965,402.46,78.2,96,Safe,Assault
Morningside Heights (144),2015,Break and Enter,41,228,0.1798,402.46,78.2,96,Safe,Assault
Morningside Heights (144),2015,NonMCI,36,228,0.1579,402.46,78.2,96,Safe,Assault
Morningside Heights (144),2015,Robbery,16,228,0.0702,402.46,78.2,96,Safe,Assault
Morningside Heights (144),2015,Theft Over,8,228,0.0351,402.46,78.2,96,Safe,Assault
Moss Park (73),2015,Assault,371,788,0.4708,1415.77,8.3,155,Very Risky,Assault
Moss Park (73),2015,Auto Theft,20,788,0.0254,1415.77,8.3,155,Very Risky,Assault
Moss Park (73),2015,Break and Enter,97,788,0.1231,1415.77,8.3,155,Very Risky,Assault
Moss Park (73),2015,NonMCI,163,788,0.2069,1415.77,8.3,155,Very Risky,Assault
Moss Park (73),2015,Robbery,123,788,0.1561,1415.77,8.3,155,Very Risky,Assault
Moss Park (73),2015,Theft Over,14,788,0.0178,1415.77,8.3,155,Very Risky,Assault
Mount Dennis (115),2015,Assault,99,203,0.4877,346.01,82.1,78,Very Safe,Assault
Mount Dennis (115),2015,Auto Theft,15,203,0.0739,346.01,82.1,78,Very Safe,Assault
Mount Dennis (115),2015,Break and Enter,20,203,0.0985,346.01,82.1,78,Very Safe,Assault
Mount Dennis (115),2015,NonMCI,54,203,0.266,346.01,82.1,78,Very Safe,Assault
Mount Dennis (115),2015,Robbery,13,203,0.064,346.01,82.1,78,Very Safe,Assault
Mount Dennis (115),2015,Theft Over,2,203,0.0099,346.01,82.1,78,Very Safe,Assault
Mount Olive-Silverstone-Jamestown (2),2015,Assault,220,465,0.4731,851.42,47.3,146,Moderate,Assault
Mount Olive-Silverstone-Jamestown (2),2015,Auto Theft,53,465,0.114,851.42,47.3,146,Moderate,Assault
Mount Olive-Silverstone-Jamestown (2),2015,Break and Enter,37,465,0.0796,851.42,47.3,146,Moderate,Assault
Mount Olive-Silverstone-Jamestown (2),2015,NonMCI,63,465,0.1355,851.42,47.3,146,Moderate,Assault
Mount Olive-Silverstone-Jamestown (2),2015,Robbery,86,465,0.1849,851.42,47.3,146,Moderate,Assault
Mount Olive-Silverstone-Jamestown (2),2015,Theft Over,6,465,0.0129,851.42,47.3,146,Moderate,Assault
Mount Pleasant East (99),2015,Assault,32,83,0.3855,135.64,96.7,8,Very Safe,Assault
Mount Pleasant East (99),2015,Auto Theft,4,83,0.0482,135.64,96.7,8,Very Safe,Assault
Mount Pleasant East (99),2015,Break and Enter,17,83,0.2048,135.64,96.7,8,Very Safe,Assault
Mount Pleasant East (99),2015,NonMCI,24,83,0.2892,135.64,96.7,8,Very Safe,Assault
Mount Pleasant East (99),2015,Robbery,5,83,0.0602,135.64,96.7,8,Very Safe,Assault
Mount Pleasant East (99),2015,Theft Over,1,83,0.012,135.64,96.7,8,Very Safe,Assault
New Toronto (18),2015,Assault,99,216,0.4583,380.67,79.7,86,Safe,Assault
New Toronto (18),2015,Auto Theft,14,216,0.0648,380.67,79.7,86,Safe,Assault
New Toronto (18),2015,Break and Enter,43,216,0.1991,380.67,79.7,86,Safe,Assault
New Toronto (18),2015,NonMCI,41,216,0.1898,380.67,79.7,86,Safe,Assault
New Toronto (18),2015,Robbery,15,216,0.0694,380.67,79.7,86,Safe,Assault
New Toronto (18),2015,Theft Over,4,216,0.0185,380.67,79.7,86,Safe,Assault
Newtonbrook East (50),2015,Assault,76,180,0.4222,314.76,84.3,71,Very Safe,Assault
Newtonbrook East (50),2015,Auto Theft,8,180,0.0444,314.76,84.3,71,Very Safe,Assault
Newtonbrook East (50),2015,Break and Enter,50,180,0.2778,314.76,84.3,71,Very Safe,Assault
Newtonbrook East (50),2015,NonMCI,30,180,0.1667,314.76,84.3,71,Very Safe,Assault
Newtonbrook East (50),2015,Robbery,9,180,0.05,314.76,84.3,71,Very Safe,Assault
Newtonbrook East (50),2015,Theft Over,7,180,0.0389,314.76,84.3,71,Very Safe,Assault
Newtonbrook West (36),2015,Assault,112,253,0.4427,422.0,76.9,105,Safe,Assault
Newtonbrook West (36),2015,Auto Theft,24,253,0.0949,422.0,76.9,105,Safe,Assault
Newtonbrook West (36),2015,Break and Enter,42,253,0.166,422.0,76.9,105,Safe,Assault
Newtonbrook West (36),2015,NonMCI,64,253,0.253,422.0,76.9,105,Safe,Assault
Newtonbrook West (36),2015,Robbery,6,253,0.0237,422.0,76.9,105,Safe,Assault
Newtonbrook West (36),2015,Theft Over,5,253,0.0198,422.0,76.9,105,Safe,Assault
North Riverdale (68),2015,Assault,53,181,0.2928,292.5,85.8,67,Very Safe,Assault
North Riverdale (68),2015,Auto Theft,10,181,0.0552,292.5,85.8,67,Very Safe,Assault
North Riverdale (68),2015,Break and Enter,51,181,0.2818,292.5,85.8,67,Very Safe,Assault
North Riverdale (68),2015,NonMCI,43,181,0.2376,292.5,85.8,67,Very Safe,Assault
North Riverdale (68),2015,Robbery,22,181,0.1215,292.5,85.8,67,Very Safe,Assault
North Riverdale (68),2015,Theft Over,2,181,0.011,292.5,85.8,67,Very Safe,Assault
North St.James Town (74),2015,Assault,152,354,0.4294,599.99,64.6,131,Safe,Assault
North St.James Town (74),2015,Auto Theft,11,354,0.0311,599.99,64.6,131,Safe,Assault
North St.James Town (74),2015,Break and Enter,67,354,0.1893,599.99,64.6,131,Safe,Assault
North St.James Town (74),2015,NonMCI,93,354,0.2627,599.99,64.6,131,Safe,Assault
North St.James Town (74),2015,Robbery,28,354,0.0791,599.99,64.6,131,Safe,Assault
North St.James Town (74),2015,Theft Over,3,354,0.0085,599.99,64.6,131,Safe,Assault
North Toronto (173),2015,Assault,43,105,0.4095,190.5,92.9,24,Very Safe,Assault
North Toronto (173),2015,Auto Theft,2,105,0.019,190.5,92.9,24,Very Safe,Assault
North Toronto (173),2015,Break and Enter,43,105,0.4095,190.5,92.9,24,Very Safe,Assault
North Toronto (173),2015,NonMCI,7,105,0.0667,190.5,92.9,24,Very Safe,Assault
North Toronto (173),2015,Robbery,7,105,0.0667,190.5,92.9,24,Very Safe,Assault
North Toronto (173),2015,Theft Over,3,105,0.0286,190.5,92.9,24,Very Safe,Assault
O'Connor-Parkview (54),2015,Assault,154,300,0.5133,518.08,70.3,122,Safe,Assault
O'Connor-Parkview (54),2015,Auto Theft,13,300,0.0433,518.08,70.3,122,Safe,Assault
O'Connor-Parkview (54),2015,Break and Enter,31,300,0.1033,518.08,70.3,122,Safe,Assault
O'Connor-Parkview (54),2015,NonMCI,85,300,0.2833,518.08,70.3,122,Safe,Assault
O'Connor-Parkview (54),2015,Robbery,11,300,0.0367,518.08,70.3,122,Safe,Assault
O'Connor-Parkview (54),2015,Theft Over,6,300,0.02,518.08,70.3,122,Safe,Assault
Oakdale-Beverley Heights (154),2015,Assault,215,402,0.5348,743.04,54.7,144,Moderate,Assault
Oakdale-Beverley Heights (154),2015,Auto Theft,66,402,0.1642,743.04,54.7,144,Moderate,Assault
Oakdale-Beverley Heights (154),2015,Break and Enter,43,402,0.107,743.04,54.7,144,Moderate,Assault
Oakdale-Beverley Heights (154),2015,NonMCI,42,402,0.1045,743.04,54.7,144,Moderate,Assault
Oakdale-Beverley Heights (154),2015,Robbery,32,402,0.0796,743.04,54.7,144,Moderate,Assault
Oakdale-Beverley Heights (154),2015,Theft Over,4,402,0.01,743.04,54.7,144,Moderate,Assault
Oakridge (121),2015,Assault,157,350,0.4486,611.53,63.8,132,Safe,Assault
Oakridge (121),2015,Auto Theft,14,350,0.04,611.53,63.8,132,Safe,Assault
Oakridge (121),2015,Break and Enter,68,350,0.1943,611.53,63.8,132,Safe,Assault
Oakridge (121),2015,NonMCI,77,350,0.22,611.53,63.8,132,Safe,Assault
Oakridge (121),2015,Robbery,30,350,0.0857,611.53,63.8,132,Safe,Assault
Oakridge (121),2015,Theft Over,4,350,0.0114,611.53,63.8,132,Safe,Assault
Oakwood Village (107),2015,Assault,128,222,0.5766,415.23,77.4,102,Safe,Assault
Oakwood Village (107),2015,Auto Theft,11,222,0.0495,415.23,77.4,102,Safe,Assault
Oakwood Village (107),2015,Break and Enter,29,222,0.1306,415.23,77.4,102,Safe,Assault
Oakwood Village (107),2015,NonMCI,37,222,0.1667,415.23,77.4,102,Safe,Assault
Oakwood Village (107),2015,Robbery,14,222,0.0631,415.23,77.4,102,Safe,Assault
Oakwood Village (107),2015,Theft Over,3,222,0.0135,415.23,77.4,102,Safe,Assault
Old East York (58),2015,Assault,45,103,0.4369,168.33,94.4,14,Very Safe,Assault
Old East York (58),2015,Auto Theft,5,103,0.0485,168.33,94.4,14,Very Safe,Assault
Old East York (58),2015,Break and Enter,12,103,0.1165,168.33,94.4,14,Very Safe,Assault
Old East York (58),2015,NonMCI,33,103,0.3204,168.33,94.4,14,Very Safe,Assault
Old East York (58),2015,Robbery,5,103,0.0485,168.33,94.4,14,Very Safe,Assault
Old East York (58),2015,Theft Over,3,103,0.0291,168.33,94.4,14,Very Safe,Assault
Palmerston-Little Italy (80),2015,Assault,80,261,0.3065,380.3,79.8,85,Safe,NonMCI
Palmerston-Little Italy (80),2015,Auto Theft,16,261,0.0613,380.3,79.8,85,Safe,NonMCI
Palmerston-Little Italy (80),2015,Break and Enter,43,261,0.1648,380.3,79.8,85,Safe,NonMCI
Palmerston-Little Italy (80),2015,NonMCI,108,261,0.4138,380.3,79.8,85,Safe,NonMCI
Palmerston-Little Italy (80),2015,Robbery,13,261,0.0498,380.3,79.8,85,Safe,NonMCI
Palmerston-Little Italy (80),2015,Theft Over,1,261,0.0038,380.3,79.8,85,Safe,NonMCI
Parkwoods-O'Connor Hills (149),2015,Assault,41,131,0.313,196.41,92.5,28,Very Safe,Assault
Parkwoods-O'Connor Hills (149),2015,Auto Theft,18,131,0.1374,196.41,92.5,28,Very Safe,Assault
Parkwoods-O'Connor Hills (149),2015,Break and Enter,27,131,0.2061,196.41,92.5,28,Very Safe,Assault
Parkwoods-O'Connor Hills (149),2015,NonMCI,41,131,0.313,196.41,92.5,28,Very Safe,Assault
Parkwoods-O'Connor Hills (149),2015,Robbery,1,131,0.0076,196.41,92.5,28,Very Safe,Assault
Parkwoods-O'Connor Hills (149),2015,Theft Over,3,131,0.0229,196.41,92.5,28,Very Safe,Assault
Pelmo Park-Humberlea (23),2015,Assault,40,133,0.3008,208.47,91.6,33,Very Safe,Assault
Pelmo Park-Humberlea (23),2015,Auto Theft,25,133,0.188,208.47,91.6,33,Very Safe,Assault
Pelmo Park-Humberlea (23),2015,Break and Enter,14,133,0.1053,208.47,91.6,33,Very Safe,Assault
Pelmo Park-Humberlea (23),2015,NonMCI,30,133,0.2256,208.47,91.6,33,Very Safe,Assault
Pelmo Park-Humberlea (23),2015,Robbery,18,133,0.1353,208.47,91.6,33,Very Safe,Assault
Pelmo Park-Humberlea (23),2015,Theft Over,6,133,0.0451,208.47,91.6,33,Very Safe,Assault
Playter Estates-Danforth (67),2015,Assault,42,129,0.3256,214.93,91.2,36,Very Safe,Assault
Playter Estates-Danforth (67),2015,Auto Theft,9,129,0.0698,214.93,91.2,36,Very Safe,Assault
Playter Estates-Danforth (67),2015,Break and Enter,40,129,0.3101,214.93,91.2,36,Very Safe,Assault
Playter Estates-Danforth (67),2015,NonMCI,23,129,0.1783,214.93,91.2,36,Very Safe,Assault
Playter Estates-Danforth (67),2015,Robbery,13,129,0.1008,214.93,91.2,36,Very Safe,Assault
Playter Estates-Danforth (67),2015,Theft Over,2,129,0.0155,214.93,91.2,36,Very Safe,Assault
Pleasant View (46),2015,Assault,33,121,0.2727,176.74,93.8,18,Very Safe,NonMCI
Pleasant View (46),2015,Auto Theft,6,121,0.0496,176.74,93.8,18,Very Safe,NonMCI
Pleasant View (46),2015,Break and Enter,18,121,0.1488,176.74,93.8,18,Very Safe,NonMCI
Pleasant View (46),2015,NonMCI,45,121,0.3719,176.74,93.8,18,Very Safe,NonMCI
Pleasant View (46),2015,Robbery,13,121,0.1074,176.74,93.8,18,Very Safe,NonMCI
Pleasant View (46),2015,Theft Over,6,121,0.0496,176.74,93.8,18,Very Safe,NonMCI
Princess-Rosethorn (10),2015,Assault,17,146,0.1164,174.94,93.9,15,Very Safe,NonMCI
Princess-Rosethorn (10),2015,Auto Theft,19,146,0.1301,174.94,93.9,15,Very Safe,NonMCI
Princess-Rosethorn (10),2015,Break and Enter,29,146,0.1986,174.94,93.9,15,Very Safe,NonMCI
Princess-Rosethorn (10),2015,NonMCI,73,146,0.5,174.94,93.9,15,Very Safe,NonMCI
Princess-Rosethorn (10),2015,Robbery,4,146,0.0274,174.94,93.9,15,Very Safe,NonMCI
Princess-Rosethorn (10),2015,Theft Over,4,146,0.0274,174.94,93.9,15,Very Safe,NonMCI
Regent Park (72),2015,Assault,104,225,0.4622,382.71,79.6,87,Safe,Assault
Regent Park (72),2015,Auto Theft,13,225,0.0578,382.71,79.6,87,Safe,Assault
Regent Park (72),2015,Break and Enter,28,225,0.1244,382.71,79.6,87,Safe,Assault
Regent Park (72),2015,NonMCI,61,225,0.2711,382.71,79.6,87,Safe,Assault
Regent Park (72),2015,Robbery,15,225,0.0667,382.71,79.6,87,Safe,Assault
Regent Park (72),2015,Theft Over,4,225,0.0178,382.71,79.6,87,Safe,Assault
Rexdale-Kipling (4),2015,Assault,52,114,0.4561,200.34,92.2,29,Very Safe,Assault
Rexdale-Kipling (4),2015,Auto Theft,12,114,0.1053,200.34,92.2,29,Very Safe,Assault
Rexdale-Kipling (4),2015,Break and Enter,17,114,0.1491,200.34,92.2,29,Very Safe,Assault
Rexdale-Kipling (4),2015,NonMCI,20,114,0.1754,200.34,92.2,29,Very Safe,Assault
Rexdale-Kipling (4),2015,Robbery,12,114,0.1053,200.34,92.2,29,Very Safe,Assault
Rexdale-Kipling (4),2015,Theft Over,1,114,0.0088,200.34,92.2,29,Very Safe,Assault
Rockcliffe-Smythe (111),2015,Assault,123,295,0.4169,507.34,71.0,120,Safe,Assault
Rockcliffe-Smythe (111),2015,Auto Theft,41,295,0.139,507.34,71.0,120,Safe,Assault
Rockcliffe-Smythe (111),2015,Break and Enter,39,295,0.1322,507.34,71.0,120,Safe,Assault
Rockcliffe-Smythe (111),2015,NonMCI,54,295,0.1831,507.34,71.0,120,Safe,Assault
Rockcliffe-Smythe (111),2015,Robbery,35,295,0.1186,507.34,71.0,120,Safe,Assault
Rockcliffe-Smythe (111),2015,Theft Over,3,295,0.0102,507.34,71.0,120,Safe,Assault
Roncesvalles (86),2015,Assault,112,215,0.5209,394.59,78.8,91,Safe,Assault
Roncesvalles (86),2015,Auto Theft,9,215,0.0419,394.59,78.8,91,Safe,Assault
Roncesvalles (86),2015,Break and Enter,37,215,0.1721,394.59,78.8,91,Safe,Assault
Roncesvalles (86),2015,NonMCI,35,215,0.1628,394.59,78.8,91,Safe,Assault
Roncesvalles (86),2015,Robbery,20,215,0.093,394.59,78.8,91,Safe,Assault
Roncesvalles (86),2015,Theft Over,2,215,0.0093,394.59,78.8,91,Safe,Assault
Rosedale-Moore Park (98),2015,Assault,106,224,0.4732,394.03,78.8,91,Safe,Assault
Rosedale-Moore Park (98),2015,Auto Theft,22,224,0.0982,394.03,78.8,91,Safe,Assault
Rosedale-Moore Park (98),2015,Break and Enter,28,224,0.125,394.03,78.8,91,Safe,Assault
Rosedale-Moore Park (98),2015,NonMCI,40,224,0.1786,394.03,78.8,91,Safe,Assault
Rosedale-Moore Park (98),2015,Robbery,19,224,0.0848,394.03,78.8,91,Safe,Assault
Rosedale-Moore Park (98),2015,Theft Over,9,224,0.0402,394.03,78.8,91,Safe,Assault
Runnymede-Bloor West Village (89),2015,Assault,43,126,0.3413,209.73,91.5,34,Very Safe,Assault
Runnymede-Bloor West Village (89),2015,Auto Theft,12,126,0.0952,209.73,91.5,34,Very Safe,Assault
Runnymede-Bloor West Village (89),2015,Break and Enter,26,126,0.2063,209.73,91.5,34,Very Safe,Assault
Runnymede-Bloor West Village (89),2015,NonMCI,28,126,0.2222,209.73,91.5,34,Very Safe,Assault
Runnymede-Bloor West Village (89),2015,Robbery,16,126,0.127,209.73,91.5,34,Very Safe,Assault
Runnymede-Bloor West Village (89),2015,Theft Over,1,126,0.0079,209.73,91.5,34,Very Safe,Assault
Rustic (28),2015,Assault,65,134,0.4851,247.24,89.0,46,Very Safe,Assault
Rustic (28),2015,Auto Theft,17,134,0.1269,247.24,89.0,46,Very Safe,Assault
Rustic (28),2015,Break and Enter,17,134,0.1269,247.24,89.0,46,Very Safe,Assault
Rustic (28),2015,NonMCI,15,134,0.1119,247.24,89.0,46,Very Safe,Assault
Rustic (28),2015,Robbery,19,134,0.1418,247.24,89.0,46,Very Safe,Assault
Rustic (28),2015,Theft Over,1,134,0.0075,247.24,89.0,46,Very Safe,Assault
Scarborough Village (139),2015,Assault,138,257,0.537,490.61,72.2,118,Safe,Assault
Scarborough Village (139),2015,Auto Theft,14,257,0.0545,490.61,72.2,118,Safe,Assault
Scarborough Village (139),2015,Break and Enter,48,257,0.1868,490.61,72.2,118,Safe,Assault
Scarborough Village (139),2015,NonMCI,26,257,0.1012,490.61,72.2,118,Safe,Assault
Scarborough Village (139),2015,Robbery,29,257,0.1128,490.61,72.2,118,Safe,Assault
Scarborough Village (139),2015,Theft Over,2,257,0.0078,490.61,72.2,118,Safe,Assault
South Eglinton-Davisville (174),2015,Assault,54,117,0.4615,212.72,91.3,35,Very Safe,Assault
South Eglinton-Davisville (174),2015,Auto Theft,4,117,0.0342,212.72,91.3,35,Very Safe,Assault
South Eglinton-Davisville (174),2015,Break and Enter,32,117,0.2735,212.72,91.3,35,Very Safe,Assault
South Eglinton-Davisville (174),2015,NonMCI,16,117,0.1368,212.72,91.3,35,Very Safe,Assault
South Eglinton-Davisville (174),2015,Robbery,8,117,0.0684,212.72,91.3,35,Very Safe,Assault
South Eglinton-Davisville (174),2015,Theft Over,3,117,0.0256,212.72,91.3,35,Very Safe,Assault
South Parkdale (85),2015,Assault,200,342,0.5848,659.5,60.5,135,Safe,Assault
South Parkdale (85),2015,Auto Theft,18,342,0.0526,659.5,60.5,135,Safe,Assault
South Parkdale (85),2015,Break and Enter,53,342,0.155,659.5,60.5,135,Safe,Assault
South Parkdale (85),2015,NonMCI,40,342,0.117,659.5,60.5,135,Safe,Assault
South Parkdale (85),2015,Robbery,28,342,0.0819,659.5,60.5,135,Safe,Assault
South Parkdale (85),2015,Theft Over,3,342,0.0088,659.5,60.5,135,Safe,Assault
South Riverdale (70),2015,Assault,188,517,0.3636,832.2,48.6,145,Moderate,Assault
South Riverdale (70),2015,Auto Theft,24,517,0.0464,832.2,48.6,145,Moderate,Assault
South Riverdale (70),2015,Break and Enter,97,517,0.1876,832.2,48.6,145,Moderate,Assault
South Riverdale (70),2015,NonMCI,151,517,0.2921,832.2,48.6,145,Moderate,Assault
South Riverdale (70),2015,Robbery,40,517,0.0774,832.2,48.6,145,Moderate,Assault
South Riverdale (70),2015,Theft Over,17,517,0.0329,832.2,48.6,145,Moderate,Assault
St Lawrence-East Bayfront-The Islands (166),2015,Assault,177,373,0.4745,624.09,62.9,133,Safe,Assault
St Lawrence-East Bayfront-The Islands (166),2015,Auto Theft,14,373,0.0375,624.09,62.9,133,Safe,Assault
St Lawrence-East Bayfront-The Islands (166),2015,Break and Enter,46,373,0.1233,624.09,62.9,133,Safe,Assault
St Lawrence-East Bayfront-The Islands (166),2015,NonMCI,106,373,0.2842,624.09,62.9,133,Safe,Assault
St Lawrence-East Bayfront-The Islands (166),2015,Robbery,12,373,0.0322,624.09,62.9,133,Safe,Assault
St Lawrence-East Bayfront-The Islands (166),2015,Theft Over,18,373,0.0483,624.09,62.9,133,Safe,Assault
St.Andrew-Windfields (40),2015,Assault,43,210,0.2048,314.45,84.3,71,Very Safe,Break and Enter
St.Andrew-Windfields (40),2015,Auto Theft,25,210,0.119,314.45,84.3,71,Very Safe,Break and Enter
St.Andrew-Windfields (40),2015,Break and Enter,79,210,0.3762,314.45,84.3,71,Very Safe,Break and Enter
St.Andrew-Windfields (40),2015,NonMCI,42,210,0.2,314.45,84.3,71,Very Safe,Break and Enter
St.Andrew-Windfields (40),2015,Robbery,6,210,0.0286,314.45,84.3,71,Very Safe,Break and Enter
St.Andrew-Windfields (40),2015,Theft Over,15,210,0.0714,314.45,84.3,71,Very Safe,Break and Enter
Steeles (116),2015,Assault,36,148,0.2432,234.1,89.9,42,Very Safe,Break and Enter
Steeles (116),2015,Auto Theft,15,148,0.1014,234.1,89.9,42,Very Safe,Break and Enter
Steeles (116),2015,Break and Enter,59,148,0.3986,234.1,89.9,42,Very Safe,Break and Enter
Steeles (116),2015,NonMCI,27,148,0.1824,234.1,89.9,42,Very Safe,Break and Enter
Steeles (116),2015,Robbery,8,148,0.0541,234.1,89.9,42,Very Safe,Break and Enter
Steeles (116),2015,Theft Over,3,148,0.0203,234.1,89.9,42,Very Safe,Break and Enter
Stonegate-Queensway (16),2015,Assault,67,218,0.3073,334.09,83.0,75,Very Safe,Assault
Stonegate-Queensway (16),2015,Auto Theft,31,218,0.1422,334.09,83.0,75,Very Safe,Assault
Stonegate-Queensway (16),2015,Break and Enter,45,218,0.2064,334.09,83.0,75,Very Safe,Assault
Stonegate-Queensway (16),2015,NonMCI,59,218,0.2706,334.09,83.0,75,Very Safe,Assault
Stonegate-Queensway (16),2015,Robbery,8,218,0.0367,334.09,83.0,75,Very Safe,Assault
Stonegate-Queensway (16),2015,Theft Over,8,218,0.0367,334.09,83.0,75,Very Safe,Assault
Tam O'Shanter-Sullivan (118),2015,Assault,84,263,0.3194,433.91,76.1,108,Safe,Assault
Tam O'Shanter-Sullivan (118),2015,Auto Theft,19,263,0.0722,433.91,76.1,108,Safe,Assault
Tam O'Shanter-Sullivan (118),2015,Break and Enter,68,263,0.2586,433.91,76.1,108,Safe,Assault
Tam O'Shanter-Sullivan (118),2015,NonMCI,55,263,0.2091,433.91,76.1,108,Safe,Assault
Tam O'Shanter-Sullivan (118),2015,Robbery,29,263,0.1103,433.91,76.1,108,Safe,Assault
Tam O'Shanter-Sullivan (118),2015,Theft Over,8,263,0.0304,433.91,76.1,108,Safe,Assault
Taylor-Massey (61),2015,Assault,90,258,0.3488,445.88,75.2,112,Safe,Assault
Taylor-Massey (61),2015,Auto Theft,9,258,0.0349,445.88,75.2,112,Safe,Assault
Taylor-Massey (61),2015,Break and Enter,71,258,0.2752,445.88,75.2,112,Safe,Assault
Taylor-Massey (61),2015,NonMCI,48,258,0.186,445.88,75.2,112,Safe,Assault
Taylor-Massey (61),2015,Robbery,37,258,0.1434,445.88,75.2,112,Safe,Assault
Taylor-Massey (61),2015,Theft Over,3,258,0.0116,445.88,75.2,112,Safe,Assault
The Beaches (63),2015,Assault,96,270,0.3556,406.28,78.0,98,Safe,Assault
The Beaches (63),2015,Auto Theft,25,270,0.0926,406.28,78.0,98,Safe,Assault
The Beaches (63),2015,Break and Enter,42,270,0.1556,406.28,78.0,98,Safe,Assault
The Beaches (63),2015,NonMCI,96,270,0.3556,406.28,78.0,98,Safe,Assault
The Beaches (63),2015,Robbery,6,270,0.0222,406.28,78.0,98,Safe,Assault
The Beaches (63),2015,Theft Over,5,270,0.0185,406.28,78.0,98,Safe,Assault
Thistletown-Beaumond Heights (3),2015,Assault,56,166,0.3373,264.56,87.8,54,Very Safe,Assault
Thistletown-Beaumond Heights (3),2015,Auto Theft,14,166,0.0843,264.56,87.8,54,Very Safe,Assault
Thistletown-Beaumond Heights (3),2015,Break and Enter,23,166,0.1386,264.56,87.8,54,Very Safe,Assault
Thistletown-Beaumond Heights (3),2015,NonMCI,49,166,0.2952,264.56,87.8,54,Very Safe,Assault
Thistletown-Beaumond Heights (3),2015,Robbery,21,166,0.1265,264.56,87.8,54,Very Safe,Assault
Thistletown-Beaumond Heights (3),2015,Theft Over,3,166,0.0181,264.56,87.8,54,Very Safe,Assault
Thorncliffe Park (55),2015,Assault,92,162,0.5679,306.85,84.8,69,Very Safe,Assault
Thorncliffe Park (55),2015,Auto Theft,13,162,0.0802,306.85,84.8,69,Very Safe,Assault
Thorncliffe Park (55),2015,Break and Enter,26,162,0.1605,306.85,84.8,69,Very Safe,Assault
Thorncliffe Park (55),2015,NonMCI,16,162,0.0988,306.85,84.8,69,Very Safe,Assault
Thorncliffe Park (55),2015,Robbery,10,162,0.0617,306.85,84.8,69,Very Safe,Assault
Thorncliffe Park (55),2015,Theft Over,5,162,0.0309,306.85,84.8,69,Very Safe,Assault
Trinity-Bellwoods (81),2015,Assault,101,254,0.3976,423.4,76.8,106,Safe,Assault
Trinity-Bellwoods (81),2015,Auto Theft,16,254,0.063,423.4,76.8,106,Safe,Assault
Trinity-Bellwoods (81),2015,Break and Enter,56,254,0.2205,423.4,76.8,106,Safe,Assault
Trinity-Bellwoods (81),2015,NonMCI,61,254,0.2402,423.4,76.8,106,Safe,Assault
Trinity-Bellwoods (81),2015,Robbery,15,254,0.0591,423.4,76.8,106,Safe,Assault
Trinity-Bellwoods (81),2015,Theft Over,5,254,0.0197,423.4,76.8,106,Safe,Assault
University (79),2015,Assault,135,303,0.4455,523.2,69.9,124,Safe,Assault
University (79),2015,Auto Theft,11,303,0.0363,523.2,69.9,124,Safe,Assault
University (79),2015,Break and Enter,62,303,0.2046,523.2,69.9,124,Safe,Assault
University (79),2015,NonMCI,67,303,0.2211,523.2,69.9,124,Safe,Assault
University (79),2015,Robbery,18,303,0.0594,523.2,69.9,124,Safe,Assault
University (79),2015,Theft Over,10,303,0.033,523.2,69.9,124,Safe,Assault
Victoria Village (43),2015,Assault,118,229,0.5153,417.23,77.2,104,Safe,Assault
Victoria Village (43),2015,Auto Theft,11,229,0.048,417.23,77.2,104,Safe,Assault
Victoria Village (43),2015,Break and Enter,48,229,0.2096,417.23,77.2,104,Safe,Assault
Victoria Village (43),2015,NonMCI,34,229,0.1485,417.23,77.2,104,Safe,Assault
Victoria Village (43),2015,Robbery,13,229,0.0568,417.23,77.2,104,Safe,Assault
Victoria Village (43),2015,Theft Over,5,229,0.0218,417.23,77.2,104,Safe,Assault
Wellington Place (164),2015,Assault,410,666,0.6156,1254.11,19.5,153,Very Risky,Assault
Wellington Place (164),2015,Auto Theft,19,666,0.0285,1254.11,19.5,153,Very Risky,Assault
Wellington Place (164),2015,Break and Enter,72,666,0.1081,1254.11,19.5,153,Very Risky,Assault
Wellington Place (164),2015,NonMCI,122,666,0.1832,1254.11,19.5,153,Very Risky,Assault
Wellington Place (164),2015,Robbery,27,666,0.0405,1254.11,19.5,153,Very Risky,Assault
Wellington Place (164),2015,Theft Over,16,666,0.024,1254.11,19.5,153,Very Risky,Assault
West Hill (136),2015,Assault,367,584,0.6284,1149.51,26.7,151,Risky,Assault
West Hill (136),2015,Auto Theft,16,584,0.0274,1149.51,26.7,151,Risky,Assault
West Hill (136),2015,Break and Enter,68,584,0.1164,1149.51,26.7,151,Risky,Assault
West Hill (136),2015,NonMCI,66,584,0.113,1149.51,26.7,151,Risky,Assault
West Hill (136),2015,Robbery,60,584,0.1027,1149.51,26.7,151,Risky,Assault
West Hill (136),2015,Theft Over,7,584,0.012,1149.51,26.7,151,Risky,Assault
West Humber-Clairville (1),2015,Assault,279,1030,0.2709,1529.66,0.5,157,Very Risky,Assault
West Humber-Clairville (1),2015,Auto Theft,260,1030,0.2524,1529.66,0.5,157,Very Risky,Assault
West Humber-Clairville (1),2015,Break and Enter,118,1030,0.1146,1529.66,0.5,157,Very Risky,Assault
West Humber-Clairville (1),2015,NonMCI,250,1030,0.2427,1529.66,0.5,157,Very Risky,Assault
West Humber-Clairville (1),2015,Robbery,65,1030,0.0631,1529.66,0.5,157,Very Risky,Assault
West Humber-Clairville (1),2015,Theft Over,58,1030,0.0563,1529.66,0.5,157,Very Risky,Assault
West Queen West (162),2015,Assault,121,222,0.545,399.61,78.4,94,Safe,Assault
West Queen West (162),2015,Auto Theft,10,222,0.045,399.61,78.4,94,Safe,Assault
West Queen West (162),2015,Break and Enter,30,222,0.1351,399.61,78.4,94,Safe,Assault
West Queen West (162),2015,NonMCI,47,222,0.2117,399.61,78.4,94,Safe,Assault
West Queen West (162),2015,Robbery,10,222,0.045,399.61,78.4,94,Safe,Assault
West Queen West (162),2015,Theft Over,4,222,0.018,399.61,78.4,94,Safe,Assault
West Rouge (143),2015,Assault,54,153,0.3529,247.19,89.0,46,Very Safe,Assault
West Rouge (143),2015,Auto Theft,26,153,0.1699,247.19,89.0,46,Very Safe,Assault
West Rouge (143),2015,Break and Enter,32,153,0.2092,247.19,89.0,46,Very Safe,Assault
West Rouge (143),2015,NonMCI,31,153,0.2026,247.19,89.0,46,Very Safe,Assault
West Rouge (143),2015,Robbery,8,153,0.0523,247.19,89.0,46,Very Safe,Assault
West Rouge (143),2015,Theft Over,2,153,0.0131,247.19,89.0,46,Very Safe,Assault
Westminster-Branson (35),2015,Assault,90,240,0.375,395.46,78.7,93,Safe,Assault
Westminster-Branson (35),2015,Auto Theft,26,240,0.1083,395.46,78.7,93,Safe,Assault
Westminster-Branson (35),2015,Break and Enter,68,240,0.2833,395.46,78.7,93,Safe,Assault
Westminster-Branson (35),2015,NonMCI,46,240,0.1917,395.46,78.7,93,Safe,Assault
Westminster-Branson (35),2015,Robbery,5,240,0.0208,395.46,78.7,93,Safe,Assault
Westminster-Branson (35),2015,Theft Over,5,240,0.0208,395.46,78.7,93,Safe,Assault
Weston (113),2015,Assault,143,340,0.4206,588.89,65.4,130,Safe,Assault
Weston (113),2015,Auto Theft,35,340,0.1029,588.89,65.4,130,Safe,Assault
Weston (113),2015,Break and Enter,54,340,0.1588,588.89,65.4,130,Safe,Assault
Weston (113),2015,NonMCI,64,340,0.1882,588.89,65.4,130,Safe,Assault
Weston (113),2015,Robbery,40,340,0.1176,588.89,65.4,130,Safe,Assault
Weston (113),2015,Theft Over,4,340,0.0118,588.89,65.4,130,Safe,Assault
Weston-Pelham Park (91),2015,Assault,82,162,0.5062,289.27,86.1,63,Very Safe,Assault
Weston-Pelham Park (91),2015,Auto Theft,15,162,0.0926,289.27,86.1,63,Very Safe,Assault
Weston-Pelham Park (91),2015,Break and Enter,22,162,0.1358,289.27,86.1,63,Very Safe,Assault
Weston-Pelham Park (91),2015,NonMCI,27,162,0.1667,289.27,86.1,63,Very Safe,Assault
Weston-Pelham Park (91),2015,Robbery,11,162,0.0679,289.27,86.1,63,Very Safe,Assault
Weston-Pelham Park (91),2015,Theft Over,5,162,0.0309,289.27,86.1,63,Very Safe,Assault
Wexford/Maryvale (119),2015,Assault,201,518,0.388,855.08,47.0,147,Moderate,Assault
Wexford/Maryvale (119),2015,Auto Theft,49,518,0.0946,855.08,47.0,147,Moderate,Assault
Wexford/Maryvale (119),2015,Break and Enter,91,518,0.1757,855.08,47.0,147,Moderate,Assault
Wexford/Maryvale (119),2015,NonMCI,125,518,0.2413,855.08,47.0,147,Moderate,Assault
Wexford/Maryvale (119),2015,Robbery,34,518,0.0656,855.08,47.0,147,Moderate,Assault
Wexford/Maryvale (119),2015,Theft Over,18,518,0.0347,855.08,47.0,147,Moderate,Assault
Willowdale West (37),2015,Assault,87,145,0.6,272.19,87.2,58,Very Safe,Assault
Willowdale West (37),2015,Auto Theft,15,145,0.1034,272.19,87.2,58,Very Safe,Assault
Willowdale West (37),2015,Break and Enter,18,145,0.1241,272.19,87.2,58,Very Safe,Assault
Willowdale West (37),2015,NonMCI,18,145,0.1241,272.19,87.2,58,Very Safe,Assault
Willowdale West (37),2015,Robbery,1,145,0.0069,272.19,87.2,58,Very Safe,Assault
Willowdale West (37),2015,Theft Over,6,145,0.0414,272.19,87.2,58,Very Safe,Assault
Willowridge-Martingrove-Richview (7),2015,Assault,70,216,0.3241,334.93,82.9,76,Very Safe,Assault
Willowridge-Martingrove-Richview (7),2015,Auto Theft,36,216,0.1667,334.93,82.9,76,Very Safe,Assault
Willowridge-Martingrove-Richview (7),2015,Break and Enter,36,216,0.1667,334.93,82.9,76,Very Safe,Assault
Willowridge-Martingrove-Richview (7),2015,NonMCI,57,216,0.2639,334.93,82.9,76,Very Safe,Assault
Willowridge-Martingrove-Richview (7),2015,Robbery,13,216,0.0602,334.93,82.9,76,Very Safe,Assault
Willowridge-Martingrove-Richview (7),2015,Theft Over,4,216,0.0185,334.93,82.9,76,Very Safe,Assault
Woburn North (142),2015,Assault,162,360,0.45,645.31,61.5,134,Safe,Assault
Woburn North (142),2015,Auto Theft,17,360,0.0472,645.31,61.5,134,Safe,Assault
Woburn North (142),2015,Break and Enter,85,360,0.2361,645.31,61.5,134,Safe,Assault
Woburn North (142),2015,NonMCI,56,360,0.1556,645.31,61.5,134,Safe,Assault
Woburn North (142),2015,Robbery,32,360,0.0889,645.31,61.5,134,Safe,Assault
Woburn North (142),2015,Theft Over,8,360,0.0222,645.31,61.5,134,Safe,Assault
Woodbine Corridor (64),2015,Assault,67,155,0.4323,263.8,87.8,54,Very Safe,Assault
Woodbine Corridor (64),2015,Auto Theft,10,155,0.0645,263.8,87.8,54,Very Safe,Assault
Woodbine Corridor (64),2015,Break and Enter,25,155,0.1613,263.8,87.8,54,Very Safe,Assault
Woodbine Corridor (64),2015,NonMCI,36,155,0.2323,263.8,87.8,54,Very Safe,Assault
Woodbine Corridor (64),2015,Robbery,14,155,0.0903,263.8,87.8,54,Very Safe,Assault
Woodbine Corridor (64),2015,Theft Over,3,155,0.0194,263.8,87.8,54,Very Safe,Assault
Woodbine-Lumsden (60),2015,Assault,36,101,0.3564,158.67,95.1,11,Very Safe,Assault
Woodbine-Lumsden (60),2015,Auto Theft,6,101,0.0594,158.67,95.1,11,Very Safe,Assault
Woodbine-Lumsden (60),2015,Break and Enter,18,101,0.1782,158.67,95.1,11,Very Safe,Assault
Woodbine-Lumsden (60),2015,NonMCI,32,101,0.3168,158.67,95.1,11,Very Safe,Assault
Woodbine-Lumsden (60),2015,Robbery,6,101,0.0594,158.67,95.1,11,Very Safe,Assault
Woodbine-Lumsden (60),2015,Theft Over,3,101,0.0297,158.67,95.1,11,Very Safe,Assault
Wychwood (94),2015,Assault,70,151,0.4636,267.75,87.5,56,Very Safe,Assault
Wychwood (94),2015,Auto Theft,16,151,0.106,267.75,87.5,56,Very Safe,Assault
Wychwood (94),2015,Break and Enter,30,151,0.1987,267.75,87.5,56,Very Safe,Assault
Wychwood (94),2015,NonMCI,23,151,0.1523,267.75,87.5,56,Very Safe,Assault
Wychwood (94),2015,Robbery,9,151,0.0596,267.75,87.5,56,Very Safe,Assault
Wychwood (94),2015,Theft Over,3,151,0.0199,267.75,87.5,56,Very Safe,Assault
Yonge-Bay Corridor (170),2015,Assault,448,747,0.5997,1433.3,7.1,156,Very Risky,Assault
Yonge-Bay Corridor (170),2015,Auto Theft,17,747,0.0228,1433.3,7.1,156,Very Risky,Assault
Yonge-Bay Corridor (170),2015,Break and Enter,113,747,0.1513,1433.3,7.1,156,Very Risky,Assault
Yonge-Bay Corridor (170),2015,NonMCI,98,747,0.1312,1433.3,7.1,156,Very Risky,Assault
Yonge-Bay Corridor (170),2015,Robbery,44,747,0.0589,1433.3,7.1,156,Very Risky,Assault
Yonge-Bay Corridor (170),2015,Theft Over,27,747,0.0361,1433.3,7.1,156,Very Risky,Assault
Yonge-Doris (151),2015,Assault,65,105,0.619,204.91,91.9,30,Very Safe,Assault
Yonge-Doris (151),2015,Auto Theft,6,105,0.0571,204.91,91.9,30,Very Safe,Assault
Yonge-Doris (151),2015,Break and Enter,9,105,0.0857,204.91,91.9,30,Very Safe,Assault
Yonge-Doris (151),2015,NonMCI,11,105,0.1048,204.91,91.9,30,Very Safe,Assault
Yonge-Doris (151),2015,Robbery,10,105,0.0952,204.91,91.9,30,Very Safe,Assault
Yonge-Doris (151),2015,Theft Over,4,105,0.0381,204.91,91.9,30,Very Safe,Assault
Yonge-Eglinton (100),2015,Assault,51,103,0.4951,189.75,92.9,24,Very Safe,Assault
Yonge-Eglinton (100),2015,Auto Theft,6,103,0.0583,189.75,92.9,24,Very Safe,Assault
Yonge-Eglinton (100),2015,Break and Enter,24,103,0.233,189.75,92.9,24,Very Safe,Assault
Yonge-Eglinton (100),2015,NonMCI,11,103,0.1068,189.75,92.9,24,Very Safe,Assault
Yonge-Eglinton (100),2015,Robbery,7,103,0.068,189.75,92.9,24,Very Safe,Assault
Yonge-Eglinton (100),2015,Theft Over,4,103,0.0388,189.75,92.9,24,Very Safe,Assault
Yonge-St.Clair (97),2015,Assault,25,62,0.4032,106.98,98.6,3,Very Safe,Assault
Yonge-St.Clair (97),2015,Auto Theft,3,62,0.0484,106.98,98.6,3,Very Safe,Assault
Yonge-St.Clair (97),2015,Break and Enter,20,62,0.3226,106.98,98.6,3,Very Safe,Assault
Yonge-St.Clair (97),2015,NonMCI,8,62,0.129,106.98,98.6,3,Very Safe,Assault
Yonge-St.Clair (97),2015,Robbery,1,62,0.0161,106.98,98.6,3,Very Safe,Assault
Yonge-St.Clair (97),2015,Theft Over,5,62,0.0806,106.98,98.6,3,Very Safe,Assault
York University Heights (27),2015,Assault,271,737,0.3677,1243.83,20.2,152,Risky,Assault
York University Heights (27),2015,Auto Theft,103,737,0.1398,1243.83,20.2,152,Risky,Assault
York University Heights (27),2015,Break and Enter,139,737,0.1886,1243.83,20.2,152,Risky,Assault
York University Heights (27),2015,NonMCI,103,737,0.1398,1243.83,20.2,152,Risky,Assault
York University Heights (27),2015,Robbery,73,737,0.0991,1243.83,20.2,152,Risky,Assault
York University Heights (27),2015,Theft Over,48,737,0.0651,1243.83,20.2,152,Risky,Assault
Yorkdale-Glen Park (31),2015,Assault,127,339,0.3746,548.63,68.2,127,Safe,Assault
Yorkdale-Glen Park (31),2015,Auto Theft,51,339,0.1504,548.63,68.2,127,Safe,Assault
Yorkdale-Glen Park (31),2015,Break and Enter,55,339,0.1622,548.63,68.2,127,Safe,Assault
Yorkdale-Glen Park (31),2015,NonMCI,72,339,0.2124,548.63,68.2,127,Safe,Assault
Yorkdale-Glen Park (31),2015,Robbery,16,339,0.0472,548.63,68.2,127,Safe,Assault
Yorkdale-Glen Park (31),2015,Theft Over,18,339,0.0531,548.63,68.2,127,Safe,Assault
Agincourt North (129),2016,Assault,73,206,0.3544,385.17,82.9,78,Very Safe,Assault
Agincourt North (129),2016,Auto Theft,17,206,0.0825,385.17,82.9,78,Very Safe,Assault
Agincourt North (129),2016,Break and Enter,49,206,0.2379,385.17,82.9,78,Very Safe,Assault
Agincourt North (129),2016,NonMCI,48,206,0.233,385.17,82.9,78,Very Safe,Assault
Agincourt North (129),2016,Robbery,14,206,0.068,385.17,82.9,78,Very Safe,Assault
Agincourt North (129),2016,Theft Over,5,206,0.0243,385.17,82.9,78,Very Safe,Assault
Agincourt South-Malvern West (128),2016,Assault,125,299,0.4181,587.33,70.8,118,Safe,Assault
Agincourt South-Malvern West (128),2016,Auto Theft,27,299,0.0903,587.33,70.8,118,Safe,Assault
Agincourt South-Malvern West (128),2016,Break and Enter,61,299,0.204,587.33,70.8,118,Safe,Assault
Agincourt South-Malvern West (128),2016,NonMCI,55,299,0.1839,587.33,70.8,118,Safe,Assault
Agincourt South-Malvern West (128),2016,Robbery,18,299,0.0602,587.33,70.8,118,Safe,Assault
Agincourt South-Malvern West (128),2016,Theft Over,13,299,0.0435,587.33,70.8,118,Safe,Assault
Alderwood (20),2016,Assault,37,135,0.2741,230.35,92.1,28,Very Safe,NonMCI
Alderwood (20),2016,Auto Theft,15,135,0.1111,230.35,92.1,28,Very Safe,NonMCI
Alderwood (20),2016,Break and Enter,26,135,0.1926,230.35,92.1,28,Very Safe,NonMCI
Alderwood (20),2016,NonMCI,39,135,0.2889,230.35,92.1,28,Very Safe,NonMCI
Alderwood (20),2016,Robbery,8,135,0.0593,230.35,92.1,28,Very Safe,NonMCI
Alderwood (20),2016,Theft Over,10,135,0.0741,230.35,92.1,28,Very Safe,NonMCI
Annex (95),2016,Assault,254,605,0.4198,1180.46,35.5,150,Risky,Assault
Annex (95),2016,Auto Theft,21,605,0.0347,1180.46,35.5,150,Risky,Assault
Annex (95),2016,Break and Enter,124,605,0.205,1180.46,35.5,150,Risky,Assault
Annex (95),2016,NonMCI,142,605,0.2347,1180.46,35.5,150,Risky,Assault
Annex (95),2016,Robbery,43,605,0.0711,1180.46,35.5,150,Risky,Assault
Annex (95),2016,Theft Over,21,605,0.0347,1180.46,35.5,150,Risky,Assault
Avondale (153),2016,Assault,33,69,0.4783,133.25,97.9,4,Very Safe,Assault
Avondale (153),2016,Auto Theft,10,69,0.1449,133.25,97.9,4,Very Safe,Assault
Avondale (153),2016,Break and Enter,7,69,0.1014,133.25,97.9,4,Very Safe,Assault
Avondale (153),2016,NonMCI,14,69,0.2029,133.25,97.9,4,Very Safe,Assault
Avondale (153),2016,Robbery,1,69,0.0145,133.25,97.9,4,Very Safe,Assault
Avondale (153),2016,Theft Over,4,69,0.058,133.25,97.9,4,Very Safe,Assault
Banbury-Don Mills (42),2016,Assault,80,216,0.3704,410.7,81.4,85,Very Safe,Assault
Banbury-Don Mills (42),2016,Auto Theft,11,216,0.0509,410.7,81.4,85,Very Safe,Assault
Banbury-Don Mills (42),2016,Break and Enter,56,216,0.2593,410.7,81.4,85,Very Safe,Assault
Banbury-Don Mills (42),2016,NonMCI,47,216,0.2176,410.7,81.4,85,Very Safe,Assault
Banbury-Don Mills (42),2016,Robbery,13,216,0.0602,410.7,81.4,85,Very Safe,Assault
Banbury-Don Mills (42),2016,Theft Over,9,216,0.0417,410.7,81.4,85,Very Safe,Assault
Bathurst Manor (34),2016,Assault,70,177,0.3955,338.75,85.6,66,Very Safe,Assault
Bathurst Manor (34),2016,Auto Theft,25,177,0.1412,338.75,85.6,66,Very Safe,Assault
Bathurst Manor (34),2016,Break and Enter,34,177,0.1921,338.75,85.6,66,Very Safe,Assault
Bathurst Manor (34),2016,NonMCI,32,177,0.1808,338.75,85.6,66,Very Safe,Assault
Bathurst Manor (34),2016,Robbery,11,177,0.0621,338.75,85.6,66,Very Safe,Assault
Bathurst Manor (34),2016,Theft Over,5,177,0.0282,338.75,85.6,66,Very Safe,Assault
Bay-Cloverhill (169),2016,Assault,121,242,0.5,513.32,75.3,108,Safe,Assault
Bay-Cloverhill (169),2016,Auto Theft,6,242,0.0248,513.32,75.3,108,Safe,Assault
Bay-Cloverhill (169),2016,Break and Enter,58,242,0.2397,513.32,75.3,108,Safe,Assault
Bay-Cloverhill (169),2016,NonMCI,26,242,0.1074,513.32,75.3,108,Safe,Assault
Bay-Cloverhill (169),2016,Robbery,16,242,0.0661,513.32,75.3,108,Safe,Assault
Bay-Cloverhill (169),2016,Theft Over,15,242,0.062,513.32,75.3,108,Safe,Assault
Bayview Village (52),2016,Assault,71,173,0.4104,330.67,86.1,62,Very Safe,Assault
Bayview Village (52),2016,Auto Theft,16,173,0.0925,330.67,86.1,62,Very Safe,Assault
Bayview Village (52),2016,Break and Enter,33,173,0.1908,330.67,86.1,62,Very Safe,Assault
Bayview Village (52),2016,NonMCI,40,173,0.2312,330.67,86.1,62,Very Safe,Assault
Bayview Village (52),2016,Robbery,8,173,0.0462,330.67,86.1,62,Very Safe,Assault
Bayview Village (52),2016,Theft Over,5,173,0.0289,330.67,86.1,62,Very Safe,Assault
Bayview Woods-Steeles (49),2016,Assault,36,102,0.3529,192.99,94.3,18,Very Safe,Assault
Bayview Woods-Steeles (49),2016,Auto Theft,15,102,0.1471,192.99,94.3,18,Very Safe,Assault
Bayview Woods-Steeles (49),2016,Break and Enter,33,102,0.3235,192.99,94.3,18,Very Safe,Assault
Bayview Woods-Steeles (49),2016,NonMCI,15,102,0.1471,192.99,94.3,18,Very Safe,Assault
Bayview Woods-Steeles (49),2016,Robbery,0,102,0.0,192.99,94.3,18,Very Safe,Assault
Bayview Woods-Steeles (49),2016,Theft Over,3,102,0.0294,192.99,94.3,18,Very Safe,Assault
Bedford Park-Nortown (39),2016,Assault,33,229,0.1441,390.79,82.5,79,Very Safe,Break and Enter
Bedford Park-Nortown (39),2016,Auto Theft,29,229,0.1266,390.79,82.5,79,Very Safe,Break and Enter
Bedford Park-Nortown (39),2016,Break and Enter,101,229,0.441,390.79,82.5,79,Very Safe,Break and Enter
Bedford Park-Nortown (39),2016,NonMCI,43,229,0.1878,390.79,82.5,79,Very Safe,Break and Enter
Bedford Park-Nortown (39),2016,Robbery,15,229,0.0655,390.79,82.5,79,Very Safe,Break and Enter
Bedford Park-Nortown (39),2016,Theft Over,8,229,0.0349,390.79,82.5,79,Very Safe,Break and Enter
Beechborough-Greenbrook (112),2016,Assault,61,110,0.5545,248.87,91.0,35,Very Safe,Assault
Beechborough-Greenbrook (112),2016,Auto Theft,6,110,0.0545,248.87,91.0,35,Very Safe,Assault
Beechborough-Greenbrook (112),2016,Break and Enter,12,110,0.1091,248.87,91.0,35,Very Safe,Assault
Beechborough-Greenbrook (112),2016,NonMCI,7,110,0.0636,248.87,91.0,35,Very Safe,Assault
Beechborough-Greenbrook (112),2016,Robbery,21,110,0.1909,248.87,91.0,35,Very Safe,Assault
Beechborough-Greenbrook (112),2016,Theft Over,3,110,0.0273,248.87,91.0,35,Very Safe,Assault
Bendale South (157),2016,Assault,63,133,0.4737,279.6,89.2,47,Very Safe,Assault
Bendale South (157),2016,Auto Theft,8,133,0.0602,279.6,89.2,47,Very Safe,Assault
Bendale South (157),2016,Break and Enter,28,133,0.2105,279.6,89.2,47,Very Safe,Assault
Bendale South (157),2016,NonMCI,17,133,0.1278,279.6,89.2,47,Very Safe,Assault
Bendale South (157),2016,Robbery,13,133,0.0977,279.6,89.2,47,Very Safe,Assault
Bendale South (157),2016,Theft Over,4,133,0.0301,279.6,89.2,47,Very Safe,Assault
Bendale-Glen Andrew (156),2016,Assault,158,311,0.508,655.81,66.8,128,Safe,Assault
Bendale-Glen Andrew (156),2016,Auto Theft,32,311,0.1029,655.81,66.8,128,Safe,Assault
Bendale-Glen Andrew (156),2016,Break and Enter,29,311,0.0932,655.81,66.8,128,Safe,Assault
Bendale-Glen Andrew (156),2016,NonMCI,44,311,0.1415,655.81,66.8,128,Safe,Assault
Bendale-Glen Andrew (156),2016,Robbery,38,311,0.1222,655.81,66.8,128,Safe,Assault
Bendale-Glen Andrew (156),2016,Theft Over,10,311,0.0322,655.81,66.8,128,Safe,Assault
Birchcliffe-Cliffside (122),2016,Assault,185,387,0.478,778.12,59.5,137,Moderate,Assault
Birchcliffe-Cliffside (122),2016,Auto Theft,14,387,0.0362,778.12,59.5,137,Moderate,Assault
Birchcliffe-Cliffside (122),2016,Break and Enter,75,387,0.1938,778.12,59.5,137,Moderate,Assault
Birchcliffe-Cliffside (122),2016,NonMCI,87,387,0.2248,778.12,59.5,137,Moderate,Assault
Birchcliffe-Cliffside (122),2016,Robbery,20,387,0.0517,778.12,59.5,137,Moderate,Assault
Birchcliffe-Cliffside (122),2016,Theft Over,6,387,0.0155,778.12,59.5,137,Moderate,Assault
Black Creek (24),2016,Assault,255,427,0.5972,929.13,50.5,144,Moderate,Assault
Black Creek (24),2016,Auto Theft,52,427,0.1218,929.13,50.5,144,Moderate,Assault
Black Creek (24),2016,Break and Enter,28,427,0.0656,929.13,50.5,144,Moderate,Assault
Black Creek (24),2016,NonMCI,54,427,0.1265,929.13,50.5,144,Moderate,Assault
Black Creek (24),2016,Robbery,32,427,0.0749,929.13,50.5,144,Moderate,Assault
Black Creek (24),2016,Theft Over,6,427,0.0141,929.13,50.5,144,Moderate,Assault
Blake-Jones (69),2016,Assault,62,122,0.5082,256.78,90.5,39,Very Safe,Assault
Blake-Jones (69),2016,Auto Theft,5,122,0.041,256.78,90.5,39,Very Safe,Assault
Blake-Jones (69),2016,Break and Enter,24,122,0.1967,256.78,90.5,39,Very Safe,Assault
Blake-Jones (69),2016,NonMCI,20,122,0.1639,256.78,90.5,39,Very Safe,Assault
Blake-Jones (69),2016,Robbery,11,122,0.0902,256.78,90.5,39,Very Safe,Assault
Blake-Jones (69),2016,Theft Over,0,122,0.0,256.78,90.5,39,Very Safe,Assault
Briar Hill-Belgravia (108),2016,Assault,79,191,0.4136,379.33,83.2,77,Very Safe,Assault
Briar Hill-Belgravia (108),2016,Auto Theft,18,191,0.0942,379.33,83.2,77,Very Safe,Assault
Briar Hill-Belgravia (108),2016,Break and Enter,31,191,0.1623,379.33,83.2,77,Very Safe,Assault
Briar Hill-Belgravia (108),2016,NonMCI,34,191,0.178,379.33,83.2,77,Very Safe,Assault
Briar Hill-Belgravia (108),2016,Robbery,24,191,0.1257,379.33,83.2,77,Very Safe,Assault
Briar Hill-Belgravia (108),2016,Theft Over,5,191,0.0262,379.33,83.2,77,Very Safe,Assault
Bridle Path-Sunnybrook-York Mills (41),2016,Assault,16,93,0.172,164.9,96.0,8,Very Safe,Break and Enter
Bridle Path-Sunnybrook-York Mills (41),2016,Auto Theft,9,93,0.0968,164.9,96.0,8,Very Safe,Break and Enter
Bridle Path-Sunnybrook-York Mills (41),2016,Break and Enter,51,93,0.5484,164.9,96.0,8,Very Safe,Break and Enter
Bridle Path-Sunnybrook-York Mills (41),2016,NonMCI,11,93,0.1183,164.9,96.0,8,Very Safe,Break and Enter
Bridle Path-Sunnybrook-York Mills (41),2016,Robbery,2,93,0.0215,164.9,96.0,8,Very Safe,Break and Enter
Bridle Path-Sunnybrook-York Mills (41),2016,Theft Over,4,93,0.043,164.9,96.0,8,Very Safe,Break and Enter
Broadview North (57),2016,Assault,53,105,0.5048,215.24,93.0,23,Very Safe,Assault
Broadview North (57),2016,Auto Theft,8,105,0.0762,215.24,93.0,23,Very Safe,Assault
Broadview North (57),2016,Break and Enter,16,105,0.1524,215.24,93.0,23,Very Safe,Assault
Broadview North (57),2016,NonMCI,20,105,0.1905,215.24,93.0,23,Very Safe,Assault
Broadview North (57),2016,Robbery,6,105,0.0571,215.24,93.0,23,Very Safe,Assault
Broadview North (57),2016,Theft Over,2,105,0.019,215.24,93.0,23,Very Safe,Assault
Brookhaven-Amesbury (30),2016,Assault,100,218,0.4587,449.98,79.0,96,Safe,Assault
Brookhaven-Amesbury (30),2016,Auto Theft,31,218,0.1422,449.98,79.0,96,Safe,Assault
Brookhaven-Amesbury (30),2016,Break and Enter,31,218,0.1422,449.98,79.0,96,Safe,Assault
Brookhaven-Amesbury (30),2016,NonMCI,28,218,0.1284,449.98,79.0,96,Safe,Assault
Brookhaven-Amesbury (30),2016,Robbery,27,218,0.1239,449.98,79.0,96,Safe,Assault
Brookhaven-Amesbury (30),2016,Theft Over,1,218,0.0046,449.98,79.0,96,Safe,Assault
Cabbagetown-South St.James Town (71),2016,Assault,119,322,0.3696,588.98,70.7,119,Safe,Assault
Cabbagetown-South St.James Town (71),2016,Auto Theft,13,322,0.0404,588.98,70.7,119,Safe,Assault
Cabbagetown-South St.James Town (71),2016,Break and Enter,53,322,0.1646,588.98,70.7,119,Safe,Assault
Cabbagetown-South St.James Town (71),2016,NonMCI,107,322,0.3323,588.98,70.7,119,Safe,Assault
Cabbagetown-South St.James Town (71),2016,Robbery,23,322,0.0714,588.98,70.7,119,Safe,Assault
Cabbagetown-South St.James Town (71),2016,Theft Over,7,322,0.0217,588.98,70.7,119,Safe,Assault
Caledonia-Fairbank (109),2016,Assault,58,102,0.5686,224.21,92.5,26,Very Safe,Assault
Caledonia-Fairbank (109),2016,Auto Theft,10,102,0.098,224.21,92.5,26,Very Safe,Assault
Caledonia-Fairbank (109),2016,Break and Enter,13,102,0.1275,224.21,92.5,26,Very Safe,Assault
Caledonia-Fairbank (109),2016,NonMCI,10,102,0.098,224.21,92.5,26,Very Safe,Assault
Caledonia-Fairbank (109),2016,Robbery,10,102,0.098,224.21,92.5,26,Very Safe,Assault
Caledonia-Fairbank (109),2016,Theft Over,1,102,0.0098,224.21,92.5,26,Very Safe,Assault
Casa Loma (96),2016,Assault,38,93,0.4086,176.81,95.3,10,Very Safe,Assault
Casa Loma (96),2016,Auto Theft,6,93,0.0645,176.81,95.3,10,Very Safe,Assault
Casa Loma (96),2016,Break and Enter,19,93,0.2043,176.81,95.3,10,Very Safe,Assault
Casa Loma (96),2016,NonMCI,21,93,0.2258,176.81,95.3,10,Very Safe,Assault
Casa Loma (96),2016,Robbery,2,93,0.0215,176.81,95.3,10,Very Safe,Assault
Casa Loma (96),2016,Theft Over,7,93,0.0753,176.81,95.3,10,Very Safe,Assault
Centennial Scarborough (133),2016,Assault,42,122,0.3443,215.75,93.0,23,Very Safe,NonMCI
Centennial Scarborough (133),2016,Auto Theft,3,122,0.0246,215.75,93.0,23,Very Safe,NonMCI
Centennial Scarborough (133),2016,Break and Enter,18,122,0.1475,215.75,93.0,23,Very Safe,NonMCI
Centennial Scarborough (133),2016,NonMCI,47,122,0.3852,215.75,93.0,23,Very Safe,NonMCI
Centennial Scarborough (133),2016,Robbery,10,122,0.082,215.75,93.0,23,Very Safe,NonMCI
Centennial Scarborough (133),2016,Theft Over,2,122,0.0164,215.75,93.0,23,Very Safe,NonMCI
Church-Wellesley (167),2016,Assault,275,476,0.5777,1048.43,43.4,146,Moderate,Assault
Church-Wellesley (167),2016,Auto Theft,13,476,0.0273,1048.43,43.4,146,Moderate,Assault
Church-Wellesley (167),2016,Break and Enter,61,476,0.1282,1048.43,43.4,146,Moderate,Assault
Church-Wellesley (167),2016,NonMCI,65,476,0.1366,1048.43,43.4,146,Moderate,Assault
Church-Wellesley (167),2016,Robbery,50,476,0.105,1048.43,43.4,146,Moderate,Assault
Church-Wellesley (167),2016,Theft Over,12,476,0.0252,1048.43,43.4,146,Moderate,Assault
Clairlea-Birchmount (120),2016,Assault,228,508,0.4488,1008.1,45.8,145,Moderate,Assault
Clairlea-Birchmount (120),2016,Auto Theft,34,508,0.0669,1008.1,45.8,145,Moderate,Assault
Clairlea-Birchmount (120),2016,Break and Enter,89,508,0.1752,1008.1,45.8,145,Moderate,Assault
Clairlea-Birchmount (120),2016,NonMCI,107,508,0.2106,1008.1,45.8,145,Moderate,Assault
Clairlea-Birchmount (120),2016,Robbery,34,508,0.0669,1008.1,45.8,145,Moderate,Assault
Clairlea-Birchmount (120),2016,Theft Over,16,508,0.0315,1008.1,45.8,145,Moderate,Assault
Clanton Park (33),2016,Assault,51,184,0.2772,320.87,86.7,58,Very Safe,Assault
Clanton Park (33),2016,Auto Theft,44,184,0.2391,320.87,86.7,58,Very Safe,Assault
Clanton Park (33),2016,Break and Enter,41,184,0.2228,320.87,86.7,58,Very Safe,Assault
Clanton Park (33),2016,NonMCI,38,184,0.2065,320.87,86.7,58,Very Safe,Assault
Clanton Park (33),2016,Robbery,4,184,0.0217,320.87,86.7,58,Very Safe,Assault
Clanton Park (33),2016,Theft Over,6,184,0.0326,320.87,86.7,58,Very Safe,Assault
Cliffcrest (123),2016,Assault,103,256,0.4023,497.95,76.2,105,Safe,Assault
Cliffcrest (123),2016,Auto Theft,10,256,0.0391,497.95,76.2,105,Safe,Assault
Cliffcrest (123),2016,Break and Enter,59,256,0.2305,497.95,76.2,105,Safe,Assault
Cliffcrest (123),2016,NonMCI,59,256,0.2305,497.95,76.2,105,Safe,Assault
Cliffcrest (123),2016,Robbery,21,256,0.082,497.95,76.2,105,Safe,Assault
Cliffcrest (123),2016,Theft Over,4,256,0.0156,497.95,76.2,105,Safe,Assault
Corso Italia-Davenport (92),2016,Assault,62,139,0.446,285.5,88.8,50,Very Safe,Assault
Corso Italia-Davenport (92),2016,Auto Theft,7,139,0.0504,285.5,88.8,50,Very Safe,Assault
Corso Italia-Davenport (92),2016,Break and Enter,15,139,0.1079,285.5,88.8,50,Very Safe,Assault
Corso Italia-Davenport (92),2016,NonMCI,27,139,0.1942,285.5,88.8,50,Very Safe,Assault
Corso Italia-Davenport (92),2016,Robbery,26,139,0.1871,285.5,88.8,50,Very Safe,Assault
Corso Italia-Davenport (92),2016,Theft Over,2,139,0.0144,285.5,88.8,50,Very Safe,Assault
Danforth (66),2016,Assault,64,150,0.4267,309.83,87.4,56,Very Safe,Assault
Danforth (66),2016,Auto Theft,6,150,0.04,309.83,87.4,56,Very Safe,Assault
Danforth (66),2016,Break and Enter,40,150,0.2667,309.83,87.4,56,Very Safe,Assault
Danforth (66),2016,NonMCI,19,150,0.1267,309.83,87.4,56,Very Safe,Assault
Danforth (66),2016,Robbery,16,150,0.1067,309.83,87.4,56,Very Safe,Assault
Danforth (66),2016,Theft Over,5,150,0.0333,309.83,87.4,56,Very Safe,Assault
Danforth East York (59),2016,Assault,40,146,0.274,251.27,90.9,36,Very Safe,Break and Enter
Danforth East York (59),2016,Auto Theft,12,146,0.0822,251.27,90.9,36,Very Safe,Break and Enter
Danforth East York (59),2016,Break and Enter,43,146,0.2945,251.27,90.9,36,Very Safe,Break and Enter
Danforth East York (59),2016,NonMCI,42,146,0.2877,251.27,90.9,36,Very Safe,Break and Enter
Danforth East York (59),2016,Robbery,5,146,0.0342,251.27,90.9,36,Very Safe,Break and Enter
Danforth East York (59),2016,Theft Over,4,146,0.0274,251.27,90.9,36,Very Safe,Break and Enter
Don Valley Village (47),2016,Assault,126,314,0.4013,609.06,69.6,123,Safe,Assault
Don Valley Village (47),2016,Auto Theft,28,314,0.0892,609.06,69.6,123,Safe,Assault
Don Valley Village (47),2016,Break and Enter,65,314,0.207,609.06,69.6,123,Safe,Assault
Don Valley Village (47),2016,NonMCI,64,314,0.2038,609.06,69.6,123,Safe,Assault
Don Valley Village (47),2016,Robbery,23,314,0.0732,609.06,69.6,123,Safe,Assault
Don Valley Village (47),2016,Theft Over,8,314,0.0255,609.06,69.6,123,Safe,Assault
Dorset Park (126),2016,Assault,178,413,0.431,839.22,55.8,142,Moderate,Assault
Dorset Park (126),2016,Auto Theft,44,413,0.1065,839.22,55.8,142,Moderate,Assault
Dorset Park (126),2016,Break and Enter,70,413,0.1695,839.22,55.8,142,Moderate,Assault
Dorset Park (126),2016,NonMCI,59,413,0.1429,839.22,55.8,142,Moderate,Assault
Dorset Park (126),2016,Robbery,50,413,0.1211,839.22,55.8,142,Moderate,Assault
Dorset Park (126),2016,Theft Over,12,413,0.0291,839.22,55.8,142,Moderate,Assault
Dovercourt Village (172),2016,Assault,85,209,0.4067,402.95,81.8,82,Very Safe,Assault
Dovercourt Village (172),2016,Auto Theft,14,209,0.067,402.95,81.8,82,Very Safe,Assault
Dovercourt Village (172),2016,Break and Enter,39,209,0.1866,402.95,81.8,82,Very Safe,Assault
Dovercourt Village (172),2016,NonMCI,52,209,0.2488,402.95,81.8,82,Very Safe,Assault
Dovercourt Village (172),2016,Robbery,14,209,0.067,402.95,81.8,82,Very Safe,Assault
Dovercourt Village (172),2016,Theft Over,5,209,0.0239,402.95,81.8,82,Very Safe,Assault
Downsview (155),2016,Assault,121,263,0.4601,510.58,75.4,107,Safe,Assault
Downsview (155),2016,Auto Theft,35,263,0.1331,510.58,75.4,107,Safe,Assault
Downsview (155),2016,Break and Enter,28,263,0.1065,510.58,75.4,107,Safe,Assault
Downsview (155),2016,NonMCI,62,263,0.2357,510.58,75.4,107,Safe,Assault
Downsview (155),2016,Robbery,13,263,0.0494,510.58,75.4,107,Safe,Assault
Downsview (155),2016,Theft Over,4,263,0.0152,510.58,75.4,107,Safe,Assault
Downtown Yonge East (168),2016,Assault,322,678,0.4749,1397.46,22.6,152,Risky,Assault
Downtown Yonge East (168),2016,Auto Theft,18,678,0.0265,1397.46,22.6,152,Risky,Assault
Downtown Yonge East (168),2016,Break and Enter,85,678,0.1254,1397.46,22.6,152,Risky,Assault
Downtown Yonge East (168),2016,NonMCI,136,678,0.2006,1397.46,22.6,152,Risky,Assault
Downtown Yonge East (168),2016,Robbery,89,678,0.1313,1397.46,22.6,152,Risky,Assault
Downtown Yonge East (168),2016,Theft Over,28,678,0.0413,1397.46,22.6,152,Risky,Assault
Dufferin Grove (83),2016,Assault,79,165,0.4788,335.44,85.8,64,Very Safe,Assault
Dufferin Grove (83),2016,Auto Theft,9,165,0.0545,335.44,85.8,64,Very Safe,Assault
Dufferin Grove (83),2016,Break and Enter,26,165,0.1576,335.44,85.8,64,Very Safe,Assault
Dufferin Grove (83),2016,NonMCI,35,165,0.2121,335.44,85.8,64,Very Safe,Assault
Dufferin Grove (83),2016,Robbery,13,165,0.0788,335.44,85.8,64,Very Safe,Assault
Dufferin Grove (83),2016,Theft Over,3,165,0.0182,335.44,85.8,64,Very Safe,Assault
East End-Danforth (62),2016,Assault,164,389,0.4216,771.72,59.9,136,Moderate,Assault
East End-Danforth (62),2016,Auto Theft,25,389,0.0643,771.72,59.9,136,Moderate,Assault
East End-Danforth (62),2016,Break and Enter,79,389,0.2031,771.72,59.9,136,Moderate,Assault
East End-Danforth (62),2016,NonMCI,75,389,0.1928,771.72,59.9,136,Moderate,Assault
East End-Danforth (62),2016,Robbery,35,389,0.09,771.72,59.9,136,Moderate,Assault
East End-Danforth (62),2016,Theft Over,11,389,0.0283,771.72,59.9,136,Moderate,Assault
East L'Amoreaux (148),2016,Assault,87,162,0.537,341.82,85.5,68,Very Safe,Assault
East L'Amoreaux (148),2016,Auto Theft,11,162,0.0679,341.82,85.5,68,Very Safe,Assault
East L'Amoreaux (148),2016,Break and Enter,20,162,0.1235,341.82,85.5,68,Very Safe,Assault
East L'Amoreaux (148),2016,NonMCI,29,162,0.179,341.82,85.5,68,Very Safe,Assault
East L'Amoreaux (148),2016,Robbery,13,162,0.0802,341.82,85.5,68,Very Safe,Assault
East L'Amoreaux (148),2016,Theft Over,2,162,0.0123,341.82,85.5,68,Very Safe,Assault
East Willowdale (152),2016,Assault,54,175,0.3086,325.19,86.5,59,Very Safe,Break and Enter
East Willowdale (152),2016,Auto Theft,21,175,0.12,325.19,86.5,59,Very Safe,Break and Enter
East Willowdale (152),2016,Break and Enter,57,175,0.3257,325.19,86.5,59,Very Safe,Break and Enter
East Willowdale (152),2016,NonMCI,33,175,0.1886,325.19,86.5,59,Very Safe,Break and Enter
East Willowdale (152),2016,Robbery,8,175,0.0457,325.19,86.5,59,Very Safe,Break and Enter
East Willowdale (152),2016,Theft Over,2,175,0.0114,325.19,86.5,59,Very Safe,Break and Enter
Edenbridge-Humber Valley (9),2016,Assault,27,149,0.1812,240.6,91.5,32,Very Safe,Break and Enter
Edenbridge-Humber Valley (9),2016,Auto Theft,27,149,0.1812,240.6,91.5,32,Very Safe,Break and Enter
Edenbridge-Humber Valley (9),2016,Break and Enter,46,149,0.3087,240.6,91.5,32,Very Safe,Break and Enter
Edenbridge-Humber Valley (9),2016,NonMCI,44,149,0.2953,240.6,91.5,32,Very Safe,Break and Enter
Edenbridge-Humber Valley (9),2016,Robbery,4,149,0.0268,240.6,91.5,32,Very Safe,Break and Enter
Edenbridge-Humber Valley (9),2016,Theft Over,1,149,0.0067,240.6,91.5,32,Very Safe,Break and Enter
Eglinton East (138),2016,Assault,192,361,0.5319,784.98,59.1,138,Moderate,Assault
Eglinton East (138),2016,Auto Theft,20,361,0.0554,784.98,59.1,138,Moderate,Assault
Eglinton East (138),2016,Break and Enter,64,361,0.1773,784.98,59.1,138,Moderate,Assault
Eglinton East (138),2016,NonMCI,39,361,0.108,784.98,59.1,138,Moderate,Assault
Eglinton East (138),2016,Robbery,40,361,0.1108,784.98,59.1,138,Moderate,Assault
Eglinton East (138),2016,Theft Over,6,361,0.0166,784.98,59.1,138,Moderate,Assault
Elms-Old Rexdale (5),2016,Assault,64,126,0.5079,262.97,90.2,44,Very Safe,Assault
Elms-Old Rexdale (5),2016,Auto Theft,13,126,0.1032,262.97,90.2,44,Very Safe,Assault
Elms-Old Rexdale (5),2016,Break and Enter,9,126,0.0714,262.97,90.2,44,Very Safe,Assault
Elms-Old Rexdale (5),2016,NonMCI,23,126,0.1825,262.97,90.2,44,Very Safe,Assault
Elms-Old Rexdale (5),2016,Robbery,17,126,0.1349,262.97,90.2,44,Very Safe,Assault
Elms-Old Rexdale (5),2016,Theft Over,0,126,0.0,262.97,90.2,44,Very Safe,Assault
Englemount-Lawrence (32),2016,Assault,109,261,0.4176,535.08,74.0,112,Safe,Assault
Englemount-Lawrence (32),2016,Auto Theft,19,261,0.0728,535.08,74.0,112,Safe,Assault
Englemount-Lawrence (32),2016,Break and Enter,56,261,0.2146,535.08,74.0,112,Safe,Assault
Englemount-Lawrence (32),2016,NonMCI,35,261,0.1341,535.08,74.0,112,Safe,Assault
Englemount-Lawrence (32),2016,Robbery,33,261,0.1264,535.08,74.0,112,Safe,Assault
Englemount-Lawrence (32),2016,Theft Over,9,261,0.0345,535.08,74.0,112,Safe,Assault
Eringate-Centennial-West Deane (11),2016,Assault,56,167,0.3353,303.29,87.8,54,Very Safe,Assault
Eringate-Centennial-West Deane (11),2016,Auto Theft,27,167,0.1617,303.29,87.8,54,Very Safe,Assault
Eringate-Centennial-West Deane (11),2016,Break and Enter,28,167,0.1677,303.29,87.8,54,Very Safe,Assault
Eringate-Centennial-West Deane (11),2016,NonMCI,39,167,0.2335,303.29,87.8,54,Very Safe,Assault
Eringate-Centennial-West Deane (11),2016,Robbery,12,167,0.0719,303.29,87.8,54,Very Safe,Assault
Eringate-Centennial-West Deane (11),2016,Theft Over,5,167,0.0299,303.29,87.8,54,Very Safe,Assault
Etobicoke City Centre (159),2016,Assault,128,417,0.307,728.29,62.5,133,Safe,Assault
Etobicoke City Centre (159),2016,Auto Theft,91,417,0.2182,728.29,62.5,133,Safe,Assault
Etobicoke City Centre (159),2016,Break and Enter,64,417,0.1535,728.29,62.5,133,Safe,Assault
Etobicoke City Centre (159),2016,NonMCI,89,417,0.2134,728.29,62.5,133,Safe,Assault
Etobicoke City Centre (159),2016,Robbery,16,417,0.0384,728.29,62.5,133,Safe,Assault
Etobicoke City Centre (159),2016,Theft Over,29,417,0.0695,728.29,62.5,133,Safe,Assault
Etobicoke West Mall (13),2016,Assault,49,102,0.4804,201.95,93.8,21,Very Safe,Assault
Etobicoke West Mall (13),2016,Auto Theft,15,102,0.1471,201.95,93.8,21,Very Safe,Assault
Etobicoke West Mall (13),2016,Break and Enter,14,102,0.1373,201.95,93.8,21,Very Safe,Assault
Etobicoke West Mall (13),2016,NonMCI,20,102,0.1961,201.95,93.8,21,Very Safe,Assault
Etobicoke West Mall (13),2016,Robbery,4,102,0.0392,201.95,93.8,21,Very Safe,Assault
Etobicoke West Mall (13),2016,Theft Over,0,102,0.0,201.95,93.8,21,Very Safe,Assault
Fenside-Parkwoods (150),2016,Assault,107,215,0.4977,441.98,79.5,93,Safe,Assault
Fenside-Parkwoods (150),2016,Auto Theft,17,215,0.0791,441.98,79.5,93,Safe,Assault
Fenside-Parkwoods (150),2016,Break and Enter,24,215,0.1116,441.98,79.5,93,Safe,Assault
Fenside-Parkwoods (150),2016,NonMCI,45,215,0.2093,441.98,79.5,93,Safe,Assault
Fenside-Parkwoods (150),2016,Robbery,20,215,0.093,441.98,79.5,93,Safe,Assault
Fenside-Parkwoods (150),2016,Theft Over,2,215,0.0093,441.98,79.5,93,Safe,Assault
Flemingdon Park (44),2016,Assault,141,233,0.6052,506.67,75.6,106,Safe,Assault
Flemingdon Park (44),2016,Auto Theft,8,233,0.0343,506.67,75.6,106,Safe,Assault
Flemingdon Park (44),2016,Break and Enter,14,233,0.0601,506.67,75.6,106,Safe,Assault
Flemingdon Park (44),2016,NonMCI,46,233,0.1974,506.67,75.6,106,Safe,Assault
Flemingdon Park (44),2016,Robbery,21,233,0.0901,506.67,75.6,106,Safe,Assault
Flemingdon Park (44),2016,Theft Over,3,233,0.0129,506.67,75.6,106,Safe,Assault
Forest Hill North (102),2016,Assault,25,72,0.3472,138.41,97.6,6,Very Safe,Assault
Forest Hill North (102),2016,Auto Theft,8,72,0.1111,138.41,97.6,6,Very Safe,Assault
Forest Hill North (102),2016,Break and Enter,18,72,0.25,138.41,97.6,6,Very Safe,Assault
Forest Hill North (102),2016,NonMCI,12,72,0.1667,138.41,97.6,6,Very Safe,Assault
Forest Hill North (102),2016,Robbery,7,72,0.0972,138.41,97.6,6,Very Safe,Assault
Forest Hill North (102),2016,Theft Over,2,72,0.0278,138.41,97.6,6,Very Safe,Assault
Forest Hill South (101),2016,Assault,9,66,0.1364,109.59,99.3,3,Very Safe,Break and Enter
Forest Hill South (101),2016,Auto Theft,6,66,0.0909,109.59,99.3,3,Very Safe,Break and Enter
Forest Hill South (101),2016,Break and Enter,29,66,0.4394,109.59,99.3,3,Very Safe,Break and Enter
Forest Hill South (101),2016,NonMCI,14,66,0.2121,109.59,99.3,3,Very Safe,Break and Enter
Forest Hill South (101),2016,Robbery,2,66,0.0303,109.59,99.3,3,Very Safe,Break and Enter
Forest Hill South (101),2016,Theft Over,6,66,0.0909,109.59,99.3,3,Very Safe,Break and Enter
Fort York-Liberty Village (163),2016,Assault,92,179,0.514,370.79,83.7,73,Very Safe,Assault
Fort York-Liberty Village (163),2016,Auto Theft,20,179,0.1117,370.79,83.7,73,Very Safe,Assault
Fort York-Liberty Village (163),2016,Break and Enter,28,179,0.1564,370.79,83.7,73,Very Safe,Assault
Fort York-Liberty Village (163),2016,NonMCI,23,179,0.1285,370.79,83.7,73,Very Safe,Assault
Fort York-Liberty Village (163),2016,Robbery,4,179,0.0223,370.79,83.7,73,Very Safe,Assault
Fort York-Liberty Village (163),2016,Theft Over,12,179,0.067,370.79,83.7,73,Very Safe,Assault
Glenfield-Jane Heights (25),2016,Assault,276,520,0.5308,1091.92,40.8,149,Moderate,Assault
Glenfield-Jane Heights (25),2016,Auto Theft,59,520,0.1135,1091.92,40.8,149,Moderate,Assault
Glenfield-Jane Heights (25),2016,Break and Enter,28,520,0.0538,1091.92,40.8,149,Moderate,Assault
Glenfield-Jane Heights (25),2016,NonMCI,86,520,0.1654,1091.92,40.8,149,Moderate,Assault
Glenfield-Jane Heights (25),2016,Robbery,59,520,0.1135,1091.92,40.8,149,Moderate,Assault
Glenfield-Jane Heights (25),2016,Theft Over,12,520,0.0231,1091.92,40.8,149,Moderate,Assault
Golfdale-Cedarbrae-Woburn (141),2016,Assault,174,307,0.5668,673.29,65.7,131,Safe,Assault
Golfdale-Cedarbrae-Woburn (141),2016,Auto Theft,12,307,0.0391,673.29,65.7,131,Safe,Assault
Golfdale-Cedarbrae-Woburn (141),2016,Break and Enter,36,307,0.1173,673.29,65.7,131,Safe,Assault
Golfdale-Cedarbrae-Woburn (141),2016,NonMCI,44,307,0.1433,673.29,65.7,131,Safe,Assault
Golfdale-Cedarbrae-Woburn (141),2016,Robbery,35,307,0.114,673.29,65.7,131,Safe,Assault
Golfdale-Cedarbrae-Woburn (141),2016,Theft Over,6,307,0.0195,673.29,65.7,131,Safe,Assault
Greenwood-Coxwell (65),2016,Assault,91,239,0.3808,454.73,78.7,98,Safe,Assault
Greenwood-Coxwell (65),2016,Auto Theft,13,239,0.0544,454.73,78.7,98,Safe,Assault
Greenwood-Coxwell (65),2016,Break and Enter,60,239,0.251,454.73,78.7,98,Safe,Assault
Greenwood-Coxwell (65),2016,NonMCI,55,239,0.2301,454.73,78.7,98,Safe,Assault
Greenwood-Coxwell (65),2016,Robbery,13,239,0.0544,454.73,78.7,98,Safe,Assault
Greenwood-Coxwell (65),2016,Theft Over,7,239,0.0293,454.73,78.7,98,Safe,Assault
Guildwood (140),2016,Assault,40,100,0.4,190.42,94.5,17,Very Safe,Assault
Guildwood (140),2016,Auto Theft,4,100,0.04,190.42,94.5,17,Very Safe,Assault
Guildwood (140),2016,Break and Enter,17,100,0.17,190.42,94.5,17,Very Safe,Assault
Guildwood (140),2016,NonMCI,30,100,0.3,190.42,94.5,17,Very Safe,Assault
Guildwood (140),2016,Robbery,8,100,0.08,190.42,94.5,17,Very Safe,Assault
Guildwood (140),2016,Theft Over,1,100,0.01,190.42,94.5,17,Very Safe,Assault
Harbourfront-CityPlace (165),2016,Assault,128,279,0.4588,541.23,73.6,114,Safe,Assault
Harbourfront-CityPlace (165),2016,Auto Theft,14,279,0.0502,541.23,73.6,114,Safe,Assault
Harbourfront-CityPlace (165),2016,Break and Enter,38,279,0.1362,541.23,73.6,114,Safe,Assault
Harbourfront-CityPlace (165),2016,NonMCI,67,279,0.2401,541.23,73.6,114,Safe,Assault
Harbourfront-CityPlace (165),2016,Robbery,9,279,0.0323,541.23,73.6,114,Safe,Assault
Harbourfront-CityPlace (165),2016,Theft Over,23,279,0.0824,541.23,73.6,114,Safe,Assault
Henry Farm (53),2016,Assault,64,128,0.5,250.26,90.9,36,Very Safe,Assault
Henry Farm (53),2016,Auto Theft,12,128,0.0938,250.26,90.9,36,Very Safe,Assault
Henry Farm (53),2016,Break and Enter,12,128,0.0938,250.26,90.9,36,Very Safe,Assault
Henry Farm (53),2016,NonMCI,34,128,0.2656,250.26,90.9,36,Very Safe,Assault
Henry Farm (53),2016,Robbery,3,128,0.0234,250.26,90.9,36,Very Safe,Assault
Henry Farm (53),2016,Theft Over,3,128,0.0234,250.26,90.9,36,Very Safe,Assault
High Park North (88),2016,Assault,101,183,0.5519,408.47,81.5,84,Very Safe,Assault
High Park North (88),2016,Auto Theft,7,183,0.0383,408.47,81.5,84,Very Safe,Assault
High Park North (88),2016,Break and Enter,28,183,0.153,408.47,81.5,84,Very Safe,Assault
High Park North (88),2016,NonMCI,19,183,0.1038,408.47,81.5,84,Very Safe,Assault
High Park North (88),2016,Robbery,26,183,0.1421,408.47,81.5,84,Very Safe,Assault
High Park North (88),2016,Theft Over,2,183,0.0109,408.47,81.5,84,Very Safe,Assault
High Park-Swansea (87),2016,Assault,79,189,0.418,363.85,84.1,71,Very Safe,Assault
High Park-Swansea (87),2016,Auto Theft,13,189,0.0688,363.85,84.1,71,Very Safe,Assault
High Park-Swansea (87),2016,Break and Enter,32,189,0.1693,363.85,84.1,71,Very Safe,Assault
High Park-Swansea (87),2016,NonMCI,48,189,0.254,363.85,84.1,71,Very Safe,Assault
High Park-Swansea (87),2016,Robbery,13,189,0.0688,363.85,84.1,71,Very Safe,Assault
High Park-Swansea (87),2016,Theft Over,4,189,0.0212,363.85,84.1,71,Very Safe,Assault
Highland Creek (134),2016,Assault,67,150,0.4467,300.66,87.9,53,Very Safe,Assault
Highland Creek (134),2016,Auto Theft,8,150,0.0533,300.66,87.9,53,Very Safe,Assault
Highland Creek (134),2016,Break and Enter,34,150,0.2267,300.66,87.9,53,Very Safe,Assault
Highland Creek (134),2016,NonMCI,30,150,0.2,300.66,87.9,53,Very Safe,Assault
Highland Creek (134),2016,Robbery,10,150,0.0667,300.66,87.9,53,Very Safe,Assault
Highland Creek (134),2016,Theft Over,1,150,0.0067,300.66,87.9,53,Very Safe,Assault
Hillcrest Village (48),2016,Assault,40,127,0.315,238.87,91.6,30,Very Safe,Assault
Hillcrest Village (48),2016,Auto Theft,22,127,0.1732,238.87,91.6,30,Very Safe,Assault
Hillcrest Village (48),2016,Break and Enter,34,127,0.2677,238.87,91.6,30,Very Safe,Assault
Hillcrest Village (48),2016,NonMCI,20,127,0.1575,238.87,91.6,30,Very Safe,Assault
Hillcrest Village (48),2016,Robbery,10,127,0.0787,238.87,91.6,30,Very Safe,Assault
Hillcrest Village (48),2016,Theft Over,1,127,0.0079,238.87,91.6,30,Very Safe,Assault
Humber Bay Shores (161),2016,Assault,75,148,0.5068,294.33,88.3,51,Very Safe,Assault
Humber Bay Shores (161),2016,Auto Theft,10,148,0.0676,294.33,88.3,51,Very Safe,Assault
Humber Bay Shores (161),2016,Break and Enter,17,148,0.1149,294.33,88.3,51,Very Safe,Assault
Humber Bay Shores (161),2016,NonMCI,33,148,0.223,294.33,88.3,51,Very Safe,Assault
Humber Bay Shores (161),2016,Robbery,2,148,0.0135,294.33,88.3,51,Very Safe,Assault
Humber Bay Shores (161),2016,Theft Over,11,148,0.0743,294.33,88.3,51,Very Safe,Assault
Humber Heights-Westmount (8),2016,Assault,30,107,0.2804,193.5,94.3,18,Very Safe,Assault
Humber Heights-Westmount (8),2016,Auto Theft,14,107,0.1308,193.5,94.3,18,Very Safe,Assault
Humber Heights-Westmount (8),2016,Break and Enter,24,107,0.2243,193.5,94.3,18,Very Safe,Assault
Humber Heights-Westmount (8),2016,NonMCI,24,107,0.2243,193.5,94.3,18,Very Safe,Assault
Humber Heights-Westmount (8),2016,Robbery,11,107,0.1028,193.5,94.3,18,Very Safe,Assault
Humber Heights-Westmount (8),2016,Theft Over,4,107,0.0374,193.5,94.3,18,Very Safe,Assault
Humber Summit (21),2016,Assault,114,317,0.3596,589.16,70.7,119,Safe,Assault
Humber Summit (21),2016,Auto Theft,58,317,0.183,589.16,70.7,119,Safe,Assault
Humber Summit (21),2016,Break and Enter,41,317,0.1293,589.16,70.7,119,Safe,Assault
Humber Summit (21),2016,NonMCI,62,317,0.1956,589.16,70.7,119,Safe,Assault
Humber Summit (21),2016,Robbery,23,317,0.0726,589.16,70.7,119,Safe,Assault
Humber Summit (21),2016,Theft Over,19,317,0.0599,589.16,70.7,119,Safe,Assault
Humbermede (22),2016,Assault,99,222,0.4459,444.71,79.3,95,Safe,Assault
Humbermede (22),2016,Auto Theft,45,222,0.2027,444.71,79.3,95,Safe,Assault
Humbermede (22),2016,Break and Enter,24,222,0.1081,444.71,79.3,95,Safe,Assault
Humbermede (22),2016,NonMCI,32,222,0.1441,444.71,79.3,95,Safe,Assault
Humbermede (22),2016,Robbery,21,222,0.0946,444.71,79.3,95,Safe,Assault
Humbermede (22),2016,Theft Over,1,222,0.0045,444.71,79.3,95,Safe,Assault
Humewood-Cedarvale (106),2016,Assault,52,144,0.3611,260.38,90.3,41,Very Safe,Assault
Humewood-Cedarvale (106),2016,Auto Theft,17,144,0.1181,260.38,90.3,41,Very Safe,Assault
Humewood-Cedarvale (106),2016,Break and Enter,27,144,0.1875,260.38,90.3,41,Very Safe,Assault
Humewood-Cedarvale (106),2016,NonMCI,39,144,0.2708,260.38,90.3,41,Very Safe,Assault
Humewood-Cedarvale (106),2016,Robbery,4,144,0.0278,260.38,90.3,41,Very Safe,Assault
Humewood-Cedarvale (106),2016,Theft Over,5,144,0.0347,260.38,90.3,41,Very Safe,Assault
Ionview (125),2016,Assault,97,150,0.6467,337.69,85.7,65,Very Safe,Assault
Ionview (125),2016,Auto Theft,8,150,0.0533,337.69,85.7,65,Very Safe,Assault
Ionview (125),2016,Break and Enter,17,150,0.1133,337.69,85.7,65,Very Safe,Assault
Ionview (125),2016,NonMCI,16,150,0.1067,337.69,85.7,65,Very Safe,Assault
Ionview (125),2016,Robbery,8,150,0.0533,337.69,85.7,65,Very Safe,Assault
Ionview (125),2016,Theft Over,4,150,0.0267,337.69,85.7,65,Very Safe,Assault
Islington (158),2016,Assault,80,228,0.3509,421.07,80.7,90,Very Safe,Assault
Islington (158),2016,Auto Theft,33,228,0.1447,421.07,80.7,90,Very Safe,Assault
Islington (158),2016,Break and Enter,40,228,0.1754,421.07,80.7,90,Very Safe,Assault
Islington (158),2016,NonMCI,52,228,0.2281,421.07,80.7,90,Very Safe,Assault
Islington (158),2016,Robbery,17,228,0.0746,421.07,80.7,90,Very Safe,Assault
Islington (158),2016,Theft Over,6,228,0.0263,421.07,80.7,90,Very Safe,Assault
Junction Area (90),2016,Assault,102,202,0.505,419.87,80.8,88,Very Safe,Assault
Junction Area (90),2016,Auto Theft,21,202,0.104,419.87,80.8,88,Very Safe,Assault
Junction Area (90),2016,Break and Enter,33,202,0.1634,419.87,80.8,88,Very Safe,Assault
Junction Area (90),2016,NonMCI,31,202,0.1535,419.87,80.8,88,Very Safe,Assault
Junction Area (90),2016,Robbery,13,202,0.0644,419.87,80.8,88,Very Safe,Assault
Junction Area (90),2016,Theft Over,2,202,0.0099,419.87,80.8,88,Very Safe,Assault
Junction-Wallace Emerson (171),2016,Assault,157,291,0.5395,619.73,68.9,126,Safe,Assault
Junction-Wallace Emerson (171),2016,Auto Theft,13,291,0.0447,619.73,68.9,126,Safe,Assault
Junction-Wallace Emerson (171),2016,Break and Enter,42,291,0.1443,619.73,68.9,126,Safe,Assault
Junction-Wallace Emerson (171),2016,NonMCI,47,291,0.1615,619.73,68.9,126,Safe,Assault
Junction-Wallace Emerson (171),2016,Robbery,26,291,0.0893,619.73,68.9,126,Safe,Assault
Junction-Wallace Emerson (171),2016,Theft Over,6,291,0.0206,619.73,68.9,126,Safe,Assault
Keelesdale-Eglinton West (110),2016,Assault,51,104,0.4904,221.21,92.6,25,Very Safe,Assault
Keelesdale-Eglinton West (110),2016,Auto Theft,13,104,0.125,221.21,92.6,25,Very Safe,Assault
Keelesdale-Eglinton West (110),2016,Break and Enter,14,104,0.1346,221.21,92.6,25,Very Safe,Assault
Keelesdale-Eglinton West (110),2016,NonMCI,11,104,0.1058,221.21,92.6,25,Very Safe,Assault
Keelesdale-Eglinton West (110),2016,Robbery,15,104,0.1442,221.21,92.6,25,Very Safe,Assault
Keelesdale-Eglinton West (110),2016,Theft Over,0,104,0.0,221.21,92.6,25,Very Safe,Assault
Kennedy Park (124),2016,Assault,202,321,0.6293,722.88,62.8,132,Safe,Assault
Kennedy Park (124),2016,Auto Theft,12,321,0.0374,722.88,62.8,132,Safe,Assault
Kennedy Park (124),2016,Break and Enter,47,321,0.1464,722.88,62.8,132,Safe,Assault
Kennedy Park (124),2016,NonMCI,34,321,0.1059,722.88,62.8,132,Safe,Assault
Kennedy Park (124),2016,Robbery,21,321,0.0654,722.88,62.8,132,Safe,Assault
Kennedy Park (124),2016,Theft Over,5,321,0.0156,722.88,62.8,132,Safe,Assault
Kensington-Chinatown (78),2016,Assault,350,1061,0.3299,1738.04,2.3,156,Very Risky,NonMCI
Kensington-Chinatown (78),2016,Auto Theft,28,1061,0.0264,1738.04,2.3,156,Very Risky,NonMCI
Kensington-Chinatown (78),2016,Break and Enter,82,1061,0.0773,1738.04,2.3,156,Very Risky,NonMCI
Kensington-Chinatown (78),2016,NonMCI,526,1061,0.4958,1738.04,2.3,156,Very Risky,NonMCI
Kensington-Chinatown (78),2016,Robbery,58,1061,0.0547,1738.04,2.3,156,Very Risky,NonMCI
Kensington-Chinatown (78),2016,Theft Over,17,1061,0.016,1738.04,2.3,156,Very Risky,NonMCI
Kingsview Village-The Westway (6),2016,Assault,120,275,0.4364,543.46,73.5,115,Safe,Assault
Kingsview Village-The Westway (6),2016,Auto Theft,38,275,0.1382,543.46,73.5,115,Safe,Assault
Kingsview Village-The Westway (6),2016,Break and Enter,34,275,0.1236,543.46,73.5,115,Safe,Assault
Kingsview Village-The Westway (6),2016,NonMCI,53,275,0.1927,543.46,73.5,115,Safe,Assault
Kingsview Village-The Westway (6),2016,Robbery,25,275,0.0909,543.46,73.5,115,Safe,Assault
Kingsview Village-The Westway (6),2016,Theft Over,5,275,0.0182,543.46,73.5,115,Safe,Assault
Kingsway South (15),2016,Assault,29,98,0.2959,181.63,95.0,14,Very Safe,Assault
Kingsway South (15),2016,Auto Theft,9,98,0.0918,181.63,95.0,14,Very Safe,Assault
Kingsway South (15),2016,Break and Enter,28,98,0.2857,181.63,95.0,14,Very Safe,Assault
Kingsway South (15),2016,NonMCI,20,98,0.2041,181.63,95.0,14,Very Safe,Assault
Kingsway South (15),2016,Robbery,10,98,0.102,181.63,95.0,14,Very Safe,Assault
Kingsway South (15),2016,Theft Over,2,98,0.0204,181.63,95.0,14,Very Safe,Assault
L'Amoreaux West (147),2016,Assault,85,178,0.4775,376.48,83.4,74,Very Safe,Assault
L'Amoreaux West (147),2016,Auto Theft,15,178,0.0843,376.48,83.4,74,Very Safe,Assault
L'Amoreaux West (147),2016,Break and Enter,29,178,0.1629,376.48,83.4,74,Very Safe,Assault
L'Amoreaux West (147),2016,NonMCI,24,178,0.1348,376.48,83.4,74,Very Safe,Assault
L'Amoreaux West (147),2016,Robbery,23,178,0.1292,376.48,83.4,74,Very Safe,Assault
L'Amoreaux West (147),2016,Theft Over,2,178,0.0112,376.48,83.4,74,Very Safe,Assault
Lambton Baby Point (114),2016,Assault,23,51,0.451,97.59,100.0,1,Very Safe,Assault
Lambton Baby Point (114),2016,Auto Theft,1,51,0.0196,97.59,100.0,1,Very Safe,Assault
Lambton Baby Point (114),2016,Break and Enter,9,51,0.1765,97.59,100.0,1,Very Safe,Assault
Lambton Baby Point (114),2016,NonMCI,15,51,0.2941,97.59,100.0,1,Very Safe,Assault
Lambton Baby Point (114),2016,Robbery,2,51,0.0392,97.59,100.0,1,Very Safe,Assault
Lambton Baby Point (114),2016,Theft Over,1,51,0.0196,97.59,100.0,1,Very Safe,Assault
Lansing-Westgate (38),2016,Assault,63,174,0.3621,323.61,86.5,59,Very Safe,Assault
Lansing-Westgate (38),2016,Auto Theft,25,174,0.1437,323.61,86.5,59,Very Safe,Assault
Lansing-Westgate (38),2016,Break and Enter,41,174,0.2356,323.61,86.5,59,Very Safe,Assault
Lansing-Westgate (38),2016,NonMCI,36,174,0.2069,323.61,86.5,59,Very Safe,Assault
Lansing-Westgate (38),2016,Robbery,5,174,0.0287,323.61,86.5,59,Very Safe,Assault
Lansing-Westgate (38),2016,Theft Over,4,174,0.023,323.61,86.5,59,Very Safe,Assault
Lawrence Park North (105),2016,Assault,22,92,0.2391,157.77,96.4,7,Very Safe,Break and Enter
Lawrence Park North (105),2016,Auto Theft,12,92,0.1304,157.77,96.4,7,Very Safe,Break and Enter
Lawrence Park North (105),2016,Break and Enter,27,92,0.2935,157.77,96.4,7,Very Safe,Break and Enter
Lawrence Park North (105),2016,NonMCI,23,92,0.25,157.77,96.4,7,Very Safe,Break and Enter
Lawrence Park North (105),2016,Robbery,4,92,0.0435,157.77,96.4,7,Very Safe,Break and Enter
Lawrence Park North (105),2016,Theft Over,4,92,0.0435,157.77,96.4,7,Very Safe,Break and Enter
Lawrence Park South (103),2016,Assault,18,107,0.1682,179.24,95.1,13,Very Safe,Break and Enter
Lawrence Park South (103),2016,Auto Theft,17,107,0.1589,179.24,95.1,13,Very Safe,Break and Enter
Lawrence Park South (103),2016,Break and Enter,45,107,0.4206,179.24,95.1,13,Very Safe,Break and Enter
Lawrence Park South (103),2016,NonMCI,23,107,0.215,179.24,95.1,13,Very Safe,Break and Enter
Lawrence Park South (103),2016,Robbery,2,107,0.0187,179.24,95.1,13,Very Safe,Break and Enter
Lawrence Park South (103),2016,Theft Over,2,107,0.0187,179.24,95.1,13,Very Safe,Break and Enter
Leaside-Bennington (56),2016,Assault,30,97,0.3093,183.03,94.9,15,Very Safe,Break and Enter
Leaside-Bennington (56),2016,Auto Theft,4,97,0.0412,183.03,94.9,15,Very Safe,Break and Enter
Leaside-Bennington (56),2016,Break and Enter,33,97,0.3402,183.03,94.9,15,Very Safe,Break and Enter
Leaside-Bennington (56),2016,NonMCI,19,97,0.1959,183.03,94.9,15,Very Safe,Break and Enter
Leaside-Bennington (56),2016,Robbery,8,97,0.0825,183.03,94.9,15,Very Safe,Break and Enter
Leaside-Bennington (56),2016,Theft Over,3,97,0.0309,183.03,94.9,15,Very Safe,Break and Enter
Little Portugal (84),2016,Assault,102,197,0.5178,409.73,81.4,85,Very Safe,Assault
Little Portugal (84),2016,Auto Theft,16,197,0.0812,409.73,81.4,85,Very Safe,Assault
Little Portugal (84),2016,Break and Enter,39,197,0.198,409.73,81.4,85,Very Safe,Assault
Little Portugal (84),2016,NonMCI,30,197,0.1523,409.73,81.4,85,Very Safe,Assault
Little Portugal (84),2016,Robbery,7,197,0.0355,409.73,81.4,85,Very Safe,Assault
Little Portugal (84),2016,Theft Over,3,197,0.0152,409.73,81.4,85,Very Safe,Assault
Long Branch (19),2016,Assault,54,120,0.45,240.48,91.5,32,Very Safe,Assault
Long Branch (19),2016,Auto Theft,12,120,0.1,240.48,91.5,32,Very Safe,Assault
Long Branch (19),2016,Break and Enter,28,120,0.2333,240.48,91.5,32,Very Safe,Assault
Long Branch (19),2016,NonMCI,19,120,0.1583,240.48,91.5,32,Very Safe,Assault
Long Branch (19),2016,Robbery,6,120,0.05,240.48,91.5,32,Very Safe,Assault
Long Branch (19),2016,Theft Over,1,120,0.0083,240.48,91.5,32,Very Safe,Assault
Malvern East (146),2016,Assault,159,272,0.5846,607.07,69.7,122,Safe,Assault
Malvern East (146),2016,Auto Theft,17,272,0.0625,607.07,69.7,122,Safe,Assault
Malvern East (146),2016,Break and Enter,41,272,0.1507,607.07,69.7,122,Safe,Assault
Malvern East (146),2016,NonMCI,26,272,0.0956,607.07,69.7,122,Safe,Assault
Malvern East (146),2016,Robbery,26,272,0.0956,607.07,69.7,122,Safe,Assault
Malvern East (146),2016,Theft Over,3,272,0.011,607.07,69.7,122,Safe,Assault
Malvern West (145),2016,Assault,110,221,0.4977,463.01,78.2,99,Safe,Assault
Malvern West (145),2016,Auto Theft,17,221,0.0769,463.01,78.2,99,Safe,Assault
Malvern West (145),2016,Break and Enter,25,221,0.1131,463.01,78.2,99,Safe,Assault
Malvern West (145),2016,NonMCI,35,221,0.1584,463.01,78.2,99,Safe,Assault
Malvern West (145),2016,Robbery,29,221,0.1312,463.01,78.2,99,Safe,Assault
Malvern West (145),2016,Theft Over,5,221,0.0226,463.01,78.2,99,Safe,Assault
Maple Leaf (29),2016,Assault,39,89,0.4382,177.76,95.2,11,Very Safe,Assault
Maple Leaf (29),2016,Auto Theft,14,89,0.1573,177.76,95.2,11,Very Safe,Assault
Maple Leaf (29),2016,Break and Enter,18,89,0.2022,177.76,95.2,11,Very Safe,Assault
Maple Leaf (29),2016,NonMCI,13,89,0.1461,177.76,95.2,11,Very Safe,Assault
Maple Leaf (29),2016,Robbery,5,89,0.0562,177.76,95.2,11,Very Safe,Assault
Maple Leaf (29),2016,Theft Over,0,89,0.0,177.76,95.2,11,Very Safe,Assault
Markland Wood (12),2016,Assault,24,111,0.2162,178.13,95.2,11,Very Safe,NonMCI
Markland Wood (12),2016,Auto Theft,13,111,0.1171,178.13,95.2,11,Very Safe,NonMCI
Markland Wood (12),2016,Break and Enter,19,111,0.1712,178.13,95.2,11,Very Safe,NonMCI
Markland Wood (12),2016,NonMCI,44,111,0.3964,178.13,95.2,11,Very Safe,NonMCI
Markland Wood (12),2016,Robbery,9,111,0.0811,178.13,95.2,11,Very Safe,NonMCI
Markland Wood (12),2016,Theft Over,2,111,0.018,178.13,95.2,11,Very Safe,NonMCI
Milliken (130),2016,Assault,75,246,0.3049,464.27,78.2,99,Safe,Assault
Milliken (130),2016,Auto Theft,33,246,0.1341,464.27,78.2,99,Safe,Assault
Milliken (130),2016,Break and Enter,67,246,0.2724,464.27,78.2,99,Safe,Assault
Milliken (130),2016,NonMCI,35,246,0.1423,464.27,78.2,99,Safe,Assault
Milliken (130),2016,Robbery,25,246,0.1016,464.27,78.2,99,Safe,Assault
Milliken (130),2016,Theft Over,11,246,0.0447,464.27,78.2,99,Safe,Assault
Mimico-Queensway (160),2016,Assault,154,260,0.5923,562.85,72.3,116,Safe,Assault
Mimico-Queensway (160),2016,Auto Theft,29,260,0.1115,562.85,72.3,116,Safe,Assault
Mimico-Queensway (160),2016,Break and Enter,32,260,0.1231,562.85,72.3,116,Safe,Assault
Mimico-Queensway (160),2016,NonMCI,32,260,0.1231,562.85,72.3,116,Safe,Assault
Mimico-Queensway (160),2016,Robbery,8,260,0.0308,562.85,72.3,116,Safe,Assault
Mimico-Queensway (160),2016,Theft Over,5,260,0.0192,562.85,72.3,116,Safe,Assault
Morningside (135),2016,Assault,145,204,0.7108,473.49,77.6,102,Safe,Assault
Morningside (135),2016,Auto Theft,14,204,0.0686,473.49,77.6,102,Safe,Assault
Morningside (135),2016,Break and Enter,19,204,0.0931,473.49,77.6,102,Safe,Assault
Morningside (135),2016,NonMCI,17,204,0.0833,473.49,77.6,102,Safe,Assault
Morningside (135),2016,Robbery,9,204,0.0441,473.49,77.6,102,Safe,Assault
Morningside (135),2016,Theft Over,0,204,0.0,473.49,77.6,102,Safe,Assault
Morningside Heights (144),2016,Assault,80,207,0.3865,409.99,81.4,85,Very Safe,Assault
Morningside Heights (144),2016,Auto Theft,16,207,0.0773,409.99,81.4,85,Very Safe,Assault
Morningside Heights (144),2016,Break and Enter,41,207,0.1981,409.99,81.4,85,Very Safe,Assault
Morningside Heights (144),2016,NonMCI,37,207,0.1787,409.99,81.4,85,Very Safe,Assault
Morningside Heights (144),2016,Robbery,25,207,0.1208,409.99,81.4,85,Very Safe,Assault
Morningside Heights (144),2016,Theft Over,8,207,0.0386,409.99,81.4,85,Very Safe,Assault
Moss Park (73),2016,Assault,422,830,0.5084,1777.33,0.0,158,Very Risky,Assault
Moss Park (73),2016,Auto Theft,20,830,0.0241,1777.33,0.0,158,Very Risky,Assault
Moss Park (73),2016,Break and Enter,132,830,0.159,1777.33,0.0,158,Very Risky,Assault
Moss Park (73),2016,NonMCI,129,830,0.1554,1777.33,0.0,158,Very Risky,Assault
Moss Park (73),2016,Robbery,115,830,0.1386,1777.33,0.0,158,Very Risky,Assault
Moss Park (73),2016,Theft Over,12,830,0.0145,1777.33,0.0,158,Very Risky,Assault
Mount Dennis (115),2016,Assault,102,194,0.5258,427.35,80.4,91,Very Safe,Assault
Mount Dennis (115),2016,Auto Theft,18,194,0.0928,427.35,80.4,91,Very Safe,Assault
Mount Dennis (115),2016,Break and Enter,31,194,0.1598,427.35,80.4,91,Very Safe,Assault
Mount Dennis (115),2016,NonMCI,17,194,0.0876,427.35,80.4,91,Very Safe,Assault
Mount Dennis (115),2016,Robbery,26,194,0.134,427.35,80.4,91,Very Safe,Assault
Mount Dennis (115),2016,Theft Over,0,194,0.0,427.35,80.4,91,Very Safe,Assault
Mount Olive-Silverstone-Jamestown (2),2016,Assault,246,510,0.4824,1064.24,42.5,147,Moderate,Assault
Mount Olive-Silverstone-Jamestown (2),2016,Auto Theft,45,510,0.0882,1064.24,42.5,147,Moderate,Assault
Mount Olive-Silverstone-Jamestown (2),2016,Break and Enter,34,510,0.0667,1064.24,42.5,147,Moderate,Assault
Mount Olive-Silverstone-Jamestown (2),2016,NonMCI,93,510,0.1824,1064.24,42.5,147,Moderate,Assault
Mount Olive-Silverstone-Jamestown (2),2016,Robbery,89,510,0.1745,1064.24,42.5,147,Moderate,Assault
Mount Olive-Silverstone-Jamestown (2),2016,Theft Over,3,510,0.0059,1064.24,42.5,147,Moderate,Assault
Mount Pleasant East (99),2016,Assault,19,61,0.3115,107.59,99.4,2,Very Safe,Assault
Mount Pleasant East (99),2016,Auto Theft,8,61,0.1311,107.59,99.4,2,Very Safe,Assault
Mount Pleasant East (99),2016,Break and Enter,15,61,0.2459,107.59,99.4,2,Very Safe,Assault
Mount Pleasant East (99),2016,NonMCI,16,61,0.2623,107.59,99.4,2,Very Safe,Assault
Mount Pleasant East (99),2016,Robbery,2,61,0.0328,107.59,99.4,2,Very Safe,Assault
Mount Pleasant East (99),2016,Theft Over,1,61,0.0164,107.59,99.4,2,Very Safe,Assault
New Toronto (18),2016,Assault,92,195,0.4718,401.42,81.9,80,Very Safe,Assault
New Toronto (18),2016,Auto Theft,10,195,0.0513,401.42,81.9,80,Very Safe,Assault
New Toronto (18),2016,Break and Enter,41,195,0.2103,401.42,81.9,80,Very Safe,Assault
New Toronto (18),2016,NonMCI,33,195,0.1692,401.42,81.9,80,Very Safe,Assault
New Toronto (18),2016,Robbery,14,195,0.0718,401.42,81.9,80,Very Safe,Assault
New Toronto (18),2016,Theft Over,5,195,0.0256,401.42,81.9,80,Very Safe,Assault
Newtonbrook East (50),2016,Assault,90,182,0.4945,377.07,83.4,74,Very Safe,Assault
Newtonbrook East (50),2016,Auto Theft,9,182,0.0495,377.07,83.4,74,Very Safe,Assault
Newtonbrook East (50),2016,Break and Enter,41,182,0.2253,377.07,83.4,74,Very Safe,Assault
Newtonbrook East (50),2016,NonMCI,28,182,0.1538,377.07,83.4,74,Very Safe,Assault
Newtonbrook East (50),2016,Robbery,9,182,0.0495,377.07,83.4,74,Very Safe,Assault
Newtonbrook East (50),2016,Theft Over,5,182,0.0275,377.07,83.4,74,Very Safe,Assault
Newtonbrook West (36),2016,Assault,140,304,0.4605,613.59,69.3,124,Safe,Assault
Newtonbrook West (36),2016,Auto Theft,43,304,0.1414,613.59,69.3,124,Safe,Assault
Newtonbrook West (36),2016,Break and Enter,55,304,0.1809,613.59,69.3,124,Safe,Assault
Newtonbrook West (36),2016,NonMCI,43,304,0.1414,613.59,69.3,124,Safe,Assault
Newtonbrook West (36),2016,Robbery,16,304,0.0526,613.59,69.3,124,Safe,Assault
Newtonbrook West (36),2016,Theft Over,7,304,0.023,613.59,69.3,124,Safe,Assault
North Riverdale (68),2016,Assault,50,173,0.289,314.92,87.1,57,Very Safe,Assault
North Riverdale (68),2016,Auto Theft,7,173,0.0405,314.92,87.1,57,Very Safe,Assault
North Riverdale (68),2016,Break and Enter,41,173,0.237,314.92,87.1,57,Very Safe,Assault
North Riverdale (68),2016,NonMCI,48,173,0.2775,314.92,87.1,57,Very Safe,Assault
North Riverdale (68),2016,Robbery,23,173,0.1329,314.92,87.1,57,Very Safe,Assault
North Riverdale (68),2016,Theft Over,4,173,0.0231,314.92,87.1,57,Very Safe,Assault
North St.James Town (74),2016,Assault,130,385,0.3377,668.7,66.0,130,Safe,NonMCI
North St.James Town (74),2016,Auto Theft,19,385,0.0494,668.7,66.0,130,Safe,NonMCI
North St.James Town (74),2016,Break and Enter,54,385,0.1403,668.7,66.0,130,Safe,NonMCI
North St.James Town (74),2016,NonMCI,151,385,0.3922,668.7,66.0,130,Safe,NonMCI
North St.James Town (74),2016,Robbery,22,385,0.0571,668.7,66.0,130,Safe,NonMCI
North St.James Town (74),2016,Theft Over,9,385,0.0234,668.7,66.0,130,Safe,NonMCI
North Toronto (173),2016,Assault,50,89,0.5618,193.09,94.3,18,Very Safe,Assault
North Toronto (173),2016,Auto Theft,2,89,0.0225,193.09,94.3,18,Very Safe,Assault
North Toronto (173),2016,Break and Enter,15,89,0.1685,193.09,94.3,18,Very Safe,Assault
North Toronto (173),2016,NonMCI,14,89,0.1573,193.09,94.3,18,Very Safe,Assault
North Toronto (173),2016,Robbery,6,89,0.0674,193.09,94.3,18,Very Safe,Assault
North Toronto (173),2016,Theft Over,2,89,0.0225,193.09,94.3,18,Very Safe,Assault
O'Connor-Parkview (54),2016,Assault,125,272,0.4596,528.21,74.4,111,Safe,Assault
O'Connor-Parkview (54),2016,Auto Theft,6,272,0.0221,528.21,74.4,111,Safe,Assault
O'Connor-Parkview (54),2016,Break and Enter,34,272,0.125,528.21,74.4,111,Safe,Assault
O'Connor-Parkview (54),2016,NonMCI,81,272,0.2978,528.21,74.4,111,Safe,Assault
O'Connor-Parkview (54),2016,Robbery,20,272,0.0735,528.21,74.4,111,Safe,Assault
O'Connor-Parkview (54),2016,Theft Over,6,272,0.0221,528.21,74.4,111,Safe,Assault
Oakdale-Beverley Heights (154),2016,Assault,215,368,0.5842,799.65,58.2,140,Moderate,Assault
Oakdale-Beverley Heights (154),2016,Auto Theft,51,368,0.1386,799.65,58.2,140,Moderate,Assault
Oakdale-Beverley Heights (154),2016,Break and Enter,24,368,0.0652,799.65,58.2,140,Moderate,Assault
Oakdale-Beverley Heights (154),2016,NonMCI,41,368,0.1114,799.65,58.2,140,Moderate,Assault
Oakdale-Beverley Heights (154),2016,Robbery,29,368,0.0788,799.65,58.2,140,Moderate,Assault
Oakdale-Beverley Heights (154),2016,Theft Over,8,368,0.0217,799.65,58.2,140,Moderate,Assault
Oakridge (121),2016,Assault,135,312,0.4327,614.74,69.2,125,Safe,Assault
Oakridge (121),2016,Auto Theft,11,312,0.0353,614.74,69.2,125,Safe,Assault
Oakridge (121),2016,Break and Enter,58,312,0.1859,614.74,69.2,125,Safe,Assault
Oakridge (121),2016,NonMCI,71,312,0.2276,614.74,69.2,125,Safe,Assault
Oakridge (121),2016,Robbery,27,312,0.0865,614.74,69.2,125,Safe,Assault
Oakridge (121),2016,Theft Over,10,312,0.0321,614.74,69.2,125,Safe,Assault
Oakwood Village (107),2016,Assault,126,221,0.5701,482.23,77.1,104,Safe,Assault
Oakwood Village (107),2016,Auto Theft,23,221,0.1041,482.23,77.1,104,Safe,Assault
Oakwood Village (107),2016,Break and Enter,22,221,0.0995,482.23,77.1,104,Safe,Assault
Oakwood Village (107),2016,NonMCI,27,221,0.1222,482.23,77.1,104,Safe,Assault
Oakwood Village (107),2016,Robbery,22,221,0.0995,482.23,77.1,104,Safe,Assault
Oakwood Village (107),2016,Theft Over,1,221,0.0045,482.23,77.1,104,Safe,Assault
Old East York (58),2016,Assault,45,101,0.4455,204.19,93.7,22,Very Safe,Assault
Old East York (58),2016,Auto Theft,5,101,0.0495,204.19,93.7,22,Very Safe,Assault
Old East York (58),2016,Break and Enter,25,101,0.2475,204.19,93.7,22,Very Safe,Assault
Old East York (58),2016,NonMCI,17,101,0.1683,204.19,93.7,22,Very Safe,Assault
Old East York (58),2016,Robbery,7,101,0.0693,204.19,93.7,22,Very Safe,Assault
Old East York (58),2016,Theft Over,2,101,0.0198,204.19,93.7,22,Very Safe,Assault
Palmerston-Little Italy (80),2016,Assault,67,197,0.3401,370.43,83.8,72,Very Safe,Assault
Palmerston-Little Italy (80),2016,Auto Theft,17,197,0.0863,370.43,83.8,72,Very Safe,Assault
Palmerston-Little Italy (80),2016,Break and Enter,39,197,0.198,370.43,83.8,72,Very Safe,Assault
Palmerston-Little Italy (80),2016,NonMCI,45,197,0.2284,370.43,83.8,72,Very Safe,Assault
Palmerston-Little Italy (80),2016,Robbery,21,197,0.1066,370.43,83.8,72,Very Safe,Assault
Palmerston-Little Italy (80),2016,Theft Over,8,197,0.0406,370.43,83.8,72,Very Safe,Assault
Parkwoods-O'Connor Hills (149),2016,Assault,50,133,0.3759,241.8,91.4,34,Very Safe,Assault
Parkwoods-O'Connor Hills (149),2016,Auto Theft,11,133,0.0827,241.8,91.4,34,Very Safe,Assault
Parkwoods-O'Connor Hills (149),2016,Break and Enter,21,133,0.1579,241.8,91.4,34,Very Safe,Assault
Parkwoods-O'Connor Hills (149),2016,NonMCI,43,133,0.3233,241.8,91.4,34,Very Safe,Assault
Parkwoods-O'Connor Hills (149),2016,Robbery,6,133,0.0451,241.8,91.4,34,Very Safe,Assault
Parkwoods-O'Connor Hills (149),2016,Theft Over,2,133,0.015,241.8,91.4,34,Very Safe,Assault
Pelmo Park-Humberlea (23),2016,Assault,50,148,0.3378,269.06,89.8,45,Very Safe,Assault
Pelmo Park-Humberlea (23),2016,Auto Theft,25,148,0.1689,269.06,89.8,45,Very Safe,Assault
Pelmo Park-Humberlea (23),2016,Break and Enter,24,148,0.1622,269.06,89.8,45,Very Safe,Assault
Pelmo Park-Humberlea (23),2016,NonMCI,34,148,0.2297,269.06,89.8,45,Very Safe,Assault
Pelmo Park-Humberlea (23),2016,Robbery,11,148,0.0743,269.06,89.8,45,Very Safe,Assault
Pelmo Park-Humberlea (23),2016,Theft Over,4,148,0.027,269.06,89.8,45,Very Safe,Assault
Playter Estates-Danforth (67),2016,Assault,61,122,0.5,260.07,90.3,41,Very Safe,Assault
Playter Estates-Danforth (67),2016,Auto Theft,10,122,0.082,260.07,90.3,41,Very Safe,Assault
Playter Estates-Danforth (67),2016,Break and Enter,24,122,0.1967,260.07,90.3,41,Very Safe,Assault
Playter Estates-Danforth (67),2016,NonMCI,12,122,0.0984,260.07,90.3,41,Very Safe,Assault
Playter Estates-Danforth (67),2016,Robbery,12,122,0.0984,260.07,90.3,41,Very Safe,Assault
Playter Estates-Danforth (67),2016,Theft Over,3,122,0.0246,260.07,90.3,41,Very Safe,Assault
Pleasant View (46),2016,Assault,49,115,0.4261,239.09,91.6,30,Very Safe,Assault
Pleasant View (46),2016,Auto Theft,8,115,0.0696,239.09,91.6,30,Very Safe,Assault
Pleasant View (46),2016,Break and Enter,32,115,0.2783,239.09,91.6,30,Very Safe,Assault
Pleasant View (46),2016,NonMCI,11,115,0.0957,239.09,91.6,30,Very Safe,Assault
Pleasant View (46),2016,Robbery,13,115,0.113,239.09,91.6,30,Very Safe,Assault
Pleasant View (46),2016,Theft Over,2,115,0.0174,239.09,91.6,30,Very Safe,Assault
Princess-Rosethorn (10),2016,Assault,28,157,0.1783,259.79,90.3,41,Very Safe,NonMCI
Princess-Rosethorn (10),2016,Auto Theft,20,157,0.1274,259.79,90.3,41,Very Safe,NonMCI
Princess-Rosethorn (10),2016,Break and Enter,33,157,0.2102,259.79,90.3,41,Very Safe,NonMCI
Princess-Rosethorn (10),2016,NonMCI,51,157,0.3248,259.79,90.3,41,Very Safe,NonMCI
Princess-Rosethorn (10),2016,Robbery,22,157,0.1401,259.79,90.3,41,Very Safe,NonMCI
Princess-Rosethorn (10),2016,Theft Over,3,157,0.0191,259.79,90.3,41,Very Safe,NonMCI
Regent Park (72),2016,Assault,118,215,0.5488,454.09,78.8,97,Safe,Assault
Regent Park (72),2016,Auto Theft,4,215,0.0186,454.09,78.8,97,Safe,Assault
Regent Park (72),2016,Break and Enter,26,215,0.1209,454.09,78.8,97,Safe,Assault
Regent Park (72),2016,NonMCI,46,215,0.214,454.09,78.8,97,Safe,Assault
Regent Park (72),2016,Robbery,18,215,0.0837,454.09,78.8,97,Safe,Assault
Regent Park (72),2016,Theft Over,3,215,0.014,454.09,78.8,97,Safe,Assault
Rexdale-Kipling (4),2016,Assault,67,132,0.5076,278.46,89.2,47,Very Safe,Assault
Rexdale-Kipling (4),2016,Auto Theft,22,132,0.1667,278.46,89.2,47,Very Safe,Assault
Rexdale-Kipling (4),2016,Break and Enter,16,132,0.1212,278.46,89.2,47,Very Safe,Assault
Rexdale-Kipling (4),2016,NonMCI,14,132,0.1061,278.46,89.2,47,Very Safe,Assault
Rexdale-Kipling (4),2016,Robbery,13,132,0.0985,278.46,89.2,47,Very Safe,Assault
Rexdale-Kipling (4),2016,Theft Over,0,132,0.0,278.46,89.2,47,Very Safe,Assault
Rockcliffe-Smythe (111),2016,Assault,139,304,0.4572,633.07,68.1,127,Safe,Assault
Rockcliffe-Smythe (111),2016,Auto Theft,32,304,0.1053,633.07,68.1,127,Safe,Assault
Rockcliffe-Smythe (111),2016,Break and Enter,37,304,0.1217,633.07,68.1,127,Safe,Assault
Rockcliffe-Smythe (111),2016,NonMCI,44,304,0.1447,633.07,68.1,127,Safe,Assault
Rockcliffe-Smythe (111),2016,Robbery,49,304,0.1612,633.07,68.1,127,Safe,Assault
Rockcliffe-Smythe (111),2016,Theft Over,3,304,0.0099,633.07,68.1,127,Safe,Assault
Roncesvalles (86),2016,Assault,125,251,0.498,536.05,73.9,113,Safe,Assault
Roncesvalles (86),2016,Auto Theft,14,251,0.0558,536.05,73.9,113,Safe,Assault
Roncesvalles (86),2016,Break and Enter,41,251,0.1633,536.05,73.9,113,Safe,Assault
Roncesvalles (86),2016,NonMCI,34,251,0.1355,536.05,73.9,113,Safe,Assault
Roncesvalles (86),2016,Robbery,34,251,0.1355,536.05,73.9,113,Safe,Assault
Roncesvalles (86),2016,Theft Over,3,251,0.012,536.05,73.9,113,Safe,Assault
Rosedale-Moore Park (98),2016,Assault,100,240,0.4167,473.48,77.6,102,Safe,Assault
Rosedale-Moore Park (98),2016,Auto Theft,12,240,0.05,473.48,77.6,102,Safe,Assault
Rosedale-Moore Park (98),2016,Break and Enter,59,240,0.2458,473.48,77.6,102,Safe,Assault
Rosedale-Moore Park (98),2016,NonMCI,45,240,0.1875,473.48,77.6,102,Safe,Assault
Rosedale-Moore Park (98),2016,Robbery,16,240,0.0667,473.48,77.6,102,Safe,Assault
Rosedale-Moore Park (98),2016,Theft Over,8,240,0.0333,473.48,77.6,102,Safe,Assault
Runnymede-Bloor West Village (89),2016,Assault,35,97,0.3608,188.24,94.6,16,Very Safe,Assault
Runnymede-Bloor West Village (89),2016,Auto Theft,10,97,0.1031,188.24,94.6,16,Very Safe,Assault
Runnymede-Bloor West Village (89),2016,Break and Enter,21,97,0.2165,188.24,94.6,16,Very Safe,Assault
Runnymede-Bloor West Village (89),2016,NonMCI,18,97,0.1856,188.24,94.6,16,Very Safe,Assault
Runnymede-Bloor West Village (89),2016,Robbery,12,97,0.1237,188.24,94.6,16,Very Safe,Assault
Runnymede-Bloor West Village (89),2016,Theft Over,1,97,0.0103,188.24,94.6,16,Very Safe,Assault
Rustic (28),2016,Assault,69,116,0.5948,256.96,90.5,39,Very Safe,Assault
Rustic (28),2016,Auto Theft,10,116,0.0862,256.96,90.5,39,Very Safe,Assault
Rustic (28),2016,Break and Enter,17,116,0.1466,256.96,90.5,39,Very Safe,Assault
Rustic (28),2016,NonMCI,9,116,0.0776,256.96,90.5,39,Very Safe,Assault
Rustic (28),2016,Robbery,8,116,0.069,256.96,90.5,39,Very Safe,Assault
Rustic (28),2016,Theft Over,3,116,0.0259,256.96,90.5,39,Very Safe,Assault
Scarborough Village (139),2016,Assault,167,270,0.6185,599.18,70.1,121,Safe,Assault
Scarborough Village (139),2016,Auto Theft,11,270,0.0407,599.18,70.1,121,Safe,Assault
Scarborough Village (139),2016,Break and Enter,34,270,0.1259,599.18,70.1,121,Safe,Assault
Scarborough Village (139),2016,NonMCI,36,270,0.1333,599.18,70.1,121,Safe,Assault
Scarborough Village (139),2016,Robbery,20,270,0.0741,599.18,70.1,121,Safe,Assault
Scarborough Village (139),2016,Theft Over,2,270,0.0074,599.18,70.1,121,Safe,Assault
South Eglinton-Davisville (174),2016,Assault,59,108,0.5463,235.38,91.8,29,Very Safe,Assault
South Eglinton-Davisville (174),2016,Auto Theft,7,108,0.0648,235.38,91.8,29,Very Safe,Assault
South Eglinton-Davisville (174),2016,Break and Enter,25,108,0.2315,235.38,91.8,29,Very Safe,Assault
South Eglinton-Davisville (174),2016,NonMCI,9,108,0.0833,235.38,91.8,29,Very Safe,Assault
South Eglinton-Davisville (174),2016,Robbery,4,108,0.037,235.38,91.8,29,Very Safe,Assault
South Eglinton-Davisville (174),2016,Theft Over,4,108,0.037,235.38,91.8,29,Very Safe,Assault
South Parkdale (85),2016,Assault,206,377,0.5464,809.4,57.6,141,Moderate,Assault
South Parkdale (85),2016,Auto Theft,25,377,0.0663,809.4,57.6,141,Moderate,Assault
South Parkdale (85),2016,Break and Enter,66,377,0.1751,809.4,57.6,141,Moderate,Assault
South Parkdale (85),2016,NonMCI,43,377,0.1141,809.4,57.6,141,Moderate,Assault
South Parkdale (85),2016,Robbery,25,377,0.0663,809.4,57.6,141,Moderate,Assault
South Parkdale (85),2016,Theft Over,12,377,0.0318,809.4,57.6,141,Moderate,Assault
South Riverdale (70),2016,Assault,207,580,0.3569,1083.76,41.3,148,Moderate,Assault
South Riverdale (70),2016,Auto Theft,28,580,0.0483,1083.76,41.3,148,Moderate,Assault
South Riverdale (70),2016,Break and Enter,149,580,0.2569,1083.76,41.3,148,Moderate,Assault
South Riverdale (70),2016,NonMCI,143,580,0.2466,1083.76,41.3,148,Moderate,Assault
South Riverdale (70),2016,Robbery,30,580,0.0517,1083.76,41.3,148,Moderate,Assault
South Riverdale (70),2016,Theft Over,23,580,0.0397,1083.76,41.3,148,Moderate,Assault
St Lawrence-East Bayfront-The Islands (166),2016,Assault,206,390,0.5282,798.72,58.3,139,Moderate,Assault
St Lawrence-East Bayfront-The Islands (166),2016,Auto Theft,9,390,0.0231,798.72,58.3,139,Moderate,Assault
St Lawrence-East Bayfront-The Islands (166),2016,Break and Enter,62,390,0.159,798.72,58.3,139,Moderate,Assault
St Lawrence-East Bayfront-The Islands (166),2016,NonMCI,83,390,0.2128,798.72,58.3,139,Moderate,Assault
St Lawrence-East Bayfront-The Islands (166),2016,Robbery,14,390,0.0359,798.72,58.3,139,Moderate,Assault
St Lawrence-East Bayfront-The Islands (166),2016,Theft Over,16,390,0.041,798.72,58.3,139,Moderate,Assault
St.Andrew-Windfields (40),2016,Assault,55,175,0.3143,335.26,85.9,63,Very Safe,Break and Enter
St.Andrew-Windfields (40),2016,Auto Theft,10,175,0.0571,335.26,85.9,63,Very Safe,Break and Enter
St.Andrew-Windfields (40),2016,Break and Enter,56,175,0.32,335.26,85.9,63,Very Safe,Break and Enter
St.Andrew-Windfields (40),2016,NonMCI,30,175,0.1714,335.26,85.9,63,Very Safe,Break and Enter
St.Andrew-Windfields (40),2016,Robbery,18,175,0.1029,335.26,85.9,63,Very Safe,Break and Enter
St.Andrew-Windfields (40),2016,Theft Over,6,175,0.0343,335.26,85.9,63,Very Safe,Break and Enter
Steeles (116),2016,Assault,39,148,0.2635,273.16,89.5,46,Very Safe,Break and Enter
Steeles (116),2016,Auto Theft,28,148,0.1892,273.16,89.5,46,Very Safe,Break and Enter
Steeles (116),2016,Break and Enter,48,148,0.3243,273.16,89.5,46,Very Safe,Break and Enter
Steeles (116),2016,NonMCI,18,148,0.1216,273.16,89.5,46,Very Safe,Break and Enter
Steeles (116),2016,Robbery,12,148,0.0811,273.16,89.5,46,Very Safe,Break and Enter
Steeles (116),2016,Theft Over,3,148,0.0203,273.16,89.5,46,Very Safe,Break and Enter
Stonegate-Queensway (16),2016,Assault,75,200,0.375,378.3,83.3,76,Very Safe,Assault
Stonegate-Queensway (16),2016,Auto Theft,14,200,0.07,378.3,83.3,76,Very Safe,Assault
Stonegate-Queensway (16),2016,Break and Enter,49,200,0.245,378.3,83.3,76,Very Safe,Assault
Stonegate-Queensway (16),2016,NonMCI,48,200,0.24,378.3,83.3,76,Very Safe,Assault
Stonegate-Queensway (16),2016,Robbery,10,200,0.05,378.3,83.3,76,Very Safe,Assault
Stonegate-Queensway (16),2016,Theft Over,4,200,0.02,378.3,83.3,76,Very Safe,Assault
Tam O'Shanter-Sullivan (118),2016,Assault,93,240,0.3875,464.69,78.1,101,Safe,Assault
Tam O'Shanter-Sullivan (118),2016,Auto Theft,19,240,0.0792,464.69,78.1,101,Safe,Assault
Tam O'Shanter-Sullivan (118),2016,Break and Enter,62,240,0.2583,464.69,78.1,101,Safe,Assault
Tam O'Shanter-Sullivan (118),2016,NonMCI,44,240,0.1833,464.69,78.1,101,Safe,Assault
Tam O'Shanter-Sullivan (118),2016,Robbery,13,240,0.0542,464.69,78.1,101,Safe,Assault
Tam O'Shanter-Sullivan (118),2016,Theft Over,9,240,0.0375,464.69,78.1,101,Safe,Assault
Taylor-Massey (61),2016,Assault,93,198,0.4697,405.81,81.7,83,Very Safe,Assault
Taylor-Massey (61),2016,Auto Theft,6,198,0.0303,405.81,81.7,83,Very Safe,Assault
Taylor-Massey (61),2016,Break and Enter,42,198,0.2121,405.81,81.7,83,Very Safe,Assault
Taylor-Massey (61),2016,NonMCI,36,198,0.1818,405.81,81.7,83,Very Safe,Assault
Taylor-Massey (61),2016,Robbery,16,198,0.0808,405.81,81.7,83,Very Safe,Assault
Taylor-Massey (61),2016,Theft Over,5,198,0.0253,405.81,81.7,83,Very Safe,Assault
The Beaches (63),2016,Assault,76,241,0.3154,442.79,79.4,94,Safe,Break and Enter
The Beaches (63),2016,Auto Theft,7,241,0.029,442.79,79.4,94,Safe,Break and Enter
The Beaches (63),2016,Break and Enter,77,241,0.3195,442.79,79.4,94,Safe,Break and Enter
The Beaches (63),2016,NonMCI,64,241,0.2656,442.79,79.4,94,Safe,Break and Enter
The Beaches (63),2016,Robbery,13,241,0.0539,442.79,79.4,94,Safe,Break and Enter
The Beaches (63),2016,Theft Over,4,241,0.0166,442.79,79.4,94,Safe,Break and Enter
Thistletown-Beaumond Heights (3),2016,Assault,46,137,0.3358,250.05,90.9,36,Very Safe,Assault
Thistletown-Beaumond Heights (3),2016,Auto Theft,16,137,0.1168,250.05,90.9,36,Very Safe,Assault
Thistletown-Beaumond Heights (3),2016,Break and Enter,23,137,0.1679,250.05,90.9,36,Very Safe,Assault
Thistletown-Beaumond Heights (3),2016,NonMCI,37,137,0.2701,250.05,90.9,36,Very Safe,Assault
Thistletown-Beaumond Heights (3),2016,Robbery,14,137,0.1022,250.05,90.9,36,Very Safe,Assault
Thistletown-Beaumond Heights (3),2016,Theft Over,1,137,0.0073,250.05,90.9,36,Very Safe,Assault
Thorncliffe Park (55),2016,Assault,83,166,0.5,340.16,85.6,66,Very Safe,Assault
Thorncliffe Park (55),2016,Auto Theft,6,166,0.0361,340.16,85.6,66,Very Safe,Assault
Thorncliffe Park (55),2016,Break and Enter,24,166,0.1446,340.16,85.6,66,Very Safe,Assault
Thorncliffe Park (55),2016,NonMCI,31,166,0.1867,340.16,85.6,66,Very Safe,Assault
Thorncliffe Park (55),2016,Robbery,11,166,0.0663,340.16,85.6,66,Very Safe,Assault
Thorncliffe Park (55),2016,Theft Over,11,166,0.0663,340.16,85.6,66,Very Safe,Assault
Trinity-Bellwoods (81),2016,Assault,122,265,0.4604,523.67,74.6,110,Safe,Assault
Trinity-Bellwoods (81),2016,Auto Theft,19,265,0.0717,523.67,74.6,110,Safe,Assault
Trinity-Bellwoods (81),2016,Break and Enter,46,265,0.1736,523.67,74.6,110,Safe,Assault
Trinity-Bellwoods (81),2016,NonMCI,63,265,0.2377,523.67,74.6,110,Safe,Assault
Trinity-Bellwoods (81),2016,Robbery,13,265,0.0491,523.67,74.6,110,Safe,Assault
Trinity-Bellwoods (81),2016,Theft Over,2,265,0.0075,523.67,74.6,110,Safe,Assault
University (79),2016,Assault,127,298,0.4262,585.98,70.9,117,Safe,Assault
University (79),2016,Auto Theft,17,298,0.057,585.98,70.9,117,Safe,Assault
University (79),2016,Break and Enter,49,298,0.1644,585.98,70.9,117,Safe,Assault
University (79),2016,NonMCI,70,298,0.2349,585.98,70.9,117,Safe,Assault
University (79),2016,Robbery,30,298,0.1007,585.98,70.9,117,Safe,Assault
University (79),2016,Theft Over,5,298,0.0168,585.98,70.9,117,Safe,Assault
Victoria Village (43),2016,Assault,117,200,0.585,428.59,80.3,92,Very Safe,Assault
Victoria Village (43),2016,Auto Theft,18,200,0.09,428.59,80.3,92,Very Safe,Assault
Victoria Village (43),2016,Break and Enter,20,200,0.1,428.59,80.3,92,Very Safe,Assault
Victoria Village (43),2016,NonMCI,31,200,0.155,428.59,80.3,92,Very Safe,Assault
Victoria Village (43),2016,Robbery,10,200,0.05,428.59,80.3,92,Very Safe,Assault
Victoria Village (43),2016,Theft Over,4,200,0.02,428.59,80.3,92,Very Safe,Assault
Wellington Place (164),2016,Assault,447,709,0.6305,1609.48,10.0,155,Very Risky,Assault
Wellington Place (164),2016,Auto Theft,24,709,0.0339,1609.48,10.0,155,Very Risky,Assault
Wellington Place (164),2016,Break and Enter,115,709,0.1622,1609.48,10.0,155,Very Risky,Assault
Wellington Place (164),2016,NonMCI,66,709,0.0931,1609.48,10.0,155,Very Risky,Assault
Wellington Place (164),2016,Robbery,40,709,0.0564,1609.48,10.0,155,Very Risky,Assault
Wellington Place (164),2016,Theft Over,17,709,0.024,1609.48,10.0,155,Very Risky,Assault
West Hill (136),2016,Assault,382,595,0.642,1361.7,24.7,151,Risky,Assault
West Hill (136),2016,Auto Theft,13,595,0.0218,1361.7,24.7,151,Risky,Assault
West Hill (136),2016,Break and Enter,72,595,0.121,1361.7,24.7,151,Risky,Assault
West Hill (136),2016,NonMCI,62,595,0.1042,1361.7,24.7,151,Risky,Assault
West Hill (136),2016,Robbery,59,595,0.0992,1361.7,24.7,151,Risky,Assault
West Hill (136),2016,Theft Over,7,595,0.0118,1361.7,24.7,151,Risky,Assault
West Humber-Clairville (1),2016,Assault,274,1025,0.2673,1770.09,0.4,157,Very Risky,Auto Theft
West Humber-Clairville (1),2016,Auto Theft,290,1025,0.2829,1770.09,0.4,157,Very Risky,Auto Theft
West Humber-Clairville (1),2016,Break and Enter,130,1025,0.1268,1770.09,0.4,157,Very Risky,Auto Theft
West Humber-Clairville (1),2016,NonMCI,213,1025,0.2078,1770.09,0.4,157,Very Risky,Auto Theft
West Humber-Clairville (1),2016,Robbery,78,1025,0.0761,1770.09,0.4,157,Very Risky,Auto Theft
West Humber-Clairville (1),2016,Theft Over,40,1025,0.039,1770.09,0.4,157,Very Risky,Auto Theft
West Queen West (162),2016,Assault,105,208,0.5048,420.76,80.8,88,Very Safe,Assault
West Queen West (162),2016,Auto Theft,5,208,0.024,420.76,80.8,88,Very Safe,Assault
West Queen West (162),2016,Break and Enter,40,208,0.1923,420.76,80.8,88,Very Safe,Assault
West Queen West (162),2016,NonMCI,46,208,0.2212,420.76,80.8,88,Very Safe,Assault
West Queen West (162),2016,Robbery,6,208,0.0288,420.76,80.8,88,Very Safe,Assault
West Queen West (162),2016,Theft Over,6,208,0.0288,420.76,80.8,88,Very Safe,Assault
West Rouge (143),2016,Assault,62,158,0.3924,297.6,88.1,52,Very Safe,Assault
West Rouge (143),2016,Auto Theft,6,158,0.038,297.6,88.1,52,Very Safe,Assault
West Rouge (143),2016,Break and Enter,35,158,0.2215,297.6,88.1,52,Very Safe,Assault
West Rouge (143),2016,NonMCI,44,158,0.2785,297.6,88.1,52,Very Safe,Assault
West Rouge (143),2016,Robbery,8,158,0.0506,297.6,88.1,52,Very Safe,Assault
West Rouge (143),2016,Theft Over,3,158,0.019,297.6,88.1,52,Very Safe,Assault
Westminster-Branson (35),2016,Assault,101,202,0.5,401.07,81.9,80,Very Safe,Assault
Westminster-Branson (35),2016,Auto Theft,25,202,0.1238,401.07,81.9,80,Very Safe,Assault
Westminster-Branson (35),2016,Break and Enter,19,202,0.0941,401.07,81.9,80,Very Safe,Assault
Westminster-Branson (35),2016,NonMCI,43,202,0.2129,401.07,81.9,80,Very Safe,Assault
Westminster-Branson (35),2016,Robbery,8,202,0.0396,401.07,81.9,80,Very Safe,Assault
Westminster-Branson (35),2016,Theft Over,6,202,0.0297,401.07,81.9,80,Very Safe,Assault
Weston (113),2016,Assault,182,388,0.4691,768.86,60.0,135,Moderate,Assault
Weston (113),2016,Auto Theft,37,388,0.0954,768.86,60.0,135,Moderate,Assault
Weston (113),2016,Break and Enter,44,388,0.1134,768.86,60.0,135,Moderate,Assault
Weston (113),2016,NonMCI,92,388,0.2371,768.86,60.0,135,Moderate,Assault
Weston (113),2016,Robbery,31,388,0.0799,768.86,60.0,135,Moderate,Assault
Weston (113),2016,Theft Over,2,388,0.0052,768.86,60.0,135,Moderate,Assault
Weston-Pelham Park (91),2016,Assault,91,160,0.5688,341.84,85.5,68,Very Safe,Assault
Weston-Pelham Park (91),2016,Auto Theft,15,160,0.0938,341.84,85.5,68,Very Safe,Assault
Weston-Pelham Park (91),2016,Break and Enter,16,160,0.1,341.84,85.5,68,Very Safe,Assault
Weston-Pelham Park (91),2016,NonMCI,20,160,0.125,341.84,85.5,68,Very Safe,Assault
Weston-Pelham Park (91),2016,Robbery,11,160,0.0688,341.84,85.5,68,Very Safe,Assault
Weston-Pelham Park (91),2016,Theft Over,7,160,0.0438,341.84,85.5,68,Very Safe,Assault
Wexford/Maryvale (119),2016,Assault,193,464,0.4159,881.72,53.3,143,Moderate,Assault
Wexford/Maryvale (119),2016,Auto Theft,44,464,0.0948,881.72,53.3,143,Moderate,Assault
Wexford/Maryvale (119),2016,Break and Enter,75,464,0.1616,881.72,53.3,143,Moderate,Assault
Wexford/Maryvale (119),2016,NonMCI,117,464,0.2522,881.72,53.3,143,Moderate,Assault
Wexford/Maryvale (119),2016,Robbery,24,464,0.0517,881.72,53.3,143,Moderate,Assault
Wexford/Maryvale (119),2016,Theft Over,11,464,0.0237,881.72,53.3,143,Moderate,Assault
Willowdale West (37),2016,Assault,71,167,0.4251,325.63,86.4,61,Very Safe,Assault
Willowdale West (37),2016,Auto Theft,11,167,0.0659,325.63,86.4,61,Very Safe,Assault
Willowdale West (37),2016,Break and Enter,36,167,0.2156,325.63,86.4,61,Very Safe,Assault
Willowdale West (37),2016,NonMCI,37,167,0.2216,325.63,86.4,61,Very Safe,Assault
Willowdale West (37),2016,Robbery,8,167,0.0479,325.63,86.4,61,Very Safe,Assault
Willowdale West (37),2016,Theft Over,4,167,0.024,325.63,86.4,61,Very Safe,Assault
Willowridge-Martingrove-Richview (7),2016,Assault,95,274,0.3467,519.97,74.9,109,Safe,Assault
Willowridge-Martingrove-Richview (7),2016,Auto Theft,48,274,0.1752,519.97,74.9,109,Safe,Assault
Willowridge-Martingrove-Richview (7),2016,Break and Enter,32,274,0.1168,519.97,74.9,109,Safe,Assault
Willowridge-Martingrove-Richview (7),2016,NonMCI,56,274,0.2044,519.97,74.9,109,Safe,Assault
Willowridge-Martingrove-Richview (7),2016,Robbery,39,274,0.1423,519.97,74.9,109,Safe,Assault
Willowridge-Martingrove-Richview (7),2016,Theft Over,4,274,0.0146,519.97,74.9,109,Safe,Assault
Woburn North (142),2016,Assault,161,315,0.5111,658.43,66.6,129,Safe,Assault
Woburn North (142),2016,Auto Theft,22,315,0.0698,658.43,66.6,129,Safe,Assault
Woburn North (142),2016,Break and Enter,42,315,0.1333,658.43,66.6,129,Safe,Assault
Woburn North (142),2016,NonMCI,50,315,0.1587,658.43,66.6,129,Safe,Assault
Woburn North (142),2016,Robbery,30,315,0.0952,658.43,66.6,129,Safe,Assault
Woburn North (142),2016,Theft Over,10,315,0.0317,658.43,66.6,129,Safe,Assault
Woodbine Corridor (64),2016,Assault,77,177,0.435,355.56,84.6,70,Very Safe,Assault
Woodbine Corridor (64),2016,Auto Theft,8,177,0.0452,355.56,84.6,70,Very Safe,Assault
Woodbine Corridor (64),2016,Break and Enter,52,177,0.2938,355.56,84.6,70,Very Safe,Assault
Woodbine Corridor (64),2016,NonMCI,26,177,0.1469,355.56,84.6,70,Very Safe,Assault
Woodbine Corridor (64),2016,Robbery,8,177,0.0452,355.56,84.6,70,Very Safe,Assault
Woodbine Corridor (64),2016,Theft Over,6,177,0.0339,355.56,84.6,70,Very Safe,Assault
Woodbine-Lumsden (60),2016,Assault,37,96,0.3854,168.85,95.8,9,Very Safe,Assault
Woodbine-Lumsden (60),2016,Auto Theft,1,96,0.0104,168.85,95.8,9,Very Safe,Assault
Woodbine-Lumsden (60),2016,Break and Enter,14,96,0.1458,168.85,95.8,9,Very Safe,Assault
Woodbine-Lumsden (60),2016,NonMCI,36,96,0.375,168.85,95.8,9,Very Safe,Assault
Woodbine-Lumsden (60),2016,Robbery,3,96,0.0312,168.85,95.8,9,Very Safe,Assault
Woodbine-Lumsden (60),2016,Theft Over,5,96,0.0521,168.85,95.8,9,Very Safe,Assault
Wychwood (94),2016,Assault,70,151,0.4636,305.11,87.6,55,Very Safe,Assault
Wychwood (94),2016,Auto Theft,17,151,0.1126,305.11,87.6,55,Very Safe,Assault
Wychwood (94),2016,Break and Enter,27,151,0.1788,305.11,87.6,55,Very Safe,Assault
Wychwood (94),2016,NonMCI,26,151,0.1722,305.11,87.6,55,Very Safe,Assault
Wychwood (94),2016,Robbery,9,151,0.0596,305.11,87.6,55,Very Safe,Assault
Wychwood (94),2016,Theft Over,2,151,0.0132,305.11,87.6,55,Very Safe,Assault
Yonge-Bay Corridor (170),2016,Assault,417,663,0.629,1495.74,16.8,153,Very Risky,Assault
Yonge-Bay Corridor (170),2016,Auto Theft,17,663,0.0256,1495.74,16.8,153,Very Risky,Assault
Yonge-Bay Corridor (170),2016,Break and Enter,62,663,0.0935,1495.74,16.8,153,Very Risky,Assault
Yonge-Bay Corridor (170),2016,NonMCI,76,663,0.1146,1495.74,16.8,153,Very Risky,Assault
Yonge-Bay Corridor (170),2016,Robbery,63,663,0.095,1495.74,16.8,153,Very Risky,Assault
Yonge-Bay Corridor (170),2016,Theft Over,28,663,0.0422,1495.74,16.8,153,Very Risky,Assault
Yonge-Doris (151),2016,Assault,67,126,0.5317,278.18,89.2,47,Very Safe,Assault
Yonge-Doris (151),2016,Auto Theft,6,126,0.0476,278.18,89.2,47,Very Safe,Assault
Yonge-Doris (151),2016,Break and Enter,11,126,0.0873,278.18,89.2,47,Very Safe,Assault
Yonge-Doris (151),2016,NonMCI,13,126,0.1032,278.18,89.2,47,Very Safe,Assault
Yonge-Doris (151),2016,Robbery,21,126,0.1667,278.18,89.2,47,Very Safe,Assault
Yonge-Doris (151),2016,Theft Over,8,126,0.0635,278.18,89.2,47,Very Safe,Assault
Yonge-Eglinton (100),2016,Assault,55,100,0.55,224.44,92.4,27,Very Safe,Assault
Yonge-Eglinton (100),2016,Auto Theft,3,100,0.03,224.44,92.4,27,Very Safe,Assault
Yonge-Eglinton (100),2016,Break and Enter,19,100,0.19,224.44,92.4,27,Very Safe,Assault
Yonge-Eglinton (100),2016,NonMCI,8,100,0.08,224.44,92.4,27,Very Safe,Assault
Yonge-Eglinton (100),2016,Robbery,12,100,0.12,224.44,92.4,27,Very Safe,Assault
Yonge-Eglinton (100),2016,Theft Over,3,100,0.03,224.44,92.4,27,Very Safe,Assault
Yonge-St.Clair (97),2016,Assault,28,66,0.4242,132.57,97.9,4,Very Safe,Assault
Yonge-St.Clair (97),2016,Auto Theft,6,66,0.0909,132.57,97.9,4,Very Safe,Assault
Yonge-St.Clair (97),2016,Break and Enter,13,66,0.197,132.57,97.9,4,Very Safe,Assault
Yonge-St.Clair (97),2016,NonMCI,7,66,0.1061,132.57,97.9,4,Very Safe,Assault
Yonge-St.Clair (97),2016,Robbery,5,66,0.0758,132.57,97.9,4,Very Safe,Assault
Yonge-St.Clair (97),2016,Theft Over,7,66,0.1061,132.57,97.9,4,Very Safe,Assault
York University Heights (27),2016,Assault,336,770,0.4364,1516.35,15.5,154,Very Risky,Assault
York University Heights (27),2016,Auto Theft,102,770,0.1325,1516.35,15.5,154,Very Risky,Assault
York University Heights (27),2016,Break and Enter,99,770,0.1286,1516.35,15.5,154,Very Risky,Assault
York University Heights (27),2016,NonMCI,138,770,0.1792,1516.35,15.5,154,Very Risky,Assault
York University Heights (27),2016,Robbery,60,770,0.0779,1516.35,15.5,154,Very Risky,Assault
York University Heights (27),2016,Theft Over,35,770,0.0455,1516.35,15.5,154,Very Risky,Assault
Yorkdale-Glen Park (31),2016,Assault,168,378,0.4444,754.83,60.9,134,Safe,Assault
Yorkdale-Glen Park (31),2016,Auto Theft,39,378,0.1032,754.83,60.9,134,Safe,Assault
Yorkdale-Glen Park (31),2016,Break and Enter,65,378,0.172,754.83,60.9,134,Safe,Assault
Yorkdale-Glen Park (31),2016,NonMCI,59,378,0.1561,754.83,60.9,134,Safe,Assault
Yorkdale-Glen Park (31),2016,Robbery,23,378,0.0608,754.83,60.9,134,Safe,Assault
Yorkdale-Glen Park (31),2016,Theft Over,24,378,0.0635,754.83,60.9,134,Safe,Assault
Agincourt North (129),2017,Assault,65,268,0.2425,503.06,80.4,89,Very Safe,NonMCI
Agincourt North (129),2017,Auto Theft,34,268,0.1269,503.06,80.4,89,Very Safe,NonMCI
Agincourt North (129),2017,Break and Enter,49,268,0.1828,503.06,80.4,89,Very Safe,NonMCI
Agincourt North (129),2017,NonMCI,91,268,0.3396,503.06,80.4,89,Very Safe,NonMCI
Agincourt North (129),2017,Robbery,19,268,0.0709,503.06,80.4,89,Very Safe,NonMCI
Agincourt North (129),2017,Theft Over,10,268,0.0373,503.06,80.4,89,Very Safe,NonMCI
Agincourt South-Malvern West (128),2017,Assault,100,347,0.2882,709.42,70.6,119,Safe,Assault
Agincourt South-Malvern West (128),2017,Auto Theft,36,347,0.1037,709.42,70.6,119,Safe,Assault
Agincourt South-Malvern West (128),2017,Break and Enter,92,347,0.2651,709.42,70.6,119,Safe,Assault
Agincourt South-Malvern West (128),2017,NonMCI,78,347,0.2248,709.42,70.6,119,Safe,Assault
Agincourt South-Malvern West (128),2017,Robbery,26,347,0.0749,709.42,70.6,119,Safe,Assault
Agincourt South-Malvern West (128),2017,Theft Over,15,347,0.0432,709.42,70.6,119,Safe,Assault
Alderwood (20),2017,Assault,22,88,0.25,176.55,95.8,7,Very Safe,Break and Enter
Alderwood (20),2017,Auto Theft,16,88,0.1818,176.55,95.8,7,Very Safe,Break and Enter
Alderwood (20),2017,Break and Enter,23,88,0.2614,176.55,95.8,7,Very Safe,Break and Enter
Alderwood (20),2017,NonMCI,15,88,0.1705,176.55,95.8,7,Very Safe,Break and Enter
Alderwood (20),2017,Robbery,6,88,0.0682,176.55,95.8,7,Very Safe,Break and Enter
Alderwood (20),2017,Theft Over,6,88,0.0682,176.55,95.8,7,Very Safe,Break and Enter
Annex (95),2017,Assault,245,663,0.3695,1387.57,38.6,150,Risky,Assault
Annex (95),2017,Auto Theft,24,663,0.0362,1387.57,38.6,150,Risky,Assault
Annex (95),2017,Break and Enter,117,663,0.1765,1387.57,38.6,150,Risky,Assault
Annex (95),2017,NonMCI,194,663,0.2926,1387.57,38.6,150,Risky,Assault
Annex (95),2017,Robbery,50,663,0.0754,1387.57,38.6,150,Risky,Assault
Annex (95),2017,Theft Over,33,663,0.0498,1387.57,38.6,150,Risky,Assault
Avondale (153),2017,Assault,40,72,0.5556,174.5,95.9,6,Very Safe,Assault
Avondale (153),2017,Auto Theft,4,72,0.0556,174.5,95.9,6,Very Safe,Assault
Avondale (153),2017,Break and Enter,11,72,0.1528,174.5,95.9,6,Very Safe,Assault
Avondale (153),2017,NonMCI,8,72,0.1111,174.5,95.9,6,Very Safe,Assault
Avondale (153),2017,Robbery,4,72,0.0556,174.5,95.9,6,Very Safe,Assault
Avondale (153),2017,Theft Over,5,72,0.0694,174.5,95.9,6,Very Safe,Assault
Banbury-Don Mills (42),2017,Assault,98,251,0.3904,538.78,78.7,98,Safe,Assault
Banbury-Don Mills (42),2017,Auto Theft,18,251,0.0717,538.78,78.7,98,Safe,Assault
Banbury-Don Mills (42),2017,Break and Enter,63,251,0.251,538.78,78.7,98,Safe,Assault
Banbury-Don Mills (42),2017,NonMCI,58,251,0.2311,538.78,78.7,98,Safe,Assault
Banbury-Don Mills (42),2017,Robbery,8,251,0.0319,538.78,78.7,98,Safe,Assault
Banbury-Don Mills (42),2017,Theft Over,6,251,0.0239,538.78,78.7,98,Safe,Assault
Bathurst Manor (34),2017,Assault,50,158,0.3165,329.01,88.6,47,Very Safe,Assault
Bathurst Manor (34),2017,Auto Theft,24,158,0.1519,329.01,88.6,47,Very Safe,Assault
Bathurst Manor (34),2017,Break and Enter,37,158,0.2342,329.01,88.6,47,Very Safe,Assault
Bathurst Manor (34),2017,NonMCI,31,158,0.1962,329.01,88.6,47,Very Safe,Assault
Bathurst Manor (34),2017,Robbery,12,158,0.0759,329.01,88.6,47,Very Safe,Assault
Bathurst Manor (34),2017,Theft Over,4,158,0.0253,329.01,88.6,47,Very Safe,Assault
Bay-Cloverhill (169),2017,Assault,149,257,0.5798,654.92,73.2,115,Safe,Assault
Bay-Cloverhill (169),2017,Auto Theft,7,257,0.0272,654.92,73.2,115,Safe,Assault
Bay-Cloverhill (169),2017,Break and Enter,54,257,0.2101,654.92,73.2,115,Safe,Assault
Bay-Cloverhill (169),2017,NonMCI,16,257,0.0623,654.92,73.2,115,Safe,Assault
Bay-Cloverhill (169),2017,Robbery,20,257,0.0778,654.92,73.2,115,Safe,Assault
Bay-Cloverhill (169),2017,Theft Over,11,257,0.0428,654.92,73.2,115,Safe,Assault
Bayview Village (52),2017,Assault,50,154,0.3247,321.99,88.9,43,Very Safe,Assault
Bayview Village (52),2017,Auto Theft,19,154,0.1234,321.99,88.9,43,Very Safe,Assault
Bayview Village (52),2017,Break and Enter,40,154,0.2597,321.99,88.9,43,Very Safe,Assault
Bayview Village (52),2017,NonMCI,29,154,0.1883,321.99,88.9,43,Very Safe,Assault
Bayview Village (52),2017,Robbery,8,154,0.0519,321.99,88.9,43,Very Safe,Assault
Bayview Village (52),2017,Theft Over,8,154,0.0519,321.99,88.9,43,Very Safe,Assault
Bayview Woods-Steeles (49),2017,Assault,32,106,0.3019,230.62,93.2,17,Very Safe,Break and Enter
Bayview Woods-Steeles (49),2017,Auto Theft,21,106,0.1981,230.62,93.2,17,Very Safe,Break and Enter
Bayview Woods-Steeles (49),2017,Break and Enter,39,106,0.3679,230.62,93.2,17,Very Safe,Break and Enter
Bayview Woods-Steeles (49),2017,NonMCI,7,106,0.066,230.62,93.2,17,Very Safe,Break and Enter
Bayview Woods-Steeles (49),2017,Robbery,5,106,0.0472,230.62,93.2,17,Very Safe,Break and Enter
Bayview Woods-Steeles (49),2017,Theft Over,2,106,0.0189,230.62,93.2,17,Very Safe,Break and Enter
Bedford Park-Nortown (39),2017,Assault,47,320,0.1469,587.45,76.4,108,Safe,Break and Enter
Bedford Park-Nortown (39),2017,Auto Theft,40,320,0.125,587.45,76.4,108,Safe,Break and Enter
Bedford Park-Nortown (39),2017,Break and Enter,120,320,0.375,587.45,76.4,108,Safe,Break and Enter
Bedford Park-Nortown (39),2017,NonMCI,88,320,0.275,587.45,76.4,108,Safe,Break and Enter
Bedford Park-Nortown (39),2017,Robbery,14,320,0.0438,587.45,76.4,108,Safe,Break and Enter
Bedford Park-Nortown (39),2017,Theft Over,11,320,0.0344,587.45,76.4,108,Safe,Break and Enter
Beechborough-Greenbrook (112),2017,Assault,65,120,0.5417,288.68,90.5,33,Very Safe,Assault
Beechborough-Greenbrook (112),2017,Auto Theft,12,120,0.1,288.68,90.5,33,Very Safe,Assault
Beechborough-Greenbrook (112),2017,Break and Enter,15,120,0.125,288.68,90.5,33,Very Safe,Assault
Beechborough-Greenbrook (112),2017,NonMCI,16,120,0.1333,288.68,90.5,33,Very Safe,Assault
Beechborough-Greenbrook (112),2017,Robbery,10,120,0.0833,288.68,90.5,33,Very Safe,Assault
Beechborough-Greenbrook (112),2017,Theft Over,2,120,0.0167,288.68,90.5,33,Very Safe,Assault
Bendale South (157),2017,Assault,85,189,0.4497,423.71,84.1,69,Very Safe,Assault
Bendale South (157),2017,Auto Theft,10,189,0.0529,423.71,84.1,69,Very Safe,Assault
Bendale South (157),2017,Break and Enter,35,189,0.1852,423.71,84.1,69,Very Safe,Assault
Bendale South (157),2017,NonMCI,44,189,0.2328,423.71,84.1,69,Very Safe,Assault
Bendale South (157),2017,Robbery,12,189,0.0635,423.71,84.1,69,Very Safe,Assault
Bendale South (157),2017,Theft Over,3,189,0.0159,423.71,84.1,69,Very Safe,Assault
Bendale-Glen Andrew (156),2017,Assault,164,344,0.4767,809.45,65.9,129,Safe,Assault
Bendale-Glen Andrew (156),2017,Auto Theft,25,344,0.0727,809.45,65.9,129,Safe,Assault
Bendale-Glen Andrew (156),2017,Break and Enter,28,344,0.0814,809.45,65.9,129,Safe,Assault
Bendale-Glen Andrew (156),2017,NonMCI,59,344,0.1715,809.45,65.9,129,Safe,Assault
Bendale-Glen Andrew (156),2017,Robbery,54,344,0.157,809.45,65.9,129,Safe,Assault
Bendale-Glen Andrew (156),2017,Theft Over,14,344,0.0407,809.45,65.9,129,Safe,Assault
Birchcliffe-Cliffside (122),2017,Assault,157,329,0.4772,763.59,68.1,125,Safe,Assault
Birchcliffe-Cliffside (122),2017,Auto Theft,13,329,0.0395,763.59,68.1,125,Safe,Assault
Birchcliffe-Cliffside (122),2017,Break and Enter,83,329,0.2523,763.59,68.1,125,Safe,Assault
Birchcliffe-Cliffside (122),2017,NonMCI,56,329,0.1702,763.59,68.1,125,Safe,Assault
Birchcliffe-Cliffside (122),2017,Robbery,14,329,0.0426,763.59,68.1,125,Safe,Assault
Birchcliffe-Cliffside (122),2017,Theft Over,6,329,0.0182,763.59,68.1,125,Safe,Assault
Black Creek (24),2017,Assault,224,387,0.5788,955.48,59.0,138,Moderate,Assault
Black Creek (24),2017,Auto Theft,31,387,0.0801,955.48,59.0,138,Moderate,Assault
Black Creek (24),2017,Break and Enter,27,387,0.0698,955.48,59.0,138,Moderate,Assault
Black Creek (24),2017,NonMCI,46,387,0.1189,955.48,59.0,138,Moderate,Assault
Black Creek (24),2017,Robbery,40,387,0.1034,955.48,59.0,138,Moderate,Assault
Black Creek (24),2017,Theft Over,19,387,0.0491,955.48,59.0,138,Moderate,Assault
Blake-Jones (69),2017,Assault,61,119,0.5126,285.99,90.6,32,Very Safe,Assault
Blake-Jones (69),2017,Auto Theft,8,119,0.0672,285.99,90.6,32,Very Safe,Assault
Blake-Jones (69),2017,Break and Enter,17,119,0.1429,285.99,90.6,32,Very Safe,Assault
Blake-Jones (69),2017,NonMCI,17,119,0.1429,285.99,90.6,32,Very Safe,Assault
Blake-Jones (69),2017,Robbery,13,119,0.1092,285.99,90.6,32,Very Safe,Assault
Blake-Jones (69),2017,Theft Over,3,119,0.0252,285.99,90.6,32,Very Safe,Assault
Briar Hill-Belgravia (108),2017,Assault,78,169,0.4615,387.19,85.8,63,Very Safe,Assault
Briar Hill-Belgravia (108),2017,Auto Theft,13,169,0.0769,387.19,85.8,63,Very Safe,Assault
Briar Hill-Belgravia (108),2017,Break and Enter,31,169,0.1834,387.19,85.8,63,Very Safe,Assault
Briar Hill-Belgravia (108),2017,NonMCI,31,169,0.1834,387.19,85.8,63,Very Safe,Assault
Briar Hill-Belgravia (108),2017,Robbery,13,169,0.0769,387.19,85.8,63,Very Safe,Assault
Briar Hill-Belgravia (108),2017,Theft Over,3,169,0.0178,387.19,85.8,63,Very Safe,Assault
Bridle Path-Sunnybrook-York Mills (41),2017,Assault,27,110,0.2455,235.5,93.0,19,Very Safe,Break and Enter
Bridle Path-Sunnybrook-York Mills (41),2017,Auto Theft,2,110,0.0182,235.5,93.0,19,Very Safe,Break and Enter
Bridle Path-Sunnybrook-York Mills (41),2017,Break and Enter,64,110,0.5818,235.5,93.0,19,Very Safe,Break and Enter
Bridle Path-Sunnybrook-York Mills (41),2017,NonMCI,12,110,0.1091,235.5,93.0,19,Very Safe,Break and Enter
Bridle Path-Sunnybrook-York Mills (41),2017,Robbery,1,110,0.0091,235.5,93.0,19,Very Safe,Break and Enter
Bridle Path-Sunnybrook-York Mills (41),2017,Theft Over,4,110,0.0364,235.5,93.0,19,Very Safe,Break and Enter
Broadview North (57),2017,Assault,50,98,0.5102,233.58,93.1,18,Very Safe,Assault
Broadview North (57),2017,Auto Theft,7,98,0.0714,233.58,93.1,18,Very Safe,Assault
Broadview North (57),2017,Break and Enter,24,98,0.2449,233.58,93.1,18,Very Safe,Assault
Broadview North (57),2017,NonMCI,12,98,0.1224,233.58,93.1,18,Very Safe,Assault
Broadview North (57),2017,Robbery,4,98,0.0408,233.58,93.1,18,Very Safe,Assault
Broadview North (57),2017,Theft Over,1,98,0.0102,233.58,93.1,18,Very Safe,Assault
Brookhaven-Amesbury (30),2017,Assault,104,222,0.4685,510.71,80.0,92,Safe,Assault
Brookhaven-Amesbury (30),2017,Auto Theft,23,222,0.1036,510.71,80.0,92,Safe,Assault
Brookhaven-Amesbury (30),2017,Break and Enter,34,222,0.1532,510.71,80.0,92,Safe,Assault
Brookhaven-Amesbury (30),2017,NonMCI,33,222,0.1486,510.71,80.0,92,Safe,Assault
Brookhaven-Amesbury (30),2017,Robbery,18,222,0.0811,510.71,80.0,92,Safe,Assault
Brookhaven-Amesbury (30),2017,Theft Over,10,222,0.045,510.71,80.0,92,Safe,Assault
Cabbagetown-South St.James Town (71),2017,Assault,94,304,0.3092,609.59,75.3,110,Safe,NonMCI
Cabbagetown-South St.James Town (71),2017,Auto Theft,5,304,0.0164,609.59,75.3,110,Safe,NonMCI
Cabbagetown-South St.James Town (71),2017,Break and Enter,56,304,0.1842,609.59,75.3,110,Safe,NonMCI
Cabbagetown-South St.James Town (71),2017,NonMCI,108,304,0.3553,609.59,75.3,110,Safe,NonMCI
Cabbagetown-South St.James Town (71),2017,Robbery,34,304,0.1118,609.59,75.3,110,Safe,NonMCI
Cabbagetown-South St.James Town (71),2017,Theft Over,7,304,0.023,609.59,75.3,110,Safe,NonMCI
Caledonia-Fairbank (109),2017,Assault,61,108,0.5648,256.23,92.0,26,Very Safe,Assault
Caledonia-Fairbank (109),2017,Auto Theft,7,108,0.0648,256.23,92.0,26,Very Safe,Assault
Caledonia-Fairbank (109),2017,Break and Enter,10,108,0.0926,256.23,92.0,26,Very Safe,Assault
Caledonia-Fairbank (109),2017,NonMCI,21,108,0.1944,256.23,92.0,26,Very Safe,Assault
Caledonia-Fairbank (109),2017,Robbery,8,108,0.0741,256.23,92.0,26,Very Safe,Assault
Caledonia-Fairbank (109),2017,Theft Over,1,108,0.0093,256.23,92.0,26,Very Safe,Assault
Casa Loma (96),2017,Assault,32,101,0.3168,216.95,93.9,12,Very Safe,Assault
Casa Loma (96),2017,Auto Theft,9,101,0.0891,216.95,93.9,12,Very Safe,Assault
Casa Loma (96),2017,Break and Enter,29,101,0.2871,216.95,93.9,12,Very Safe,Assault
Casa Loma (96),2017,NonMCI,16,101,0.1584,216.95,93.9,12,Very Safe,Assault
Casa Loma (96),2017,Robbery,8,101,0.0792,216.95,93.9,12,Very Safe,Assault
Casa Loma (96),2017,Theft Over,7,101,0.0693,216.95,93.9,12,Very Safe,Assault
Centennial Scarborough (133),2017,Assault,45,132,0.3409,266.75,91.5,28,Very Safe,Assault
Centennial Scarborough (133),2017,Auto Theft,8,132,0.0606,266.75,91.5,28,Very Safe,Assault
Centennial Scarborough (133),2017,Break and Enter,23,132,0.1742,266.75,91.5,28,Very Safe,Assault
Centennial Scarborough (133),2017,NonMCI,44,132,0.3333,266.75,91.5,28,Very Safe,Assault
Centennial Scarborough (133),2017,Robbery,9,132,0.0682,266.75,91.5,28,Very Safe,Assault
Centennial Scarborough (133),2017,Theft Over,3,132,0.0227,266.75,91.5,28,Very Safe,Assault
Church-Wellesley (167),2017,Assault,274,489,0.5603,1215.92,46.7,149,Moderate,Assault
Church-Wellesley (167),2017,Auto Theft,19,489,0.0389,1215.92,46.7,149,Moderate,Assault
Church-Wellesley (167),2017,Break and Enter,88,489,0.18,1215.92,46.7,149,Moderate,Assault
Church-Wellesley (167),2017,NonMCI,56,489,0.1145,1215.92,46.7,149,Moderate,Assault
Church-Wellesley (167),2017,Robbery,42,489,0.0859,1215.92,46.7,149,Moderate,Assault
Church-Wellesley (167),2017,Theft Over,10,489,0.0204,1215.92,46.7,149,Moderate,Assault
Clairlea-Birchmount (120),2017,Assault,227,525,0.4324,1187.88,48.0,148,Moderate,Assault
Clairlea-Birchmount (120),2017,Auto Theft,36,525,0.0686,1187.88,48.0,148,Moderate,Assault
Clairlea-Birchmount (120),2017,Break and Enter,102,525,0.1943,1187.88,48.0,148,Moderate,Assault
Clairlea-Birchmount (120),2017,NonMCI,105,525,0.2,1187.88,48.0,148,Moderate,Assault
Clairlea-Birchmount (120),2017,Robbery,49,525,0.0933,1187.88,48.0,148,Moderate,Assault
Clairlea-Birchmount (120),2017,Theft Over,6,525,0.0114,1187.88,48.0,148,Moderate,Assault
Clanton Park (33),2017,Assault,60,231,0.2597,441.66,83.3,71,Very Safe,NonMCI
Clanton Park (33),2017,Auto Theft,32,231,0.1385,441.66,83.3,71,Very Safe,NonMCI
Clanton Park (33),2017,Break and Enter,55,231,0.2381,441.66,83.3,71,Very Safe,NonMCI
Clanton Park (33),2017,NonMCI,69,231,0.2987,441.66,83.3,71,Very Safe,NonMCI
Clanton Park (33),2017,Robbery,10,231,0.0433,441.66,83.3,71,Very Safe,NonMCI
Clanton Park (33),2017,Theft Over,5,231,0.0216,441.66,83.3,71,Very Safe,NonMCI
Cliffcrest (123),2017,Assault,110,265,0.4151,582.54,76.6,107,Safe,Assault
Cliffcrest (123),2017,Auto Theft,16,265,0.0604,582.54,76.6,107,Safe,Assault
Cliffcrest (123),2017,Break and Enter,36,265,0.1358,582.54,76.6,107,Safe,Assault
Cliffcrest (123),2017,NonMCI,68,265,0.2566,582.54,76.6,107,Safe,Assault
Cliffcrest (123),2017,Robbery,30,265,0.1132,582.54,76.6,107,Safe,Assault
Cliffcrest (123),2017,Theft Over,5,265,0.0189,582.54,76.6,107,Safe,Assault
Corso Italia-Davenport (92),2017,Assault,84,179,0.4693,430.57,83.8,70,Very Safe,Assault
Corso Italia-Davenport (92),2017,Auto Theft,12,179,0.067,430.57,83.8,70,Very Safe,Assault
Corso Italia-Davenport (92),2017,Break and Enter,31,179,0.1732,430.57,83.8,70,Very Safe,Assault
Corso Italia-Davenport (92),2017,NonMCI,23,179,0.1285,430.57,83.8,70,Very Safe,Assault
Corso Italia-Davenport (92),2017,Robbery,26,179,0.1453,430.57,83.8,70,Very Safe,Assault
Corso Italia-Davenport (92),2017,Theft Over,3,179,0.0168,430.57,83.8,70,Very Safe,Assault
Danforth (66),2017,Assault,79,154,0.513,381.09,86.1,61,Very Safe,Assault
Danforth (66),2017,Auto Theft,6,154,0.039,381.09,86.1,61,Very Safe,Assault
Danforth (66),2017,Break and Enter,29,154,0.1883,381.09,86.1,61,Very Safe,Assault
Danforth (66),2017,NonMCI,16,154,0.1039,381.09,86.1,61,Very Safe,Assault
Danforth (66),2017,Robbery,22,154,0.1429,381.09,86.1,61,Very Safe,Assault
Danforth (66),2017,Theft Over,2,154,0.013,381.09,86.1,61,Very Safe,Assault
Danforth East York (59),2017,Assault,67,129,0.5194,308.46,89.5,39,Very Safe,Assault
Danforth East York (59),2017,Auto Theft,10,129,0.0775,308.46,89.5,39,Very Safe,Assault
Danforth East York (59),2017,Break and Enter,24,129,0.186,308.46,89.5,39,Very Safe,Assault
Danforth East York (59),2017,NonMCI,20,129,0.155,308.46,89.5,39,Very Safe,Assault
Danforth East York (59),2017,Robbery,8,129,0.062,308.46,89.5,39,Very Safe,Assault
Danforth East York (59),2017,Theft Over,0,129,0.0,308.46,89.5,39,Very Safe,Assault
Don Valley Village (47),2017,Assault,118,246,0.4797,564.87,77.4,102,Safe,Assault
Don Valley Village (47),2017,Auto Theft,32,246,0.1301,564.87,77.4,102,Safe,Assault
Don Valley Village (47),2017,Break and Enter,33,246,0.1341,564.87,77.4,102,Safe,Assault
Don Valley Village (47),2017,NonMCI,36,246,0.1463,564.87,77.4,102,Safe,Assault
Don Valley Village (47),2017,Robbery,17,246,0.0691,564.87,77.4,102,Safe,Assault
Don Valley Village (47),2017,Theft Over,10,246,0.0407,564.87,77.4,102,Safe,Assault
Dorset Park (126),2017,Assault,193,413,0.4673,958.24,58.9,139,Moderate,Assault
Dorset Park (126),2017,Auto Theft,41,413,0.0993,958.24,58.9,139,Moderate,Assault
Dorset Park (126),2017,Break and Enter,89,413,0.2155,958.24,58.9,139,Moderate,Assault
Dorset Park (126),2017,NonMCI,58,413,0.1404,958.24,58.9,139,Moderate,Assault
Dorset Park (126),2017,Robbery,27,413,0.0654,958.24,58.9,139,Moderate,Assault
Dorset Park (126),2017,Theft Over,5,413,0.0121,958.24,58.9,139,Moderate,Assault
Dovercourt Village (172),2017,Assault,93,223,0.417,511.73,79.9,93,Safe,Assault
Dovercourt Village (172),2017,Auto Theft,16,223,0.0717,511.73,79.9,93,Safe,Assault
Dovercourt Village (172),2017,Break and Enter,38,223,0.1704,511.73,79.9,93,Safe,Assault
Dovercourt Village (172),2017,NonMCI,40,223,0.1794,511.73,79.9,93,Safe,Assault
Dovercourt Village (172),2017,Robbery,32,223,0.1435,511.73,79.9,93,Safe,Assault
Dovercourt Village (172),2017,Theft Over,4,223,0.0179,511.73,79.9,93,Safe,Assault
Downsview (155),2017,Assault,122,254,0.4803,576.59,76.9,105,Safe,Assault
Downsview (155),2017,Auto Theft,29,254,0.1142,576.59,76.9,105,Safe,Assault
Downsview (155),2017,Break and Enter,27,254,0.1063,576.59,76.9,105,Safe,Assault
Downsview (155),2017,NonMCI,49,254,0.1929,576.59,76.9,105,Safe,Assault
Downsview (155),2017,Robbery,15,254,0.0591,576.59,76.9,105,Safe,Assault
Downsview (155),2017,Theft Over,12,254,0.0472,576.59,76.9,105,Safe,Assault
Downtown Yonge East (168),2017,Assault,423,896,0.4721,2050.09,7.4,155,Very Risky,Assault
Downtown Yonge East (168),2017,Auto Theft,15,896,0.0167,2050.09,7.4,155,Very Risky,Assault
Downtown Yonge East (168),2017,Break and Enter,114,896,0.1272,2050.09,7.4,155,Very Risky,Assault
Downtown Yonge East (168),2017,NonMCI,222,896,0.2478,2050.09,7.4,155,Very Risky,Assault
Downtown Yonge East (168),2017,Robbery,102,896,0.1138,2050.09,7.4,155,Very Risky,Assault
Downtown Yonge East (168),2017,Theft Over,20,896,0.0223,2050.09,7.4,155,Very Risky,Assault
Dufferin Grove (83),2017,Assault,73,154,0.474,348.0,87.7,52,Very Safe,Assault
Dufferin Grove (83),2017,Auto Theft,11,154,0.0714,348.0,87.7,52,Very Safe,Assault
Dufferin Grove (83),2017,Break and Enter,25,154,0.1623,348.0,87.7,52,Very Safe,Assault
Dufferin Grove (83),2017,NonMCI,33,154,0.2143,348.0,87.7,52,Very Safe,Assault
Dufferin Grove (83),2017,Robbery,8,154,0.0519,348.0,87.7,52,Very Safe,Assault
Dufferin Grove (83),2017,Theft Over,4,154,0.026,348.0,87.7,52,Very Safe,Assault
East End-Danforth (62),2017,Assault,167,359,0.4652,835.64,64.7,133,Safe,Assault
East End-Danforth (62),2017,Auto Theft,25,359,0.0696,835.64,64.7,133,Safe,Assault
East End-Danforth (62),2017,Break and Enter,60,359,0.1671,835.64,64.7,133,Safe,Assault
East End-Danforth (62),2017,NonMCI,60,359,0.1671,835.64,64.7,133,Safe,Assault
East End-Danforth (62),2017,Robbery,38,359,0.1058,835.64,64.7,133,Safe,Assault
East End-Danforth (62),2017,Theft Over,9,359,0.0251,835.64,64.7,133,Safe,Assault
East L'Amoreaux (148),2017,Assault,73,156,0.4679,363.05,87.0,55,Very Safe,Assault
East L'Amoreaux (148),2017,Auto Theft,10,156,0.0641,363.05,87.0,55,Very Safe,Assault
East L'Amoreaux (148),2017,Break and Enter,32,156,0.2051,363.05,87.0,55,Very Safe,Assault
East L'Amoreaux (148),2017,NonMCI,23,156,0.1474,363.05,87.0,55,Very Safe,Assault
East L'Amoreaux (148),2017,Robbery,14,156,0.0897,363.05,87.0,55,Very Safe,Assault
East L'Amoreaux (148),2017,Theft Over,4,156,0.0256,363.05,87.0,55,Very Safe,Assault
East Willowdale (152),2017,Assault,44,198,0.2222,411.66,84.7,68,Very Safe,Break and Enter
East Willowdale (152),2017,Auto Theft,16,198,0.0808,411.66,84.7,68,Very Safe,Break and Enter
East Willowdale (152),2017,Break and Enter,71,198,0.3586,411.66,84.7,68,Very Safe,Break and Enter
East Willowdale (152),2017,NonMCI,34,198,0.1717,411.66,84.7,68,Very Safe,Break and Enter
East Willowdale (152),2017,Robbery,26,198,0.1313,411.66,84.7,68,Very Safe,Break and Enter
East Willowdale (152),2017,Theft Over,7,198,0.0354,411.66,84.7,68,Very Safe,Break and Enter
Edenbridge-Humber Valley (9),2017,Assault,30,134,0.2239,254.78,92.1,25,Very Safe,Break and Enter
Edenbridge-Humber Valley (9),2017,Auto Theft,18,134,0.1343,254.78,92.1,25,Very Safe,Break and Enter
Edenbridge-Humber Valley (9),2017,Break and Enter,43,134,0.3209,254.78,92.1,25,Very Safe,Break and Enter
Edenbridge-Humber Valley (9),2017,NonMCI,36,134,0.2687,254.78,92.1,25,Very Safe,Break and Enter
Edenbridge-Humber Valley (9),2017,Robbery,3,134,0.0224,254.78,92.1,25,Very Safe,Break and Enter
Edenbridge-Humber Valley (9),2017,Theft Over,4,134,0.0299,254.78,92.1,25,Very Safe,Break and Enter
Eglinton East (138),2017,Assault,198,365,0.5425,879.37,62.6,134,Safe,Assault
Eglinton East (138),2017,Auto Theft,29,365,0.0795,879.37,62.6,134,Safe,Assault
Eglinton East (138),2017,Break and Enter,56,365,0.1534,879.37,62.6,134,Safe,Assault
Eglinton East (138),2017,NonMCI,54,365,0.1479,879.37,62.6,134,Safe,Assault
Eglinton East (138),2017,Robbery,27,365,0.074,879.37,62.6,134,Safe,Assault
Eglinton East (138),2017,Theft Over,1,365,0.0027,879.37,62.6,134,Safe,Assault
Elms-Old Rexdale (5),2017,Assault,59,127,0.4646,297.44,90.1,36,Very Safe,Assault
Elms-Old Rexdale (5),2017,Auto Theft,13,127,0.1024,297.44,90.1,36,Very Safe,Assault
Elms-Old Rexdale (5),2017,Break and Enter,12,127,0.0945,297.44,90.1,36,Very Safe,Assault
Elms-Old Rexdale (5),2017,NonMCI,21,127,0.1654,297.44,90.1,36,Very Safe,Assault
Elms-Old Rexdale (5),2017,Robbery,20,127,0.1575,297.44,90.1,36,Very Safe,Assault
Elms-Old Rexdale (5),2017,Theft Over,2,127,0.0157,297.44,90.1,36,Very Safe,Assault
Englemount-Lawrence (32),2017,Assault,91,250,0.364,533.14,78.9,97,Safe,Assault
Englemount-Lawrence (32),2017,Auto Theft,35,250,0.14,533.14,78.9,97,Safe,Assault
Englemount-Lawrence (32),2017,Break and Enter,47,250,0.188,533.14,78.9,97,Safe,Assault
Englemount-Lawrence (32),2017,NonMCI,49,250,0.196,533.14,78.9,97,Safe,Assault
Englemount-Lawrence (32),2017,Robbery,19,250,0.076,533.14,78.9,97,Safe,Assault
Englemount-Lawrence (32),2017,Theft Over,9,250,0.036,533.14,78.9,97,Safe,Assault
Eringate-Centennial-West Deane (11),2017,Assault,56,144,0.3889,309.78,89.5,39,Very Safe,Assault
Eringate-Centennial-West Deane (11),2017,Auto Theft,28,144,0.1944,309.78,89.5,39,Very Safe,Assault
Eringate-Centennial-West Deane (11),2017,Break and Enter,18,144,0.125,309.78,89.5,39,Very Safe,Assault
Eringate-Centennial-West Deane (11),2017,NonMCI,29,144,0.2014,309.78,89.5,39,Very Safe,Assault
Eringate-Centennial-West Deane (11),2017,Robbery,12,144,0.0833,309.78,89.5,39,Very Safe,Assault
Eringate-Centennial-West Deane (11),2017,Theft Over,1,144,0.0069,309.78,89.5,39,Very Safe,Assault
Etobicoke City Centre (159),2017,Assault,130,410,0.3171,832.04,64.8,132,Safe,Assault
Etobicoke City Centre (159),2017,Auto Theft,69,410,0.1683,832.04,64.8,132,Safe,Assault
Etobicoke City Centre (159),2017,Break and Enter,58,410,0.1415,832.04,64.8,132,Safe,Assault
Etobicoke City Centre (159),2017,NonMCI,92,410,0.2244,832.04,64.8,132,Safe,Assault
Etobicoke City Centre (159),2017,Robbery,31,410,0.0756,832.04,64.8,132,Safe,Assault
Etobicoke City Centre (159),2017,Theft Over,30,410,0.0732,832.04,64.8,132,Safe,Assault
Etobicoke West Mall (13),2017,Assault,51,87,0.5862,208.94,94.2,11,Very Safe,Assault
Etobicoke West Mall (13),2017,Auto Theft,9,87,0.1034,208.94,94.2,11,Very Safe,Assault
Etobicoke West Mall (13),2017,Break and Enter,7,87,0.0805,208.94,94.2,11,Very Safe,Assault
Etobicoke West Mall (13),2017,NonMCI,13,87,0.1494,208.94,94.2,11,Very Safe,Assault
Etobicoke West Mall (13),2017,Robbery,3,87,0.0345,208.94,94.2,11,Very Safe,Assault
Etobicoke West Mall (13),2017,Theft Over,4,87,0.046,208.94,94.2,11,Very Safe,Assault
Fenside-Parkwoods (150),2017,Assault,102,241,0.4232,528.97,79.1,96,Safe,Assault
Fenside-Parkwoods (150),2017,Auto Theft,27,241,0.112,528.97,79.1,96,Safe,Assault
Fenside-Parkwoods (150),2017,Break and Enter,31,241,0.1286,528.97,79.1,96,Safe,Assault
Fenside-Parkwoods (150),2017,NonMCI,53,241,0.2199,528.97,79.1,96,Safe,Assault
Fenside-Parkwoods (150),2017,Robbery,23,241,0.0954,528.97,79.1,96,Safe,Assault
Fenside-Parkwoods (150),2017,Theft Over,5,241,0.0207,528.97,79.1,96,Safe,Assault
Flemingdon Park (44),2017,Assault,122,183,0.6667,475.36,81.7,82,Very Safe,Assault
Flemingdon Park (44),2017,Auto Theft,12,183,0.0656,475.36,81.7,82,Very Safe,Assault
Flemingdon Park (44),2017,Break and Enter,11,183,0.0601,475.36,81.7,82,Very Safe,Assault
Flemingdon Park (44),2017,NonMCI,17,183,0.0929,475.36,81.7,82,Very Safe,Assault
Flemingdon Park (44),2017,Robbery,18,183,0.0984,475.36,81.7,82,Very Safe,Assault
Flemingdon Park (44),2017,Theft Over,3,183,0.0164,475.36,81.7,82,Very Safe,Assault
Forest Hill North (102),2017,Assault,40,151,0.2649,301.04,89.9,37,Very Safe,Break and Enter
Forest Hill North (102),2017,Auto Theft,12,151,0.0795,301.04,89.9,37,Very Safe,Break and Enter
Forest Hill North (102),2017,Break and Enter,47,151,0.3113,301.04,89.9,37,Very Safe,Break and Enter
Forest Hill North (102),2017,NonMCI,40,151,0.2649,301.04,89.9,37,Very Safe,Break and Enter
Forest Hill North (102),2017,Robbery,9,151,0.0596,301.04,89.9,37,Very Safe,Break and Enter
Forest Hill North (102),2017,Theft Over,3,151,0.0199,301.04,89.9,37,Very Safe,Break and Enter
Forest Hill South (101),2017,Assault,22,122,0.1803,245.23,92.5,22,Very Safe,Break and Enter
Forest Hill South (101),2017,Auto Theft,12,122,0.0984,245.23,92.5,22,Very Safe,Break and Enter
Forest Hill South (101),2017,Break and Enter,64,122,0.5246,245.23,92.5,22,Very Safe,Break and Enter
Forest Hill South (101),2017,NonMCI,14,122,0.1148,245.23,92.5,22,Very Safe,Break and Enter
Forest Hill South (101),2017,Robbery,3,122,0.0246,245.23,92.5,22,Very Safe,Break and Enter
Forest Hill South (101),2017,Theft Over,7,122,0.0574,245.23,92.5,22,Very Safe,Break and Enter
Fort York-Liberty Village (163),2017,Assault,94,219,0.4292,483.39,81.3,86,Very Safe,Assault
Fort York-Liberty Village (163),2017,Auto Theft,20,219,0.0913,483.39,81.3,86,Very Safe,Assault
Fort York-Liberty Village (163),2017,Break and Enter,56,219,0.2557,483.39,81.3,86,Very Safe,Assault
Fort York-Liberty Village (163),2017,NonMCI,39,219,0.1781,483.39,81.3,86,Very Safe,Assault
Fort York-Liberty Village (163),2017,Robbery,2,219,0.0091,483.39,81.3,86,Very Safe,Assault
Fort York-Liberty Village (163),2017,Theft Over,8,219,0.0365,483.39,81.3,86,Very Safe,Assault
Glenfield-Jane Heights (25),2017,Assault,256,449,0.5702,1097.6,52.3,144,Moderate,Assault
Glenfield-Jane Heights (25),2017,Auto Theft,48,449,0.1069,1097.6,52.3,144,Moderate,Assault
Glenfield-Jane Heights (25),2017,Break and Enter,42,449,0.0935,1097.6,52.3,144,Moderate,Assault
Glenfield-Jane Heights (25),2017,NonMCI,60,449,0.1336,1097.6,52.3,144,Moderate,Assault
Glenfield-Jane Heights (25),2017,Robbery,38,449,0.0846,1097.6,52.3,144,Moderate,Assault
Glenfield-Jane Heights (25),2017,Theft Over,5,449,0.0111,1097.6,52.3,144,Moderate,Assault
Golfdale-Cedarbrae-Woburn (141),2017,Assault,212,404,0.5248,997.63,57.0,142,Moderate,Assault
Golfdale-Cedarbrae-Woburn (141),2017,Auto Theft,28,404,0.0693,997.63,57.0,142,Moderate,Assault
Golfdale-Cedarbrae-Woburn (141),2017,Break and Enter,49,404,0.1213,997.63,57.0,142,Moderate,Assault
Golfdale-Cedarbrae-Woburn (141),2017,NonMCI,44,404,0.1089,997.63,57.0,142,Moderate,Assault
Golfdale-Cedarbrae-Woburn (141),2017,Robbery,61,404,0.151,997.63,57.0,142,Moderate,Assault
Golfdale-Cedarbrae-Woburn (141),2017,Theft Over,10,404,0.0248,997.63,57.0,142,Moderate,Assault
Greenwood-Coxwell (65),2017,Assault,73,182,0.4011,403.92,85.0,67,Very Safe,Assault
Greenwood-Coxwell (65),2017,Auto Theft,12,182,0.0659,403.92,85.0,67,Very Safe,Assault
Greenwood-Coxwell (65),2017,Break and Enter,34,182,0.1868,403.92,85.0,67,Very Safe,Assault
Greenwood-Coxwell (65),2017,NonMCI,36,182,0.1978,403.92,85.0,67,Very Safe,Assault
Greenwood-Coxwell (65),2017,Robbery,19,182,0.1044,403.92,85.0,67,Very Safe,Assault
Greenwood-Coxwell (65),2017,Theft Over,8,182,0.044,403.92,85.0,67,Very Safe,Assault
Guildwood (140),2017,Assault,42,109,0.3853,221.77,93.6,13,Very Safe,Assault
Guildwood (140),2017,Auto Theft,4,109,0.0367,221.77,93.6,13,Very Safe,Assault
Guildwood (140),2017,Break and Enter,10,109,0.0917,221.77,93.6,13,Very Safe,Assault
Guildwood (140),2017,NonMCI,41,109,0.3761,221.77,93.6,13,Very Safe,Assault
Guildwood (140),2017,Robbery,8,109,0.0734,221.77,93.6,13,Very Safe,Assault
Guildwood (140),2017,Theft Over,4,109,0.0367,221.77,93.6,13,Very Safe,Assault
Harbourfront-CityPlace (165),2017,Assault,170,346,0.4913,787.98,66.9,128,Safe,Assault
Harbourfront-CityPlace (165),2017,Auto Theft,23,346,0.0665,787.98,66.9,128,Safe,Assault
Harbourfront-CityPlace (165),2017,Break and Enter,62,346,0.1792,787.98,66.9,128,Safe,Assault
Harbourfront-CityPlace (165),2017,NonMCI,70,346,0.2023,787.98,66.9,128,Safe,Assault
Harbourfront-CityPlace (165),2017,Robbery,10,346,0.0289,787.98,66.9,128,Safe,Assault
Harbourfront-CityPlace (165),2017,Theft Over,11,346,0.0318,787.98,66.9,128,Safe,Assault
Henry Farm (53),2017,Assault,68,153,0.4444,348.78,87.6,53,Very Safe,Assault
Henry Farm (53),2017,Auto Theft,20,153,0.1307,348.78,87.6,53,Very Safe,Assault
Henry Farm (53),2017,Break and Enter,28,153,0.183,348.78,87.6,53,Very Safe,Assault
Henry Farm (53),2017,NonMCI,19,153,0.1242,348.78,87.6,53,Very Safe,Assault
Henry Farm (53),2017,Robbery,10,153,0.0654,348.78,87.6,53,Very Safe,Assault
Henry Farm (53),2017,Theft Over,8,153,0.0523,348.78,87.6,53,Very Safe,Assault
High Park North (88),2017,Assault,106,249,0.4257,572.3,77.1,104,Safe,Assault
High Park North (88),2017,Auto Theft,9,249,0.0361,572.3,77.1,104,Safe,Assault
High Park North (88),2017,Break and Enter,54,249,0.2169,572.3,77.1,104,Safe,Assault
High Park North (88),2017,NonMCI,47,249,0.1888,572.3,77.1,104,Safe,Assault
High Park North (88),2017,Robbery,31,249,0.1245,572.3,77.1,104,Safe,Assault
High Park North (88),2017,Theft Over,2,249,0.008,572.3,77.1,104,Safe,Assault
High Park-Swansea (87),2017,Assault,78,212,0.3679,453.72,82.7,79,Very Safe,Assault
High Park-Swansea (87),2017,Auto Theft,15,212,0.0708,453.72,82.7,79,Very Safe,Assault
High Park-Swansea (87),2017,Break and Enter,40,212,0.1887,453.72,82.7,79,Very Safe,Assault
High Park-Swansea (87),2017,NonMCI,49,212,0.2311,453.72,82.7,79,Very Safe,Assault
High Park-Swansea (87),2017,Robbery,19,212,0.0896,453.72,82.7,79,Very Safe,Assault
High Park-Swansea (87),2017,Theft Over,11,212,0.0519,453.72,82.7,79,Very Safe,Assault
Highland Creek (134),2017,Assault,61,171,0.3567,353.41,87.4,54,Very Safe,Assault
Highland Creek (134),2017,Auto Theft,13,171,0.076,353.41,87.4,54,Very Safe,Assault
Highland Creek (134),2017,Break and Enter,29,171,0.1696,353.41,87.4,54,Very Safe,Assault
Highland Creek (134),2017,NonMCI,52,171,0.3041,353.41,87.4,54,Very Safe,Assault
Highland Creek (134),2017,Robbery,15,171,0.0877,353.41,87.4,54,Very Safe,Assault
Highland Creek (134),2017,Theft Over,1,171,0.0058,353.41,87.4,54,Very Safe,Assault
Hillcrest Village (48),2017,Assault,55,149,0.3691,333.94,88.3,49,Very Safe,Assault
Hillcrest Village (48),2017,Auto Theft,18,149,0.1208,333.94,88.3,49,Very Safe,Assault
Hillcrest Village (48),2017,Break and Enter,31,149,0.2081,333.94,88.3,49,Very Safe,Assault
Hillcrest Village (48),2017,NonMCI,20,149,0.1342,333.94,88.3,49,Very Safe,Assault
Hillcrest Village (48),2017,Robbery,21,149,0.1409,333.94,88.3,49,Very Safe,Assault
Hillcrest Village (48),2017,Theft Over,4,149,0.0268,333.94,88.3,49,Very Safe,Assault
Humber Bay Shores (161),2017,Assault,77,168,0.4583,368.2,86.7,57,Very Safe,Assault
Humber Bay Shores (161),2017,Auto Theft,29,168,0.1726,368.2,86.7,57,Very Safe,Assault
Humber Bay Shores (161),2017,Break and Enter,15,168,0.0893,368.2,86.7,57,Very Safe,Assault
Humber Bay Shores (161),2017,NonMCI,33,168,0.1964,368.2,86.7,57,Very Safe,Assault
Humber Bay Shores (161),2017,Robbery,5,168,0.0298,368.2,86.7,57,Very Safe,Assault
Humber Bay Shores (161),2017,Theft Over,9,168,0.0536,368.2,86.7,57,Very Safe,Assault
Humber Heights-Westmount (8),2017,Assault,37,123,0.3008,252.17,92.2,24,Very Safe,Assault
Humber Heights-Westmount (8),2017,Auto Theft,23,123,0.187,252.17,92.2,24,Very Safe,Assault
Humber Heights-Westmount (8),2017,Break and Enter,32,123,0.2602,252.17,92.2,24,Very Safe,Assault
Humber Heights-Westmount (8),2017,NonMCI,22,123,0.1789,252.17,92.2,24,Very Safe,Assault
Humber Heights-Westmount (8),2017,Robbery,3,123,0.0244,252.17,92.2,24,Very Safe,Assault
Humber Heights-Westmount (8),2017,Theft Over,6,123,0.0488,252.17,92.2,24,Very Safe,Assault
Humber Summit (21),2017,Assault,120,358,0.3352,731.06,69.6,123,Safe,Assault
Humber Summit (21),2017,Auto Theft,78,358,0.2179,731.06,69.6,123,Safe,Assault
Humber Summit (21),2017,Break and Enter,40,358,0.1117,731.06,69.6,123,Safe,Assault
Humber Summit (21),2017,NonMCI,79,358,0.2207,731.06,69.6,123,Safe,Assault
Humber Summit (21),2017,Robbery,24,358,0.067,731.06,69.6,123,Safe,Assault
Humber Summit (21),2017,Theft Over,17,358,0.0475,731.06,69.6,123,Safe,Assault
Humbermede (22),2017,Assault,143,277,0.5162,666.53,72.6,117,Safe,Assault
Humbermede (22),2017,Auto Theft,54,277,0.1949,666.53,72.6,117,Safe,Assault
Humbermede (22),2017,Break and Enter,23,277,0.083,666.53,72.6,117,Safe,Assault
Humbermede (22),2017,NonMCI,22,277,0.0794,666.53,72.6,117,Safe,Assault
Humbermede (22),2017,Robbery,28,277,0.1011,666.53,72.6,117,Safe,Assault
Humbermede (22),2017,Theft Over,7,277,0.0253,666.53,72.6,117,Safe,Assault
Humewood-Cedarvale (106),2017,Assault,41,144,0.2847,288.42,90.5,33,Very Safe,Assault
Humewood-Cedarvale (106),2017,Auto Theft,20,144,0.1389,288.42,90.5,33,Very Safe,Assault
Humewood-Cedarvale (106),2017,Break and Enter,39,144,0.2708,288.42,90.5,33,Very Safe,Assault
Humewood-Cedarvale (106),2017,NonMCI,33,144,0.2292,288.42,90.5,33,Very Safe,Assault
Humewood-Cedarvale (106),2017,Robbery,6,144,0.0417,288.42,90.5,33,Very Safe,Assault
Humewood-Cedarvale (106),2017,Theft Over,5,144,0.0347,288.42,90.5,33,Very Safe,Assault
Ionview (125),2017,Assault,88,158,0.557,390.64,85.7,64,Very Safe,Assault
Ionview (125),2017,Auto Theft,7,158,0.0443,390.64,85.7,64,Very Safe,Assault
Ionview (125),2017,Break and Enter,29,158,0.1835,390.64,85.7,64,Very Safe,Assault
Ionview (125),2017,NonMCI,21,158,0.1329,390.64,85.7,64,Very Safe,Assault
Ionview (125),2017,Robbery,12,158,0.0759,390.64,85.7,64,Very Safe,Assault
Ionview (125),2017,Theft Over,1,158,0.0063,390.64,85.7,64,Very Safe,Assault
Islington (158),2017,Assault,71,232,0.306,469.33,81.9,81,Very Safe,Assault
Islington (158),2017,Auto Theft,25,232,0.1078,469.33,81.9,81,Very Safe,Assault
Islington (158),2017,Break and Enter,40,232,0.1724,469.33,81.9,81,Very Safe,Assault
Islington (158),2017,NonMCI,66,232,0.2845,469.33,81.9,81,Very Safe,Assault
Islington (158),2017,Robbery,23,232,0.0991,469.33,81.9,81,Very Safe,Assault
Islington (158),2017,Theft Over,7,232,0.0302,469.33,81.9,81,Very Safe,Assault
Junction Area (90),2017,Assault,89,227,0.3921,493.02,80.8,88,Very Safe,Assault
Junction Area (90),2017,Auto Theft,23,227,0.1013,493.02,80.8,88,Very Safe,Assault
Junction Area (90),2017,Break and Enter,46,227,0.2026,493.02,80.8,88,Very Safe,Assault
Junction Area (90),2017,NonMCI,47,227,0.207,493.02,80.8,88,Very Safe,Assault
Junction Area (90),2017,Robbery,14,227,0.0617,493.02,80.8,88,Very Safe,Assault
Junction Area (90),2017,Theft Over,8,227,0.0352,493.02,80.8,88,Very Safe,Assault
Junction-Wallace Emerson (171),2017,Assault,148,320,0.4625,719.47,70.1,122,Safe,Assault
Junction-Wallace Emerson (171),2017,Auto Theft,18,320,0.0562,719.47,70.1,122,Safe,Assault
Junction-Wallace Emerson (171),2017,Break and Enter,49,320,0.1531,719.47,70.1,122,Safe,Assault
Junction-Wallace Emerson (171),2017,NonMCI,74,320,0.2312,719.47,70.1,122,Safe,Assault
Junction-Wallace Emerson (171),2017,Robbery,25,320,0.0781,719.47,70.1,122,Safe,Assault
Junction-Wallace Emerson (171),2017,Theft Over,6,320,0.0188,719.47,70.1,122,Safe,Assault
Keelesdale-Eglinton West (110),2017,Assault,60,148,0.4054,331.41,88.5,48,Very Safe,Assault
Keelesdale-Eglinton West (110),2017,Auto Theft,26,148,0.1757,331.41,88.5,48,Very Safe,Assault
Keelesdale-Eglinton West (110),2017,Break and Enter,14,148,0.0946,331.41,88.5,48,Very Safe,Assault
Keelesdale-Eglinton West (110),2017,NonMCI,22,148,0.1486,331.41,88.5,48,Very Safe,Assault
Keelesdale-Eglinton West (110),2017,Robbery,22,148,0.1486,331.41,88.5,48,Very Safe,Assault
Keelesdale-Eglinton West (110),2017,Theft Over,4,148,0.027,331.41,88.5,48,Very Safe,Assault
Kennedy Park (124),2017,Assault,191,391,0.4885,917.48,60.8,136,Safe,Assault
Kennedy Park (124),2017,Auto Theft,24,391,0.0614,917.48,60.8,136,Safe,Assault
Kennedy Park (124),2017,Break and Enter,49,391,0.1253,917.48,60.8,136,Safe,Assault
Kennedy Park (124),2017,NonMCI,73,391,0.1867,917.48,60.8,136,Safe,Assault
Kennedy Park (124),2017,Robbery,49,391,0.1253,917.48,60.8,136,Safe,Assault
Kennedy Park (124),2017,Theft Over,5,391,0.0128,917.48,60.8,136,Safe,Assault
Kensington-Chinatown (78),2017,Assault,393,1031,0.3812,2084.0,5.8,156,Very Risky,NonMCI
Kensington-Chinatown (78),2017,Auto Theft,30,1031,0.0291,2084.0,5.8,156,Very Risky,NonMCI
Kensington-Chinatown (78),2017,Break and Enter,105,1031,0.1018,2084.0,5.8,156,Very Risky,NonMCI
Kensington-Chinatown (78),2017,NonMCI,399,1031,0.387,2084.0,5.8,156,Very Risky,NonMCI
Kensington-Chinatown (78),2017,Robbery,79,1031,0.0766,2084.0,5.8,156,Very Risky,NonMCI
Kensington-Chinatown (78),2017,Theft Over,25,1031,0.0242,2084.0,5.8,156,Very Risky,NonMCI
Kingsview Village-The Westway (6),2017,Assault,106,242,0.438,537.16,78.7,98,Safe,Assault
Kingsview Village-The Westway (6),2017,Auto Theft,34,242,0.1405,537.16,78.7,98,Safe,Assault
Kingsview Village-The Westway (6),2017,Break and Enter,39,242,0.1612,537.16,78.7,98,Safe,Assault
Kingsview Village-The Westway (6),2017,NonMCI,44,242,0.1818,537.16,78.7,98,Safe,Assault
Kingsview Village-The Westway (6),2017,Robbery,13,242,0.0537,537.16,78.7,98,Safe,Assault
Kingsview Village-The Westway (6),2017,Theft Over,6,242,0.0248,537.16,78.7,98,Safe,Assault
Kingsway South (15),2017,Assault,25,116,0.2155,228.68,93.3,16,Very Safe,Break and Enter
Kingsway South (15),2017,Auto Theft,19,116,0.1638,228.68,93.3,16,Very Safe,Break and Enter
Kingsway South (15),2017,Break and Enter,30,116,0.2586,228.68,93.3,16,Very Safe,Break and Enter
Kingsway South (15),2017,NonMCI,23,116,0.1983,228.68,93.3,16,Very Safe,Break and Enter
Kingsway South (15),2017,Robbery,13,116,0.1121,228.68,93.3,16,Very Safe,Break and Enter
Kingsway South (15),2017,Theft Over,6,116,0.0517,228.68,93.3,16,Very Safe,Break and Enter
L'Amoreaux West (147),2017,Assault,89,194,0.4588,447.59,83.0,74,Very Safe,Assault
L'Amoreaux West (147),2017,Auto Theft,14,194,0.0722,447.59,83.0,74,Very Safe,Assault
L'Amoreaux West (147),2017,Break and Enter,40,194,0.2062,447.59,83.0,74,Very Safe,Assault
L'Amoreaux West (147),2017,NonMCI,33,194,0.1701,447.59,83.0,74,Very Safe,Assault
L'Amoreaux West (147),2017,Robbery,15,194,0.0773,447.59,83.0,74,Very Safe,Assault
L'Amoreaux West (147),2017,Theft Over,3,194,0.0155,447.59,83.0,74,Very Safe,Assault
Lambton Baby Point (114),2017,Assault,16,39,0.4103,86.64,100.0,1,Very Safe,Assault
Lambton Baby Point (114),2017,Auto Theft,5,39,0.1282,86.64,100.0,1,Very Safe,Assault
Lambton Baby Point (114),2017,Break and Enter,10,39,0.2564,86.64,100.0,1,Very Safe,Assault
Lambton Baby Point (114),2017,NonMCI,6,39,0.1538,86.64,100.0,1,Very Safe,Assault
Lambton Baby Point (114),2017,Robbery,2,39,0.0513,86.64,100.0,1,Very Safe,Assault
Lambton Baby Point (114),2017,Theft Over,0,39,0.0,86.64,100.0,1,Very Safe,Assault
Lansing-Westgate (38),2017,Assault,81,203,0.399,447.49,83.0,74,Very Safe,Assault
Lansing-Westgate (38),2017,Auto Theft,26,203,0.1281,447.49,83.0,74,Very Safe,Assault
Lansing-Westgate (38),2017,Break and Enter,42,203,0.2069,447.49,83.0,74,Very Safe,Assault
Lansing-Westgate (38),2017,NonMCI,31,203,0.1527,447.49,83.0,74,Very Safe,Assault
Lansing-Westgate (38),2017,Robbery,12,203,0.0591,447.49,83.0,74,Very Safe,Assault
Lansing-Westgate (38),2017,Theft Over,11,203,0.0542,447.49,83.0,74,Very Safe,Assault
Lawrence Park North (105),2017,Assault,36,139,0.259,267.82,91.5,28,Very Safe,Assault
Lawrence Park North (105),2017,Auto Theft,26,139,0.1871,267.82,91.5,28,Very Safe,Assault
Lawrence Park North (105),2017,Break and Enter,30,139,0.2158,267.82,91.5,28,Very Safe,Assault
Lawrence Park North (105),2017,NonMCI,36,139,0.259,267.82,91.5,28,Very Safe,Assault
Lawrence Park North (105),2017,Robbery,5,139,0.036,267.82,91.5,28,Very Safe,Assault
Lawrence Park North (105),2017,Theft Over,6,139,0.0432,267.82,91.5,28,Very Safe,Assault
Lawrence Park South (103),2017,Assault,20,123,0.1626,227.16,93.4,15,Very Safe,Break and Enter
Lawrence Park South (103),2017,Auto Theft,15,123,0.122,227.16,93.4,15,Very Safe,Break and Enter
Lawrence Park South (103),2017,Break and Enter,48,123,0.3902,227.16,93.4,15,Very Safe,Break and Enter
Lawrence Park South (103),2017,NonMCI,34,123,0.2764,227.16,93.4,15,Very Safe,Break and Enter
Lawrence Park South (103),2017,Robbery,4,123,0.0325,227.16,93.4,15,Very Safe,Break and Enter
Lawrence Park South (103),2017,Theft Over,2,123,0.0163,227.16,93.4,15,Very Safe,Break and Enter
Leaside-Bennington (56),2017,Assault,34,127,0.2677,246.5,92.5,22,Very Safe,NonMCI
Leaside-Bennington (56),2017,Auto Theft,4,127,0.0315,246.5,92.5,22,Very Safe,NonMCI
Leaside-Bennington (56),2017,Break and Enter,29,127,0.2283,246.5,92.5,22,Very Safe,NonMCI
Leaside-Bennington (56),2017,NonMCI,45,127,0.3543,246.5,92.5,22,Very Safe,NonMCI
Leaside-Bennington (56),2017,Robbery,10,127,0.0787,246.5,92.5,22,Very Safe,NonMCI
Leaside-Bennington (56),2017,Theft Over,5,127,0.0394,246.5,92.5,22,Very Safe,NonMCI
Little Portugal (84),2017,Assault,86,202,0.4257,446.46,83.0,74,Very Safe,Assault
Little Portugal (84),2017,Auto Theft,20,202,0.099,446.46,83.0,74,Very Safe,Assault
Little Portugal (84),2017,Break and Enter,40,202,0.198,446.46,83.0,74,Very Safe,Assault
Little Portugal (84),2017,NonMCI,43,202,0.2129,446.46,83.0,74,Very Safe,Assault
Little Portugal (84),2017,Robbery,11,202,0.0545,446.46,83.0,74,Very Safe,Assault
Little Portugal (84),2017,Theft Over,2,202,0.0099,446.46,83.0,74,Very Safe,Assault
Long Branch (19),2017,Assault,63,159,0.3962,340.02,88.0,51,Very Safe,Assault
Long Branch (19),2017,Auto Theft,11,159,0.0692,340.02,88.0,51,Very Safe,Assault
Long Branch (19),2017,Break and Enter,27,159,0.1698,340.02,88.0,51,Very Safe,Assault
Long Branch (19),2017,NonMCI,43,159,0.2704,340.02,88.0,51,Very Safe,Assault
Long Branch (19),2017,Robbery,12,159,0.0755,340.02,88.0,51,Very Safe,Assault
Long Branch (19),2017,Theft Over,3,159,0.0189,340.02,88.0,51,Very Safe,Assault
Malvern East (146),2017,Assault,173,305,0.5672,735.21,69.4,124,Safe,Assault
Malvern East (146),2017,Auto Theft,25,305,0.082,735.21,69.4,124,Safe,Assault
Malvern East (146),2017,Break and Enter,23,305,0.0754,735.21,69.4,124,Safe,Assault
Malvern East (146),2017,NonMCI,53,305,0.1738,735.21,69.4,124,Safe,Assault
Malvern East (146),2017,Robbery,28,305,0.0918,735.21,69.4,124,Safe,Assault
Malvern East (146),2017,Theft Over,3,305,0.0098,735.21,69.4,124,Safe,Assault
Malvern West (145),2017,Assault,103,212,0.4858,490.85,80.9,87,Very Safe,Assault
Malvern West (145),2017,Auto Theft,25,212,0.1179,490.85,80.9,87,Very Safe,Assault
Malvern West (145),2017,Break and Enter,11,212,0.0519,490.85,80.9,87,Very Safe,Assault
Malvern West (145),2017,NonMCI,43,212,0.2028,490.85,80.9,87,Very Safe,Assault
Malvern West (145),2017,Robbery,27,212,0.1274,490.85,80.9,87,Very Safe,Assault
Malvern West (145),2017,Theft Over,3,212,0.0142,490.85,80.9,87,Very Safe,Assault
Maple Leaf (29),2017,Assault,20,48,0.4167,106.8,99.0,2,Very Safe,Assault
Maple Leaf (29),2017,Auto Theft,8,48,0.1667,106.8,99.0,2,Very Safe,Assault
Maple Leaf (29),2017,Break and Enter,10,48,0.2083,106.8,99.0,2,Very Safe,Assault
Maple Leaf (29),2017,NonMCI,6,48,0.125,106.8,99.0,2,Very Safe,Assault
Maple Leaf (29),2017,Robbery,2,48,0.0417,106.8,99.0,2,Very Safe,Assault
Maple Leaf (29),2017,Theft Over,2,48,0.0417,106.8,99.0,2,Very Safe,Assault
Markland Wood (12),2017,Assault,23,87,0.2644,167.1,96.2,5,Very Safe,NonMCI
Markland Wood (12),2017,Auto Theft,10,87,0.1149,167.1,96.2,5,Very Safe,NonMCI
Markland Wood (12),2017,Break and Enter,13,87,0.1494,167.1,96.2,5,Very Safe,NonMCI
Markland Wood (12),2017,NonMCI,30,87,0.3448,167.1,96.2,5,Very Safe,NonMCI
Markland Wood (12),2017,Robbery,10,87,0.1149,167.1,96.2,5,Very Safe,NonMCI
Markland Wood (12),2017,Theft Over,1,87,0.0115,167.1,96.2,5,Very Safe,NonMCI
Milliken (130),2017,Assault,71,355,0.2,683.85,71.8,118,Safe,Break and Enter
Milliken (130),2017,Auto Theft,57,355,0.1606,683.85,71.8,118,Safe,Break and Enter
Milliken (130),2017,Break and Enter,115,355,0.3239,683.85,71.8,118,Safe,Break and Enter
Milliken (130),2017,NonMCI,72,355,0.2028,683.85,71.8,118,Safe,Break and Enter
Milliken (130),2017,Robbery,20,355,0.0563,683.85,71.8,118,Safe,Break and Enter
Milliken (130),2017,Theft Over,20,355,0.0563,683.85,71.8,118,Safe,Break and Enter
Mimico-Queensway (160),2017,Assault,248,376,0.6596,959.83,58.8,140,Moderate,Assault
Mimico-Queensway (160),2017,Auto Theft,22,376,0.0585,959.83,58.8,140,Moderate,Assault
Mimico-Queensway (160),2017,Break and Enter,43,376,0.1144,959.83,58.8,140,Moderate,Assault
Mimico-Queensway (160),2017,NonMCI,43,376,0.1144,959.83,58.8,140,Moderate,Assault
Mimico-Queensway (160),2017,Robbery,15,376,0.0399,959.83,58.8,140,Moderate,Assault
Mimico-Queensway (160),2017,Theft Over,5,376,0.0133,959.83,58.8,140,Moderate,Assault
Morningside (135),2017,Assault,145,225,0.6444,563.94,77.5,101,Safe,Assault
Morningside (135),2017,Auto Theft,11,225,0.0489,563.94,77.5,101,Safe,Assault
Morningside (135),2017,Break and Enter,16,225,0.0711,563.94,77.5,101,Safe,Assault
Morningside (135),2017,NonMCI,36,225,0.16,563.94,77.5,101,Safe,Assault
Morningside (135),2017,Robbery,15,225,0.0667,563.94,77.5,101,Safe,Assault
Morningside (135),2017,Theft Over,2,225,0.0089,563.94,77.5,101,Safe,Assault
Morningside Heights (144),2017,Assault,86,230,0.3739,480.33,81.4,85,Very Safe,Assault
Morningside Heights (144),2017,Auto Theft,24,230,0.1043,480.33,81.4,85,Very Safe,Assault
Morningside Heights (144),2017,Break and Enter,30,230,0.1304,480.33,81.4,85,Very Safe,Assault
Morningside Heights (144),2017,NonMCI,66,230,0.287,480.33,81.4,85,Very Safe,Assault
Morningside Heights (144),2017,Robbery,18,230,0.0783,480.33,81.4,85,Very Safe,Assault
Morningside Heights (144),2017,Theft Over,6,230,0.0261,480.33,81.4,85,Very Safe,Assault
Moss Park (73),2017,Assault,426,862,0.4942,2024.48,8.6,154,Very Risky,Assault
Moss Park (73),2017,Auto Theft,20,862,0.0232,2024.48,8.6,154,Very Risky,Assault
Moss Park (73),2017,Break and Enter,129,862,0.1497,2024.48,8.6,154,Very Risky,Assault
Moss Park (73),2017,NonMCI,174,862,0.2019,2024.48,8.6,154,Very Risky,Assault
Moss Park (73),2017,Robbery,94,862,0.109,2024.48,8.6,154,Very Risky,Assault
Moss Park (73),2017,Theft Over,19,862,0.022,2024.48,8.6,154,Very Risky,Assault
Mount Dennis (115),2017,Assault,95,177,0.5367,442.51,83.2,72,Very Safe,Assault
Mount Dennis (115),2017,Auto Theft,16,177,0.0904,442.51,83.2,72,Very Safe,Assault
Mount Dennis (115),2017,Break and Enter,17,177,0.096,442.51,83.2,72,Very Safe,Assault
Mount Dennis (115),2017,NonMCI,17,177,0.096,442.51,83.2,72,Very Safe,Assault
Mount Dennis (115),2017,Robbery,28,177,0.1582,442.51,83.2,72,Very Safe,Assault
Mount Dennis (115),2017,Theft Over,4,177,0.0226,442.51,83.2,72,Very Safe,Assault
Mount Olive-Silverstone-Jamestown (2),2017,Assault,252,471,0.535,1139.91,50.3,147,Moderate,Assault
Mount Olive-Silverstone-Jamestown (2),2017,Auto Theft,51,471,0.1083,1139.91,50.3,147,Moderate,Assault
Mount Olive-Silverstone-Jamestown (2),2017,Break and Enter,35,471,0.0743,1139.91,50.3,147,Moderate,Assault
Mount Olive-Silverstone-Jamestown (2),2017,NonMCI,71,471,0.1507,1139.91,50.3,147,Moderate,Assault
Mount Olive-Silverstone-Jamestown (2),2017,Robbery,61,471,0.1295,1139.91,50.3,147,Moderate,Assault
Mount Olive-Silverstone-Jamestown (2),2017,Theft Over,1,471,0.0021,1139.91,50.3,147,Moderate,Assault
Mount Pleasant East (99),2017,Assault,41,115,0.3565,239.1,92.8,20,Very Safe,Assault
Mount Pleasant East (99),2017,Auto Theft,10,115,0.087,239.1,92.8,20,Very Safe,Assault
Mount Pleasant East (99),2017,Break and Enter,21,115,0.1826,239.1,92.8,20,Very Safe,Assault
Mount Pleasant East (99),2017,NonMCI,32,115,0.2783,239.1,92.8,20,Very Safe,Assault
Mount Pleasant East (99),2017,Robbery,7,115,0.0609,239.1,92.8,20,Very Safe,Assault
Mount Pleasant East (99),2017,Theft Over,4,115,0.0348,239.1,92.8,20,Very Safe,Assault
New Toronto (18),2017,Assault,100,177,0.565,441.92,83.2,72,Very Safe,Assault
New Toronto (18),2017,Auto Theft,13,177,0.0734,441.92,83.2,72,Very Safe,Assault
New Toronto (18),2017,Break and Enter,26,177,0.1469,441.92,83.2,72,Very Safe,Assault
New Toronto (18),2017,NonMCI,18,177,0.1017,441.92,83.2,72,Very Safe,Assault
New Toronto (18),2017,Robbery,19,177,0.1073,441.92,83.2,72,Very Safe,Assault
New Toronto (18),2017,Theft Over,1,177,0.0056,441.92,83.2,72,Very Safe,Assault
Newtonbrook East (50),2017,Assault,86,214,0.4019,479.35,81.5,84,Very Safe,Assault
Newtonbrook East (50),2017,Auto Theft,12,214,0.0561,479.35,81.5,84,Very Safe,Assault
Newtonbrook East (50),2017,Break and Enter,56,214,0.2617,479.35,81.5,84,Very Safe,Assault
Newtonbrook East (50),2017,NonMCI,35,214,0.1636,479.35,81.5,84,Very Safe,Assault
Newtonbrook East (50),2017,Robbery,16,214,0.0748,479.35,81.5,84,Very Safe,Assault
Newtonbrook East (50),2017,Theft Over,9,214,0.0421,479.35,81.5,84,Very Safe,Assault
Newtonbrook West (36),2017,Assault,109,323,0.3375,709.43,70.6,119,Safe,Assault
Newtonbrook West (36),2017,Auto Theft,30,323,0.0929,709.43,70.6,119,Safe,Assault
Newtonbrook West (36),2017,Break and Enter,86,323,0.2663,709.43,70.6,119,Safe,Assault
Newtonbrook West (36),2017,NonMCI,47,323,0.1455,709.43,70.6,119,Safe,Assault
Newtonbrook West (36),2017,Robbery,35,323,0.1084,709.43,70.6,119,Safe,Assault
Newtonbrook West (36),2017,Theft Over,16,323,0.0495,709.43,70.6,119,Safe,Assault
North Riverdale (68),2017,Assault,55,153,0.3595,325.84,88.7,46,Very Safe,Assault
North Riverdale (68),2017,Auto Theft,9,153,0.0588,325.84,88.7,46,Very Safe,Assault
North Riverdale (68),2017,Break and Enter,29,153,0.1895,325.84,88.7,46,Very Safe,Assault
North Riverdale (68),2017,NonMCI,40,153,0.2614,325.84,88.7,46,Very Safe,Assault
North Riverdale (68),2017,Robbery,16,153,0.1046,325.84,88.7,46,Very Safe,Assault
North Riverdale (68),2017,Theft Over,4,153,0.0261,325.84,88.7,46,Very Safe,Assault
North St.James Town (74),2017,Assault,150,304,0.4934,713.72,70.4,121,Safe,Assault
North St.James Town (74),2017,Auto Theft,15,304,0.0493,713.72,70.4,121,Safe,Assault
North St.James Town (74),2017,Break and Enter,48,304,0.1579,713.72,70.4,121,Safe,Assault
North St.James Town (74),2017,NonMCI,56,304,0.1842,713.72,70.4,121,Safe,Assault
North St.James Town (74),2017,Robbery,29,304,0.0954,713.72,70.4,121,Safe,Assault
North St.James Town (74),2017,Theft Over,6,304,0.0197,713.72,70.4,121,Safe,Assault
North Toronto (173),2017,Assault,54,101,0.5347,244.27,92.6,21,Very Safe,Assault
North Toronto (173),2017,Auto Theft,1,101,0.0099,244.27,92.6,21,Very Safe,Assault
North Toronto (173),2017,Break and Enter,24,101,0.2376,244.27,92.6,21,Very Safe,Assault
North Toronto (173),2017,NonMCI,14,101,0.1386,244.27,92.6,21,Very Safe,Assault
North Toronto (173),2017,Robbery,6,101,0.0594,244.27,92.6,21,Very Safe,Assault
North Toronto (173),2017,Theft Over,2,101,0.0198,244.27,92.6,21,Very Safe,Assault
O'Connor-Parkview (54),2017,Assault,118,215,0.5488,521.82,79.5,94,Safe,Assault
O'Connor-Parkview (54),2017,Auto Theft,9,215,0.0419,521.82,79.5,94,Safe,Assault
O'Connor-Parkview (54),2017,Break and Enter,38,215,0.1767,521.82,79.5,94,Safe,Assault
O'Connor-Parkview (54),2017,NonMCI,31,215,0.1442,521.82,79.5,94,Safe,Assault
O'Connor-Parkview (54),2017,Robbery,15,215,0.0698,521.82,79.5,94,Safe,Assault
O'Connor-Parkview (54),2017,Theft Over,4,215,0.0186,521.82,79.5,94,Safe,Assault
Oakdale-Beverley Heights (154),2017,Assault,262,456,0.5746,1111.46,51.7,145,Moderate,Assault
Oakdale-Beverley Heights (154),2017,Auto Theft,50,456,0.1096,1111.46,51.7,145,Moderate,Assault
Oakdale-Beverley Heights (154),2017,Break and Enter,32,456,0.0702,1111.46,51.7,145,Moderate,Assault
Oakdale-Beverley Heights (154),2017,NonMCI,61,456,0.1338,1111.46,51.7,145,Moderate,Assault
Oakdale-Beverley Heights (154),2017,Robbery,42,456,0.0921,1111.46,51.7,145,Moderate,Assault
Oakdale-Beverley Heights (154),2017,Theft Over,9,456,0.0197,1111.46,51.7,145,Moderate,Assault
Oakridge (121),2017,Assault,155,328,0.4726,769.76,67.8,126,Safe,Assault
Oakridge (121),2017,Auto Theft,12,328,0.0366,769.76,67.8,126,Safe,Assault
Oakridge (121),2017,Break and Enter,70,328,0.2134,769.76,67.8,126,Safe,Assault
Oakridge (121),2017,NonMCI,57,328,0.1738,769.76,67.8,126,Safe,Assault
Oakridge (121),2017,Robbery,33,328,0.1006,769.76,67.8,126,Safe,Assault
Oakridge (121),2017,Theft Over,1,328,0.003,769.76,67.8,126,Safe,Assault
Oakwood Village (107),2017,Assault,113,253,0.4466,569.0,77.2,103,Safe,Assault
Oakwood Village (107),2017,Auto Theft,11,253,0.0435,569.0,77.2,103,Safe,Assault
Oakwood Village (107),2017,Break and Enter,41,253,0.1621,569.0,77.2,103,Safe,Assault
Oakwood Village (107),2017,NonMCI,59,253,0.2332,569.0,77.2,103,Safe,Assault
Oakwood Village (107),2017,Robbery,24,253,0.0949,569.0,77.2,103,Safe,Assault
Oakwood Village (107),2017,Theft Over,5,253,0.0198,569.0,77.2,103,Safe,Assault
Old East York (58),2017,Assault,41,84,0.4881,193.19,95.0,8,Very Safe,Assault
Old East York (58),2017,Auto Theft,0,84,0.0,193.19,95.0,8,Very Safe,Assault
Old East York (58),2017,Break and Enter,17,84,0.2024,193.19,95.0,8,Very Safe,Assault
Old East York (58),2017,NonMCI,20,84,0.2381,193.19,95.0,8,Very Safe,Assault
Old East York (58),2017,Robbery,4,84,0.0476,193.19,95.0,8,Very Safe,Assault
Old East York (58),2017,Theft Over,2,84,0.0238,193.19,95.0,8,Very Safe,Assault
Palmerston-Little Italy (80),2017,Assault,77,224,0.3438,447.62,83.0,74,Very Safe,Assault
Palmerston-Little Italy (80),2017,Auto Theft,15,224,0.067,447.62,83.0,74,Very Safe,Assault
Palmerston-Little Italy (80),2017,Break and Enter,37,224,0.1652,447.62,83.0,74,Very Safe,Assault
Palmerston-Little Italy (80),2017,NonMCI,77,224,0.3438,447.62,83.0,74,Very Safe,Assault
Palmerston-Little Italy (80),2017,Robbery,11,224,0.0491,447.62,83.0,74,Very Safe,Assault
Palmerston-Little Italy (80),2017,Theft Over,7,224,0.0312,447.62,83.0,74,Very Safe,Assault
Parkwoods-O'Connor Hills (149),2017,Assault,46,164,0.2805,325.11,88.8,44,Very Safe,NonMCI
Parkwoods-O'Connor Hills (149),2017,Auto Theft,16,164,0.0976,325.11,88.8,44,Very Safe,NonMCI
Parkwoods-O'Connor Hills (149),2017,Break and Enter,35,164,0.2134,325.11,88.8,44,Very Safe,NonMCI
Parkwoods-O'Connor Hills (149),2017,NonMCI,49,164,0.2988,325.11,88.8,44,Very Safe,NonMCI
Parkwoods-O'Connor Hills (149),2017,Robbery,14,164,0.0854,325.11,88.8,44,Very Safe,NonMCI
Parkwoods-O'Connor Hills (149),2017,Theft Over,4,164,0.0244,325.11,88.8,44,Very Safe,NonMCI
Pelmo Park-Humberlea (23),2017,Assault,52,185,0.2811,375.21,86.4,60,Very Safe,Assault
Pelmo Park-Humberlea (23),2017,Auto Theft,43,185,0.2324,375.21,86.4,60,Very Safe,Assault
Pelmo Park-Humberlea (23),2017,Break and Enter,31,185,0.1676,375.21,86.4,60,Very Safe,Assault
Pelmo Park-Humberlea (23),2017,NonMCI,35,185,0.1892,375.21,86.4,60,Very Safe,Assault
Pelmo Park-Humberlea (23),2017,Robbery,18,185,0.0973,375.21,86.4,60,Very Safe,Assault
Pelmo Park-Humberlea (23),2017,Theft Over,6,185,0.0324,375.21,86.4,60,Very Safe,Assault
Playter Estates-Danforth (67),2017,Assault,60,112,0.5357,262.31,91.7,27,Very Safe,Assault
Playter Estates-Danforth (67),2017,Auto Theft,7,112,0.0625,262.31,91.7,27,Very Safe,Assault
Playter Estates-Danforth (67),2017,Break and Enter,15,112,0.1339,262.31,91.7,27,Very Safe,Assault
Playter Estates-Danforth (67),2017,NonMCI,23,112,0.2054,262.31,91.7,27,Very Safe,Assault
Playter Estates-Danforth (67),2017,Robbery,5,112,0.0446,262.31,91.7,27,Very Safe,Assault
Playter Estates-Danforth (67),2017,Theft Over,2,112,0.0179,262.31,91.7,27,Very Safe,Assault
Pleasant View (46),2017,Assault,37,98,0.3776,203.24,94.5,10,Very Safe,Assault
Pleasant View (46),2017,Auto Theft,16,98,0.1633,203.24,94.5,10,Very Safe,Assault
Pleasant View (46),2017,Break and Enter,11,98,0.1122,203.24,94.5,10,Very Safe,Assault
Pleasant View (46),2017,NonMCI,24,98,0.2449,203.24,94.5,10,Very Safe,Assault
Pleasant View (46),2017,Robbery,5,98,0.051,203.24,94.5,10,Very Safe,Assault
Pleasant View (46),2017,Theft Over,5,98,0.051,203.24,94.5,10,Very Safe,Assault
Princess-Rosethorn (10),2017,Assault,22,107,0.2056,200.87,94.6,9,Very Safe,NonMCI
Princess-Rosethorn (10),2017,Auto Theft,18,107,0.1682,200.87,94.6,9,Very Safe,NonMCI
Princess-Rosethorn (10),2017,Break and Enter,29,107,0.271,200.87,94.6,9,Very Safe,NonMCI
Princess-Rosethorn (10),2017,NonMCI,30,107,0.2804,200.87,94.6,9,Very Safe,NonMCI
Princess-Rosethorn (10),2017,Robbery,5,107,0.0467,200.87,94.6,9,Very Safe,NonMCI
Princess-Rosethorn (10),2017,Theft Over,3,107,0.028,200.87,94.6,9,Very Safe,NonMCI
Regent Park (72),2017,Assault,117,217,0.5392,520.26,79.5,94,Safe,Assault
Regent Park (72),2017,Auto Theft,10,217,0.0461,520.26,79.5,94,Safe,Assault
Regent Park (72),2017,Break and Enter,29,217,0.1336,520.26,79.5,94,Safe,Assault
Regent Park (72),2017,NonMCI,39,217,0.1797,520.26,79.5,94,Safe,Assault
Regent Park (72),2017,Robbery,19,217,0.0876,520.26,79.5,94,Safe,Assault
Regent Park (72),2017,Theft Over,3,217,0.0138,520.26,79.5,94,Safe,Assault
Rexdale-Kipling (4),2017,Assault,79,161,0.4907,381.29,86.1,61,Very Safe,Assault
Rexdale-Kipling (4),2017,Auto Theft,24,161,0.1491,381.29,86.1,61,Very Safe,Assault
Rexdale-Kipling (4),2017,Break and Enter,14,161,0.087,381.29,86.1,61,Very Safe,Assault
Rexdale-Kipling (4),2017,NonMCI,21,161,0.1304,381.29,86.1,61,Very Safe,Assault
Rexdale-Kipling (4),2017,Robbery,22,161,0.1366,381.29,86.1,61,Very Safe,Assault
Rexdale-Kipling (4),2017,Theft Over,1,161,0.0062,381.29,86.1,61,Very Safe,Assault
Rockcliffe-Smythe (111),2017,Assault,105,288,0.3646,628.44,74.4,112,Safe,Assault
Rockcliffe-Smythe (111),2017,Auto Theft,46,288,0.1597,628.44,74.4,112,Safe,Assault
Rockcliffe-Smythe (111),2017,Break and Enter,37,288,0.1285,628.44,74.4,112,Safe,Assault
Rockcliffe-Smythe (111),2017,NonMCI,52,288,0.1806,628.44,74.4,112,Safe,Assault
Rockcliffe-Smythe (111),2017,Robbery,38,288,0.1319,628.44,74.4,112,Safe,Assault
Rockcliffe-Smythe (111),2017,Theft Over,10,288,0.0347,628.44,74.4,112,Safe,Assault
Roncesvalles (86),2017,Assault,127,286,0.4441,641.22,73.8,113,Safe,Assault
Roncesvalles (86),2017,Auto Theft,20,286,0.0699,641.22,73.8,113,Safe,Assault
Roncesvalles (86),2017,Break and Enter,50,286,0.1748,641.22,73.8,113,Safe,Assault
Roncesvalles (86),2017,NonMCI,57,286,0.1993,641.22,73.8,113,Safe,Assault
Roncesvalles (86),2017,Robbery,20,286,0.0699,641.22,73.8,113,Safe,Assault
Roncesvalles (86),2017,Theft Over,12,286,0.042,641.22,73.8,113,Safe,Assault
Rosedale-Moore Park (98),2017,Assault,106,271,0.3911,605.24,75.5,109,Safe,Assault
Rosedale-Moore Park (98),2017,Auto Theft,8,271,0.0295,605.24,75.5,109,Safe,Assault
Rosedale-Moore Park (98),2017,Break and Enter,72,271,0.2657,605.24,75.5,109,Safe,Assault
Rosedale-Moore Park (98),2017,NonMCI,51,271,0.1882,605.24,75.5,109,Safe,Assault
Rosedale-Moore Park (98),2017,Robbery,25,271,0.0923,605.24,75.5,109,Safe,Assault
Rosedale-Moore Park (98),2017,Theft Over,9,271,0.0332,605.24,75.5,109,Safe,Assault
Runnymede-Bloor West Village (89),2017,Assault,33,107,0.3084,225.1,93.5,14,Very Safe,Assault
Runnymede-Bloor West Village (89),2017,Auto Theft,16,107,0.1495,225.1,93.5,14,Very Safe,Assault
Runnymede-Bloor West Village (89),2017,Break and Enter,19,107,0.1776,225.1,93.5,14,Very Safe,Assault
Runnymede-Bloor West Village (89),2017,NonMCI,23,107,0.215,225.1,93.5,14,Very Safe,Assault
Runnymede-Bloor West Village (89),2017,Robbery,15,107,0.1402,225.1,93.5,14,Very Safe,Assault
Runnymede-Bloor West Village (89),2017,Theft Over,1,107,0.0093,225.1,93.5,14,Very Safe,Assault
Rustic (28),2017,Assault,62,112,0.5536,267.78,91.5,28,Very Safe,Assault
Rustic (28),2017,Auto Theft,13,112,0.1161,267.78,91.5,28,Very Safe,Assault
Rustic (28),2017,Break and Enter,12,112,0.1071,267.78,91.5,28,Very Safe,Assault
Rustic (28),2017,NonMCI,18,112,0.1607,267.78,91.5,28,Very Safe,Assault
Rustic (28),2017,Robbery,6,112,0.0536,267.78,91.5,28,Very Safe,Assault
Rustic (28),2017,Theft Over,1,112,0.0089,267.78,91.5,28,Very Safe,Assault
Scarborough Village (139),2017,Assault,148,273,0.5421,649.78,73.4,114,Safe,Assault
Scarborough Village (139),2017,Auto Theft,23,273,0.0842,649.78,73.4,114,Safe,Assault
Scarborough Village (139),2017,Break and Enter,32,273,0.1172,649.78,73.4,114,Safe,Assault
Scarborough Village (139),2017,NonMCI,43,273,0.1575,649.78,73.4,114,Safe,Assault
Scarborough Village (139),2017,Robbery,22,273,0.0806,649.78,73.4,114,Safe,Assault
Scarborough Village (139),2017,Theft Over,5,273,0.0183,649.78,73.4,114,Safe,Assault
South Eglinton-Davisville (174),2017,Assault,72,140,0.5143,339.6,88.1,50,Very Safe,Assault
South Eglinton-Davisville (174),2017,Auto Theft,6,140,0.0429,339.6,88.1,50,Very Safe,Assault
South Eglinton-Davisville (174),2017,Break and Enter,38,140,0.2714,339.6,88.1,50,Very Safe,Assault
South Eglinton-Davisville (174),2017,NonMCI,16,140,0.1143,339.6,88.1,50,Very Safe,Assault
South Eglinton-Davisville (174),2017,Robbery,6,140,0.0429,339.6,88.1,50,Very Safe,Assault
South Eglinton-Davisville (174),2017,Theft Over,2,140,0.0143,339.6,88.1,50,Very Safe,Assault
South Parkdale (85),2017,Assault,202,388,0.5206,905.84,61.4,135,Safe,Assault
South Parkdale (85),2017,Auto Theft,19,388,0.049,905.84,61.4,135,Safe,Assault
South Parkdale (85),2017,Break and Enter,57,388,0.1469,905.84,61.4,135,Safe,Assault
South Parkdale (85),2017,NonMCI,80,388,0.2062,905.84,61.4,135,Safe,Assault
South Parkdale (85),2017,Robbery,22,388,0.0567,905.84,61.4,135,Safe,Assault
South Parkdale (85),2017,Theft Over,8,388,0.0206,905.84,61.4,135,Safe,Assault
South Riverdale (70),2017,Assault,207,518,0.3996,1135.2,50.5,146,Moderate,Assault
South Riverdale (70),2017,Auto Theft,35,518,0.0676,1135.2,50.5,146,Moderate,Assault
South Riverdale (70),2017,Break and Enter,92,518,0.1776,1135.2,50.5,146,Moderate,Assault
South Riverdale (70),2017,NonMCI,114,518,0.2201,1135.2,50.5,146,Moderate,Assault
South Riverdale (70),2017,Robbery,46,518,0.0888,1135.2,50.5,146,Moderate,Assault
South Riverdale (70),2017,Theft Over,24,518,0.0463,1135.2,50.5,146,Moderate,Assault
St Lawrence-East Bayfront-The Islands (166),2017,Assault,210,421,0.4988,971.83,58.2,141,Moderate,Assault
St Lawrence-East Bayfront-The Islands (166),2017,Auto Theft,19,421,0.0451,971.83,58.2,141,Moderate,Assault
St Lawrence-East Bayfront-The Islands (166),2017,Break and Enter,70,421,0.1663,971.83,58.2,141,Moderate,Assault
St Lawrence-East Bayfront-The Islands (166),2017,NonMCI,84,421,0.1995,971.83,58.2,141,Moderate,Assault
St Lawrence-East Bayfront-The Islands (166),2017,Robbery,19,421,0.0451,971.83,58.2,141,Moderate,Assault
St Lawrence-East Bayfront-The Islands (166),2017,Theft Over,19,421,0.0451,971.83,58.2,141,Moderate,Assault
St.Andrew-Windfields (40),2017,Assault,45,182,0.2473,373.5,86.5,59,Very Safe,Break and Enter
St.Andrew-Windfields (40),2017,Auto Theft,13,182,0.0714,373.5,86.5,59,Very Safe,Break and Enter
St.Andrew-Windfields (40),2017,Break and Enter,86,182,0.4725,373.5,86.5,59,Very Safe,Break and Enter
St.Andrew-Windfields (40),2017,NonMCI,30,182,0.1648,373.5,86.5,59,Very Safe,Break and Enter
St.Andrew-Windfields (40),2017,Robbery,2,182,0.011,373.5,86.5,59,Very Safe,Break and Enter
St.Andrew-Windfields (40),2017,Theft Over,6,182,0.033,373.5,86.5,59,Very Safe,Break and Enter
Steeles (116),2017,Assault,39,155,0.2516,305.46,89.7,38,Very Safe,Break and Enter
Steeles (116),2017,Auto Theft,31,155,0.2,305.46,89.7,38,Very Safe,Break and Enter
Steeles (116),2017,Break and Enter,44,155,0.2839,305.46,89.7,38,Very Safe,Break and Enter
Steeles (116),2017,NonMCI,30,155,0.1935,305.46,89.7,38,Very Safe,Break and Enter
Steeles (116),2017,Robbery,5,155,0.0323,305.46,89.7,38,Very Safe,Break and Enter
Steeles (116),2017,Theft Over,6,155,0.0387,305.46,89.7,38,Very Safe,Break and Enter
Stonegate-Queensway (16),2017,Assault,95,260,0.3654,552.76,78.0,100,Safe,Assault
Stonegate-Queensway (16),2017,Auto Theft,33,260,0.1269,552.76,78.0,100,Safe,Assault
Stonegate-Queensway (16),2017,Break and Enter,50,260,0.1923,552.76,78.0,100,Safe,Assault
Stonegate-Queensway (16),2017,NonMCI,57,260,0.2192,552.76,78.0,100,Safe,Assault
Stonegate-Queensway (16),2017,Robbery,19,260,0.0731,552.76,78.0,100,Safe,Assault
Stonegate-Queensway (16),2017,Theft Over,6,260,0.0231,552.76,78.0,100,Safe,Assault
Tam O'Shanter-Sullivan (118),2017,Assault,114,284,0.4014,620.65,74.8,111,Safe,Assault
Tam O'Shanter-Sullivan (118),2017,Auto Theft,14,284,0.0493,620.65,74.8,111,Safe,Assault
Tam O'Shanter-Sullivan (118),2017,Break and Enter,55,284,0.1937,620.65,74.8,111,Safe,Assault
Tam O'Shanter-Sullivan (118),2017,NonMCI,72,284,0.2535,620.65,74.8,111,Safe,Assault
Tam O'Shanter-Sullivan (118),2017,Robbery,23,284,0.081,620.65,74.8,111,Safe,Assault
Tam O'Shanter-Sullivan (118),2017,Theft Over,6,284,0.0211,620.65,74.8,111,Safe,Assault
Taylor-Massey (61),2017,Assault,102,188,0.5426,451.35,82.8,78,Very Safe,Assault
Taylor-Massey (61),2017,Auto Theft,5,188,0.0266,451.35,82.8,78,Very Safe,Assault
Taylor-Massey (61),2017,Break and Enter,27,188,0.1436,451.35,82.8,78,Very Safe,Assault
Taylor-Massey (61),2017,NonMCI,35,188,0.1862,451.35,82.8,78,Very Safe,Assault
Taylor-Massey (61),2017,Robbery,17,188,0.0904,451.35,82.8,78,Very Safe,Assault
Taylor-Massey (61),2017,Theft Over,2,188,0.0106,451.35,82.8,78,Very Safe,Assault
The Beaches (63),2017,Assault,109,261,0.4176,580.76,76.7,106,Safe,Assault
The Beaches (63),2017,Auto Theft,15,261,0.0575,580.76,76.7,106,Safe,Assault
The Beaches (63),2017,Break and Enter,36,261,0.1379,580.76,76.7,106,Safe,Assault
The Beaches (63),2017,NonMCI,61,261,0.2337,580.76,76.7,106,Safe,Assault
The Beaches (63),2017,Robbery,32,261,0.1226,580.76,76.7,106,Safe,Assault
The Beaches (63),2017,Theft Over,8,261,0.0307,580.76,76.7,106,Safe,Assault
Thistletown-Beaumond Heights (3),2017,Assault,57,139,0.4101,316.8,89.1,42,Very Safe,Assault
Thistletown-Beaumond Heights (3),2017,Auto Theft,22,139,0.1583,316.8,89.1,42,Very Safe,Assault
Thistletown-Beaumond Heights (3),2017,Break and Enter,17,139,0.1223,316.8,89.1,42,Very Safe,Assault
Thistletown-Beaumond Heights (3),2017,NonMCI,18,139,0.1295,316.8,89.1,42,Very Safe,Assault
Thistletown-Beaumond Heights (3),2017,Robbery,20,139,0.1439,316.8,89.1,42,Very Safe,Assault
Thistletown-Beaumond Heights (3),2017,Theft Over,5,139,0.036,316.8,89.1,42,Very Safe,Assault
Thorncliffe Park (55),2017,Assault,93,164,0.5671,397.68,85.3,66,Very Safe,Assault
Thorncliffe Park (55),2017,Auto Theft,12,164,0.0732,397.68,85.3,66,Very Safe,Assault
Thorncliffe Park (55),2017,Break and Enter,19,164,0.1159,397.68,85.3,66,Very Safe,Assault
Thorncliffe Park (55),2017,NonMCI,22,164,0.1341,397.68,85.3,66,Very Safe,Assault
Thorncliffe Park (55),2017,Robbery,8,164,0.0488,397.68,85.3,66,Very Safe,Assault
Thorncliffe Park (55),2017,Theft Over,10,164,0.061,397.68,85.3,66,Very Safe,Assault
Trinity-Bellwoods (81),2017,Assault,126,299,0.4214,660.16,72.9,116,Safe,Assault
Trinity-Bellwoods (81),2017,Auto Theft,17,299,0.0569,660.16,72.9,116,Safe,Assault
Trinity-Bellwoods (81),2017,Break and Enter,71,299,0.2375,660.16,72.9,116,Safe,Assault
Trinity-Bellwoods (81),2017,NonMCI,67,299,0.2241,660.16,72.9,116,Safe,Assault
Trinity-Bellwoods (81),2017,Robbery,12,299,0.0401,660.16,72.9,116,Safe,Assault
Trinity-Bellwoods (81),2017,Theft Over,6,299,0.0201,660.16,72.9,116,Safe,Assault
University (79),2017,Assault,147,365,0.4027,769.23,67.8,126,Safe,Assault
University (79),2017,Auto Theft,7,365,0.0192,769.23,67.8,126,Safe,Assault
University (79),2017,Break and Enter,66,365,0.1808,769.23,67.8,126,Safe,Assault
University (79),2017,NonMCI,118,365,0.3233,769.23,67.8,126,Safe,Assault
University (79),2017,Robbery,20,365,0.0548,769.23,67.8,126,Safe,Assault
University (79),2017,Theft Over,7,365,0.0192,769.23,67.8,126,Safe,Assault
Victoria Village (43),2017,Assault,69,166,0.4157,368.29,86.7,57,Very Safe,Assault
Victoria Village (43),2017,Auto Theft,11,166,0.0663,368.29,86.7,57,Very Safe,Assault
Victoria Village (43),2017,Break and Enter,33,166,0.1988,368.29,86.7,57,Very Safe,Assault
Victoria Village (43),2017,NonMCI,35,166,0.2108,368.29,86.7,57,Very Safe,Assault
Victoria Village (43),2017,Robbery,13,166,0.0783,368.29,86.7,57,Very Safe,Assault
Victoria Village (43),2017,Theft Over,5,166,0.0301,368.29,86.7,57,Very Safe,Assault
Wellington Place (164),2017,Assault,429,751,0.5712,1836.52,17.4,153,Very Risky,Assault
Wellington Place (164),2017,Auto Theft,29,751,0.0386,1836.52,17.4,153,Very Risky,Assault
Wellington Place (164),2017,Break and Enter,129,751,0.1718,1836.52,17.4,153,Very Risky,Assault
Wellington Place (164),2017,NonMCI,105,751,0.1398,1836.52,17.4,153,Very Risky,Assault
Wellington Place (164),2017,Robbery,37,751,0.0493,1836.52,17.4,153,Very Risky,Assault
Wellington Place (164),2017,Theft Over,22,751,0.0293,1836.52,17.4,153,Very Risky,Assault
West Hill (136),2017,Assault,364,656,0.5549,1587.37,29.2,151,Risky,Assault
West Hill (136),2017,Auto Theft,29,656,0.0442,1587.37,29.2,151,Risky,Assault
West Hill (136),2017,Break and Enter,86,656,0.1311,1587.37,29.2,151,Risky,Assault
West Hill (136),2017,NonMCI,110,656,0.1677,1587.37,29.2,151,Risky,Assault
West Hill (136),2017,Robbery,57,656,0.0869,1587.37,29.2,151,Risky,Assault
West Hill (136),2017,Theft Over,10,656,0.0152,1587.37,29.2,151,Risky,Assault
West Humber-Clairville (1),2017,Assault,282,1069,0.2638,2108.73,4.6,157,Very Risky,Auto Theft
West Humber-Clairville (1),2017,Auto Theft,292,1069,0.2732,2108.73,4.6,157,Very Risky,Auto Theft
West Humber-Clairville (1),2017,Break and Enter,124,1069,0.116,2108.73,4.6,157,Very Risky,Auto Theft
West Humber-Clairville (1),2017,NonMCI,205,1069,0.1918,2108.73,4.6,157,Very Risky,Auto Theft
West Humber-Clairville (1),2017,Robbery,109,1069,0.102,2108.73,4.6,157,Very Risky,Auto Theft
West Humber-Clairville (1),2017,Theft Over,57,1069,0.0533,2108.73,4.6,157,Very Risky,Auto Theft
West Queen West (162),2017,Assault,111,236,0.4703,503.79,80.3,90,Very Safe,Assault
West Queen West (162),2017,Auto Theft,7,236,0.0297,503.79,80.3,90,Very Safe,Assault
West Queen West (162),2017,Break and Enter,31,236,0.1314,503.79,80.3,90,Very Safe,Assault
West Queen West (162),2017,NonMCI,79,236,0.3347,503.79,80.3,90,Very Safe,Assault
West Queen West (162),2017,Robbery,4,236,0.0169,503.79,80.3,90,Very Safe,Assault
West Queen West (162),2017,Theft Over,4,236,0.0169,503.79,80.3,90,Very Safe,Assault
West Rouge (143),2017,Assault,84,215,0.3907,459.04,82.4,80,Very Safe,Assault
West Rouge (143),2017,Auto Theft,7,215,0.0326,459.04,82.4,80,Very Safe,Assault
West Rouge (143),2017,Break and Enter,40,215,0.186,459.04,82.4,80,Very Safe,Assault
West Rouge (143),2017,NonMCI,61,215,0.2837,459.04,82.4,80,Very Safe,Assault
West Rouge (143),2017,Robbery,18,215,0.0837,459.04,82.4,80,Very Safe,Assault
West Rouge (143),2017,Theft Over,5,215,0.0233,459.04,82.4,80,Very Safe,Assault
Westminster-Branson (35),2017,Assault,95,214,0.4439,477.5,81.6,83,Very Safe,Assault
Westminster-Branson (35),2017,Auto Theft,16,214,0.0748,477.5,81.6,83,Very Safe,Assault
Westminster-Branson (35),2017,Break and Enter,41,214,0.1916,477.5,81.6,83,Very Safe,Assault
Westminster-Branson (35),2017,NonMCI,45,214,0.2103,477.5,81.6,83,Very Safe,Assault
Westminster-Branson (35),2017,Robbery,13,214,0.0607,477.5,81.6,83,Very Safe,Assault
Westminster-Branson (35),2017,Theft Over,4,214,0.0187,477.5,81.6,83,Very Safe,Assault
Weston (113),2017,Assault,171,421,0.4062,938.28,59.8,137,Moderate,Assault
Weston (113),2017,Auto Theft,45,421,0.1069,938.28,59.8,137,Moderate,Assault
Weston (113),2017,Break and Enter,75,421,0.1781,938.28,59.8,137,Moderate,Assault
Weston (113),2017,NonMCI,82,421,0.1948,938.28,59.8,137,Moderate,Assault
Weston (113),2017,Robbery,44,421,0.1045,938.28,59.8,137,Moderate,Assault
Weston (113),2017,Theft Over,4,421,0.0095,938.28,59.8,137,Moderate,Assault
Weston-Pelham Park (91),2017,Assault,83,122,0.6803,316.11,89.2,41,Very Safe,Assault
Weston-Pelham Park (91),2017,Auto Theft,8,122,0.0656,316.11,89.2,41,Very Safe,Assault
Weston-Pelham Park (91),2017,Break and Enter,8,122,0.0656,316.11,89.2,41,Very Safe,Assault
Weston-Pelham Park (91),2017,NonMCI,13,122,0.1066,316.11,89.2,41,Very Safe,Assault
Weston-Pelham Park (91),2017,Robbery,9,122,0.0738,316.11,89.2,41,Very Safe,Assault
Weston-Pelham Park (91),2017,Theft Over,1,122,0.0082,316.11,89.2,41,Very Safe,Assault
Wexford/Maryvale (119),2017,Assault,197,518,0.3803,1090.13,52.7,143,Moderate,Assault
Wexford/Maryvale (119),2017,Auto Theft,62,518,0.1197,1090.13,52.7,143,Moderate,Assault
Wexford/Maryvale (119),2017,Break and Enter,88,518,0.1699,1090.13,52.7,143,Moderate,Assault
Wexford/Maryvale (119),2017,NonMCI,129,518,0.249,1090.13,52.7,143,Moderate,Assault
Wexford/Maryvale (119),2017,Robbery,30,518,0.0579,1090.13,52.7,143,Moderate,Assault
Wexford/Maryvale (119),2017,Theft Over,12,518,0.0232,1090.13,52.7,143,Moderate,Assault
Willowdale West (37),2017,Assault,63,174,0.3621,366.88,86.8,56,Very Safe,Assault
Willowdale West (37),2017,Auto Theft,16,174,0.092,366.88,86.8,56,Very Safe,Assault
Willowdale West (37),2017,Break and Enter,30,174,0.1724,366.88,86.8,56,Very Safe,Assault
Willowdale West (37),2017,NonMCI,45,174,0.2586,366.88,86.8,56,Very Safe,Assault
Willowdale West (37),2017,Robbery,16,174,0.092,366.88,86.8,56,Very Safe,Assault
Willowdale West (37),2017,Theft Over,4,174,0.023,366.88,86.8,56,Very Safe,Assault
Willowridge-Martingrove-Richview (7),2017,Assault,90,230,0.3913,504.69,80.3,90,Very Safe,Assault
Willowridge-Martingrove-Richview (7),2017,Auto Theft,39,230,0.1696,504.69,80.3,90,Very Safe,Assault
Willowridge-Martingrove-Richview (7),2017,Break and Enter,39,230,0.1696,504.69,80.3,90,Very Safe,Assault
Willowridge-Martingrove-Richview (7),2017,NonMCI,40,230,0.1739,504.69,80.3,90,Very Safe,Assault
Willowridge-Martingrove-Richview (7),2017,Robbery,20,230,0.087,504.69,80.3,90,Very Safe,Assault
Willowridge-Martingrove-Richview (7),2017,Theft Over,2,230,0.0087,504.69,80.3,90,Very Safe,Assault
Woburn North (142),2017,Assault,164,349,0.4699,809.38,65.9,129,Safe,Assault
Woburn North (142),2017,Auto Theft,21,349,0.0602,809.38,65.9,129,Safe,Assault
Woburn North (142),2017,Break and Enter,38,349,0.1089,809.38,65.9,129,Safe,Assault
Woburn North (142),2017,NonMCI,65,349,0.1862,809.38,65.9,129,Safe,Assault
Woburn North (142),2017,Robbery,48,349,0.1375,809.38,65.9,129,Safe,Assault
Woburn North (142),2017,Theft Over,13,349,0.0372,809.38,65.9,129,Safe,Assault
Woodbine Corridor (64),2017,Assault,77,176,0.4375,394.57,85.5,65,Very Safe,Assault
Woodbine Corridor (64),2017,Auto Theft,7,176,0.0398,394.57,85.5,65,Very Safe,Assault
Woodbine Corridor (64),2017,Break and Enter,31,176,0.1761,394.57,85.5,65,Very Safe,Assault
Woodbine Corridor (64),2017,NonMCI,40,176,0.2273,394.57,85.5,65,Very Safe,Assault
Woodbine Corridor (64),2017,Robbery,16,176,0.0909,394.57,85.5,65,Very Safe,Assault
Woodbine Corridor (64),2017,Theft Over,5,176,0.0284,394.57,85.5,65,Very Safe,Assault
Woodbine-Lumsden (60),2017,Assault,31,65,0.4769,147.72,97.1,4,Very Safe,Assault
Woodbine-Lumsden (60),2017,Auto Theft,1,65,0.0154,147.72,97.1,4,Very Safe,Assault
Woodbine-Lumsden (60),2017,Break and Enter,10,65,0.1538,147.72,97.1,4,Very Safe,Assault
Woodbine-Lumsden (60),2017,NonMCI,17,65,0.2615,147.72,97.1,4,Very Safe,Assault
Woodbine-Lumsden (60),2017,Robbery,4,65,0.0615,147.72,97.1,4,Very Safe,Assault
Woodbine-Lumsden (60),2017,Theft Over,2,65,0.0308,147.72,97.1,4,Very Safe,Assault
Wychwood (94),2017,Assault,44,136,0.3235,288.98,90.5,33,Very Safe,Assault
Wychwood (94),2017,Auto Theft,11,136,0.0809,288.98,90.5,33,Very Safe,Assault
Wychwood (94),2017,Break and Enter,38,136,0.2794,288.98,90.5,33,Very Safe,Assault
Wychwood (94),2017,NonMCI,27,136,0.1985,288.98,90.5,33,Very Safe,Assault
Wychwood (94),2017,Robbery,12,136,0.0882,288.98,90.5,33,Very Safe,Assault
Wychwood (94),2017,Theft Over,4,136,0.0294,288.98,90.5,33,Very Safe,Assault
Yonge-Bay Corridor (170),2017,Assault,530,862,0.6148,2206.41,0.0,158,Very Risky,Assault
Yonge-Bay Corridor (170),2017,Auto Theft,15,862,0.0174,2206.41,0.0,158,Very Risky,Assault
Yonge-Bay Corridor (170),2017,Break and Enter,122,862,0.1415,2206.41,0.0,158,Very Risky,Assault
Yonge-Bay Corridor (170),2017,NonMCI,83,862,0.0963,2206.41,0.0,158,Very Risky,Assault
Yonge-Bay Corridor (170),2017,Robbery,77,862,0.0893,2206.41,0.0,158,Very Risky,Assault
Yonge-Bay Corridor (170),2017,Theft Over,35,862,0.0406,2206.41,0.0,158,Very Risky,Assault
Yonge-Doris (151),2017,Assault,72,135,0.5333,323.07,88.8,44,Very Safe,Assault
Yonge-Doris (151),2017,Auto Theft,15,135,0.1111,323.07,88.8,44,Very Safe,Assault
Yonge-Doris (151),2017,Break and Enter,11,135,0.0815,323.07,88.8,44,Very Safe,Assault
Yonge-Doris (151),2017,NonMCI,18,135,0.1333,323.07,88.8,44,Very Safe,Assault
Yonge-Doris (151),2017,Robbery,14,135,0.1037,323.07,88.8,44,Very Safe,Assault
Yonge-Doris (151),2017,Theft Over,5,135,0.037,323.07,88.8,44,Very Safe,Assault
Yonge-Eglinton (100),2017,Assault,58,120,0.4833,279.43,90.9,31,Very Safe,Assault
Yonge-Eglinton (100),2017,Auto Theft,2,120,0.0167,279.43,90.9,31,Very Safe,Assault
Yonge-Eglinton (100),2017,Break and Enter,24,120,0.2,279.43,90.9,31,Very Safe,Assault
Yonge-Eglinton (100),2017,NonMCI,24,120,0.2,279.43,90.9,31,Very Safe,Assault
Yonge-Eglinton (100),2017,Robbery,9,120,0.075,279.43,90.9,31,Very Safe,Assault
Yonge-Eglinton (100),2017,Theft Over,3,120,0.025,279.43,90.9,31,Very Safe,Assault
Yonge-St.Clair (97),2017,Assault,24,53,0.4528,122.54,98.3,3,Very Safe,Assault
Yonge-St.Clair (97),2017,Auto Theft,2,53,0.0377,122.54,98.3,3,Very Safe,Assault
Yonge-St.Clair (97),2017,Break and Enter,17,53,0.3208,122.54,98.3,3,Very Safe,Assault
Yonge-St.Clair (97),2017,NonMCI,8,53,0.1509,122.54,98.3,3,Very Safe,Assault
Yonge-St.Clair (97),2017,Robbery,2,53,0.0377,122.54,98.3,3,Very Safe,Assault
Yonge-St.Clair (97),2017,Theft Over,0,53,0.0,122.54,98.3,3,Very Safe,Assault
York University Heights (27),2017,Assault,330,788,0.4188,1739.16,22.0,152,Risky,Assault
York University Heights (27),2017,Auto Theft,85,788,0.1079,1739.16,22.0,152,Risky,Assault
York University Heights (27),2017,Break and Enter,105,788,0.1332,1739.16,22.0,152,Risky,Assault
York University Heights (27),2017,NonMCI,158,788,0.2005,1739.16,22.0,152,Risky,Assault
York University Heights (27),2017,Robbery,68,788,0.0863,1739.16,22.0,152,Risky,Assault
York University Heights (27),2017,Theft Over,42,788,0.0533,1739.16,22.0,152,Risky,Assault
Yorkdale-Glen Park (31),2017,Assault,145,380,0.3816,815.44,65.6,131,Safe,Assault
Yorkdale-Glen Park (31),2017,Auto Theft,45,380,0.1184,815.44,65.6,131,Safe,Assault
Yorkdale-Glen Park (31),2017,Break and Enter,58,380,0.1526,815.44,65.6,131,Safe,Assault
Yorkdale-Glen Park (31),2017,NonMCI,78,380,0.2053,815.44,65.6,131,Safe,Assault
Yorkdale-Glen Park (31),2017,Robbery,30,380,0.0789,815.44,65.6,131,Safe,Assault
Yorkdale-Glen Park (31),2017,Theft Over,24,380,0.0632,815.44,65.6,131,Safe,Assault
Agincourt North (129),2018,Assault,74,293,0.2526,662.59,82.0,106,Very Safe,Assault
Agincourt North (129),2018,Auto Theft,41,293,0.1399,662.59,82.0,106,Very Safe,Assault
Agincourt North (129),2018,Break and Enter,69,293,0.2355,662.59,82.0,106,Very Safe,Assault
Agincourt North (129),2018,NonMCI,67,293,0.2287,662.59,82.0,106,Very Safe,Assault
Agincourt North (129),2018,Robbery,38,293,0.1297,662.59,82.0,106,Very Safe,Assault
Agincourt North (129),2018,Theft Over,4,293,0.0137,662.59,82.0,106,Very Safe,Assault
Agincourt South-Malvern West (128),2018,Assault,103,341,0.3021,795.77,77.2,121,Safe,Assault
Agincourt South-Malvern West (128),2018,Auto Theft,34,341,0.0997,795.77,77.2,121,Safe,Assault
Agincourt South-Malvern West (128),2018,Break and Enter,94,341,0.2757,795.77,77.2,121,Safe,Assault
Agincourt South-Malvern West (128),2018,NonMCI,70,341,0.2053,795.77,77.2,121,Safe,Assault
Agincourt South-Malvern West (128),2018,Robbery,29,341,0.085,795.77,77.2,121,Safe,Assault
Agincourt South-Malvern West (128),2018,Theft Over,11,341,0.0323,795.77,77.2,121,Safe,Assault
Alderwood (20),2018,Assault,25,102,0.2451,224.6,97.9,8,Very Safe,Assault
Alderwood (20),2018,Auto Theft,17,102,0.1667,224.6,97.9,8,Very Safe,Assault
Alderwood (20),2018,Break and Enter,24,102,0.2353,224.6,97.9,8,Very Safe,Assault
Alderwood (20),2018,NonMCI,21,102,0.2059,224.6,97.9,8,Very Safe,Assault
Alderwood (20),2018,Robbery,8,102,0.0784,224.6,97.9,8,Very Safe,Assault
Alderwood (20),2018,Theft Over,7,102,0.0686,224.6,97.9,8,Very Safe,Assault
Annex (95),2018,Assault,257,751,0.3422,1727.93,43.3,150,Moderate,Assault
Annex (95),2018,Auto Theft,30,751,0.0399,1727.93,43.3,150,Moderate,Assault
Annex (95),2018,Break and Enter,173,751,0.2304,1727.93,43.3,150,Moderate,Assault
Annex (95),2018,NonMCI,203,751,0.2703,1727.93,43.3,150,Moderate,Assault
Annex (95),2018,Robbery,40,751,0.0533,1727.93,43.3,150,Moderate,Assault
Annex (95),2018,Theft Over,48,751,0.0639,1727.93,43.3,150,Moderate,Assault
Avondale (153),2018,Assault,61,103,0.5922,288.13,95.6,26,Very Safe,Assault
Avondale (153),2018,Auto Theft,11,103,0.1068,288.13,95.6,26,Very Safe,Assault
Avondale (153),2018,Break and Enter,13,103,0.1262,288.13,95.6,26,Very Safe,Assault
Avondale (153),2018,NonMCI,6,103,0.0583,288.13,95.6,26,Very Safe,Assault
Avondale (153),2018,Robbery,7,103,0.068,288.13,95.6,26,Very Safe,Assault
Avondale (153),2018,Theft Over,5,103,0.0485,288.13,95.6,26,Very Safe,Assault
Banbury-Don Mills (42),2018,Assault,68,257,0.2646,569.84,85.4,85,Very Safe,Break and Enter
Banbury-Don Mills (42),2018,Auto Theft,26,257,0.1012,569.84,85.4,85,Very Safe,Break and Enter
Banbury-Don Mills (42),2018,Break and Enter,87,257,0.3385,569.84,85.4,85,Very Safe,Break and Enter
Banbury-Don Mills (42),2018,NonMCI,62,257,0.2412,569.84,85.4,85,Very Safe,Break and Enter
Banbury-Don Mills (42),2018,Robbery,6,257,0.0233,569.84,85.4,85,Very Safe,Break and Enter
Banbury-Don Mills (42),2018,Theft Over,8,257,0.0311,569.84,85.4,85,Very Safe,Break and Enter
Bathurst Manor (34),2018,Assault,60,177,0.339,410.21,91.2,50,Very Safe,Assault
Bathurst Manor (34),2018,Auto Theft,34,177,0.1921,410.21,91.2,50,Very Safe,Assault
Bathurst Manor (34),2018,Break and Enter,32,177,0.1808,410.21,91.2,50,Very Safe,Assault
Bathurst Manor (34),2018,NonMCI,37,177,0.209,410.21,91.2,50,Very Safe,Assault
Bathurst Manor (34),2018,Robbery,10,177,0.0565,410.21,91.2,50,Very Safe,Assault
Bathurst Manor (34),2018,Theft Over,4,177,0.0226,410.21,91.2,50,Very Safe,Assault
Bay-Cloverhill (169),2018,Assault,123,282,0.4362,733.23,79.5,114,Safe,Assault
Bay-Cloverhill (169),2018,Auto Theft,20,282,0.0709,733.23,79.5,114,Safe,Assault
Bay-Cloverhill (169),2018,Break and Enter,73,282,0.2589,733.23,79.5,114,Safe,Assault
Bay-Cloverhill (169),2018,NonMCI,32,282,0.1135,733.23,79.5,114,Safe,Assault
Bay-Cloverhill (169),2018,Robbery,24,282,0.0851,733.23,79.5,114,Safe,Assault
Bay-Cloverhill (169),2018,Theft Over,10,282,0.0355,733.23,79.5,114,Safe,Assault
Bayview Village (52),2018,Assault,65,159,0.4088,396.63,91.7,49,Very Safe,Assault
Bayview Village (52),2018,Auto Theft,6,159,0.0377,396.63,91.7,49,Very Safe,Assault
Bayview Village (52),2018,Break and Enter,49,159,0.3082,396.63,91.7,49,Very Safe,Assault
Bayview Village (52),2018,NonMCI,27,159,0.1698,396.63,91.7,49,Very Safe,Assault
Bayview Village (52),2018,Robbery,5,159,0.0314,396.63,91.7,49,Very Safe,Assault
Bayview Village (52),2018,Theft Over,7,159,0.044,396.63,91.7,49,Very Safe,Assault
Bayview Woods-Steeles (49),2018,Assault,35,108,0.3241,247.13,97.1,15,Very Safe,Assault
Bayview Woods-Steeles (49),2018,Auto Theft,7,108,0.0648,247.13,97.1,15,Very Safe,Assault
Bayview Woods-Steeles (49),2018,Break and Enter,28,108,0.2593,247.13,97.1,15,Very Safe,Assault
Bayview Woods-Steeles (49),2018,NonMCI,30,108,0.2778,247.13,97.1,15,Very Safe,Assault
Bayview Woods-Steeles (49),2018,Robbery,6,108,0.0556,247.13,97.1,15,Very Safe,Assault
Bayview Woods-Steeles (49),2018,Theft Over,2,108,0.0185,247.13,97.1,15,Very Safe,Assault
Bedford Park-Nortown (39),2018,Assault,35,270,0.1296,545.15,86.3,79,Very Safe,Break and Enter
Bedford Park-Nortown (39),2018,Auto Theft,45,270,0.1667,545.15,86.3,79,Very Safe,Break and Enter
Bedford Park-Nortown (39),2018,Break and Enter,102,270,0.3778,545.15,86.3,79,Very Safe,Break and Enter
Bedford Park-Nortown (39),2018,NonMCI,69,270,0.2556,545.15,86.3,79,Very Safe,Break and Enter
Bedford Park-Nortown (39),2018,Robbery,11,270,0.0407,545.15,86.3,79,Very Safe,Break and Enter
Bedford Park-Nortown (39),2018,Theft Over,8,270,0.0296,545.15,86.3,79,Very Safe,Break and Enter
Beechborough-Greenbrook (112),2018,Assault,48,109,0.4404,285.65,95.7,24,Very Safe,Assault
Beechborough-Greenbrook (112),2018,Auto Theft,12,109,0.1101,285.65,95.7,24,Very Safe,Assault
Beechborough-Greenbrook (112),2018,Break and Enter,25,109,0.2294,285.65,95.7,24,Very Safe,Assault
Beechborough-Greenbrook (112),2018,NonMCI,12,109,0.1101,285.65,95.7,24,Very Safe,Assault
Beechborough-Greenbrook (112),2018,Robbery,12,109,0.1101,285.65,95.7,24,Very Safe,Assault
Beechborough-Greenbrook (112),2018,Theft Over,0,109,0.0,285.65,95.7,24,Very Safe,Assault
Bendale South (157),2018,Assault,67,130,0.5154,334.17,94.0,38,Very Safe,Assault
Bendale South (157),2018,Auto Theft,13,130,0.1,334.17,94.0,38,Very Safe,Assault
Bendale South (157),2018,Break and Enter,18,130,0.1385,334.17,94.0,38,Very Safe,Assault
Bendale South (157),2018,NonMCI,27,130,0.2077,334.17,94.0,38,Very Safe,Assault
Bendale South (157),2018,Robbery,5,130,0.0385,334.17,94.0,38,Very Safe,Assault
Bendale South (157),2018,Theft Over,0,130,0.0,334.17,94.0,38,Very Safe,Assault
Bendale-Glen Andrew (156),2018,Assault,156,334,0.4671,861.0,74.8,124,Safe,Assault
Bendale-Glen Andrew (156),2018,Auto Theft,36,334,0.1078,861.0,74.8,124,Safe,Assault
Bendale-Glen Andrew (156),2018,Break and Enter,33,334,0.0988,861.0,74.8,124,Safe,Assault
Bendale-Glen Andrew (156),2018,NonMCI,55,334,0.1647,861.0,74.8,124,Safe,Assault
Bendale-Glen Andrew (156),2018,Robbery,41,334,0.1228,861.0,74.8,124,Safe,Assault
Bendale-Glen Andrew (156),2018,Theft Over,13,334,0.0389,861.0,74.8,124,Safe,Assault
Birchcliffe-Cliffside (122),2018,Assault,182,398,0.4573,983.31,70.4,134,Safe,Assault
Birchcliffe-Cliffside (122),2018,Auto Theft,23,398,0.0578,983.31,70.4,134,Safe,Assault
Birchcliffe-Cliffside (122),2018,Break and Enter,71,398,0.1784,983.31,70.4,134,Safe,Assault
Birchcliffe-Cliffside (122),2018,NonMCI,95,398,0.2387,983.31,70.4,134,Safe,Assault
Birchcliffe-Cliffside (122),2018,Robbery,17,398,0.0427,983.31,70.4,134,Safe,Assault
Birchcliffe-Cliffside (122),2018,Theft Over,10,398,0.0251,983.31,70.4,134,Safe,Assault
Black Creek (24),2018,Assault,183,356,0.514,929.54,72.3,129,Safe,Assault
Black Creek (24),2018,Auto Theft,52,356,0.1461,929.54,72.3,129,Safe,Assault
Black Creek (24),2018,Break and Enter,30,356,0.0843,929.54,72.3,129,Safe,Assault
Black Creek (24),2018,NonMCI,54,356,0.1517,929.54,72.3,129,Safe,Assault
Black Creek (24),2018,Robbery,30,356,0.0843,929.54,72.3,129,Safe,Assault
Black Creek (24),2018,Theft Over,7,356,0.0197,929.54,72.3,129,Safe,Assault
Blake-Jones (69),2018,Assault,55,115,0.4783,311.8,94.8,32,Very Safe,Assault
Blake-Jones (69),2018,Auto Theft,11,115,0.0957,311.8,94.8,32,Very Safe,Assault
Blake-Jones (69),2018,Break and Enter,26,115,0.2261,311.8,94.8,32,Very Safe,Assault
Blake-Jones (69),2018,NonMCI,9,115,0.0783,311.8,94.8,32,Very Safe,Assault
Blake-Jones (69),2018,Robbery,13,115,0.113,311.8,94.8,32,Very Safe,Assault
Blake-Jones (69),2018,Theft Over,1,115,0.0087,311.8,94.8,32,Very Safe,Assault
Briar Hill-Belgravia (108),2018,Assault,78,205,0.3805,497.98,88.0,70,Very Safe,Assault
Briar Hill-Belgravia (108),2018,Auto Theft,39,205,0.1902,497.98,88.0,70,Very Safe,Assault
Briar Hill-Belgravia (108),2018,Break and Enter,33,205,0.161,497.98,88.0,70,Very Safe,Assault
Briar Hill-Belgravia (108),2018,NonMCI,33,205,0.161,497.98,88.0,70,Very Safe,Assault
Briar Hill-Belgravia (108),2018,Robbery,18,205,0.0878,497.98,88.0,70,Very Safe,Assault
Briar Hill-Belgravia (108),2018,Theft Over,4,205,0.0195,497.98,88.0,70,Very Safe,Assault
Bridle Path-Sunnybrook-York Mills (41),2018,Assault,29,115,0.2522,263.66,96.5,20,Very Safe,Break and Enter
Bridle Path-Sunnybrook-York Mills (41),2018,Auto Theft,9,115,0.0783,263.66,96.5,20,Very Safe,Break and Enter
Bridle Path-Sunnybrook-York Mills (41),2018,Break and Enter,53,115,0.4609,263.66,96.5,20,Very Safe,Break and Enter
Bridle Path-Sunnybrook-York Mills (41),2018,NonMCI,18,115,0.1565,263.66,96.5,20,Very Safe,Break and Enter
Bridle Path-Sunnybrook-York Mills (41),2018,Robbery,0,115,0.0,263.66,96.5,20,Very Safe,Break and Enter
Bridle Path-Sunnybrook-York Mills (41),2018,Theft Over,6,115,0.0522,263.66,96.5,20,Very Safe,Break and Enter
Broadview North (57),2018,Assault,53,89,0.5955,242.75,97.3,14,Very Safe,Assault
Broadview North (57),2018,Auto Theft,4,89,0.0449,242.75,97.3,14,Very Safe,Assault
Broadview North (57),2018,Break and Enter,8,89,0.0899,242.75,97.3,14,Very Safe,Assault
Broadview North (57),2018,NonMCI,16,89,0.1798,242.75,97.3,14,Very Safe,Assault
Broadview North (57),2018,Robbery,7,89,0.0787,242.75,97.3,14,Very Safe,Assault
Broadview North (57),2018,Theft Over,1,89,0.0112,242.75,97.3,14,Very Safe,Assault
Brookhaven-Amesbury (30),2018,Assault,90,240,0.375,567.07,85.5,83,Very Safe,Assault
Brookhaven-Amesbury (30),2018,Auto Theft,44,240,0.1833,567.07,85.5,83,Very Safe,Assault
Brookhaven-Amesbury (30),2018,Break and Enter,32,240,0.1333,567.07,85.5,83,Very Safe,Assault
Brookhaven-Amesbury (30),2018,NonMCI,46,240,0.1917,567.07,85.5,83,Very Safe,Assault
Brookhaven-Amesbury (30),2018,Robbery,17,240,0.0708,567.07,85.5,83,Very Safe,Assault
Brookhaven-Amesbury (30),2018,Theft Over,11,240,0.0458,567.07,85.5,83,Very Safe,Assault
Cabbagetown-South St.James Town (71),2018,Assault,105,311,0.3376,707.69,80.4,110,Very Safe,Assault
Cabbagetown-South St.James Town (71),2018,Auto Theft,19,311,0.0611,707.69,80.4,110,Very Safe,Assault
Cabbagetown-South St.James Town (71),2018,Break and Enter,44,311,0.1415,707.69,80.4,110,Very Safe,Assault
Cabbagetown-South St.James Town (71),2018,NonMCI,104,311,0.3344,707.69,80.4,110,Very Safe,Assault
Cabbagetown-South St.James Town (71),2018,Robbery,33,311,0.1061,707.69,80.4,110,Very Safe,Assault
Cabbagetown-South St.James Town (71),2018,Theft Over,6,311,0.0193,707.69,80.4,110,Very Safe,Assault
Caledonia-Fairbank (109),2018,Assault,55,104,0.5288,274.62,96.1,23,Very Safe,Assault
Caledonia-Fairbank (109),2018,Auto Theft,10,104,0.0962,274.62,96.1,23,Very Safe,Assault
Caledonia-Fairbank (109),2018,Break and Enter,9,104,0.0865,274.62,96.1,23,Very Safe,Assault
Caledonia-Fairbank (109),2018,NonMCI,20,104,0.1923,274.62,96.1,23,Very Safe,Assault
Caledonia-Fairbank (109),2018,Robbery,9,104,0.0865,274.62,96.1,23,Very Safe,Assault
Caledonia-Fairbank (109),2018,Theft Over,1,104,0.0096,274.62,96.1,23,Very Safe,Assault
Casa Loma (96),2018,Assault,43,106,0.4057,259.55,96.7,18,Very Safe,Assault
Casa Loma (96),2018,Auto Theft,12,106,0.1132,259.55,96.7,18,Very Safe,Assault
Casa Loma (96),2018,Break and Enter,22,106,0.2075,259.55,96.7,18,Very Safe,Assault
Casa Loma (96),2018,NonMCI,21,106,0.1981,259.55,96.7,18,Very Safe,Assault
Casa Loma (96),2018,Robbery,6,106,0.0566,259.55,96.7,18,Very Safe,Assault
Casa Loma (96),2018,Theft Over,2,106,0.0189,259.55,96.7,18,Very Safe,Assault
Centennial Scarborough (133),2018,Assault,42,107,0.3925,248.53,97.1,15,Very Safe,Assault
Centennial Scarborough (133),2018,Auto Theft,10,107,0.0935,248.53,97.1,15,Very Safe,Assault
Centennial Scarborough (133),2018,Break and Enter,16,107,0.1495,248.53,97.1,15,Very Safe,Assault
Centennial Scarborough (133),2018,NonMCI,30,107,0.2804,248.53,97.1,15,Very Safe,Assault
Centennial Scarborough (133),2018,Robbery,6,107,0.0561,248.53,97.1,15,Very Safe,Assault
Centennial Scarborough (133),2018,Theft Over,3,107,0.028,248.53,97.1,15,Very Safe,Assault
Church-Wellesley (167),2018,Assault,337,557,0.605,1579.13,48.8,149,Moderate,Assault
Church-Wellesley (167),2018,Auto Theft,25,557,0.0449,1579.13,48.8,149,Moderate,Assault
Church-Wellesley (167),2018,Break and Enter,79,557,0.1418,1579.13,48.8,149,Moderate,Assault
Church-Wellesley (167),2018,NonMCI,49,557,0.088,1579.13,48.8,149,Moderate,Assault
Church-Wellesley (167),2018,Robbery,45,557,0.0808,1579.13,48.8,149,Moderate,Assault
Church-Wellesley (167),2018,Theft Over,22,557,0.0395,1579.13,48.8,149,Moderate,Assault
Clairlea-Birchmount (120),2018,Assault,252,536,0.4701,1316.73,58.3,143,Moderate,Assault
Clairlea-Birchmount (120),2018,Auto Theft,42,536,0.0784,1316.73,58.3,143,Moderate,Assault
Clairlea-Birchmount (120),2018,Break and Enter,66,536,0.1231,1316.73,58.3,143,Moderate,Assault
Clairlea-Birchmount (120),2018,NonMCI,134,536,0.25,1316.73,58.3,143,Moderate,Assault
Clairlea-Birchmount (120),2018,Robbery,28,536,0.0522,1316.73,58.3,143,Moderate,Assault
Clairlea-Birchmount (120),2018,Theft Over,14,536,0.0261,1316.73,58.3,143,Moderate,Assault
Clanton Park (33),2018,Assault,77,239,0.3222,542.78,86.4,78,Very Safe,Assault
Clanton Park (33),2018,Auto Theft,32,239,0.1339,542.78,86.4,78,Very Safe,Assault
Clanton Park (33),2018,Break and Enter,51,239,0.2134,542.78,86.4,78,Very Safe,Assault
Clanton Park (33),2018,NonMCI,60,239,0.251,542.78,86.4,78,Very Safe,Assault
Clanton Park (33),2018,Robbery,11,239,0.046,542.78,86.4,78,Very Safe,Assault
Clanton Park (33),2018,Theft Over,8,239,0.0335,542.78,86.4,78,Very Safe,Assault
Cliffcrest (123),2018,Assault,119,271,0.4391,664.31,82.0,106,Very Safe,Assault
Cliffcrest (123),2018,Auto Theft,20,271,0.0738,664.31,82.0,106,Very Safe,Assault
Cliffcrest (123),2018,Break and Enter,53,271,0.1956,664.31,82.0,106,Very Safe,Assault
Cliffcrest (123),2018,NonMCI,64,271,0.2362,664.31,82.0,106,Very Safe,Assault
Cliffcrest (123),2018,Robbery,12,271,0.0443,664.31,82.0,106,Very Safe,Assault
Cliffcrest (123),2018,Theft Over,3,271,0.0111,664.31,82.0,106,Very Safe,Assault
Corso Italia-Davenport (92),2018,Assault,89,192,0.4635,494.71,88.1,69,Very Safe,Assault
Corso Italia-Davenport (92),2018,Auto Theft,12,192,0.0625,494.71,88.1,69,Very Safe,Assault
Corso Italia-Davenport (92),2018,Break and Enter,32,192,0.1667,494.71,88.1,69,Very Safe,Assault
Corso Italia-Davenport (92),2018,NonMCI,34,192,0.1771,494.71,88.1,69,Very Safe,Assault
Corso Italia-Davenport (92),2018,Robbery,19,192,0.099,494.71,88.1,69,Very Safe,Assault
Corso Italia-Davenport (92),2018,Theft Over,6,192,0.0312,494.71,88.1,69,Very Safe,Assault
Danforth (66),2018,Assault,97,215,0.4512,564.65,85.6,82,Very Safe,Assault
Danforth (66),2018,Auto Theft,13,215,0.0605,564.65,85.6,82,Very Safe,Assault
Danforth (66),2018,Break and Enter,30,215,0.1395,564.65,85.6,82,Very Safe,Assault
Danforth (66),2018,NonMCI,33,215,0.1535,564.65,85.6,82,Very Safe,Assault
Danforth (66),2018,Robbery,37,215,0.1721,564.65,85.6,82,Very Safe,Assault
Danforth (66),2018,Theft Over,5,215,0.0233,564.65,85.6,82,Very Safe,Assault
Danforth East York (59),2018,Assault,76,151,0.5033,381.14,92.2,46,Very Safe,Assault
Danforth East York (59),2018,Auto Theft,12,151,0.0795,381.14,92.2,46,Very Safe,Assault
Danforth East York (59),2018,Break and Enter,18,151,0.1192,381.14,92.2,46,Very Safe,Assault
Danforth East York (59),2018,NonMCI,35,151,0.2318,381.14,92.2,46,Very Safe,Assault
Danforth East York (59),2018,Robbery,6,151,0.0397,381.14,92.2,46,Very Safe,Assault
Danforth East York (59),2018,Theft Over,4,151,0.0265,381.14,92.2,46,Very Safe,Assault
Don Valley Village (47),2018,Assault,119,298,0.3993,740.3,79.2,115,Safe,Assault
Don Valley Village (47),2018,Auto Theft,26,298,0.0872,740.3,79.2,115,Safe,Assault
Don Valley Village (47),2018,Break and Enter,58,298,0.1946,740.3,79.2,115,Safe,Assault
Don Valley Village (47),2018,NonMCI,51,298,0.1711,740.3,79.2,115,Safe,Assault
Don Valley Village (47),2018,Robbery,29,298,0.0973,740.3,79.2,115,Safe,Assault
Don Valley Village (47),2018,Theft Over,15,298,0.0503,740.3,79.2,115,Safe,Assault
Dorset Park (126),2018,Assault,186,438,0.4247,1091.62,66.5,140,Safe,Assault
Dorset Park (126),2018,Auto Theft,75,438,0.1712,1091.62,66.5,140,Safe,Assault
Dorset Park (126),2018,Break and Enter,69,438,0.1575,1091.62,66.5,140,Safe,Assault
Dorset Park (126),2018,NonMCI,64,438,0.1461,1091.62,66.5,140,Safe,Assault
Dorset Park (126),2018,Robbery,31,438,0.0708,1091.62,66.5,140,Safe,Assault
Dorset Park (126),2018,Theft Over,13,438,0.0297,1091.62,66.5,140,Safe,Assault
Dovercourt Village (172),2018,Assault,103,277,0.3718,646.24,82.6,103,Very Safe,Assault
Dovercourt Village (172),2018,Auto Theft,12,277,0.0433,646.24,82.6,103,Very Safe,Assault
Dovercourt Village (172),2018,Break and Enter,50,277,0.1805,646.24,82.6,103,Very Safe,Assault
Dovercourt Village (172),2018,NonMCI,86,277,0.3105,646.24,82.6,103,Very Safe,Assault
Dovercourt Village (172),2018,Robbery,23,277,0.083,646.24,82.6,103,Very Safe,Assault
Dovercourt Village (172),2018,Theft Over,3,277,0.0108,646.24,82.6,103,Very Safe,Assault
Downsview (155),2018,Assault,114,278,0.4101,686.64,81.2,108,Very Safe,Assault
Downsview (155),2018,Auto Theft,32,278,0.1151,686.64,81.2,108,Very Safe,Assault
Downsview (155),2018,Break and Enter,41,278,0.1475,686.64,81.2,108,Very Safe,Assault
Downsview (155),2018,NonMCI,59,278,0.2122,686.64,81.2,108,Very Safe,Assault
Downsview (155),2018,Robbery,30,278,0.1079,686.64,81.2,108,Very Safe,Assault
Downsview (155),2018,Theft Over,2,278,0.0072,686.64,81.2,108,Very Safe,Assault
Downtown Yonge East (168),2018,Assault,449,955,0.4702,2489.19,15.7,155,Very Risky,Assault
Downtown Yonge East (168),2018,Auto Theft,50,955,0.0524,2489.19,15.7,155,Very Risky,Assault
Downtown Yonge East (168),2018,Break and Enter,123,955,0.1288,2489.19,15.7,155,Very Risky,Assault
Downtown Yonge East (168),2018,NonMCI,177,955,0.1853,2489.19,15.7,155,Very Risky,Assault
Downtown Yonge East (168),2018,Robbery,135,955,0.1414,2489.19,15.7,155,Very Risky,Assault
Downtown Yonge East (168),2018,Theft Over,21,955,0.022,2489.19,15.7,155,Very Risky,Assault
Dufferin Grove (83),2018,Assault,99,228,0.4342,572.43,85.3,88,Very Safe,Assault
Dufferin Grove (83),2018,Auto Theft,18,228,0.0789,572.43,85.3,88,Very Safe,Assault
Dufferin Grove (83),2018,Break and Enter,46,228,0.2018,572.43,85.3,88,Very Safe,Assault
Dufferin Grove (83),2018,NonMCI,40,228,0.1754,572.43,85.3,88,Very Safe,Assault
Dufferin Grove (83),2018,Robbery,17,228,0.0746,572.43,85.3,88,Very Safe,Assault
Dufferin Grove (83),2018,Theft Over,8,228,0.0351,572.43,85.3,88,Very Safe,Assault
East End-Danforth (62),2018,Assault,173,411,0.4209,1008.36,69.5,137,Safe,Assault
East End-Danforth (62),2018,Auto Theft,27,411,0.0657,1008.36,69.5,137,Safe,Assault
East End-Danforth (62),2018,Break and Enter,79,411,0.1922,1008.36,69.5,137,Safe,Assault
East End-Danforth (62),2018,NonMCI,95,411,0.2311,1008.36,69.5,137,Safe,Assault
East End-Danforth (62),2018,Robbery,30,411,0.073,1008.36,69.5,137,Safe,Assault
East End-Danforth (62),2018,Theft Over,7,411,0.017,1008.36,69.5,137,Safe,Assault
East L'Amoreaux (148),2018,Assault,69,171,0.4035,425.31,90.6,57,Very Safe,Assault
East L'Amoreaux (148),2018,Auto Theft,14,171,0.0819,425.31,90.6,57,Very Safe,Assault
East L'Amoreaux (148),2018,Break and Enter,35,171,0.2047,425.31,90.6,57,Very Safe,Assault
East L'Amoreaux (148),2018,NonMCI,31,171,0.1813,425.31,90.6,57,Very Safe,Assault
East L'Amoreaux (148),2018,Robbery,17,171,0.0994,425.31,90.6,57,Very Safe,Assault
East L'Amoreaux (148),2018,Theft Over,5,171,0.0292,425.31,90.6,57,Very Safe,Assault
East Willowdale (152),2018,Assault,47,179,0.2626,422.51,90.7,54,Very Safe,Break and Enter
East Willowdale (152),2018,Auto Theft,12,179,0.067,422.51,90.7,54,Very Safe,Break and Enter
East Willowdale (152),2018,Break and Enter,55,179,0.3073,422.51,90.7,54,Very Safe,Break and Enter
East Willowdale (152),2018,NonMCI,35,179,0.1955,422.51,90.7,54,Very Safe,Break and Enter
East Willowdale (152),2018,Robbery,27,179,0.1508,422.51,90.7,54,Very Safe,Break and Enter
East Willowdale (152),2018,Theft Over,3,179,0.0168,422.51,90.7,54,Very Safe,Break and Enter
Edenbridge-Humber Valley (9),2018,Assault,24,115,0.2087,250.91,97.0,17,Very Safe,Break and Enter
Edenbridge-Humber Valley (9),2018,Auto Theft,16,115,0.1391,250.91,97.0,17,Very Safe,Break and Enter
Edenbridge-Humber Valley (9),2018,Break and Enter,44,115,0.3826,250.91,97.0,17,Very Safe,Break and Enter
Edenbridge-Humber Valley (9),2018,NonMCI,22,115,0.1913,250.91,97.0,17,Very Safe,Break and Enter
Edenbridge-Humber Valley (9),2018,Robbery,4,115,0.0348,250.91,97.0,17,Very Safe,Break and Enter
Edenbridge-Humber Valley (9),2018,Theft Over,5,115,0.0435,250.91,97.0,17,Very Safe,Break and Enter
Eglinton East (138),2018,Assault,175,335,0.5224,879.88,74.1,126,Safe,Assault
Eglinton East (138),2018,Auto Theft,14,335,0.0418,879.88,74.1,126,Safe,Assault
Eglinton East (138),2018,Break and Enter,45,335,0.1343,879.88,74.1,126,Safe,Assault
Eglinton East (138),2018,NonMCI,65,335,0.194,879.88,74.1,126,Safe,Assault
Eglinton East (138),2018,Robbery,30,335,0.0896,879.88,74.1,126,Safe,Assault
Eglinton East (138),2018,Theft Over,6,335,0.0179,879.88,74.1,126,Safe,Assault
Elms-Old Rexdale (5),2018,Assault,57,123,0.4634,311.83,94.8,32,Very Safe,Assault
Elms-Old Rexdale (5),2018,Auto Theft,29,123,0.2358,311.83,94.8,32,Very Safe,Assault
Elms-Old Rexdale (5),2018,Break and Enter,7,123,0.0569,311.83,94.8,32,Very Safe,Assault
Elms-Old Rexdale (5),2018,NonMCI,18,123,0.1463,311.83,94.8,32,Very Safe,Assault
Elms-Old Rexdale (5),2018,Robbery,11,123,0.0894,311.83,94.8,32,Very Safe,Assault
Elms-Old Rexdale (5),2018,Theft Over,1,123,0.0081,311.83,94.8,32,Very Safe,Assault
Englemount-Lawrence (32),2018,Assault,89,250,0.356,583.26,84.9,91,Very Safe,Assault
Englemount-Lawrence (32),2018,Auto Theft,38,250,0.152,583.26,84.9,91,Very Safe,Assault
Englemount-Lawrence (32),2018,Break and Enter,54,250,0.216,583.26,84.9,91,Very Safe,Assault
Englemount-Lawrence (32),2018,NonMCI,53,250,0.212,583.26,84.9,91,Very Safe,Assault
Englemount-Lawrence (32),2018,Robbery,10,250,0.04,583.26,84.9,91,Very Safe,Assault
Englemount-Lawrence (32),2018,Theft Over,6,250,0.024,583.26,84.9,91,Very Safe,Assault
Eringate-Centennial-West Deane (11),2018,Assault,29,141,0.2057,292.78,95.5,28,Very Safe,NonMCI
Eringate-Centennial-West Deane (11),2018,Auto Theft,24,141,0.1702,292.78,95.5,28,Very Safe,NonMCI
Eringate-Centennial-West Deane (11),2018,Break and Enter,33,141,0.234,292.78,95.5,28,Very Safe,NonMCI
Eringate-Centennial-West Deane (11),2018,NonMCI,41,141,0.2908,292.78,95.5,28,Very Safe,NonMCI
Eringate-Centennial-West Deane (11),2018,Robbery,9,141,0.0638,292.78,95.5,28,Very Safe,NonMCI
Eringate-Centennial-West Deane (11),2018,Theft Over,5,141,0.0355,292.78,95.5,28,Very Safe,NonMCI
Etobicoke City Centre (159),2018,Assault,144,482,0.2988,1059.03,67.6,139,Safe,Assault
Etobicoke City Centre (159),2018,Auto Theft,107,482,0.222,1059.03,67.6,139,Safe,Assault
Etobicoke City Centre (159),2018,Break and Enter,70,482,0.1452,1059.03,67.6,139,Safe,Assault
Etobicoke City Centre (159),2018,NonMCI,98,482,0.2033,1059.03,67.6,139,Safe,Assault
Etobicoke City Centre (159),2018,Robbery,15,482,0.0311,1059.03,67.6,139,Safe,Assault
Etobicoke City Centre (159),2018,Theft Over,48,482,0.0996,1059.03,67.6,139,Safe,Assault
Etobicoke West Mall (13),2018,Assault,39,97,0.4021,233.0,97.6,12,Very Safe,Assault
Etobicoke West Mall (13),2018,Auto Theft,8,97,0.0825,233.0,97.6,12,Very Safe,Assault
Etobicoke West Mall (13),2018,Break and Enter,16,97,0.1649,233.0,97.6,12,Very Safe,Assault
Etobicoke West Mall (13),2018,NonMCI,23,97,0.2371,233.0,97.6,12,Very Safe,Assault
Etobicoke West Mall (13),2018,Robbery,6,97,0.0619,233.0,97.6,12,Very Safe,Assault
Etobicoke West Mall (13),2018,Theft Over,5,97,0.0515,233.0,97.6,12,Very Safe,Assault
Fenside-Parkwoods (150),2018,Assault,92,190,0.4842,504.98,87.7,74,Very Safe,Assault
Fenside-Parkwoods (150),2018,Auto Theft,13,190,0.0684,504.98,87.7,74,Very Safe,Assault
Fenside-Parkwoods (150),2018,Break and Enter,45,190,0.2368,504.98,87.7,74,Very Safe,Assault
Fenside-Parkwoods (150),2018,NonMCI,21,190,0.1105,504.98,87.7,74,Very Safe,Assault
Fenside-Parkwoods (150),2018,Robbery,16,190,0.0842,504.98,87.7,74,Very Safe,Assault
Fenside-Parkwoods (150),2018,Theft Over,3,190,0.0158,504.98,87.7,74,Very Safe,Assault
Flemingdon Park (44),2018,Assault,136,198,0.6869,570.8,85.4,85,Very Safe,Assault
Flemingdon Park (44),2018,Auto Theft,8,198,0.0404,570.8,85.4,85,Very Safe,Assault
Flemingdon Park (44),2018,Break and Enter,15,198,0.0758,570.8,85.4,85,Very Safe,Assault
Flemingdon Park (44),2018,NonMCI,25,198,0.1263,570.8,85.4,85,Very Safe,Assault
Flemingdon Park (44),2018,Robbery,13,198,0.0657,570.8,85.4,85,Very Safe,Assault
Flemingdon Park (44),2018,Theft Over,1,198,0.0051,570.8,85.4,85,Very Safe,Assault
Forest Hill North (102),2018,Assault,36,142,0.2535,318.54,94.5,34,Very Safe,Break and Enter
Forest Hill North (102),2018,Auto Theft,17,142,0.1197,318.54,94.5,34,Very Safe,Break and Enter
Forest Hill North (102),2018,Break and Enter,42,142,0.2958,318.54,94.5,34,Very Safe,Break and Enter
Forest Hill North (102),2018,NonMCI,34,142,0.2394,318.54,94.5,34,Very Safe,Break and Enter
Forest Hill North (102),2018,Robbery,13,142,0.0915,318.54,94.5,34,Very Safe,Break and Enter
Forest Hill North (102),2018,Theft Over,0,142,0.0,318.54,94.5,34,Very Safe,Break and Enter
Forest Hill South (101),2018,Assault,12,110,0.1091,224.22,97.9,8,Very Safe,Break and Enter
Forest Hill South (101),2018,Auto Theft,22,110,0.2,224.22,97.9,8,Very Safe,Break and Enter
Forest Hill South (101),2018,Break and Enter,43,110,0.3909,224.22,97.9,8,Very Safe,Break and Enter
Forest Hill South (101),2018,NonMCI,25,110,0.2273,224.22,97.9,8,Very Safe,Break and Enter
Forest Hill South (101),2018,Robbery,6,110,0.0545,224.22,97.9,8,Very Safe,Break and Enter
Forest Hill South (101),2018,Theft Over,2,110,0.0182,224.22,97.9,8,Very Safe,Break and Enter
Fort York-Liberty Village (163),2018,Assault,124,232,0.5345,616.83,83.7,99,Very Safe,Assault
Fort York-Liberty Village (163),2018,Auto Theft,14,232,0.0603,616.83,83.7,99,Very Safe,Assault
Fort York-Liberty Village (163),2018,Break and Enter,47,232,0.2026,616.83,83.7,99,Very Safe,Assault
Fort York-Liberty Village (163),2018,NonMCI,31,232,0.1336,616.83,83.7,99,Very Safe,Assault
Fort York-Liberty Village (163),2018,Robbery,5,232,0.0216,616.83,83.7,99,Very Safe,Assault
Fort York-Liberty Village (163),2018,Theft Over,11,232,0.0474,616.83,83.7,99,Very Safe,Assault
Glenfield-Jane Heights (25),2018,Assault,279,508,0.5492,1357.07,56.8,145,Moderate,Assault
Glenfield-Jane Heights (25),2018,Auto Theft,60,508,0.1181,1357.07,56.8,145,Moderate,Assault
Glenfield-Jane Heights (25),2018,Break and Enter,39,508,0.0768,1357.07,56.8,145,Moderate,Assault
Glenfield-Jane Heights (25),2018,NonMCI,76,508,0.1496,1357.07,56.8,145,Moderate,Assault
Glenfield-Jane Heights (25),2018,Robbery,44,508,0.0866,1357.07,56.8,145,Moderate,Assault
Glenfield-Jane Heights (25),2018,Theft Over,10,508,0.0197,1357.07,56.8,145,Moderate,Assault
Golfdale-Cedarbrae-Woburn (141),2018,Assault,185,355,0.5211,930.37,72.3,129,Safe,Assault
Golfdale-Cedarbrae-Woburn (141),2018,Auto Theft,32,355,0.0901,930.37,72.3,129,Safe,Assault
Golfdale-Cedarbrae-Woburn (141),2018,Break and Enter,37,355,0.1042,930.37,72.3,129,Safe,Assault
Golfdale-Cedarbrae-Woburn (141),2018,NonMCI,65,355,0.1831,930.37,72.3,129,Safe,Assault
Golfdale-Cedarbrae-Woburn (141),2018,Robbery,32,355,0.0901,930.37,72.3,129,Safe,Assault
Golfdale-Cedarbrae-Woburn (141),2018,Theft Over,4,355,0.0113,930.37,72.3,129,Safe,Assault
Greenwood-Coxwell (65),2018,Assault,112,256,0.4375,625.13,83.4,101,Very Safe,Assault
Greenwood-Coxwell (65),2018,Auto Theft,21,256,0.082,625.13,83.4,101,Very Safe,Assault
Greenwood-Coxwell (65),2018,Break and Enter,37,256,0.1445,625.13,83.4,101,Very Safe,Assault
Greenwood-Coxwell (65),2018,NonMCI,64,256,0.25,625.13,83.4,101,Very Safe,Assault
Greenwood-Coxwell (65),2018,Robbery,16,256,0.0625,625.13,83.4,101,Very Safe,Assault
Greenwood-Coxwell (65),2018,Theft Over,6,256,0.0234,625.13,83.4,101,Very Safe,Assault
Guildwood (140),2018,Assault,42,92,0.4565,225.13,97.9,8,Very Safe,Assault
Guildwood (140),2018,Auto Theft,2,92,0.0217,225.13,97.9,8,Very Safe,Assault
Guildwood (140),2018,Break and Enter,16,92,0.1739,225.13,97.9,8,Very Safe,Assault
Guildwood (140),2018,NonMCI,27,92,0.2935,225.13,97.9,8,Very Safe,Assault
Guildwood (140),2018,Robbery,4,92,0.0435,225.13,97.9,8,Very Safe,Assault
Guildwood (140),2018,Theft Over,1,92,0.0109,225.13,97.9,8,Very Safe,Assault
Harbourfront-CityPlace (165),2018,Assault,131,316,0.4146,785.49,77.6,118,Safe,Assault
Harbourfront-CityPlace (165),2018,Auto Theft,10,316,0.0316,785.49,77.6,118,Safe,Assault
Harbourfront-CityPlace (165),2018,Break and Enter,82,316,0.2595,785.49,77.6,118,Safe,Assault
Harbourfront-CityPlace (165),2018,NonMCI,59,316,0.1867,785.49,77.6,118,Safe,Assault
Harbourfront-CityPlace (165),2018,Robbery,16,316,0.0506,785.49,77.6,118,Safe,Assault
Harbourfront-CityPlace (165),2018,Theft Over,18,316,0.057,785.49,77.6,118,Safe,Assault
Henry Farm (53),2018,Assault,68,137,0.4964,350.19,93.4,42,Very Safe,Assault
Henry Farm (53),2018,Auto Theft,13,137,0.0949,350.19,93.4,42,Very Safe,Assault
Henry Farm (53),2018,Break and Enter,21,137,0.1533,350.19,93.4,42,Very Safe,Assault
Henry Farm (53),2018,NonMCI,24,137,0.1752,350.19,93.4,42,Very Safe,Assault
Henry Farm (53),2018,Robbery,7,137,0.0511,350.19,93.4,42,Very Safe,Assault
Henry Farm (53),2018,Theft Over,4,137,0.0292,350.19,93.4,42,Very Safe,Assault
High Park North (88),2018,Assault,102,232,0.4397,606.38,84.1,95,Very Safe,Assault
High Park North (88),2018,Auto Theft,16,232,0.069,606.38,84.1,95,Very Safe,Assault
High Park North (88),2018,Break and Enter,62,232,0.2672,606.38,84.1,95,Very Safe,Assault
High Park North (88),2018,NonMCI,28,232,0.1207,606.38,84.1,95,Very Safe,Assault
High Park North (88),2018,Robbery,19,232,0.0819,606.38,84.1,95,Very Safe,Assault
High Park North (88),2018,Theft Over,5,232,0.0216,606.38,84.1,95,Very Safe,Assault
High Park-Swansea (87),2018,Assault,67,170,0.3941,424.58,90.7,54,Very Safe,Assault
High Park-Swansea (87),2018,Auto Theft,18,170,0.1059,424.58,90.7,54,Very Safe,Assault
High Park-Swansea (87),2018,Break and Enter,47,170,0.2765,424.58,90.7,54,Very Safe,Assault
High Park-Swansea (87),2018,NonMCI,25,170,0.1471,424.58,90.7,54,Very Safe,Assault
High Park-Swansea (87),2018,Robbery,12,170,0.0706,424.58,90.7,54,Very Safe,Assault
High Park-Swansea (87),2018,Theft Over,1,170,0.0059,424.58,90.7,54,Very Safe,Assault
Highland Creek (134),2018,Assault,45,119,0.3782,285.98,95.7,24,Very Safe,Assault
Highland Creek (134),2018,Auto Theft,14,119,0.1176,285.98,95.7,24,Very Safe,Assault
Highland Creek (134),2018,Break and Enter,30,119,0.2521,285.98,95.7,24,Very Safe,Assault
Highland Creek (134),2018,NonMCI,22,119,0.1849,285.98,95.7,24,Very Safe,Assault
Highland Creek (134),2018,Robbery,5,119,0.042,285.98,95.7,24,Very Safe,Assault
Highland Creek (134),2018,Theft Over,3,119,0.0252,285.98,95.7,24,Very Safe,Assault
Hillcrest Village (48),2018,Assault,59,181,0.326,430.46,90.5,58,Very Safe,Assault
Hillcrest Village (48),2018,Auto Theft,22,181,0.1215,430.46,90.5,58,Very Safe,Assault
Hillcrest Village (48),2018,Break and Enter,42,181,0.232,430.46,90.5,58,Very Safe,Assault
Hillcrest Village (48),2018,NonMCI,33,181,0.1823,430.46,90.5,58,Very Safe,Assault
Hillcrest Village (48),2018,Robbery,17,181,0.0939,430.46,90.5,58,Very Safe,Assault
Hillcrest Village (48),2018,Theft Over,8,181,0.0442,430.46,90.5,58,Very Safe,Assault
Humber Bay Shores (161),2018,Assault,74,132,0.5606,363.53,92.9,44,Very Safe,Assault
Humber Bay Shores (161),2018,Auto Theft,14,132,0.1061,363.53,92.9,44,Very Safe,Assault
Humber Bay Shores (161),2018,Break and Enter,14,132,0.1061,363.53,92.9,44,Very Safe,Assault
Humber Bay Shores (161),2018,NonMCI,13,132,0.0985,363.53,92.9,44,Very Safe,Assault
Humber Bay Shores (161),2018,Robbery,11,132,0.0833,363.53,92.9,44,Very Safe,Assault
Humber Bay Shores (161),2018,Theft Over,6,132,0.0455,363.53,92.9,44,Very Safe,Assault
Humber Heights-Westmount (8),2018,Assault,36,120,0.3,262.29,96.6,19,Very Safe,Assault
Humber Heights-Westmount (8),2018,Auto Theft,16,120,0.1333,262.29,96.6,19,Very Safe,Assault
Humber Heights-Westmount (8),2018,Break and Enter,27,120,0.225,262.29,96.6,19,Very Safe,Assault
Humber Heights-Westmount (8),2018,NonMCI,35,120,0.2917,262.29,96.6,19,Very Safe,Assault
Humber Heights-Westmount (8),2018,Robbery,3,120,0.025,262.29,96.6,19,Very Safe,Assault
Humber Heights-Westmount (8),2018,Theft Over,3,120,0.025,262.29,96.6,19,Very Safe,Assault
Humber Summit (21),2018,Assault,109,399,0.2732,880.07,74.1,126,Safe,Assault
Humber Summit (21),2018,Auto Theft,108,399,0.2707,880.07,74.1,126,Safe,Assault
Humber Summit (21),2018,Break and Enter,55,399,0.1378,880.07,74.1,126,Safe,Assault
Humber Summit (21),2018,NonMCI,79,399,0.198,880.07,74.1,126,Safe,Assault
Humber Summit (21),2018,Robbery,32,399,0.0802,880.07,74.1,126,Safe,Assault
Humber Summit (21),2018,Theft Over,16,399,0.0401,880.07,74.1,126,Safe,Assault
Humbermede (22),2018,Assault,100,267,0.3745,642.35,82.8,102,Very Safe,Assault
Humbermede (22),2018,Auto Theft,51,267,0.191,642.35,82.8,102,Very Safe,Assault
Humbermede (22),2018,Break and Enter,42,267,0.1573,642.35,82.8,102,Very Safe,Assault
Humbermede (22),2018,NonMCI,41,267,0.1536,642.35,82.8,102,Very Safe,Assault
Humbermede (22),2018,Robbery,22,267,0.0824,642.35,82.8,102,Very Safe,Assault
Humbermede (22),2018,Theft Over,11,267,0.0412,642.35,82.8,102,Very Safe,Assault
Humewood-Cedarvale (106),2018,Assault,42,166,0.253,342.32,93.7,40,Very Safe,NonMCI
Humewood-Cedarvale (106),2018,Auto Theft,20,166,0.1205,342.32,93.7,40,Very Safe,NonMCI
Humewood-Cedarvale (106),2018,Break and Enter,34,166,0.2048,342.32,93.7,40,Very Safe,NonMCI
Humewood-Cedarvale (106),2018,NonMCI,59,166,0.3554,342.32,93.7,40,Very Safe,NonMCI
Humewood-Cedarvale (106),2018,Robbery,4,166,0.0241,342.32,93.7,40,Very Safe,NonMCI
Humewood-Cedarvale (106),2018,Theft Over,7,166,0.0422,342.32,93.7,40,Very Safe,NonMCI
Ionview (125),2018,Assault,85,142,0.5986,386.75,92.0,47,Very Safe,Assault
Ionview (125),2018,Auto Theft,3,142,0.0211,386.75,92.0,47,Very Safe,Assault
Ionview (125),2018,Break and Enter,19,142,0.1338,386.75,92.0,47,Very Safe,Assault
Ionview (125),2018,NonMCI,26,142,0.1831,386.75,92.0,47,Very Safe,Assault
Ionview (125),2018,Robbery,8,142,0.0563,386.75,92.0,47,Very Safe,Assault
Ionview (125),2018,Theft Over,1,142,0.007,386.75,92.0,47,Very Safe,Assault
Islington (158),2018,Assault,82,260,0.3154,582.04,85.0,89,Very Safe,Assault
Islington (158),2018,Auto Theft,39,260,0.15,582.04,85.0,89,Very Safe,Assault
Islington (158),2018,Break and Enter,48,260,0.1846,582.04,85.0,89,Very Safe,Assault
Islington (158),2018,NonMCI,71,260,0.2731,582.04,85.0,89,Very Safe,Assault
Islington (158),2018,Robbery,15,260,0.0577,582.04,85.0,89,Very Safe,Assault
Islington (158),2018,Theft Over,5,260,0.0192,582.04,85.0,89,Very Safe,Assault
Junction Area (90),2018,Assault,124,310,0.4,752.22,78.8,116,Safe,Assault
Junction Area (90),2018,Auto Theft,32,310,0.1032,752.22,78.8,116,Safe,Assault
Junction Area (90),2018,Break and Enter,61,310,0.1968,752.22,78.8,116,Safe,Assault
Junction Area (90),2018,NonMCI,66,310,0.2129,752.22,78.8,116,Safe,Assault
Junction Area (90),2018,Robbery,20,310,0.0645,752.22,78.8,116,Safe,Assault
Junction Area (90),2018,Theft Over,7,310,0.0226,752.22,78.8,116,Safe,Assault
Junction-Wallace Emerson (171),2018,Assault,151,452,0.3341,1005.48,69.6,136,Safe,Assault
Junction-Wallace Emerson (171),2018,Auto Theft,33,452,0.073,1005.48,69.6,136,Safe,Assault
Junction-Wallace Emerson (171),2018,Break and Enter,91,452,0.2013,1005.48,69.6,136,Safe,Assault
Junction-Wallace Emerson (171),2018,NonMCI,149,452,0.3296,1005.48,69.6,136,Safe,Assault
Junction-Wallace Emerson (171),2018,Robbery,18,452,0.0398,1005.48,69.6,136,Safe,Assault
Junction-Wallace Emerson (171),2018,Theft Over,10,452,0.0221,1005.48,69.6,136,Safe,Assault
Keelesdale-Eglinton West (110),2018,Assault,73,171,0.4269,441.05,90.1,61,Very Safe,Assault
Keelesdale-Eglinton West (110),2018,Auto Theft,21,171,0.1228,441.05,90.1,61,Very Safe,Assault
Keelesdale-Eglinton West (110),2018,Break and Enter,34,171,0.1988,441.05,90.1,61,Very Safe,Assault
Keelesdale-Eglinton West (110),2018,NonMCI,20,171,0.117,441.05,90.1,61,Very Safe,Assault
Keelesdale-Eglinton West (110),2018,Robbery,19,171,0.1111,441.05,90.1,61,Very Safe,Assault
Keelesdale-Eglinton West (110),2018,Theft Over,4,171,0.0234,441.05,90.1,61,Very Safe,Assault
Kennedy Park (124),2018,Assault,184,366,0.5027,956.62,71.4,131,Safe,Assault
Kennedy Park (124),2018,Auto Theft,29,366,0.0792,956.62,71.4,131,Safe,Assault
Kennedy Park (124),2018,Break and Enter,52,366,0.1421,956.62,71.4,131,Safe,Assault
Kennedy Park (124),2018,NonMCI,56,366,0.153,956.62,71.4,131,Safe,Assault
Kennedy Park (124),2018,Robbery,27,366,0.0738,956.62,71.4,131,Safe,Assault
Kennedy Park (124),2018,Theft Over,18,366,0.0492,956.62,71.4,131,Safe,Assault
Kensington-Chinatown (78),2018,Assault,428,1052,0.4068,2560.75,13.1,156,Very Risky,Assault
Kensington-Chinatown (78),2018,Auto Theft,24,1052,0.0228,2560.75,13.1,156,Very Risky,Assault
Kensington-Chinatown (78),2018,Break and Enter,241,1052,0.2291,2560.75,13.1,156,Very Risky,Assault
Kensington-Chinatown (78),2018,NonMCI,267,1052,0.2538,2560.75,13.1,156,Very Risky,Assault
Kensington-Chinatown (78),2018,Robbery,67,1052,0.0637,2560.75,13.1,156,Very Risky,Assault
Kensington-Chinatown (78),2018,Theft Over,25,1052,0.0238,2560.75,13.1,156,Very Risky,Assault
Kingsview Village-The Westway (6),2018,Assault,95,260,0.3654,612.08,83.9,98,Very Safe,Assault
Kingsview Village-The Westway (6),2018,Auto Theft,51,260,0.1962,612.08,83.9,98,Very Safe,Assault
Kingsview Village-The Westway (6),2018,Break and Enter,40,260,0.1538,612.08,83.9,98,Very Safe,Assault
Kingsview Village-The Westway (6),2018,NonMCI,53,260,0.2038,612.08,83.9,98,Very Safe,Assault
Kingsview Village-The Westway (6),2018,Robbery,18,260,0.0692,612.08,83.9,98,Very Safe,Assault
Kingsview Village-The Westway (6),2018,Theft Over,3,260,0.0115,612.08,83.9,98,Very Safe,Assault
Kingsway South (15),2018,Assault,31,103,0.301,236.01,97.5,13,Very Safe,Assault
Kingsway South (15),2018,Auto Theft,11,103,0.1068,236.01,97.5,13,Very Safe,Assault
Kingsway South (15),2018,Break and Enter,18,103,0.1748,236.01,97.5,13,Very Safe,Assault
Kingsway South (15),2018,NonMCI,26,103,0.2524,236.01,97.5,13,Very Safe,Assault
Kingsway South (15),2018,Robbery,13,103,0.1262,236.01,97.5,13,Very Safe,Assault
Kingsway South (15),2018,Theft Over,4,103,0.0388,236.01,97.5,13,Very Safe,Assault
L'Amoreaux West (147),2018,Assault,85,203,0.4187,513.99,87.4,76,Very Safe,Assault
L'Amoreaux West (147),2018,Auto Theft,18,203,0.0887,513.99,87.4,76,Very Safe,Assault
L'Amoreaux West (147),2018,Break and Enter,41,203,0.202,513.99,87.4,76,Very Safe,Assault
L'Amoreaux West (147),2018,NonMCI,36,203,0.1773,513.99,87.4,76,Very Safe,Assault
L'Amoreaux West (147),2018,Robbery,20,203,0.0985,513.99,87.4,76,Very Safe,Assault
L'Amoreaux West (147),2018,Theft Over,3,203,0.0148,513.99,87.4,76,Very Safe,Assault
Lambton Baby Point (114),2018,Assault,25,78,0.3205,167.57,100.0,1,Very Safe,Assault
Lambton Baby Point (114),2018,Auto Theft,15,78,0.1923,167.57,100.0,1,Very Safe,Assault
Lambton Baby Point (114),2018,Break and Enter,11,78,0.141,167.57,100.0,1,Very Safe,Assault
Lambton Baby Point (114),2018,NonMCI,24,78,0.3077,167.57,100.0,1,Very Safe,Assault
Lambton Baby Point (114),2018,Robbery,1,78,0.0128,167.57,100.0,1,Very Safe,Assault
Lambton Baby Point (114),2018,Theft Over,2,78,0.0256,167.57,100.0,1,Very Safe,Assault
Lansing-Westgate (38),2018,Assault,62,210,0.2952,480.54,88.6,64,Very Safe,Assault
Lansing-Westgate (38),2018,Auto Theft,17,210,0.081,480.54,88.6,64,Very Safe,Assault
Lansing-Westgate (38),2018,Break and Enter,51,210,0.2429,480.54,88.6,64,Very Safe,Assault
Lansing-Westgate (38),2018,NonMCI,52,210,0.2476,480.54,88.6,64,Very Safe,Assault
Lansing-Westgate (38),2018,Robbery,21,210,0.1,480.54,88.6,64,Very Safe,Assault
Lansing-Westgate (38),2018,Theft Over,7,210,0.0333,480.54,88.6,64,Very Safe,Assault
Lawrence Park North (105),2018,Assault,21,115,0.1826,216.77,98.2,6,Very Safe,NonMCI
Lawrence Park North (105),2018,Auto Theft,38,115,0.3304,216.77,98.2,6,Very Safe,NonMCI
Lawrence Park North (105),2018,Break and Enter,12,115,0.1043,216.77,98.2,6,Very Safe,NonMCI
Lawrence Park North (105),2018,NonMCI,39,115,0.3391,216.77,98.2,6,Very Safe,NonMCI
Lawrence Park North (105),2018,Robbery,2,115,0.0174,216.77,98.2,6,Very Safe,NonMCI
Lawrence Park North (105),2018,Theft Over,3,115,0.0261,216.77,98.2,6,Very Safe,NonMCI
Lawrence Park South (103),2018,Assault,13,110,0.1182,217.32,98.2,6,Very Safe,Break and Enter
Lawrence Park South (103),2018,Auto Theft,28,110,0.2545,217.32,98.2,6,Very Safe,Break and Enter
Lawrence Park South (103),2018,Break and Enter,35,110,0.3182,217.32,98.2,6,Very Safe,Break and Enter
Lawrence Park South (103),2018,NonMCI,27,110,0.2455,217.32,98.2,6,Very Safe,Break and Enter
Lawrence Park South (103),2018,Robbery,5,110,0.0455,217.32,98.2,6,Very Safe,Break and Enter
Lawrence Park South (103),2018,Theft Over,2,110,0.0182,217.32,98.2,6,Very Safe,Break and Enter
Leaside-Bennington (56),2018,Assault,34,137,0.2482,297.89,95.3,29,Very Safe,Assault
Leaside-Bennington (56),2018,Auto Theft,33,137,0.2409,297.89,95.3,29,Very Safe,Assault
Leaside-Bennington (56),2018,Break and Enter,34,137,0.2482,297.89,95.3,29,Very Safe,Assault
Leaside-Bennington (56),2018,NonMCI,29,137,0.2117,297.89,95.3,29,Very Safe,Assault
Leaside-Bennington (56),2018,Robbery,4,137,0.0292,297.89,95.3,29,Very Safe,Assault
Leaside-Bennington (56),2018,Theft Over,3,137,0.0219,297.89,95.3,29,Very Safe,Assault
Little Portugal (84),2018,Assault,81,198,0.4091,501.17,87.9,72,Very Safe,Assault
Little Portugal (84),2018,Auto Theft,11,198,0.0556,501.17,87.9,72,Very Safe,Assault
Little Portugal (84),2018,Break and Enter,56,198,0.2828,501.17,87.9,72,Very Safe,Assault
Little Portugal (84),2018,NonMCI,26,198,0.1313,501.17,87.9,72,Very Safe,Assault
Little Portugal (84),2018,Robbery,12,198,0.0606,501.17,87.9,72,Very Safe,Assault
Little Portugal (84),2018,Theft Over,12,198,0.0606,501.17,87.9,72,Very Safe,Assault
Long Branch (19),2018,Assault,53,127,0.4173,330.41,94.1,37,Very Safe,Assault
Long Branch (19),2018,Auto Theft,10,127,0.0787,330.41,94.1,37,Very Safe,Assault
Long Branch (19),2018,Break and Enter,39,127,0.3071,330.41,94.1,37,Very Safe,Assault
Long Branch (19),2018,NonMCI,13,127,0.1024,330.41,94.1,37,Very Safe,Assault
Long Branch (19),2018,Robbery,10,127,0.0787,330.41,94.1,37,Very Safe,Assault
Long Branch (19),2018,Theft Over,2,127,0.0157,330.41,94.1,37,Very Safe,Assault
Malvern East (146),2018,Assault,155,274,0.5657,760.85,78.5,117,Safe,Assault
Malvern East (146),2018,Auto Theft,29,274,0.1058,760.85,78.5,117,Safe,Assault
Malvern East (146),2018,Break and Enter,34,274,0.1241,760.85,78.5,117,Safe,Assault
Malvern East (146),2018,NonMCI,25,274,0.0912,760.85,78.5,117,Safe,Assault
Malvern East (146),2018,Robbery,27,274,0.0985,760.85,78.5,117,Safe,Assault
Malvern East (146),2018,Theft Over,4,274,0.0146,760.85,78.5,117,Safe,Assault
Malvern West (145),2018,Assault,95,225,0.4222,555.78,85.9,81,Very Safe,Assault
Malvern West (145),2018,Auto Theft,26,225,0.1156,555.78,85.9,81,Very Safe,Assault
Malvern West (145),2018,Break and Enter,32,225,0.1422,555.78,85.9,81,Very Safe,Assault
Malvern West (145),2018,NonMCI,42,225,0.1867,555.78,85.9,81,Very Safe,Assault
Malvern West (145),2018,Robbery,19,225,0.0844,555.78,85.9,81,Very Safe,Assault
Malvern West (145),2018,Theft Over,11,225,0.0489,555.78,85.9,81,Very Safe,Assault
Maple Leaf (29),2018,Assault,28,90,0.3111,190.72,99.2,2,Very Safe,NonMCI
Maple Leaf (29),2018,Auto Theft,13,90,0.1444,190.72,99.2,2,Very Safe,NonMCI
Maple Leaf (29),2018,Break and Enter,7,90,0.0778,190.72,99.2,2,Very Safe,NonMCI
Maple Leaf (29),2018,NonMCI,32,90,0.3556,190.72,99.2,2,Very Safe,NonMCI
Maple Leaf (29),2018,Robbery,6,90,0.0667,190.72,99.2,2,Very Safe,NonMCI
Maple Leaf (29),2018,Theft Over,4,90,0.0444,190.72,99.2,2,Very Safe,NonMCI
Markland Wood (12),2018,Assault,24,93,0.2581,202.85,98.7,4,Very Safe,Break and Enter
Markland Wood (12),2018,Auto Theft,16,93,0.172,202.85,98.7,4,Very Safe,Break and Enter
Markland Wood (12),2018,Break and Enter,25,93,0.2688,202.85,98.7,4,Very Safe,Break and Enter
Markland Wood (12),2018,NonMCI,22,93,0.2366,202.85,98.7,4,Very Safe,Break and Enter
Markland Wood (12),2018,Robbery,4,93,0.043,202.85,98.7,4,Very Safe,Break and Enter
Markland Wood (12),2018,Theft Over,2,93,0.0215,202.85,98.7,4,Very Safe,Break and Enter
Milliken (130),2018,Assault,74,374,0.1979,799.51,77.1,122,Safe,Break and Enter
Milliken (130),2018,Auto Theft,81,374,0.2166,799.51,77.1,122,Safe,Break and Enter
Milliken (130),2018,Break and Enter,118,374,0.3155,799.51,77.1,122,Safe,Break and Enter
Milliken (130),2018,NonMCI,67,374,0.1791,799.51,77.1,122,Safe,Break and Enter
Milliken (130),2018,Robbery,15,374,0.0401,799.51,77.1,122,Safe,Break and Enter
Milliken (130),2018,Theft Over,19,374,0.0508,799.51,77.1,122,Safe,Break and Enter
Mimico-Queensway (160),2018,Assault,350,464,0.7543,1386.31,55.8,146,Moderate,Assault
Mimico-Queensway (160),2018,Auto Theft,16,464,0.0345,1386.31,55.8,146,Moderate,Assault
Mimico-Queensway (160),2018,Break and Enter,37,464,0.0797,1386.31,55.8,146,Moderate,Assault
Mimico-Queensway (160),2018,NonMCI,43,464,0.0927,1386.31,55.8,146,Moderate,Assault
Mimico-Queensway (160),2018,Robbery,13,464,0.028,1386.31,55.8,146,Moderate,Assault
Mimico-Queensway (160),2018,Theft Over,5,464,0.0108,1386.31,55.8,146,Moderate,Assault
Morningside (135),2018,Assault,134,211,0.6351,587.27,84.8,92,Very Safe,Assault
Morningside (135),2018,Auto Theft,11,211,0.0521,587.27,84.8,92,Very Safe,Assault
Morningside (135),2018,Break and Enter,19,211,0.09,587.27,84.8,92,Very Safe,Assault
Morningside (135),2018,NonMCI,33,211,0.1564,587.27,84.8,92,Very Safe,Assault
Morningside (135),2018,Robbery,12,211,0.0569,587.27,84.8,92,Very Safe,Assault
Morningside (135),2018,Theft Over,2,211,0.0095,587.27,84.8,92,Very Safe,Assault
Morningside Heights (144),2018,Assault,91,244,0.373,582.02,85.0,89,Very Safe,Assault
Morningside Heights (144),2018,Auto Theft,36,244,0.1475,582.02,85.0,89,Very Safe,Assault
Morningside Heights (144),2018,Break and Enter,47,244,0.1926,582.02,85.0,89,Very Safe,Assault
Morningside Heights (144),2018,NonMCI,45,244,0.1844,582.02,85.0,89,Very Safe,Assault
Morningside Heights (144),2018,Robbery,14,244,0.0574,582.02,85.0,89,Very Safe,Assault
Morningside Heights (144),2018,Theft Over,11,244,0.0451,582.02,85.0,89,Very Safe,Assault
Moss Park (73),2018,Assault,535,1133,0.4722,2921.87,0.0,158,Very Risky,Assault
Moss Park (73),2018,Auto Theft,52,1133,0.0459,2921.87,0.0,158,Very Risky,Assault
Moss Park (73),2018,Break and Enter,134,1133,0.1183,2921.87,0.0,158,Very Risky,Assault
Moss Park (73),2018,NonMCI,233,1133,0.2056,2921.87,0.0,158,Very Risky,Assault
Moss Park (73),2018,Robbery,144,1133,0.1271,2921.87,0.0,158,Very Risky,Assault
Moss Park (73),2018,Theft Over,35,1133,0.0309,2921.87,0.0,158,Very Risky,Assault
Mount Dennis (115),2018,Assault,85,164,0.5183,423.49,90.7,54,Very Safe,Assault
Mount Dennis (115),2018,Auto Theft,16,164,0.0976,423.49,90.7,54,Very Safe,Assault
Mount Dennis (115),2018,Break and Enter,22,164,0.1341,423.49,90.7,54,Very Safe,Assault
Mount Dennis (115),2018,NonMCI,32,164,0.1951,423.49,90.7,54,Very Safe,Assault
Mount Dennis (115),2018,Robbery,8,164,0.0488,423.49,90.7,54,Very Safe,Assault
Mount Dennis (115),2018,Theft Over,1,164,0.0061,423.49,90.7,54,Very Safe,Assault
Mount Olive-Silverstone-Jamestown (2),2018,Assault,235,469,0.5011,1223.76,61.7,142,Safe,Assault
Mount Olive-Silverstone-Jamestown (2),2018,Auto Theft,74,469,0.1578,1223.76,61.7,142,Safe,Assault
Mount Olive-Silverstone-Jamestown (2),2018,Break and Enter,26,469,0.0554,1223.76,61.7,142,Safe,Assault
Mount Olive-Silverstone-Jamestown (2),2018,NonMCI,77,469,0.1642,1223.76,61.7,142,Safe,Assault
Mount Olive-Silverstone-Jamestown (2),2018,Robbery,53,469,0.113,1223.76,61.7,142,Safe,Assault
Mount Olive-Silverstone-Jamestown (2),2018,Theft Over,4,469,0.0085,1223.76,61.7,142,Safe,Assault
Mount Pleasant East (99),2018,Assault,36,130,0.2769,297.41,95.3,29,Very Safe,Assault
Mount Pleasant East (99),2018,Auto Theft,13,130,0.1,297.41,95.3,29,Very Safe,Assault
Mount Pleasant East (99),2018,Break and Enter,36,130,0.2769,297.41,95.3,29,Very Safe,Assault
Mount Pleasant East (99),2018,NonMCI,27,130,0.2077,297.41,95.3,29,Very Safe,Assault
Mount Pleasant East (99),2018,Robbery,9,130,0.0692,297.41,95.3,29,Very Safe,Assault
Mount Pleasant East (99),2018,Theft Over,9,130,0.0692,297.41,95.3,29,Very Safe,Assault
New Toronto (18),2018,Assault,103,185,0.5568,492.25,88.2,68,Very Safe,Assault
New Toronto (18),2018,Auto Theft,10,185,0.0541,492.25,88.2,68,Very Safe,Assault
New Toronto (18),2018,Break and Enter,21,185,0.1135,492.25,88.2,68,Very Safe,Assault
New Toronto (18),2018,NonMCI,36,185,0.1946,492.25,88.2,68,Very Safe,Assault
New Toronto (18),2018,Robbery,14,185,0.0757,492.25,88.2,68,Very Safe,Assault
New Toronto (18),2018,Theft Over,1,185,0.0054,492.25,88.2,68,Very Safe,Assault
Newtonbrook East (50),2018,Assault,85,212,0.4009,531.58,86.8,77,Very Safe,Assault
Newtonbrook East (50),2018,Auto Theft,14,212,0.066,531.58,86.8,77,Very Safe,Assault
Newtonbrook East (50),2018,Break and Enter,64,212,0.3019,531.58,86.8,77,Very Safe,Assault
Newtonbrook East (50),2018,NonMCI,35,212,0.1651,531.58,86.8,77,Very Safe,Assault
Newtonbrook East (50),2018,Robbery,10,212,0.0472,531.58,86.8,77,Very Safe,Assault
Newtonbrook East (50),2018,Theft Over,4,212,0.0189,531.58,86.8,77,Very Safe,Assault
Newtonbrook West (36),2018,Assault,155,351,0.4416,881.6,74.1,126,Safe,Assault
Newtonbrook West (36),2018,Auto Theft,47,351,0.1339,881.6,74.1,126,Safe,Assault
Newtonbrook West (36),2018,Break and Enter,54,351,0.1538,881.6,74.1,126,Safe,Assault
Newtonbrook West (36),2018,NonMCI,59,351,0.1681,881.6,74.1,126,Safe,Assault
Newtonbrook West (36),2018,Robbery,26,351,0.0741,881.6,74.1,126,Safe,Assault
Newtonbrook West (36),2018,Theft Over,10,351,0.0285,881.6,74.1,126,Safe,Assault
North Riverdale (68),2018,Assault,44,139,0.3165,325.87,94.3,35,Very Safe,Assault
North Riverdale (68),2018,Auto Theft,11,139,0.0791,325.87,94.3,35,Very Safe,Assault
North Riverdale (68),2018,Break and Enter,34,139,0.2446,325.87,94.3,35,Very Safe,Assault
North Riverdale (68),2018,NonMCI,32,139,0.2302,325.87,94.3,35,Very Safe,Assault
North Riverdale (68),2018,Robbery,13,139,0.0935,325.87,94.3,35,Very Safe,Assault
North Riverdale (68),2018,Theft Over,5,139,0.036,325.87,94.3,35,Very Safe,Assault
North St.James Town (74),2018,Assault,174,382,0.4555,957.62,71.3,132,Safe,Assault
North St.James Town (74),2018,Auto Theft,12,382,0.0314,957.62,71.3,132,Safe,Assault
North St.James Town (74),2018,Break and Enter,71,382,0.1859,957.62,71.3,132,Safe,Assault
North St.James Town (74),2018,NonMCI,91,382,0.2382,957.62,71.3,132,Safe,Assault
North St.James Town (74),2018,Robbery,27,382,0.0707,957.62,71.3,132,Safe,Assault
North St.James Town (74),2018,Theft Over,7,382,0.0183,957.62,71.3,132,Safe,Assault
North Toronto (173),2018,Assault,70,141,0.4965,387.74,92.0,47,Very Safe,Assault
North Toronto (173),2018,Auto Theft,3,141,0.0213,387.74,92.0,47,Very Safe,Assault
North Toronto (173),2018,Break and Enter,42,141,0.2979,387.74,92.0,47,Very Safe,Assault
North Toronto (173),2018,NonMCI,8,141,0.0567,387.74,92.0,47,Very Safe,Assault
North Toronto (173),2018,Robbery,13,141,0.0922,387.74,92.0,47,Very Safe,Assault
North Toronto (173),2018,Theft Over,5,141,0.0355,387.74,92.0,47,Very Safe,Assault
O'Connor-Parkview (54),2018,Assault,126,256,0.4922,619.52,83.6,100,Very Safe,Assault
O'Connor-Parkview (54),2018,Auto Theft,16,256,0.0625,619.52,83.6,100,Very Safe,Assault
O'Connor-Parkview (54),2018,Break and Enter,26,256,0.1016,619.52,83.6,100,Very Safe,Assault
O'Connor-Parkview (54),2018,NonMCI,77,256,0.3008,619.52,83.6,100,Very Safe,Assault
O'Connor-Parkview (54),2018,Robbery,5,256,0.0195,619.52,83.6,100,Very Safe,Assault
O'Connor-Parkview (54),2018,Theft Over,6,256,0.0234,619.52,83.6,100,Very Safe,Assault
Oakdale-Beverley Heights (154),2018,Assault,278,550,0.5055,1405.1,55.1,147,Moderate,Assault
Oakdale-Beverley Heights (154),2018,Auto Theft,71,550,0.1291,1405.1,55.1,147,Moderate,Assault
Oakdale-Beverley Heights (154),2018,Break and Enter,47,550,0.0855,1405.1,55.1,147,Moderate,Assault
Oakdale-Beverley Heights (154),2018,NonMCI,110,550,0.2,1405.1,55.1,147,Moderate,Assault
Oakdale-Beverley Heights (154),2018,Robbery,34,550,0.0618,1405.1,55.1,147,Moderate,Assault
Oakdale-Beverley Heights (154),2018,Theft Over,10,550,0.0182,1405.1,55.1,147,Moderate,Assault
Oakridge (121),2018,Assault,149,325,0.4585,843.44,75.5,123,Safe,Assault
Oakridge (121),2018,Auto Theft,13,325,0.04,843.44,75.5,123,Safe,Assault
Oakridge (121),2018,Break and Enter,64,325,0.1969,843.44,75.5,123,Safe,Assault
Oakridge (121),2018,NonMCI,58,325,0.1785,843.44,75.5,123,Safe,Assault
Oakridge (121),2018,Robbery,36,325,0.1108,843.44,75.5,123,Safe,Assault
Oakridge (121),2018,Theft Over,5,325,0.0154,843.44,75.5,123,Safe,Assault
Oakwood Village (107),2018,Assault,124,230,0.5391,608.57,84.0,97,Very Safe,Assault
Oakwood Village (107),2018,Auto Theft,30,230,0.1304,608.57,84.0,97,Very Safe,Assault
Oakwood Village (107),2018,Break and Enter,20,230,0.087,608.57,84.0,97,Very Safe,Assault
Oakwood Village (107),2018,NonMCI,37,230,0.1609,608.57,84.0,97,Very Safe,Assault
Oakwood Village (107),2018,Robbery,17,230,0.0739,608.57,84.0,97,Very Safe,Assault
Oakwood Village (107),2018,Theft Over,2,230,0.0087,608.57,84.0,97,Very Safe,Assault
Old East York (58),2018,Assault,60,125,0.48,324.0,94.3,35,Very Safe,Assault
Old East York (58),2018,Auto Theft,9,125,0.072,324.0,94.3,35,Very Safe,Assault
Old East York (58),2018,Break and Enter,28,125,0.224,324.0,94.3,35,Very Safe,Assault
Old East York (58),2018,NonMCI,21,125,0.168,324.0,94.3,35,Very Safe,Assault
Old East York (58),2018,Robbery,6,125,0.048,324.0,94.3,35,Very Safe,Assault
Old East York (58),2018,Theft Over,1,125,0.008,324.0,94.3,35,Very Safe,Assault
Palmerston-Little Italy (80),2018,Assault,78,240,0.325,545.82,86.3,79,Very Safe,Assault
Palmerston-Little Italy (80),2018,Auto Theft,19,240,0.0792,545.82,86.3,79,Very Safe,Assault
Palmerston-Little Italy (80),2018,Break and Enter,46,240,0.1917,545.82,86.3,79,Very Safe,Assault
Palmerston-Little Italy (80),2018,NonMCI,68,240,0.2833,545.82,86.3,79,Very Safe,Assault
Palmerston-Little Italy (80),2018,Robbery,19,240,0.0792,545.82,86.3,79,Very Safe,Assault
Palmerston-Little Italy (80),2018,Theft Over,10,240,0.0417,545.82,86.3,79,Very Safe,Assault
Parkwoods-O'Connor Hills (149),2018,Assault,41,126,0.3254,289.7,95.6,26,Very Safe,Assault
Parkwoods-O'Connor Hills (149),2018,Auto Theft,10,126,0.0794,289.7,95.6,26,Very Safe,Assault
Parkwoods-O'Connor Hills (149),2018,Break and Enter,34,126,0.2698,289.7,95.6,26,Very Safe,Assault
Parkwoods-O'Connor Hills (149),2018,NonMCI,31,126,0.246,289.7,95.6,26,Very Safe,Assault
Parkwoods-O'Connor Hills (149),2018,Robbery,6,126,0.0476,289.7,95.6,26,Very Safe,Assault
Parkwoods-O'Connor Hills (149),2018,Theft Over,4,126,0.0317,289.7,95.6,26,Very Safe,Assault
Pelmo Park-Humberlea (23),2018,Assault,65,220,0.2955,482.26,88.6,64,Very Safe,Assault
Pelmo Park-Humberlea (23),2018,Auto Theft,59,220,0.2682,482.26,88.6,64,Very Safe,Assault
Pelmo Park-Humberlea (23),2018,Break and Enter,25,220,0.1136,482.26,88.6,64,Very Safe,Assault
Pelmo Park-Humberlea (23),2018,NonMCI,53,220,0.2409,482.26,88.6,64,Very Safe,Assault
Pelmo Park-Humberlea (23),2018,Robbery,14,220,0.0636,482.26,88.6,64,Very Safe,Assault
Pelmo Park-Humberlea (23),2018,Theft Over,4,220,0.0182,482.26,88.6,64,Very Safe,Assault
Playter Estates-Danforth (67),2018,Assault,53,117,0.453,298.8,95.2,31,Very Safe,Assault
Playter Estates-Danforth (67),2018,Auto Theft,11,117,0.094,298.8,95.2,31,Very Safe,Assault
Playter Estates-Danforth (67),2018,Break and Enter,24,117,0.2051,298.8,95.2,31,Very Safe,Assault
Playter Estates-Danforth (67),2018,NonMCI,20,117,0.1709,298.8,95.2,31,Very Safe,Assault
Playter Estates-Danforth (67),2018,Robbery,7,117,0.0598,298.8,95.2,31,Very Safe,Assault
Playter Estates-Danforth (67),2018,Theft Over,2,117,0.0171,298.8,95.2,31,Very Safe,Assault
Pleasant View (46),2018,Assault,33,120,0.275,270.89,96.2,21,Very Safe,Assault
Pleasant View (46),2018,Auto Theft,11,120,0.0917,270.89,96.2,21,Very Safe,Assault
Pleasant View (46),2018,Break and Enter,33,120,0.275,270.89,96.2,21,Very Safe,Assault
Pleasant View (46),2018,NonMCI,29,120,0.2417,270.89,96.2,21,Very Safe,Assault
Pleasant View (46),2018,Robbery,9,120,0.075,270.89,96.2,21,Very Safe,Assault
Pleasant View (46),2018,Theft Over,5,120,0.0417,270.89,96.2,21,Very Safe,Assault
Princess-Rosethorn (10),2018,Assault,19,108,0.1759,210.14,98.5,5,Very Safe,NonMCI
Princess-Rosethorn (10),2018,Auto Theft,21,108,0.1944,210.14,98.5,5,Very Safe,NonMCI
Princess-Rosethorn (10),2018,Break and Enter,23,108,0.213,210.14,98.5,5,Very Safe,NonMCI
Princess-Rosethorn (10),2018,NonMCI,36,108,0.3333,210.14,98.5,5,Very Safe,NonMCI
Princess-Rosethorn (10),2018,Robbery,3,108,0.0278,210.14,98.5,5,Very Safe,NonMCI
Princess-Rosethorn (10),2018,Theft Over,6,108,0.0556,210.14,98.5,5,Very Safe,NonMCI
Regent Park (72),2018,Assault,134,272,0.4926,696.98,80.8,109,Very Safe,Assault
Regent Park (72),2018,Auto Theft,10,272,0.0368,696.98,80.8,109,Very Safe,Assault
Regent Park (72),2018,Break and Enter,27,272,0.0993,696.98,80.8,109,Very Safe,Assault
Regent Park (72),2018,NonMCI,66,272,0.2426,696.98,80.8,109,Very Safe,Assault
Regent Park (72),2018,Robbery,31,272,0.114,696.98,80.8,109,Very Safe,Assault
Regent Park (72),2018,Theft Over,4,272,0.0147,696.98,80.8,109,Very Safe,Assault
Rexdale-Kipling (4),2018,Assault,70,199,0.3518,470.74,89.0,63,Very Safe,Assault
Rexdale-Kipling (4),2018,Auto Theft,54,199,0.2714,470.74,89.0,63,Very Safe,Assault
Rexdale-Kipling (4),2018,Break and Enter,18,199,0.0905,470.74,89.0,63,Very Safe,Assault
Rexdale-Kipling (4),2018,NonMCI,33,199,0.1658,470.74,89.0,63,Very Safe,Assault
Rexdale-Kipling (4),2018,Robbery,20,199,0.1005,470.74,89.0,63,Very Safe,Assault
Rexdale-Kipling (4),2018,Theft Over,4,199,0.0201,470.74,89.0,63,Very Safe,Assault
Rockcliffe-Smythe (111),2018,Assault,128,310,0.4129,729.9,79.6,113,Safe,Assault
Rockcliffe-Smythe (111),2018,Auto Theft,48,310,0.1548,729.9,79.6,113,Safe,Assault
Rockcliffe-Smythe (111),2018,Break and Enter,26,310,0.0839,729.9,79.6,113,Safe,Assault
Rockcliffe-Smythe (111),2018,NonMCI,76,310,0.2452,729.9,79.6,113,Safe,Assault
Rockcliffe-Smythe (111),2018,Robbery,17,310,0.0548,729.9,79.6,113,Safe,Assault
Rockcliffe-Smythe (111),2018,Theft Over,15,310,0.0484,729.9,79.6,113,Safe,Assault
Roncesvalles (86),2018,Assault,89,275,0.3236,651.2,82.4,104,Very Safe,Assault
Roncesvalles (86),2018,Auto Theft,24,275,0.0873,651.2,82.4,104,Very Safe,Assault
Roncesvalles (86),2018,Break and Enter,75,275,0.2727,651.2,82.4,104,Very Safe,Assault
Roncesvalles (86),2018,NonMCI,57,275,0.2073,651.2,82.4,104,Very Safe,Assault
Roncesvalles (86),2018,Robbery,24,275,0.0873,651.2,82.4,104,Very Safe,Assault
Roncesvalles (86),2018,Theft Over,6,275,0.0218,651.2,82.4,104,Very Safe,Assault
Rosedale-Moore Park (98),2018,Assault,126,324,0.3889,783.62,77.6,118,Safe,Assault
Rosedale-Moore Park (98),2018,Auto Theft,29,324,0.0895,783.62,77.6,118,Safe,Assault
Rosedale-Moore Park (98),2018,Break and Enter,63,324,0.1944,783.62,77.6,118,Safe,Assault
Rosedale-Moore Park (98),2018,NonMCI,70,324,0.216,783.62,77.6,118,Safe,Assault
Rosedale-Moore Park (98),2018,Robbery,25,324,0.0772,783.62,77.6,118,Safe,Assault
Rosedale-Moore Park (98),2018,Theft Over,11,324,0.034,783.62,77.6,118,Safe,Assault
Runnymede-Bloor West Village (89),2018,Assault,31,119,0.2605,272.98,96.2,21,Very Safe,Assault
Runnymede-Bloor West Village (89),2018,Auto Theft,25,119,0.2101,272.98,96.2,21,Very Safe,Assault
Runnymede-Bloor West Village (89),2018,Break and Enter,22,119,0.1849,272.98,96.2,21,Very Safe,Assault
Runnymede-Bloor West Village (89),2018,NonMCI,21,119,0.1765,272.98,96.2,21,Very Safe,Assault
Runnymede-Bloor West Village (89),2018,Robbery,18,119,0.1513,272.98,96.2,21,Very Safe,Assault
Runnymede-Bloor West Village (89),2018,Theft Over,2,119,0.0168,272.98,96.2,21,Very Safe,Assault
Rustic (28),2018,Assault,70,150,0.4667,359.14,93.0,43,Very Safe,Assault
Rustic (28),2018,Auto Theft,14,150,0.0933,359.14,93.0,43,Very Safe,Assault
Rustic (28),2018,Break and Enter,9,150,0.06,359.14,93.0,43,Very Safe,Assault
Rustic (28),2018,NonMCI,47,150,0.3133,359.14,93.0,43,Very Safe,Assault
Rustic (28),2018,Robbery,8,150,0.0533,359.14,93.0,43,Very Safe,Assault
Rustic (28),2018,Theft Over,2,150,0.0133,359.14,93.0,43,Very Safe,Assault
Scarborough Village (139),2018,Assault,167,300,0.5567,792.44,77.3,120,Safe,Assault
Scarborough Village (139),2018,Auto Theft,20,300,0.0667,792.44,77.3,120,Safe,Assault
Scarborough Village (139),2018,Break and Enter,45,300,0.15,792.44,77.3,120,Safe,Assault
Scarborough Village (139),2018,NonMCI,54,300,0.18,792.44,77.3,120,Safe,Assault
Scarborough Village (139),2018,Robbery,10,300,0.0333,792.44,77.3,120,Safe,Assault
Scarborough Village (139),2018,Theft Over,4,300,0.0133,792.44,77.3,120,Safe,Assault
South Eglinton-Davisville (174),2018,Assault,71,159,0.4465,412.01,91.1,51,Very Safe,Assault
South Eglinton-Davisville (174),2018,Auto Theft,12,159,0.0755,412.01,91.1,51,Very Safe,Assault
South Eglinton-Davisville (174),2018,Break and Enter,47,159,0.2956,412.01,91.1,51,Very Safe,Assault
South Eglinton-Davisville (174),2018,NonMCI,18,159,0.1132,412.01,91.1,51,Very Safe,Assault
South Eglinton-Davisville (174),2018,Robbery,8,159,0.0503,412.01,91.1,51,Very Safe,Assault
South Eglinton-Davisville (174),2018,Theft Over,3,159,0.0189,412.01,91.1,51,Very Safe,Assault
South Parkdale (85),2018,Assault,192,375,0.512,1009.15,69.4,138,Safe,Assault
South Parkdale (85),2018,Auto Theft,15,375,0.04,1009.15,69.4,138,Safe,Assault
South Parkdale (85),2018,Break and Enter,86,375,0.2293,1009.15,69.4,138,Safe,Assault
South Parkdale (85),2018,NonMCI,43,375,0.1147,1009.15,69.4,138,Safe,Assault
South Parkdale (85),2018,Robbery,28,375,0.0747,1009.15,69.4,138,Safe,Assault
South Parkdale (85),2018,Theft Over,11,375,0.0293,1009.15,69.4,138,Safe,Assault
South Riverdale (70),2018,Assault,261,599,0.4357,1449.64,53.5,148,Moderate,Assault
South Riverdale (70),2018,Auto Theft,33,599,0.0551,1449.64,53.5,148,Moderate,Assault
South Riverdale (70),2018,Break and Enter,91,599,0.1519,1449.64,53.5,148,Moderate,Assault
South Riverdale (70),2018,NonMCI,156,599,0.2604,1449.64,53.5,148,Moderate,Assault
South Riverdale (70),2018,Robbery,32,599,0.0534,1449.64,53.5,148,Moderate,Assault
South Riverdale (70),2018,Theft Over,26,599,0.0434,1449.64,53.5,148,Moderate,Assault
St Lawrence-East Bayfront-The Islands (166),2018,Assault,274,493,0.5558,1337.77,57.5,144,Moderate,Assault
St Lawrence-East Bayfront-The Islands (166),2018,Auto Theft,21,493,0.0426,1337.77,57.5,144,Moderate,Assault
St Lawrence-East Bayfront-The Islands (166),2018,Break and Enter,77,493,0.1562,1337.77,57.5,144,Moderate,Assault
St Lawrence-East Bayfront-The Islands (166),2018,NonMCI,68,493,0.1379,1337.77,57.5,144,Moderate,Assault
St Lawrence-East Bayfront-The Islands (166),2018,Robbery,34,493,0.069,1337.77,57.5,144,Moderate,Assault
St Lawrence-East Bayfront-The Islands (166),2018,Theft Over,19,493,0.0385,1337.77,57.5,144,Moderate,Assault
St.Andrew-Windfields (40),2018,Assault,60,207,0.2899,490.42,88.3,67,Very Safe,Break and Enter
St.Andrew-Windfields (40),2018,Auto Theft,26,207,0.1256,490.42,88.3,67,Very Safe,Break and Enter
St.Andrew-Windfields (40),2018,Break and Enter,82,207,0.3961,490.42,88.3,67,Very Safe,Break and Enter
St.Andrew-Windfields (40),2018,NonMCI,28,207,0.1353,490.42,88.3,67,Very Safe,Break and Enter
St.Andrew-Windfields (40),2018,Robbery,6,207,0.029,490.42,88.3,67,Very Safe,Break and Enter
St.Andrew-Windfields (40),2018,Theft Over,5,207,0.0242,490.42,88.3,67,Very Safe,Break and Enter
Steeles (116),2018,Assault,34,168,0.2024,363.68,92.9,44,Very Safe,Break and Enter
Steeles (116),2018,Auto Theft,21,168,0.125,363.68,92.9,44,Very Safe,Break and Enter
Steeles (116),2018,Break and Enter,61,168,0.3631,363.68,92.9,44,Very Safe,Break and Enter
Steeles (116),2018,NonMCI,40,168,0.2381,363.68,92.9,44,Very Safe,Break and Enter
Steeles (116),2018,Robbery,9,168,0.0536,363.68,92.9,44,Very Safe,Break and Enter
Steeles (116),2018,Theft Over,3,168,0.0179,363.68,92.9,44,Very Safe,Break and Enter
Stonegate-Queensway (16),2018,Assault,86,263,0.327,592.21,84.6,93,Very Safe,Assault
Stonegate-Queensway (16),2018,Auto Theft,35,263,0.1331,592.21,84.6,93,Very Safe,Assault
Stonegate-Queensway (16),2018,Break and Enter,39,263,0.1483,592.21,84.6,93,Very Safe,Assault
Stonegate-Queensway (16),2018,NonMCI,75,263,0.2852,592.21,84.6,93,Very Safe,Assault
Stonegate-Queensway (16),2018,Robbery,21,263,0.0798,592.21,84.6,93,Very Safe,Assault
Stonegate-Queensway (16),2018,Theft Over,7,263,0.0266,592.21,84.6,93,Very Safe,Assault
Tam O'Shanter-Sullivan (118),2018,Assault,117,291,0.4021,721.4,79.9,111,Safe,Assault
Tam O'Shanter-Sullivan (118),2018,Auto Theft,28,291,0.0962,721.4,79.9,111,Safe,Assault
Tam O'Shanter-Sullivan (118),2018,Break and Enter,76,291,0.2612,721.4,79.9,111,Safe,Assault
Tam O'Shanter-Sullivan (118),2018,NonMCI,53,291,0.1821,721.4,79.9,111,Safe,Assault
Tam O'Shanter-Sullivan (118),2018,Robbery,14,291,0.0481,721.4,79.9,111,Safe,Assault
Tam O'Shanter-Sullivan (118),2018,Theft Over,3,291,0.0103,721.4,79.9,111,Safe,Assault
Taylor-Massey (61),2018,Assault,109,212,0.5142,569.53,85.4,85,Very Safe,Assault
Taylor-Massey (61),2018,Auto Theft,12,212,0.0566,569.53,85.4,85,Very Safe,Assault
Taylor-Massey (61),2018,Break and Enter,41,212,0.1934,569.53,85.4,85,Very Safe,Assault
Taylor-Massey (61),2018,NonMCI,29,212,0.1368,569.53,85.4,85,Very Safe,Assault
Taylor-Massey (61),2018,Robbery,17,212,0.0802,569.53,85.4,85,Very Safe,Assault
Taylor-Massey (61),2018,Theft Over,4,212,0.0189,569.53,85.4,85,Very Safe,Assault
The Beaches (63),2018,Assault,90,277,0.3249,605.4,84.1,95,Very Safe,NonMCI
The Beaches (63),2018,Auto Theft,29,277,0.1047,605.4,84.1,95,Very Safe,NonMCI
The Beaches (63),2018,Break and Enter,43,277,0.1552,605.4,84.1,95,Very Safe,NonMCI
The Beaches (63),2018,NonMCI,97,277,0.3502,605.4,84.1,95,Very Safe,NonMCI
The Beaches (63),2018,Robbery,11,277,0.0397,605.4,84.1,95,Very Safe,NonMCI
The Beaches (63),2018,Theft Over,7,277,0.0253,605.4,84.1,95,Very Safe,NonMCI
Thistletown-Beaumond Heights (3),2018,Assault,50,150,0.3333,339.29,93.8,39,Very Safe,Assault
Thistletown-Beaumond Heights (3),2018,Auto Theft,39,150,0.26,339.29,93.8,39,Very Safe,Assault
Thistletown-Beaumond Heights (3),2018,Break and Enter,16,150,0.1067,339.29,93.8,39,Very Safe,Assault
Thistletown-Beaumond Heights (3),2018,NonMCI,34,150,0.2267,339.29,93.8,39,Very Safe,Assault
Thistletown-Beaumond Heights (3),2018,Robbery,10,150,0.0667,339.29,93.8,39,Very Safe,Assault
Thistletown-Beaumond Heights (3),2018,Theft Over,1,150,0.0067,339.29,93.8,39,Very Safe,Assault
Thorncliffe Park (55),2018,Assault,90,165,0.5455,433.0,90.4,59,Very Safe,Assault
Thorncliffe Park (55),2018,Auto Theft,11,165,0.0667,433.0,90.4,59,Very Safe,Assault
Thorncliffe Park (55),2018,Break and Enter,27,165,0.1636,433.0,90.4,59,Very Safe,Assault
Thorncliffe Park (55),2018,NonMCI,30,165,0.1818,433.0,90.4,59,Very Safe,Assault
Thorncliffe Park (55),2018,Robbery,4,165,0.0242,433.0,90.4,59,Very Safe,Assault
Thorncliffe Park (55),2018,Theft Over,3,165,0.0182,433.0,90.4,59,Very Safe,Assault
Trinity-Bellwoods (81),2018,Assault,106,271,0.3911,655.29,82.3,105,Very Safe,Assault
Trinity-Bellwoods (81),2018,Auto Theft,22,271,0.0812,655.29,82.3,105,Very Safe,Assault
Trinity-Bellwoods (81),2018,Break and Enter,61,271,0.2251,655.29,82.3,105,Very Safe,Assault
Trinity-Bellwoods (81),2018,NonMCI,59,271,0.2177,655.29,82.3,105,Very Safe,Assault
Trinity-Bellwoods (81),2018,Robbery,15,271,0.0554,655.29,82.3,105,Very Safe,Assault
Trinity-Bellwoods (81),2018,Theft Over,8,271,0.0295,655.29,82.3,105,Very Safe,Assault
University (79),2018,Assault,113,300,0.3767,725.21,79.8,112,Safe,Assault
University (79),2018,Auto Theft,11,300,0.0367,725.21,79.8,112,Safe,Assault
University (79),2018,Break and Enter,73,300,0.2433,725.21,79.8,112,Safe,Assault
University (79),2018,NonMCI,67,300,0.2233,725.21,79.8,112,Safe,Assault
University (79),2018,Robbery,18,300,0.06,725.21,79.8,112,Safe,Assault
University (79),2018,Theft Over,18,300,0.06,725.21,79.8,112,Safe,Assault
Victoria Village (43),2018,Assault,97,200,0.485,506.21,87.7,74,Very Safe,Assault
Victoria Village (43),2018,Auto Theft,12,200,0.06,506.21,87.7,74,Very Safe,Assault
Victoria Village (43),2018,Break and Enter,35,200,0.175,506.21,87.7,74,Very Safe,Assault
Victoria Village (43),2018,NonMCI,43,200,0.215,506.21,87.7,74,Very Safe,Assault
Victoria Village (43),2018,Robbery,9,200,0.045,506.21,87.7,74,Very Safe,Assault
Victoria Village (43),2018,Theft Over,4,200,0.02,506.21,87.7,74,Very Safe,Assault
Wellington Place (164),2018,Assault,409,780,0.5244,2103.49,29.7,153,Risky,Assault
Wellington Place (164),2018,Auto Theft,38,780,0.0487,2103.49,29.7,153,Risky,Assault
Wellington Place (164),2018,Break and Enter,177,780,0.2269,2103.49,29.7,153,Risky,Assault
Wellington Place (164),2018,NonMCI,90,780,0.1154,2103.49,29.7,153,Risky,Assault
Wellington Place (164),2018,Robbery,39,780,0.05,2103.49,29.7,153,Risky,Assault
Wellington Place (164),2018,Theft Over,27,780,0.0346,2103.49,29.7,153,Risky,Assault
West Hill (136),2018,Assault,387,640,0.6047,1797.79,40.8,151,Moderate,Assault
West Hill (136),2018,Auto Theft,26,640,0.0406,1797.79,40.8,151,Moderate,Assault
West Hill (136),2018,Break and Enter,104,640,0.1625,1797.79,40.8,151,Moderate,Assault
West Hill (136),2018,NonMCI,75,640,0.1172,1797.79,40.8,151,Moderate,Assault
West Hill (136),2018,Robbery,43,640,0.0672,1797.79,40.8,151,Moderate,Assault
West Hill (136),2018,Theft Over,5,640,0.0078,1797.79,40.8,151,Moderate,Assault
West Humber-Clairville (1),2018,Assault,299,1420,0.2106,2877.97,1.6,157,Very Risky,Auto Theft
West Humber-Clairville (1),2018,Auto Theft,436,1420,0.307,2877.97,1.6,157,Very Risky,Auto Theft
West Humber-Clairville (1),2018,Break and Enter,170,1420,0.1197,2877.97,1.6,157,Very Risky,Auto Theft
West Humber-Clairville (1),2018,NonMCI,380,1420,0.2676,2877.97,1.6,157,Very Risky,Auto Theft
West Humber-Clairville (1),2018,Robbery,81,1420,0.057,2877.97,1.6,157,Very Risky,Auto Theft
West Humber-Clairville (1),2018,Theft Over,54,1420,0.038,2877.97,1.6,157,Very Risky,Auto Theft
West Queen West (162),2018,Assault,92,199,0.4623,483.24,88.5,66,Very Safe,Assault
West Queen West (162),2018,Auto Theft,6,199,0.0302,483.24,88.5,66,Very Safe,Assault
West Queen West (162),2018,Break and Enter,28,199,0.1407,483.24,88.5,66,Very Safe,Assault
West Queen West (162),2018,NonMCI,58,199,0.2915,483.24,88.5,66,Very Safe,Assault
West Queen West (162),2018,Robbery,8,199,0.0402,483.24,88.5,66,Very Safe,Assault
West Queen West (162),2018,Theft Over,7,199,0.0352,483.24,88.5,66,Very Safe,Assault
West Rouge (143),2018,Assault,75,193,0.3886,456.08,89.5,62,Very Safe,Assault
West Rouge (143),2018,Auto Theft,12,193,0.0622,456.08,89.5,62,Very Safe,Assault
West Rouge (143),2018,Break and Enter,36,193,0.1865,456.08,89.5,62,Very Safe,Assault
West Rouge (143),2018,NonMCI,53,193,0.2746,456.08,89.5,62,Very Safe,Assault
West Rouge (143),2018,Robbery,12,193,0.0622,456.08,89.5,62,Very Safe,Assault
West Rouge (143),2018,Theft Over,5,193,0.0259,456.08,89.5,62,Very Safe,Assault
Westminster-Branson (35),2018,Assault,93,239,0.3891,566.36,85.5,83,Very Safe,Assault
Westminster-Branson (35),2018,Auto Theft,31,239,0.1297,566.36,85.5,83,Very Safe,Assault
Westminster-Branson (35),2018,Break and Enter,41,239,0.1715,566.36,85.5,83,Very Safe,Assault
Westminster-Branson (35),2018,NonMCI,57,239,0.2385,566.36,85.5,83,Very Safe,Assault
Westminster-Branson (35),2018,Robbery,14,239,0.0586,566.36,85.5,83,Very Safe,Assault
Westminster-Branson (35),2018,Theft Over,3,239,0.0126,566.36,85.5,83,Very Safe,Assault
Weston (113),2018,Assault,149,359,0.415,879.22,74.2,125,Safe,Assault
Weston (113),2018,Auto Theft,51,359,0.1421,879.22,74.2,125,Safe,Assault
Weston (113),2018,Break and Enter,38,359,0.1058,879.22,74.2,125,Safe,Assault
Weston (113),2018,NonMCI,75,359,0.2089,879.22,74.2,125,Safe,Assault
Weston (113),2018,Robbery,39,359,0.1086,879.22,74.2,125,Safe,Assault
Weston (113),2018,Theft Over,7,359,0.0195,879.22,74.2,125,Safe,Assault
Weston-Pelham Park (91),2018,Assault,75,158,0.4747,411.4,91.1,51,Very Safe,Assault
Weston-Pelham Park (91),2018,Auto Theft,15,158,0.0949,411.4,91.1,51,Very Safe,Assault
Weston-Pelham Park (91),2018,Break and Enter,23,158,0.1456,411.4,91.1,51,Very Safe,Assault
Weston-Pelham Park (91),2018,NonMCI,25,158,0.1582,411.4,91.1,51,Very Safe,Assault
Weston-Pelham Park (91),2018,Robbery,18,158,0.1139,411.4,91.1,51,Very Safe,Assault
Weston-Pelham Park (91),2018,Theft Over,2,158,0.0127,411.4,91.1,51,Very Safe,Assault
Wexford/Maryvale (119),2018,Assault,187,506,0.3696,1210.69,62.1,141,Safe,Assault
Wexford/Maryvale (119),2018,Auto Theft,81,506,0.1601,1210.69,62.1,141,Safe,Assault
Wexford/Maryvale (119),2018,Break and Enter,102,506,0.2016,1210.69,62.1,141,Safe,Assault
Wexford/Maryvale (119),2018,NonMCI,90,506,0.1779,1210.69,62.1,141,Safe,Assault
Wexford/Maryvale (119),2018,Robbery,32,506,0.0632,1210.69,62.1,141,Safe,Assault
Wexford/Maryvale (119),2018,Theft Over,14,506,0.0277,1210.69,62.1,141,Safe,Assault
Willowdale West (37),2018,Assault,83,198,0.4192,504.01,87.8,73,Very Safe,Assault
Willowdale West (37),2018,Auto Theft,11,198,0.0556,504.01,87.8,73,Very Safe,Assault
Willowdale West (37),2018,Break and Enter,35,198,0.1768,504.01,87.8,73,Very Safe,Assault
Willowdale West (37),2018,NonMCI,36,198,0.1818,504.01,87.8,73,Very Safe,Assault
Willowdale West (37),2018,Robbery,26,198,0.1313,504.01,87.8,73,Very Safe,Assault
Willowdale West (37),2018,Theft Over,7,198,0.0354,504.01,87.8,73,Very Safe,Assault
Willowridge-Martingrove-Richview (7),2018,Assault,71,270,0.263,591.54,84.6,93,Very Safe,Assault
Willowridge-Martingrove-Richview (7),2018,Auto Theft,48,270,0.1778,591.54,84.6,93,Very Safe,Assault
Willowridge-Martingrove-Richview (7),2018,Break and Enter,66,270,0.2444,591.54,84.6,93,Very Safe,Assault
Willowridge-Martingrove-Richview (7),2018,NonMCI,67,270,0.2481,591.54,84.6,93,Very Safe,Assault
Willowridge-Martingrove-Richview (7),2018,Robbery,14,270,0.0519,591.54,84.6,93,Very Safe,Assault
Willowridge-Martingrove-Richview (7),2018,Theft Over,4,270,0.0148,591.54,84.6,93,Very Safe,Assault
Woburn North (142),2018,Assault,175,375,0.4667,958.15,71.3,132,Safe,Assault
Woburn North (142),2018,Auto Theft,20,375,0.0533,958.15,71.3,132,Safe,Assault
Woburn North (142),2018,Break and Enter,61,375,0.1627,958.15,71.3,132,Safe,Assault
Woburn North (142),2018,NonMCI,74,375,0.1973,958.15,71.3,132,Safe,Assault
Woburn North (142),2018,Robbery,35,375,0.0933,958.15,71.3,132,Safe,Assault
Woburn North (142),2018,Theft Over,10,375,0.0267,958.15,71.3,132,Safe,Assault
Woodbine Corridor (64),2018,Assault,84,217,0.3871,497.54,88.0,70,Very Safe,Assault
Woodbine Corridor (64),2018,Auto Theft,10,217,0.0461,497.54,88.0,70,Very Safe,Assault
Woodbine Corridor (64),2018,Break and Enter,23,217,0.106,497.54,88.0,70,Very Safe,Assault
Woodbine Corridor (64),2018,NonMCI,78,217,0.3594,497.54,88.0,70,Very Safe,Assault
Woodbine Corridor (64),2018,Robbery,16,217,0.0737,497.54,88.0,70,Very Safe,Assault
Woodbine Corridor (64),2018,Theft Over,6,217,0.0276,497.54,88.0,70,Very Safe,Assault
Woodbine-Lumsden (60),2018,Assault,41,97,0.4227,227.73,97.8,11,Very Safe,Assault
Woodbine-Lumsden (60),2018,Auto Theft,2,97,0.0206,227.73,97.8,11,Very Safe,Assault
Woodbine-Lumsden (60),2018,Break and Enter,14,97,0.1443,227.73,97.8,11,Very Safe,Assault
Woodbine-Lumsden (60),2018,NonMCI,34,97,0.3505,227.73,97.8,11,Very Safe,Assault
Woodbine-Lumsden (60),2018,Robbery,5,97,0.0515,227.73,97.8,11,Very Safe,Assault
Woodbine-Lumsden (60),2018,Theft Over,1,97,0.0103,227.73,97.8,11,Very Safe,Assault
Wychwood (94),2018,Assault,70,181,0.3867,437.21,90.2,60,Very Safe,Assault
Wychwood (94),2018,Auto Theft,19,181,0.105,437.21,90.2,60,Very Safe,Assault
Wychwood (94),2018,Break and Enter,31,181,0.1713,437.21,90.2,60,Very Safe,Assault
Wychwood (94),2018,NonMCI,41,181,0.2265,437.21,90.2,60,Very Safe,Assault
Wychwood (94),2018,Robbery,18,181,0.0994,437.21,90.2,60,Very Safe,Assault
Wychwood (94),2018,Theft Over,2,181,0.011,437.21,90.2,60,Very Safe,Assault
Yonge-Bay Corridor (170),2018,Assault,506,846,0.5981,2364.82,20.2,154,Risky,Assault
Yonge-Bay Corridor (170),2018,Auto Theft,27,846,0.0319,2364.82,20.2,154,Risky,Assault
Yonge-Bay Corridor (170),2018,Break and Enter,99,846,0.117,2364.82,20.2,154,Risky,Assault
Yonge-Bay Corridor (170),2018,NonMCI,99,846,0.117,2364.82,20.2,154,Risky,Assault
Yonge-Bay Corridor (170),2018,Robbery,73,846,0.0863,2364.82,20.2,154,Risky,Assault
Yonge-Bay Corridor (170),2018,Theft Over,42,846,0.0496,2364.82,20.2,154,Risky,Assault
Yonge-Doris (151),2018,Assault,81,156,0.5192,415.71,91.0,53,Very Safe,Assault
Yonge-Doris (151),2018,Auto Theft,17,156,0.109,415.71,91.0,53,Very Safe,Assault
Yonge-Doris (151),2018,Break and Enter,6,156,0.0385,415.71,91.0,53,Very Safe,Assault
Yonge-Doris (151),2018,NonMCI,23,156,0.1474,415.71,91.0,53,Very Safe,Assault
Yonge-Doris (151),2018,Robbery,23,156,0.1474,415.71,91.0,53,Very Safe,Assault
Yonge-Doris (151),2018,Theft Over,6,156,0.0385,415.71,91.0,53,Very Safe,Assault
Yonge-Eglinton (100),2018,Assault,56,136,0.4118,346.87,93.5,41,Very Safe,Assault
Yonge-Eglinton (100),2018,Auto Theft,12,136,0.0882,346.87,93.5,41,Very Safe,Assault
Yonge-Eglinton (100),2018,Break and Enter,25,136,0.1838,346.87,93.5,41,Very Safe,Assault
Yonge-Eglinton (100),2018,NonMCI,19,136,0.1397,346.87,93.5,41,Very Safe,Assault
Yonge-Eglinton (100),2018,Robbery,18,136,0.1324,346.87,93.5,41,Very Safe,Assault
Yonge-Eglinton (100),2018,Theft Over,6,136,0.0441,346.87,93.5,41,Very Safe,Assault
Yonge-St.Clair (97),2018,Assault,31,85,0.3647,197.62,98.9,3,Very Safe,Assault
Yonge-St.Clair (97),2018,Auto Theft,4,85,0.0471,197.62,98.9,3,Very Safe,Assault
Yonge-St.Clair (97),2018,Break and Enter,24,85,0.2824,197.62,98.9,3,Very Safe,Assault
Yonge-St.Clair (97),2018,NonMCI,22,85,0.2588,197.62,98.9,3,Very Safe,Assault
Yonge-St.Clair (97),2018,Robbery,1,85,0.0118,197.62,98.9,3,Very Safe,Assault
Yonge-St.Clair (97),2018,Theft Over,3,85,0.0353,197.62,98.9,3,Very Safe,Assault
York University Heights (27),2018,Assault,323,816,0.3958,1987.19,33.9,152,Risky,Assault
York University Heights (27),2018,Auto Theft,88,816,0.1078,1987.19,33.9,152,Risky,Assault
York University Heights (27),2018,Break and Enter,123,816,0.1507,1987.19,33.9,152,Risky,Assault
York University Heights (27),2018,NonMCI,166,816,0.2034,1987.19,33.9,152,Risky,Assault
York University Heights (27),2018,Robbery,79,816,0.0968,1987.19,33.9,152,Risky,Assault
York University Heights (27),2018,Theft Over,37,816,0.0453,1987.19,33.9,152,Risky,Assault
Yorkdale-Glen Park (31),2018,Assault,156,416,0.375,997.12,69.9,135,Safe,Assault
Yorkdale-Glen Park (31),2018,Auto Theft,46,416,0.1106,997.12,69.9,135,Safe,Assault
Yorkdale-Glen Park (31),2018,Break and Enter,65,416,0.1562,997.12,69.9,135,Safe,Assault
Yorkdale-Glen Park (31),2018,NonMCI,90,416,0.2163,997.12,69.9,135,Safe,Assault
Yorkdale-Glen Park (31),2018,Robbery,40,416,0.0962,997.12,69.9,135,Safe,Assault
Yorkdale-Glen Park (31),2018,Theft Over,19,416,0.0457,997.12,69.9,135,Safe,Assault
Agincourt North (129),2019,Assault,73,266,0.2744,662.3,85.9,89,Very Safe,Assault
Agincourt North (129),2019,Auto Theft,36,266,0.1353,662.3,85.9,89,Very Safe,Assault
Agincourt North (129),2019,Break and Enter,57,266,0.2143,662.3,85.9,89,Very Safe,Assault
Agincourt North (129),2019,NonMCI,66,266,0.2481,662.3,85.9,89,Very Safe,Assault
Agincourt North (129),2019,Robbery,31,266,0.1165,662.3,85.9,89,Very Safe,Assault
Agincourt North (129),2019,Theft Over,3,266,0.0113,662.3,85.9,89,Very Safe,Assault
Agincourt South-Malvern West (128),2019,Assault,102,345,0.2957,890.55,79.2,116,Safe,Assault
Agincourt South-Malvern West (128),2019,Auto Theft,52,345,0.1507,890.55,79.2,116,Safe,Assault
Agincourt South-Malvern West (128),2019,Break and Enter,100,345,0.2899,890.55,79.2,116,Safe,Assault
Agincourt South-Malvern West (128),2019,NonMCI,53,345,0.1536,890.55,79.2,116,Safe,Assault
Agincourt South-Malvern West (128),2019,Robbery,25,345,0.0725,890.55,79.2,116,Safe,Assault
Agincourt South-Malvern West (128),2019,Theft Over,13,345,0.0377,890.55,79.2,116,Safe,Assault
Alderwood (20),2019,Assault,36,139,0.259,312.5,96.2,15,Very Safe,NonMCI
Alderwood (20),2019,Auto Theft,14,139,0.1007,312.5,96.2,15,Very Safe,NonMCI
Alderwood (20),2019,Break and Enter,25,139,0.1799,312.5,96.2,15,Very Safe,NonMCI
Alderwood (20),2019,NonMCI,51,139,0.3669,312.5,96.2,15,Very Safe,NonMCI
Alderwood (20),2019,Robbery,4,139,0.0288,312.5,96.2,15,Very Safe,NonMCI
Alderwood (20),2019,Theft Over,9,139,0.0647,312.5,96.2,15,Very Safe,NonMCI
Annex (95),2019,Assault,283,758,0.3734,2005.87,46.2,150,Moderate,Assault
Annex (95),2019,Auto Theft,23,758,0.0303,2005.87,46.2,150,Moderate,Assault
Annex (95),2019,Break and Enter,215,758,0.2836,2005.87,46.2,150,Moderate,Assault
Annex (95),2019,NonMCI,169,758,0.223,2005.87,46.2,150,Moderate,Assault
Annex (95),2019,Robbery,27,758,0.0356,2005.87,46.2,150,Moderate,Assault
Annex (95),2019,Theft Over,41,758,0.0541,2005.87,46.2,150,Moderate,Assault
Avondale (153),2019,Assault,39,95,0.4105,247.97,98.1,8,Very Safe,Assault
Avondale (153),2019,Auto Theft,16,95,0.1684,247.97,98.1,8,Very Safe,Assault
Avondale (153),2019,Break and Enter,13,95,0.1368,247.97,98.1,8,Very Safe,Assault
Avondale (153),2019,NonMCI,20,95,0.2105,247.97,98.1,8,Very Safe,Assault
Avondale (153),2019,Robbery,3,95,0.0316,247.97,98.1,8,Very Safe,Assault
Avondale (153),2019,Theft Over,4,95,0.0421,247.97,98.1,8,Very Safe,Assault
Banbury-Don Mills (42),2019,Assault,69,269,0.2565,659.46,86.0,87,Very Safe,Break and Enter
Banbury-Don Mills (42),2019,Auto Theft,37,269,0.1375,659.46,86.0,87,Very Safe,Break and Enter
Banbury-Don Mills (42),2019,Break and Enter,79,269,0.2937,659.46,86.0,87,Very Safe,Break and Enter
Banbury-Don Mills (42),2019,NonMCI,56,269,0.2082,659.46,86.0,87,Very Safe,Break and Enter
Banbury-Don Mills (42),2019,Robbery,13,269,0.0483,659.46,86.0,87,Very Safe,Break and Enter
Banbury-Don Mills (42),2019,Theft Over,15,269,0.0558,659.46,86.0,87,Very Safe,Break and Enter
Bathurst Manor (34),2019,Assault,57,146,0.3904,387.71,94.0,33,Very Safe,Assault
Bathurst Manor (34),2019,Auto Theft,22,146,0.1507,387.71,94.0,33,Very Safe,Assault
Bathurst Manor (34),2019,Break and Enter,22,146,0.1507,387.71,94.0,33,Very Safe,Assault
Bathurst Manor (34),2019,NonMCI,29,146,0.1986,387.71,94.0,33,Very Safe,Assault
Bathurst Manor (34),2019,Robbery,11,146,0.0753,387.71,94.0,33,Very Safe,Assault
Bathurst Manor (34),2019,Theft Over,5,146,0.0342,387.71,94.0,33,Very Safe,Assault
Bay-Cloverhill (169),2019,Assault,153,320,0.4781,957.78,77.2,120,Safe,Assault
Bay-Cloverhill (169),2019,Auto Theft,6,320,0.0188,957.78,77.2,120,Safe,Assault
Bay-Cloverhill (169),2019,Break and Enter,83,320,0.2594,957.78,77.2,120,Safe,Assault
Bay-Cloverhill (169),2019,NonMCI,33,320,0.1031,957.78,77.2,120,Safe,Assault
Bay-Cloverhill (169),2019,Robbery,36,320,0.1125,957.78,77.2,120,Safe,Assault
Bay-Cloverhill (169),2019,Theft Over,9,320,0.0281,957.78,77.2,120,Safe,Assault
Bayview Village (52),2019,Assault,67,214,0.3131,529.02,89.8,63,Very Safe,Assault
Bayview Village (52),2019,Auto Theft,37,214,0.1729,529.02,89.8,63,Very Safe,Assault
Bayview Village (52),2019,Break and Enter,38,214,0.1776,529.02,89.8,63,Very Safe,Assault
Bayview Village (52),2019,NonMCI,51,214,0.2383,529.02,89.8,63,Very Safe,Assault
Bayview Village (52),2019,Robbery,10,214,0.0467,529.02,89.8,63,Very Safe,Assault
Bayview Village (52),2019,Theft Over,11,214,0.0514,529.02,89.8,63,Very Safe,Assault
Bayview Woods-Steeles (49),2019,Assault,37,101,0.3663,262.28,97.7,10,Very Safe,Assault
Bayview Woods-Steeles (49),2019,Auto Theft,17,101,0.1683,262.28,97.7,10,Very Safe,Assault
Bayview Woods-Steeles (49),2019,Break and Enter,21,101,0.2079,262.28,97.7,10,Very Safe,Assault
Bayview Woods-Steeles (49),2019,NonMCI,20,101,0.198,262.28,97.7,10,Very Safe,Assault
Bayview Woods-Steeles (49),2019,Robbery,4,101,0.0396,262.28,97.7,10,Very Safe,Assault
Bayview Woods-Steeles (49),2019,Theft Over,2,101,0.0198,262.28,97.7,10,Very Safe,Assault
Bedford Park-Nortown (39),2019,Assault,51,337,0.1513,720.84,84.2,99,Very Safe,NonMCI
Bedford Park-Nortown (39),2019,Auto Theft,52,337,0.1543,720.84,84.2,99,Very Safe,NonMCI
Bedford Park-Nortown (39),2019,Break and Enter,89,337,0.2641,720.84,84.2,99,Very Safe,NonMCI
Bedford Park-Nortown (39),2019,NonMCI,116,337,0.3442,720.84,84.2,99,Very Safe,NonMCI
Bedford Park-Nortown (39),2019,Robbery,11,337,0.0326,720.84,84.2,99,Very Safe,NonMCI
Bedford Park-Nortown (39),2019,Theft Over,18,337,0.0534,720.84,84.2,99,Very Safe,NonMCI
Beechborough-Greenbrook (112),2019,Assault,62,107,0.5794,330.64,95.7,19,Very Safe,Assault
Beechborough-Greenbrook (112),2019,Auto Theft,11,107,0.1028,330.64,95.7,19,Very Safe,Assault
Beechborough-Greenbrook (112),2019,Break and Enter,12,107,0.1121,330.64,95.7,19,Very Safe,Assault
Beechborough-Greenbrook (112),2019,NonMCI,8,107,0.0748,330.64,95.7,19,Very Safe,Assault
Beechborough-Greenbrook (112),2019,Robbery,11,107,0.1028,330.64,95.7,19,Very Safe,Assault
Beechborough-Greenbrook (112),2019,Theft Over,3,107,0.028,330.64,95.7,19,Very Safe,Assault
Bendale South (157),2019,Assault,67,147,0.4558,400.16,93.6,36,Very Safe,Assault
Bendale South (157),2019,Auto Theft,17,147,0.1156,400.16,93.6,36,Very Safe,Assault
Bendale South (157),2019,Break and Enter,21,147,0.1429,400.16,93.6,36,Very Safe,Assault
Bendale South (157),2019,NonMCI,35,147,0.2381,400.16,93.6,36,Very Safe,Assault
Bendale South (157),2019,Robbery,6,147,0.0408,400.16,93.6,36,Very Safe,Assault
Bendale South (157),2019,Theft Over,1,147,0.0068,400.16,93.6,36,Very Safe,Assault
Bendale-Glen Andrew (156),2019,Assault,180,335,0.5373,989.13,76.3,124,Safe,Assault
Bendale-Glen Andrew (156),2019,Auto Theft,36,335,0.1075,989.13,76.3,124,Safe,Assault
Bendale-Glen Andrew (156),2019,Break and Enter,31,335,0.0925,989.13,76.3,124,Safe,Assault
Bendale-Glen Andrew (156),2019,NonMCI,47,335,0.1403,989.13,76.3,124,Safe,Assault
Bendale-Glen Andrew (156),2019,Robbery,32,335,0.0955,989.13,76.3,124,Safe,Assault
Bendale-Glen Andrew (156),2019,Theft Over,9,335,0.0269,989.13,76.3,124,Safe,Assault
Birchcliffe-Cliffside (122),2019,Assault,198,404,0.4901,1136.53,71.9,135,Safe,Assault
Birchcliffe-Cliffside (122),2019,Auto Theft,25,404,0.0619,1136.53,71.9,135,Safe,Assault
Birchcliffe-Cliffside (122),2019,Break and Enter,56,404,0.1386,1136.53,71.9,135,Safe,Assault
Birchcliffe-Cliffside (122),2019,NonMCI,90,404,0.2228,1136.53,71.9,135,Safe,Assault
Birchcliffe-Cliffside (122),2019,Robbery,30,404,0.0743,1136.53,71.9,135,Safe,Assault
Birchcliffe-Cliffside (122),2019,Theft Over,5,404,0.0124,1136.53,71.9,135,Safe,Assault
Black Creek (24),2019,Assault,203,427,0.4754,1215.44,69.6,137,Safe,Assault
Black Creek (24),2019,Auto Theft,67,427,0.1569,1215.44,69.6,137,Safe,Assault
Black Creek (24),2019,Break and Enter,42,427,0.0984,1215.44,69.6,137,Safe,Assault
Black Creek (24),2019,NonMCI,64,427,0.1499,1215.44,69.6,137,Safe,Assault
Black Creek (24),2019,Robbery,42,427,0.0984,1215.44,69.6,137,Safe,Assault
Black Creek (24),2019,Theft Over,9,427,0.0211,1215.44,69.6,137,Safe,Assault
Blake-Jones (69),2019,Assault,67,126,0.5317,367.29,94.6,27,Very Safe,Assault
Blake-Jones (69),2019,Auto Theft,7,126,0.0556,367.29,94.6,27,Very Safe,Assault
Blake-Jones (69),2019,Break and Enter,19,126,0.1508,367.29,94.6,27,Very Safe,Assault
Blake-Jones (69),2019,NonMCI,22,126,0.1746,367.29,94.6,27,Very Safe,Assault
Blake-Jones (69),2019,Robbery,8,126,0.0635,367.29,94.6,27,Very Safe,Assault
Blake-Jones (69),2019,Theft Over,3,126,0.0238,367.29,94.6,27,Very Safe,Assault
Briar Hill-Belgravia (108),2019,Assault,85,220,0.3864,614.11,87.3,81,Very Safe,Assault
Briar Hill-Belgravia (108),2019,Auto Theft,19,220,0.0864,614.11,87.3,81,Very Safe,Assault
Briar Hill-Belgravia (108),2019,Break and Enter,49,220,0.2227,614.11,87.3,81,Very Safe,Assault
Briar Hill-Belgravia (108),2019,NonMCI,33,220,0.15,614.11,87.3,81,Very Safe,Assault
Briar Hill-Belgravia (108),2019,Robbery,28,220,0.1273,614.11,87.3,81,Very Safe,Assault
Briar Hill-Belgravia (108),2019,Theft Over,6,220,0.0273,614.11,87.3,81,Very Safe,Assault
Bridle Path-Sunnybrook-York Mills (41),2019,Assault,43,140,0.3071,365.13,94.7,26,Very Safe,Break and Enter
Bridle Path-Sunnybrook-York Mills (41),2019,Auto Theft,11,140,0.0786,365.13,94.7,26,Very Safe,Break and Enter
Bridle Path-Sunnybrook-York Mills (41),2019,Break and Enter,53,140,0.3786,365.13,94.7,26,Very Safe,Break and Enter
Bridle Path-Sunnybrook-York Mills (41),2019,NonMCI,25,140,0.1786,365.13,94.7,26,Very Safe,Break and Enter
Bridle Path-Sunnybrook-York Mills (41),2019,Robbery,5,140,0.0357,365.13,94.7,26,Very Safe,Break and Enter
Bridle Path-Sunnybrook-York Mills (41),2019,Theft Over,3,140,0.0214,365.13,94.7,26,Very Safe,Break and Enter
Broadview North (57),2019,Assault,74,136,0.5441,396.24,93.8,35,Very Safe,Assault
Broadview North (57),2019,Auto Theft,3,136,0.0221,396.24,93.8,35,Very Safe,Assault
Broadview North (57),2019,Break and Enter,27,136,0.1985,396.24,93.8,35,Very Safe,Assault
Broadview North (57),2019,NonMCI,26,136,0.1912,396.24,93.8,35,Very Safe,Assault
Broadview North (57),2019,Robbery,5,136,0.0368,396.24,93.8,35,Very Safe,Assault
Broadview North (57),2019,Theft Over,1,136,0.0074,396.24,93.8,35,Very Safe,Assault
Brookhaven-Amesbury (30),2019,Assault,98,255,0.3843,684.4,85.3,94,Very Safe,Assault
Brookhaven-Amesbury (30),2019,Auto Theft,35,255,0.1373,684.4,85.3,94,Very Safe,Assault
Brookhaven-Amesbury (30),2019,Break and Enter,51,255,0.2,684.4,85.3,94,Very Safe,Assault
Brookhaven-Amesbury (30),2019,NonMCI,46,255,0.1804,684.4,85.3,94,Very Safe,Assault
Brookhaven-Amesbury (30),2019,Robbery,15,255,0.0588,684.4,85.3,94,Very Safe,Assault
Brookhaven-Amesbury (30),2019,Theft Over,10,255,0.0392,684.4,85.3,94,Very Safe,Assault
Cabbagetown-South St.James Town (71),2019,Assault,138,367,0.376,979.51,76.5,122,Safe,Assault
Cabbagetown-South St.James Town (71),2019,Auto Theft,21,367,0.0572,979.51,76.5,122,Safe,Assault
Cabbagetown-South St.James Town (71),2019,Break and Enter,110,367,0.2997,979.51,76.5,122,Safe,Assault
Cabbagetown-South St.James Town (71),2019,NonMCI,77,367,0.2098,979.51,76.5,122,Safe,Assault
Cabbagetown-South St.James Town (71),2019,Robbery,16,367,0.0436,979.51,76.5,122,Safe,Assault
Cabbagetown-South St.James Town (71),2019,Theft Over,5,367,0.0136,979.51,76.5,122,Safe,Assault
Caledonia-Fairbank (109),2019,Assault,62,113,0.5487,334.52,95.6,21,Very Safe,Assault
Caledonia-Fairbank (109),2019,Auto Theft,8,113,0.0708,334.52,95.6,21,Very Safe,Assault
Caledonia-Fairbank (109),2019,Break and Enter,9,113,0.0796,334.52,95.6,21,Very Safe,Assault
Caledonia-Fairbank (109),2019,NonMCI,20,113,0.177,334.52,95.6,21,Very Safe,Assault
Caledonia-Fairbank (109),2019,Robbery,12,113,0.1062,334.52,95.6,21,Very Safe,Assault
Caledonia-Fairbank (109),2019,Theft Over,2,113,0.0177,334.52,95.6,21,Very Safe,Assault
Casa Loma (96),2019,Assault,49,124,0.3952,332.03,95.7,19,Very Safe,Assault
Casa Loma (96),2019,Auto Theft,5,124,0.0403,332.03,95.7,19,Very Safe,Assault
Casa Loma (96),2019,Break and Enter,32,124,0.2581,332.03,95.7,19,Very Safe,Assault
Casa Loma (96),2019,NonMCI,30,124,0.2419,332.03,95.7,19,Very Safe,Assault
Casa Loma (96),2019,Robbery,6,124,0.0484,332.03,95.7,19,Very Safe,Assault
Casa Loma (96),2019,Theft Over,2,124,0.0161,332.03,95.7,19,Very Safe,Assault
Centennial Scarborough (133),2019,Assault,49,130,0.3769,334.85,95.6,21,Very Safe,Assault
Centennial Scarborough (133),2019,Auto Theft,19,130,0.1462,334.85,95.6,21,Very Safe,Assault
Centennial Scarborough (133),2019,Break and Enter,29,130,0.2231,334.85,95.6,21,Very Safe,Assault
Centennial Scarborough (133),2019,NonMCI,29,130,0.2231,334.85,95.6,21,Very Safe,Assault
Centennial Scarborough (133),2019,Robbery,1,130,0.0077,334.85,95.6,21,Very Safe,Assault
Centennial Scarborough (133),2019,Theft Over,3,130,0.0231,334.85,95.6,21,Very Safe,Assault
Church-Wellesley (167),2019,Assault,318,623,0.5104,1836.49,51.2,149,Moderate,Assault
Church-Wellesley (167),2019,Auto Theft,19,623,0.0305,1836.49,51.2,149,Moderate,Assault
Church-Wellesley (167),2019,Break and Enter,130,623,0.2087,1836.49,51.2,149,Moderate,Assault
Church-Wellesley (167),2019,NonMCI,90,623,0.1445,1836.49,51.2,149,Moderate,Assault
Church-Wellesley (167),2019,Robbery,47,623,0.0754,1836.49,51.2,149,Moderate,Assault
Church-Wellesley (167),2019,Theft Over,19,623,0.0305,1836.49,51.2,149,Moderate,Assault
Clairlea-Birchmount (120),2019,Assault,242,540,0.4481,1466.16,62.2,143,Safe,Assault
Clairlea-Birchmount (120),2019,Auto Theft,64,540,0.1185,1466.16,62.2,143,Safe,Assault
Clairlea-Birchmount (120),2019,Break and Enter,68,540,0.1259,1466.16,62.2,143,Safe,Assault
Clairlea-Birchmount (120),2019,NonMCI,119,540,0.2204,1466.16,62.2,143,Safe,Assault
Clairlea-Birchmount (120),2019,Robbery,34,540,0.063,1466.16,62.2,143,Safe,Assault
Clairlea-Birchmount (120),2019,Theft Over,13,540,0.0241,1466.16,62.2,143,Safe,Assault
Clanton Park (33),2019,Assault,81,247,0.3279,605.9,87.6,78,Very Safe,Assault
Clanton Park (33),2019,Auto Theft,37,247,0.1498,605.9,87.6,78,Very Safe,Assault
Clanton Park (33),2019,Break and Enter,44,247,0.1781,605.9,87.6,78,Very Safe,Assault
Clanton Park (33),2019,NonMCI,70,247,0.2834,605.9,87.6,78,Very Safe,Assault
Clanton Park (33),2019,Robbery,9,247,0.0364,605.9,87.6,78,Very Safe,Assault
Clanton Park (33),2019,Theft Over,6,247,0.0243,605.9,87.6,78,Very Safe,Assault
Cliffcrest (123),2019,Assault,129,325,0.3969,837.68,80.7,108,Very Safe,Assault
Cliffcrest (123),2019,Auto Theft,17,325,0.0523,837.68,80.7,108,Very Safe,Assault
Cliffcrest (123),2019,Break and Enter,47,325,0.1446,837.68,80.7,108,Very Safe,Assault
Cliffcrest (123),2019,NonMCI,106,325,0.3262,837.68,80.7,108,Very Safe,Assault
Cliffcrest (123),2019,Robbery,23,325,0.0708,837.68,80.7,108,Very Safe,Assault
Cliffcrest (123),2019,Theft Over,3,325,0.0092,837.68,80.7,108,Very Safe,Assault
Corso Italia-Davenport (92),2019,Assault,85,219,0.3881,602.27,87.7,76,Very Safe,Assault
Corso Italia-Davenport (92),2019,Auto Theft,17,219,0.0776,602.27,87.7,76,Very Safe,Assault
Corso Italia-Davenport (92),2019,Break and Enter,40,219,0.1826,602.27,87.7,76,Very Safe,Assault
Corso Italia-Davenport (92),2019,NonMCI,40,219,0.1826,602.27,87.7,76,Very Safe,Assault
Corso Italia-Davenport (92),2019,Robbery,30,219,0.137,602.27,87.7,76,Very Safe,Assault
Corso Italia-Davenport (92),2019,Theft Over,7,219,0.032,602.27,87.7,76,Very Safe,Assault
Danforth (66),2019,Assault,86,216,0.3981,573.43,88.5,69,Very Safe,Assault
Danforth (66),2019,Auto Theft,11,216,0.0509,573.43,88.5,69,Very Safe,Assault
Danforth (66),2019,Break and Enter,40,216,0.1852,573.43,88.5,69,Very Safe,Assault
Danforth (66),2019,NonMCI,58,216,0.2685,573.43,88.5,69,Very Safe,Assault
Danforth (66),2019,Robbery,17,216,0.0787,573.43,88.5,69,Very Safe,Assault
Danforth (66),2019,Theft Over,4,216,0.0185,573.43,88.5,69,Very Safe,Assault
Danforth East York (59),2019,Assault,76,206,0.3689,502.26,90.6,50,Very Safe,NonMCI
Danforth East York (59),2019,Auto Theft,10,206,0.0485,502.26,90.6,50,Very Safe,NonMCI
Danforth East York (59),2019,Break and Enter,24,206,0.1165,502.26,90.6,50,Very Safe,NonMCI
Danforth East York (59),2019,NonMCI,82,206,0.3981,502.26,90.6,50,Very Safe,NonMCI
Danforth East York (59),2019,Robbery,8,206,0.0388,502.26,90.6,50,Very Safe,NonMCI
Danforth East York (59),2019,Theft Over,6,206,0.0291,502.26,90.6,50,Very Safe,NonMCI
Don Valley Village (47),2019,Assault,129,289,0.4464,796.63,81.9,104,Very Safe,Assault
Don Valley Village (47),2019,Auto Theft,21,289,0.0727,796.63,81.9,104,Very Safe,Assault
Don Valley Village (47),2019,Break and Enter,35,289,0.1211,796.63,81.9,104,Very Safe,Assault
Don Valley Village (47),2019,NonMCI,65,289,0.2249,796.63,81.9,104,Very Safe,Assault
Don Valley Village (47),2019,Robbery,29,289,0.1003,796.63,81.9,104,Very Safe,Assault
Don Valley Village (47),2019,Theft Over,10,289,0.0346,796.63,81.9,104,Very Safe,Assault
Dorset Park (126),2019,Assault,145,371,0.3908,984.79,76.4,123,Safe,Assault
Dorset Park (126),2019,Auto Theft,60,371,0.1617,984.79,76.4,123,Safe,Assault
Dorset Park (126),2019,Break and Enter,56,371,0.1509,984.79,76.4,123,Safe,Assault
Dorset Park (126),2019,NonMCI,74,371,0.1995,984.79,76.4,123,Safe,Assault
Dorset Park (126),2019,Robbery,28,371,0.0755,984.79,76.4,123,Safe,Assault
Dorset Park (126),2019,Theft Over,8,371,0.0216,984.79,76.4,123,Safe,Assault
Dovercourt Village (172),2019,Assault,109,298,0.3658,779.16,82.5,102,Very Safe,Assault
Dovercourt Village (172),2019,Auto Theft,12,298,0.0403,779.16,82.5,102,Very Safe,Assault
Dovercourt Village (172),2019,Break and Enter,82,298,0.2752,779.16,82.5,102,Very Safe,Assault
Dovercourt Village (172),2019,NonMCI,78,298,0.2617,779.16,82.5,102,Very Safe,Assault
Dovercourt Village (172),2019,Robbery,13,298,0.0436,779.16,82.5,102,Very Safe,Assault
Dovercourt Village (172),2019,Theft Over,4,298,0.0134,779.16,82.5,102,Very Safe,Assault
Downsview (155),2019,Assault,125,326,0.3834,843.76,80.5,109,Very Safe,Assault
Downsview (155),2019,Auto Theft,67,326,0.2055,843.76,80.5,109,Very Safe,Assault
Downsview (155),2019,Break and Enter,37,326,0.1135,843.76,80.5,109,Very Safe,Assault
Downsview (155),2019,NonMCI,71,326,0.2178,843.76,80.5,109,Very Safe,Assault
Downsview (155),2019,Robbery,19,326,0.0583,843.76,80.5,109,Very Safe,Assault
Downsview (155),2019,Theft Over,7,326,0.0215,843.76,80.5,109,Very Safe,Assault
Downtown Yonge East (168),2019,Assault,554,1146,0.4834,3247.77,9.5,157,Very Risky,Assault
Downtown Yonge East (168),2019,Auto Theft,39,1146,0.034,3247.77,9.5,157,Very Risky,Assault
Downtown Yonge East (168),2019,Break and Enter,181,1146,0.1579,3247.77,9.5,157,Very Risky,Assault
Downtown Yonge East (168),2019,NonMCI,248,1146,0.2164,3247.77,9.5,157,Very Risky,Assault
Downtown Yonge East (168),2019,Robbery,103,1146,0.0899,3247.77,9.5,157,Very Risky,Assault
Downtown Yonge East (168),2019,Theft Over,21,1146,0.0183,3247.77,9.5,157,Very Risky,Assault
Dufferin Grove (83),2019,Assault,70,184,0.3804,513.39,90.3,54,Very Safe,Assault
Dufferin Grove (83),2019,Auto Theft,4,184,0.0217,513.39,90.3,54,Very Safe,Assault
Dufferin Grove (83),2019,Break and Enter,44,184,0.2391,513.39,90.3,54,Very Safe,Assault
Dufferin Grove (83),2019,NonMCI,34,184,0.1848,513.39,90.3,54,Very Safe,Assault
Dufferin Grove (83),2019,Robbery,26,184,0.1413,513.39,90.3,54,Very Safe,Assault
Dufferin Grove (83),2019,Theft Over,6,184,0.0326,513.39,90.3,54,Very Safe,Assault
East End-Danforth (62),2019,Assault,173,352,0.4915,1011.52,75.6,127,Safe,Assault
East End-Danforth (62),2019,Auto Theft,20,352,0.0568,1011.52,75.6,127,Safe,Assault
East End-Danforth (62),2019,Break and Enter,64,352,0.1818,1011.52,75.6,127,Safe,Assault
East End-Danforth (62),2019,NonMCI,62,352,0.1761,1011.52,75.6,127,Safe,Assault
East End-Danforth (62),2019,Robbery,24,352,0.0682,1011.52,75.6,127,Safe,Assault
East End-Danforth (62),2019,Theft Over,9,352,0.0256,1011.52,75.6,127,Safe,Assault
East L'Amoreaux (148),2019,Assault,83,205,0.4049,590.4,88.0,73,Very Safe,Assault
East L'Amoreaux (148),2019,Auto Theft,13,205,0.0634,590.4,88.0,73,Very Safe,Assault
East L'Amoreaux (148),2019,Break and Enter,41,205,0.2,590.4,88.0,73,Very Safe,Assault
East L'Amoreaux (148),2019,NonMCI,28,205,0.1366,590.4,88.0,73,Very Safe,Assault
East L'Amoreaux (148),2019,Robbery,38,205,0.1854,590.4,88.0,73,Very Safe,Assault
East L'Amoreaux (148),2019,Theft Over,2,205,0.0098,590.4,88.0,73,Very Safe,Assault
East Willowdale (152),2019,Assault,52,206,0.2524,515.84,90.2,56,Very Safe,Break and Enter
East Willowdale (152),2019,Auto Theft,26,206,0.1262,515.84,90.2,56,Very Safe,Break and Enter
East Willowdale (152),2019,Break and Enter,55,206,0.267,515.84,90.2,56,Very Safe,Break and Enter
East Willowdale (152),2019,NonMCI,45,206,0.2184,515.84,90.2,56,Very Safe,Break and Enter
East Willowdale (152),2019,Robbery,20,206,0.0971,515.84,90.2,56,Very Safe,Break and Enter
East Willowdale (152),2019,Theft Over,8,206,0.0388,515.84,90.2,56,Very Safe,Break and Enter
Edenbridge-Humber Valley (9),2019,Assault,35,154,0.2273,368.03,94.6,27,Very Safe,Break and Enter
Edenbridge-Humber Valley (9),2019,Auto Theft,22,154,0.1429,368.03,94.6,27,Very Safe,Break and Enter
Edenbridge-Humber Valley (9),2019,Break and Enter,53,154,0.3442,368.03,94.6,27,Very Safe,Break and Enter
Edenbridge-Humber Valley (9),2019,NonMCI,32,154,0.2078,368.03,94.6,27,Very Safe,Break and Enter
Edenbridge-Humber Valley (9),2019,Robbery,3,154,0.0195,368.03,94.6,27,Very Safe,Break and Enter
Edenbridge-Humber Valley (9),2019,Theft Over,9,154,0.0584,368.03,94.6,27,Very Safe,Break and Enter
Eglinton East (138),2019,Assault,179,362,0.4945,1048.97,74.5,130,Safe,Assault
Eglinton East (138),2019,Auto Theft,25,362,0.0691,1048.97,74.5,130,Safe,Assault
Eglinton East (138),2019,Break and Enter,59,362,0.163,1048.97,74.5,130,Safe,Assault
Eglinton East (138),2019,NonMCI,59,362,0.163,1048.97,74.5,130,Safe,Assault
Eglinton East (138),2019,Robbery,33,362,0.0912,1048.97,74.5,130,Safe,Assault
Eglinton East (138),2019,Theft Over,7,362,0.0193,1048.97,74.5,130,Safe,Assault
Elms-Old Rexdale (5),2019,Assault,67,147,0.4558,406.38,93.5,37,Very Safe,Assault
Elms-Old Rexdale (5),2019,Auto Theft,27,147,0.1837,406.38,93.5,37,Very Safe,Assault
Elms-Old Rexdale (5),2019,Break and Enter,10,147,0.068,406.38,93.5,37,Very Safe,Assault
Elms-Old Rexdale (5),2019,NonMCI,25,147,0.1701,406.38,93.5,37,Very Safe,Assault
Elms-Old Rexdale (5),2019,Robbery,14,147,0.0952,406.38,93.5,37,Very Safe,Assault
Elms-Old Rexdale (5),2019,Theft Over,4,147,0.0272,406.38,93.5,37,Very Safe,Assault
Englemount-Lawrence (32),2019,Assault,101,233,0.4335,621.48,87.1,84,Very Safe,Assault
Englemount-Lawrence (32),2019,Auto Theft,19,233,0.0815,621.48,87.1,84,Very Safe,Assault
Englemount-Lawrence (32),2019,Break and Enter,31,233,0.133,621.48,87.1,84,Very Safe,Assault
Englemount-Lawrence (32),2019,NonMCI,61,233,0.2618,621.48,87.1,84,Very Safe,Assault
Englemount-Lawrence (32),2019,Robbery,14,233,0.0601,621.48,87.1,84,Very Safe,Assault
Englemount-Lawrence (32),2019,Theft Over,7,233,0.03,621.48,87.1,84,Very Safe,Assault
Eringate-Centennial-West Deane (11),2019,Assault,42,147,0.2857,356.11,95.0,24,Very Safe,Assault
Eringate-Centennial-West Deane (11),2019,Auto Theft,35,147,0.2381,356.11,95.0,24,Very Safe,Assault
Eringate-Centennial-West Deane (11),2019,Break and Enter,20,147,0.1361,356.11,95.0,24,Very Safe,Assault
Eringate-Centennial-West Deane (11),2019,NonMCI,35,147,0.2381,356.11,95.0,24,Very Safe,Assault
Eringate-Centennial-West Deane (11),2019,Robbery,11,147,0.0748,356.11,95.0,24,Very Safe,Assault
Eringate-Centennial-West Deane (11),2019,Theft Over,4,147,0.0272,356.11,95.0,24,Very Safe,Assault
Etobicoke City Centre (159),2019,Assault,129,471,0.2739,1111.27,72.6,134,Safe,Assault
Etobicoke City Centre (159),2019,Auto Theft,107,471,0.2272,1111.27,72.6,134,Safe,Assault
Etobicoke City Centre (159),2019,Break and Enter,73,471,0.155,1111.27,72.6,134,Safe,Assault
Etobicoke City Centre (159),2019,NonMCI,116,471,0.2463,1111.27,72.6,134,Safe,Assault
Etobicoke City Centre (159),2019,Robbery,18,471,0.0382,1111.27,72.6,134,Safe,Assault
Etobicoke City Centre (159),2019,Theft Over,28,471,0.0594,1111.27,72.6,134,Safe,Assault
Etobicoke West Mall (13),2019,Assault,37,85,0.4353,230.47,98.7,6,Very Safe,Assault
Etobicoke West Mall (13),2019,Auto Theft,10,85,0.1176,230.47,98.7,6,Very Safe,Assault
Etobicoke West Mall (13),2019,Break and Enter,8,85,0.0941,230.47,98.7,6,Very Safe,Assault
Etobicoke West Mall (13),2019,NonMCI,18,85,0.2118,230.47,98.7,6,Very Safe,Assault
Etobicoke West Mall (13),2019,Robbery,8,85,0.0941,230.47,98.7,6,Very Safe,Assault
Etobicoke West Mall (13),2019,Theft Over,4,85,0.0471,230.47,98.7,6,Very Safe,Assault
Fenside-Parkwoods (150),2019,Assault,90,237,0.3797,603.26,87.7,76,Very Safe,Assault
Fenside-Parkwoods (150),2019,Auto Theft,21,237,0.0886,603.26,87.7,76,Very Safe,Assault
Fenside-Parkwoods (150),2019,Break and Enter,33,237,0.1392,603.26,87.7,76,Very Safe,Assault
Fenside-Parkwoods (150),2019,NonMCI,74,237,0.3122,603.26,87.7,76,Very Safe,Assault
Fenside-Parkwoods (150),2019,Robbery,17,237,0.0717,603.26,87.7,76,Very Safe,Assault
Fenside-Parkwoods (150),2019,Theft Over,2,237,0.0084,603.26,87.7,76,Very Safe,Assault
Flemingdon Park (44),2019,Assault,130,182,0.7143,592.94,88.0,73,Very Safe,Assault
Flemingdon Park (44),2019,Auto Theft,9,182,0.0495,592.94,88.0,73,Very Safe,Assault
Flemingdon Park (44),2019,Break and Enter,15,182,0.0824,592.94,88.0,73,Very Safe,Assault
Flemingdon Park (44),2019,NonMCI,16,182,0.0879,592.94,88.0,73,Very Safe,Assault
Flemingdon Park (44),2019,Robbery,9,182,0.0495,592.94,88.0,73,Very Safe,Assault
Flemingdon Park (44),2019,Theft Over,3,182,0.0165,592.94,88.0,73,Very Safe,Assault
Forest Hill North (102),2019,Assault,38,154,0.2468,383.2,94.2,30,Very Safe,Assault
Forest Hill North (102),2019,Auto Theft,27,154,0.1753,383.2,94.2,30,Very Safe,Assault
Forest Hill North (102),2019,Break and Enter,38,154,0.2468,383.2,94.2,30,Very Safe,Assault
Forest Hill North (102),2019,NonMCI,31,154,0.2013,383.2,94.2,30,Very Safe,Assault
Forest Hill North (102),2019,Robbery,16,154,0.1039,383.2,94.2,30,Very Safe,Assault
Forest Hill North (102),2019,Theft Over,4,154,0.026,383.2,94.2,30,Very Safe,Assault
Forest Hill South (101),2019,Assault,30,129,0.2326,313.18,96.2,15,Very Safe,Break and Enter
Forest Hill South (101),2019,Auto Theft,19,129,0.1473,313.18,96.2,15,Very Safe,Break and Enter
Forest Hill South (101),2019,Break and Enter,36,129,0.2791,313.18,96.2,15,Very Safe,Break and Enter
Forest Hill South (101),2019,NonMCI,29,129,0.2248,313.18,96.2,15,Very Safe,Break and Enter
Forest Hill South (101),2019,Robbery,11,129,0.0853,313.18,96.2,15,Very Safe,Break and Enter
Forest Hill South (101),2019,Theft Over,4,129,0.031,313.18,96.2,15,Very Safe,Break and Enter
Fort York-Liberty Village (163),2019,Assault,117,283,0.4134,776.15,82.5,102,Very Safe,Assault
Fort York-Liberty Village (163),2019,Auto Theft,23,283,0.0813,776.15,82.5,102,Very Safe,Assault
Fort York-Liberty Village (163),2019,Break and Enter,80,283,0.2827,776.15,82.5,102,Very Safe,Assault
Fort York-Liberty Village (163),2019,NonMCI,46,283,0.1625,776.15,82.5,102,Very Safe,Assault
Fort York-Liberty Village (163),2019,Robbery,8,283,0.0283,776.15,82.5,102,Very Safe,Assault
Fort York-Liberty Village (163),2019,Theft Over,9,283,0.0318,776.15,82.5,102,Very Safe,Assault
Glenfield-Jane Heights (25),2019,Assault,297,533,0.5572,1575.11,58.9,147,Moderate,Assault
Glenfield-Jane Heights (25),2019,Auto Theft,74,533,0.1388,1575.11,58.9,147,Moderate,Assault
Glenfield-Jane Heights (25),2019,Break and Enter,35,533,0.0657,1575.11,58.9,147,Moderate,Assault
Glenfield-Jane Heights (25),2019,NonMCI,73,533,0.137,1575.11,58.9,147,Moderate,Assault
Glenfield-Jane Heights (25),2019,Robbery,42,533,0.0788,1575.11,58.9,147,Moderate,Assault
Glenfield-Jane Heights (25),2019,Theft Over,12,533,0.0225,1575.11,58.9,147,Moderate,Assault
Golfdale-Cedarbrae-Woburn (141),2019,Assault,199,361,0.5512,1071.47,73.8,132,Safe,Assault
Golfdale-Cedarbrae-Woburn (141),2019,Auto Theft,23,361,0.0637,1071.47,73.8,132,Safe,Assault
Golfdale-Cedarbrae-Woburn (141),2019,Break and Enter,41,361,0.1136,1071.47,73.8,132,Safe,Assault
Golfdale-Cedarbrae-Woburn (141),2019,NonMCI,61,361,0.169,1071.47,73.8,132,Safe,Assault
Golfdale-Cedarbrae-Woburn (141),2019,Robbery,33,361,0.0914,1071.47,73.8,132,Safe,Assault
Golfdale-Cedarbrae-Woburn (141),2019,Theft Over,4,361,0.0111,1071.47,73.8,132,Safe,Assault
Greenwood-Coxwell (65),2019,Assault,113,302,0.3742,752.84,83.2,101,Very Safe,Assault
Greenwood-Coxwell (65),2019,Auto Theft,25,302,0.0828,752.84,83.2,101,Very Safe,Assault
Greenwood-Coxwell (65),2019,Break and Enter,49,302,0.1623,752.84,83.2,101,Very Safe,Assault
Greenwood-Coxwell (65),2019,NonMCI,99,302,0.3278,752.84,83.2,101,Very Safe,Assault
Greenwood-Coxwell (65),2019,Robbery,10,302,0.0331,752.84,83.2,101,Very Safe,Assault
Greenwood-Coxwell (65),2019,Theft Over,6,302,0.0199,752.84,83.2,101,Very Safe,Assault
Guildwood (140),2019,Assault,26,75,0.3467,185.79,100.0,1,Very Safe,NonMCI
Guildwood (140),2019,Auto Theft,3,75,0.04,185.79,100.0,1,Very Safe,NonMCI
Guildwood (140),2019,Break and Enter,11,75,0.1467,185.79,100.0,1,Very Safe,NonMCI
Guildwood (140),2019,NonMCI,27,75,0.36,185.79,100.0,1,Very Safe,NonMCI
Guildwood (140),2019,Robbery,6,75,0.08,185.79,100.0,1,Very Safe,NonMCI
Guildwood (140),2019,Theft Over,2,75,0.0267,185.79,100.0,1,Very Safe,NonMCI
Harbourfront-CityPlace (165),2019,Assault,173,342,0.5058,1001.17,75.9,125,Safe,Assault
Harbourfront-CityPlace (165),2019,Auto Theft,16,342,0.0468,1001.17,75.9,125,Safe,Assault
Harbourfront-CityPlace (165),2019,Break and Enter,81,342,0.2368,1001.17,75.9,125,Safe,Assault
Harbourfront-CityPlace (165),2019,NonMCI,39,342,0.114,1001.17,75.9,125,Safe,Assault
Harbourfront-CityPlace (165),2019,Robbery,13,342,0.038,1001.17,75.9,125,Safe,Assault
Harbourfront-CityPlace (165),2019,Theft Over,20,342,0.0585,1001.17,75.9,125,Safe,Assault
Henry Farm (53),2019,Assault,76,233,0.3262,558.9,89.0,65,Very Safe,NonMCI
Henry Farm (53),2019,Auto Theft,21,233,0.0901,558.9,89.0,65,Very Safe,NonMCI
Henry Farm (53),2019,Break and Enter,38,233,0.1631,558.9,89.0,65,Very Safe,NonMCI
Henry Farm (53),2019,NonMCI,79,233,0.3391,558.9,89.0,65,Very Safe,NonMCI
Henry Farm (53),2019,Robbery,6,233,0.0258,558.9,89.0,65,Very Safe,NonMCI
Henry Farm (53),2019,Theft Over,13,233,0.0558,558.9,89.0,65,Very Safe,NonMCI
High Park North (88),2019,Assault,93,248,0.375,662.07,85.9,89,Very Safe,Assault
High Park North (88),2019,Auto Theft,24,248,0.0968,662.07,85.9,89,Very Safe,Assault
High Park North (88),2019,Break and Enter,67,248,0.2702,662.07,85.9,89,Very Safe,Assault
High Park North (88),2019,NonMCI,47,248,0.1895,662.07,85.9,89,Very Safe,Assault
High Park North (88),2019,Robbery,12,248,0.0484,662.07,85.9,89,Very Safe,Assault
High Park North (88),2019,Theft Over,5,248,0.0202,662.07,85.9,89,Very Safe,Assault
High Park-Swansea (87),2019,Assault,83,239,0.3473,616.56,87.3,81,Very Safe,Assault
High Park-Swansea (87),2019,Auto Theft,22,239,0.0921,616.56,87.3,81,Very Safe,Assault
High Park-Swansea (87),2019,Break and Enter,52,239,0.2176,616.56,87.3,81,Very Safe,Assault
High Park-Swansea (87),2019,NonMCI,52,239,0.2176,616.56,87.3,81,Very Safe,Assault
High Park-Swansea (87),2019,Robbery,15,239,0.0628,616.56,87.3,81,Very Safe,Assault
High Park-Swansea (87),2019,Theft Over,15,239,0.0628,616.56,87.3,81,Very Safe,Assault
Highland Creek (134),2019,Assault,54,168,0.3214,426.27,92.9,39,Very Safe,Assault
Highland Creek (134),2019,Auto Theft,26,168,0.1548,426.27,92.9,39,Very Safe,Assault
Highland Creek (134),2019,Break and Enter,33,168,0.1964,426.27,92.9,39,Very Safe,Assault
Highland Creek (134),2019,NonMCI,42,168,0.25,426.27,92.9,39,Very Safe,Assault
Highland Creek (134),2019,Robbery,13,168,0.0774,426.27,92.9,39,Very Safe,Assault
Highland Creek (134),2019,Theft Over,0,168,0.0,426.27,92.9,39,Very Safe,Assault
Hillcrest Village (48),2019,Assault,67,197,0.3401,506.02,90.5,51,Very Safe,Assault
Hillcrest Village (48),2019,Auto Theft,24,197,0.1218,506.02,90.5,51,Very Safe,Assault
Hillcrest Village (48),2019,Break and Enter,35,197,0.1777,506.02,90.5,51,Very Safe,Assault
Hillcrest Village (48),2019,NonMCI,47,197,0.2386,506.02,90.5,51,Very Safe,Assault
Hillcrest Village (48),2019,Robbery,18,197,0.0914,506.02,90.5,51,Very Safe,Assault
Hillcrest Village (48),2019,Theft Over,6,197,0.0305,506.02,90.5,51,Very Safe,Assault
Humber Bay Shores (161),2019,Assault,91,177,0.5141,523.64,90.0,60,Very Safe,Assault
Humber Bay Shores (161),2019,Auto Theft,22,177,0.1243,523.64,90.0,60,Very Safe,Assault
Humber Bay Shores (161),2019,Break and Enter,33,177,0.1864,523.64,90.0,60,Very Safe,Assault
Humber Bay Shores (161),2019,NonMCI,17,177,0.096,523.64,90.0,60,Very Safe,Assault
Humber Bay Shores (161),2019,Robbery,10,177,0.0565,523.64,90.0,60,Very Safe,Assault
Humber Bay Shores (161),2019,Theft Over,4,177,0.0226,523.64,90.0,60,Very Safe,Assault
Humber Heights-Westmount (8),2019,Assault,32,96,0.3333,249.75,98.1,8,Very Safe,Assault
Humber Heights-Westmount (8),2019,Auto Theft,17,96,0.1771,249.75,98.1,8,Very Safe,Assault
Humber Heights-Westmount (8),2019,Break and Enter,23,96,0.2396,249.75,98.1,8,Very Safe,Assault
Humber Heights-Westmount (8),2019,NonMCI,14,96,0.1458,249.75,98.1,8,Very Safe,Assault
Humber Heights-Westmount (8),2019,Robbery,5,96,0.0521,249.75,98.1,8,Very Safe,Assault
Humber Heights-Westmount (8),2019,Theft Over,5,96,0.0521,249.75,98.1,8,Very Safe,Assault
Humber Summit (21),2019,Assault,121,414,0.2923,1024.14,75.2,128,Safe,Assault
Humber Summit (21),2019,Auto Theft,119,414,0.2874,1024.14,75.2,128,Safe,Assault
Humber Summit (21),2019,Break and Enter,59,414,0.1425,1024.14,75.2,128,Safe,Assault
Humber Summit (21),2019,NonMCI,68,414,0.1643,1024.14,75.2,128,Safe,Assault
Humber Summit (21),2019,Robbery,26,414,0.0628,1024.14,75.2,128,Safe,Assault
Humber Summit (21),2019,Theft Over,21,414,0.0507,1024.14,75.2,128,Safe,Assault
Humbermede (22),2019,Assault,124,320,0.3875,879.94,79.5,114,Safe,Assault
Humbermede (22),2019,Auto Theft,58,320,0.1812,879.94,79.5,114,Safe,Assault
Humbermede (22),2019,Break and Enter,66,320,0.2062,879.94,79.5,114,Safe,Assault
Humbermede (22),2019,NonMCI,38,320,0.1188,879.94,79.5,114,Safe,Assault
Humbermede (22),2019,Robbery,26,320,0.0812,879.94,79.5,114,Safe,Assault
Humbermede (22),2019,Theft Over,8,320,0.025,879.94,79.5,114,Safe,Assault
Humewood-Cedarvale (106),2019,Assault,36,137,0.2628,321.24,96.0,18,Very Safe,NonMCI
Humewood-Cedarvale (106),2019,Auto Theft,15,137,0.1095,321.24,96.0,18,Very Safe,NonMCI
Humewood-Cedarvale (106),2019,Break and Enter,28,137,0.2044,321.24,96.0,18,Very Safe,NonMCI
Humewood-Cedarvale (106),2019,NonMCI,46,137,0.3358,321.24,96.0,18,Very Safe,NonMCI
Humewood-Cedarvale (106),2019,Robbery,9,137,0.0657,321.24,96.0,18,Very Safe,NonMCI
Humewood-Cedarvale (106),2019,Theft Over,3,137,0.0219,321.24,96.0,18,Very Safe,NonMCI
Ionview (125),2019,Assault,85,154,0.5519,453.8,92.1,43,Very Safe,Assault
Ionview (125),2019,Auto Theft,9,154,0.0584,453.8,92.1,43,Very Safe,Assault
Ionview (125),2019,Break and Enter,19,154,0.1234,453.8,92.1,43,Very Safe,Assault
Ionview (125),2019,NonMCI,28,154,0.1818,453.8,92.1,43,Very Safe,Assault
Ionview (125),2019,Robbery,11,154,0.0714,453.8,92.1,43,Very Safe,Assault
Ionview (125),2019,Theft Over,2,154,0.013,453.8,92.1,43,Very Safe,Assault
Islington (158),2019,Assault,79,273,0.2894,662.66,85.9,89,Very Safe,Assault
Islington (158),2019,Auto Theft,48,273,0.1758,662.66,85.9,89,Very Safe,Assault
Islington (158),2019,Break and Enter,51,273,0.1868,662.66,85.9,89,Very Safe,Assault
Islington (158),2019,NonMCI,75,273,0.2747,662.66,85.9,89,Very Safe,Assault
Islington (158),2019,Robbery,12,273,0.044,662.66,85.9,89,Very Safe,Assault
Islington (158),2019,Theft Over,8,273,0.0293,662.66,85.9,89,Very Safe,Assault
Junction Area (90),2019,Assault,89,233,0.382,611.88,87.4,80,Very Safe,Assault
Junction Area (90),2019,Auto Theft,29,233,0.1245,611.88,87.4,80,Very Safe,Assault
Junction Area (90),2019,Break and Enter,43,233,0.1845,611.88,87.4,80,Very Safe,Assault
Junction Area (90),2019,NonMCI,50,233,0.2146,611.88,87.4,80,Very Safe,Assault
Junction Area (90),2019,Robbery,13,233,0.0558,611.88,87.4,80,Very Safe,Assault
Junction Area (90),2019,Theft Over,9,233,0.0386,611.88,87.4,80,Very Safe,Assault
Junction-Wallace Emerson (171),2019,Assault,178,463,0.3844,1225.94,69.3,138,Safe,Assault
Junction-Wallace Emerson (171),2019,Auto Theft,23,463,0.0497,1225.94,69.3,138,Safe,Assault
Junction-Wallace Emerson (171),2019,Break and Enter,104,463,0.2246,1225.94,69.3,138,Safe,Assault
Junction-Wallace Emerson (171),2019,NonMCI,123,463,0.2657,1225.94,69.3,138,Safe,Assault
Junction-Wallace Emerson (171),2019,Robbery,30,463,0.0648,1225.94,69.3,138,Safe,Assault
Junction-Wallace Emerson (171),2019,Theft Over,5,463,0.0108,1225.94,69.3,138,Safe,Assault
Keelesdale-Eglinton West (110),2019,Assault,59,146,0.4041,386.96,94.0,33,Very Safe,Assault
Keelesdale-Eglinton West (110),2019,Auto Theft,30,146,0.2055,386.96,94.0,33,Very Safe,Assault
Keelesdale-Eglinton West (110),2019,Break and Enter,15,146,0.1027,386.96,94.0,33,Very Safe,Assault
Keelesdale-Eglinton West (110),2019,NonMCI,25,146,0.1712,386.96,94.0,33,Very Safe,Assault
Keelesdale-Eglinton West (110),2019,Robbery,10,146,0.0685,386.96,94.0,33,Very Safe,Assault
Keelesdale-Eglinton West (110),2019,Theft Over,7,146,0.0479,386.96,94.0,33,Very Safe,Assault
Kennedy Park (124),2019,Assault,206,357,0.577,1062.14,74.1,131,Safe,Assault
Kennedy Park (124),2019,Auto Theft,20,357,0.056,1062.14,74.1,131,Safe,Assault
Kennedy Park (124),2019,Break and Enter,37,357,0.1036,1062.14,74.1,131,Safe,Assault
Kennedy Park (124),2019,NonMCI,64,357,0.1793,1062.14,74.1,131,Safe,Assault
Kennedy Park (124),2019,Robbery,23,357,0.0644,1062.14,74.1,131,Safe,Assault
Kennedy Park (124),2019,Theft Over,7,357,0.0196,1062.14,74.1,131,Safe,Assault
Kensington-Chinatown (78),2019,Assault,364,1087,0.3349,2727.36,24.9,154,Risky,Assault
Kensington-Chinatown (78),2019,Auto Theft,39,1087,0.0359,2727.36,24.9,154,Risky,Assault
Kensington-Chinatown (78),2019,Break and Enter,275,1087,0.253,2727.36,24.9,154,Risky,Assault
Kensington-Chinatown (78),2019,NonMCI,325,1087,0.299,2727.36,24.9,154,Risky,Assault
Kensington-Chinatown (78),2019,Robbery,45,1087,0.0414,2727.36,24.9,154,Risky,Assault
Kensington-Chinatown (78),2019,Theft Over,39,1087,0.0359,2727.36,24.9,154,Risky,Assault
Kingsview Village-The Westway (6),2019,Assault,88,208,0.4231,560.02,88.9,66,Very Safe,Assault
Kingsview Village-The Westway (6),2019,Auto Theft,37,208,0.1779,560.02,88.9,66,Very Safe,Assault
Kingsview Village-The Westway (6),2019,Break and Enter,27,208,0.1298,560.02,88.9,66,Very Safe,Assault
Kingsview Village-The Westway (6),2019,NonMCI,39,208,0.1875,560.02,88.9,66,Very Safe,Assault
Kingsview Village-The Westway (6),2019,Robbery,14,208,0.0673,560.02,88.9,66,Very Safe,Assault
Kingsview Village-The Westway (6),2019,Theft Over,3,208,0.0144,560.02,88.9,66,Very Safe,Assault
Kingsway South (15),2019,Assault,27,116,0.2328,280.8,97.2,11,Very Safe,Auto Theft
Kingsway South (15),2019,Auto Theft,28,116,0.2414,280.8,97.2,11,Very Safe,Auto Theft
Kingsway South (15),2019,Break and Enter,25,116,0.2155,280.8,97.2,11,Very Safe,Auto Theft
Kingsway South (15),2019,NonMCI,22,116,0.1897,280.8,97.2,11,Very Safe,Auto Theft
Kingsway South (15),2019,Robbery,10,116,0.0862,280.8,97.2,11,Very Safe,Auto Theft
Kingsway South (15),2019,Theft Over,4,116,0.0345,280.8,97.2,11,Very Safe,Auto Theft
L'Amoreaux West (147),2019,Assault,104,217,0.4793,630.98,86.8,85,Very Safe,Assault
L'Amoreaux West (147),2019,Auto Theft,20,217,0.0922,630.98,86.8,85,Very Safe,Assault
L'Amoreaux West (147),2019,Break and Enter,46,217,0.212,630.98,86.8,85,Very Safe,Assault
L'Amoreaux West (147),2019,NonMCI,29,217,0.1336,630.98,86.8,85,Very Safe,Assault
L'Amoreaux West (147),2019,Robbery,18,217,0.0829,630.98,86.8,85,Very Safe,Assault
L'Amoreaux West (147),2019,Theft Over,0,217,0.0,630.98,86.8,85,Very Safe,Assault
Lambton Baby Point (114),2019,Assault,26,72,0.3611,185.19,100.0,1,Very Safe,Assault
Lambton Baby Point (114),2019,Auto Theft,9,72,0.125,185.19,100.0,1,Very Safe,Assault
Lambton Baby Point (114),2019,Break and Enter,14,72,0.1944,185.19,100.0,1,Very Safe,Assault
Lambton Baby Point (114),2019,NonMCI,17,72,0.2361,185.19,100.0,1,Very Safe,Assault
Lambton Baby Point (114),2019,Robbery,4,72,0.0556,185.19,100.0,1,Very Safe,Assault
Lambton Baby Point (114),2019,Theft Over,2,72,0.0278,185.19,100.0,1,Very Safe,Assault
Lansing-Westgate (38),2019,Assault,66,214,0.3084,512.19,90.3,54,Very Safe,NonMCI
Lansing-Westgate (38),2019,Auto Theft,24,214,0.1121,512.19,90.3,54,Very Safe,NonMCI
Lansing-Westgate (38),2019,Break and Enter,38,214,0.1776,512.19,90.3,54,Very Safe,NonMCI
Lansing-Westgate (38),2019,NonMCI,70,214,0.3271,512.19,90.3,54,Very Safe,NonMCI
Lansing-Westgate (38),2019,Robbery,7,214,0.0327,512.19,90.3,54,Very Safe,NonMCI
Lansing-Westgate (38),2019,Theft Over,9,214,0.0421,512.19,90.3,54,Very Safe,NonMCI
Lawrence Park North (105),2019,Assault,33,134,0.2463,296.63,96.7,13,Very Safe,NonMCI
Lawrence Park North (105),2019,Auto Theft,15,134,0.1119,296.63,96.7,13,Very Safe,NonMCI
Lawrence Park North (105),2019,Break and Enter,23,134,0.1716,296.63,96.7,13,Very Safe,NonMCI
Lawrence Park North (105),2019,NonMCI,55,134,0.4104,296.63,96.7,13,Very Safe,NonMCI
Lawrence Park North (105),2019,Robbery,4,134,0.0299,296.63,96.7,13,Very Safe,NonMCI
Lawrence Park North (105),2019,Theft Over,4,134,0.0299,296.63,96.7,13,Very Safe,NonMCI
Lawrence Park South (103),2019,Assault,24,174,0.1379,382.05,94.2,30,Very Safe,Break and Enter
Lawrence Park South (103),2019,Auto Theft,23,174,0.1322,382.05,94.2,30,Very Safe,Break and Enter
Lawrence Park South (103),2019,Break and Enter,58,174,0.3333,382.05,94.2,30,Very Safe,Break and Enter
Lawrence Park South (103),2019,NonMCI,53,174,0.3046,382.05,94.2,30,Very Safe,Break and Enter
Lawrence Park South (103),2019,Robbery,7,174,0.0402,382.05,94.2,30,Very Safe,Break and Enter
Lawrence Park South (103),2019,Theft Over,9,174,0.0517,382.05,94.2,30,Very Safe,Break and Enter
Leaside-Bennington (56),2019,Assault,31,156,0.1987,352.15,95.1,23,Very Safe,Break and Enter
Leaside-Bennington (56),2019,Auto Theft,26,156,0.1667,352.15,95.1,23,Very Safe,Break and Enter
Leaside-Bennington (56),2019,Break and Enter,46,156,0.2949,352.15,95.1,23,Very Safe,Break and Enter
Leaside-Bennington (56),2019,NonMCI,45,156,0.2885,352.15,95.1,23,Very Safe,Break and Enter
Leaside-Bennington (56),2019,Robbery,2,156,0.0128,352.15,95.1,23,Very Safe,Break and Enter
Leaside-Bennington (56),2019,Theft Over,6,156,0.0385,352.15,95.1,23,Very Safe,Break and Enter
Little Portugal (84),2019,Assault,76,205,0.3707,546.35,89.3,64,Very Safe,Assault
Little Portugal (84),2019,Auto Theft,11,205,0.0537,546.35,89.3,64,Very Safe,Assault
Little Portugal (84),2019,Break and Enter,60,205,0.2927,546.35,89.3,64,Very Safe,Assault
Little Portugal (84),2019,NonMCI,42,205,0.2049,546.35,89.3,64,Very Safe,Assault
Little Portugal (84),2019,Robbery,8,205,0.039,546.35,89.3,64,Very Safe,Assault
Little Portugal (84),2019,Theft Over,8,205,0.039,546.35,89.3,64,Very Safe,Assault
Long Branch (19),2019,Assault,59,159,0.3711,416.79,93.2,38,Very Safe,Assault
Long Branch (19),2019,Auto Theft,10,159,0.0629,416.79,93.2,38,Very Safe,Assault
Long Branch (19),2019,Break and Enter,30,159,0.1887,416.79,93.2,38,Very Safe,Assault
Long Branch (19),2019,NonMCI,44,159,0.2767,416.79,93.2,38,Very Safe,Assault
Long Branch (19),2019,Robbery,15,159,0.0943,416.79,93.2,38,Very Safe,Assault
Long Branch (19),2019,Theft Over,1,159,0.0063,416.79,93.2,38,Very Safe,Assault
Malvern East (146),2019,Assault,196,307,0.6384,950.34,77.4,119,Safe,Assault
Malvern East (146),2019,Auto Theft,38,307,0.1238,950.34,77.4,119,Safe,Assault
Malvern East (146),2019,Break and Enter,14,307,0.0456,950.34,77.4,119,Safe,Assault
Malvern East (146),2019,NonMCI,34,307,0.1107,950.34,77.4,119,Safe,Assault
Malvern East (146),2019,Robbery,22,307,0.0717,950.34,77.4,119,Safe,Assault
Malvern East (146),2019,Theft Over,3,307,0.0098,950.34,77.4,119,Safe,Assault
Malvern West (145),2019,Assault,112,246,0.4553,686.84,85.2,95,Very Safe,Assault
Malvern West (145),2019,Auto Theft,34,246,0.1382,686.84,85.2,95,Very Safe,Assault
Malvern West (145),2019,Break and Enter,28,246,0.1138,686.84,85.2,95,Very Safe,Assault
Malvern West (145),2019,NonMCI,44,246,0.1789,686.84,85.2,95,Very Safe,Assault
Malvern West (145),2019,Robbery,21,246,0.0854,686.84,85.2,95,Very Safe,Assault
Malvern West (145),2019,Theft Over,7,246,0.0285,686.84,85.2,95,Very Safe,Assault
Maple Leaf (29),2019,Assault,27,84,0.3214,211.33,99.2,4,Very Safe,Assault
Maple Leaf (29),2019,Auto Theft,19,84,0.2262,211.33,99.2,4,Very Safe,Assault
Maple Leaf (29),2019,Break and Enter,15,84,0.1786,211.33,99.2,4,Very Safe,Assault
Maple Leaf (29),2019,NonMCI,16,84,0.1905,211.33,99.2,4,Very Safe,Assault
Maple Leaf (29),2019,Robbery,4,84,0.0476,211.33,99.2,4,Very Safe,Assault
Maple Leaf (29),2019,Theft Over,3,84,0.0357,211.33,99.2,4,Very Safe,Assault
Markland Wood (12),2019,Assault,14,81,0.1728,200.16,99.6,3,Very Safe,Break and Enter
Markland Wood (12),2019,Auto Theft,9,81,0.1111,200.16,99.6,3,Very Safe,Break and Enter
Markland Wood (12),2019,Break and Enter,25,81,0.3086,200.16,99.6,3,Very Safe,Break and Enter
Markland Wood (12),2019,NonMCI,16,81,0.1975,200.16,99.6,3,Very Safe,Break and Enter
Markland Wood (12),2019,Robbery,14,81,0.1728,200.16,99.6,3,Very Safe,Break and Enter
Markland Wood (12),2019,Theft Over,3,81,0.037,200.16,99.6,3,Very Safe,Break and Enter
Milliken (130),2019,Assault,83,414,0.2005,1002.05,75.9,125,Safe,Break and Enter
Milliken (130),2019,Auto Theft,73,414,0.1763,1002.05,75.9,125,Safe,Break and Enter
Milliken (130),2019,Break and Enter,133,414,0.3213,1002.05,75.9,125,Safe,Break and Enter
Milliken (130),2019,NonMCI,73,414,0.1763,1002.05,75.9,125,Safe,Break and Enter
Milliken (130),2019,Robbery,32,414,0.0773,1002.05,75.9,125,Safe,Break and Enter
Milliken (130),2019,Theft Over,20,414,0.0483,1002.05,75.9,125,Safe,Break and Enter
Mimico-Queensway (160),2019,Assault,205,381,0.5381,1084.61,73.4,133,Safe,Assault
Mimico-Queensway (160),2019,Auto Theft,37,381,0.0971,1084.61,73.4,133,Safe,Assault
Mimico-Queensway (160),2019,Break and Enter,46,381,0.1207,1084.61,73.4,133,Safe,Assault
Mimico-Queensway (160),2019,NonMCI,71,381,0.1864,1084.61,73.4,133,Safe,Assault
Mimico-Queensway (160),2019,Robbery,7,381,0.0184,1084.61,73.4,133,Safe,Assault
Mimico-Queensway (160),2019,Theft Over,15,381,0.0394,1084.61,73.4,133,Safe,Assault
Morningside (135),2019,Assault,149,229,0.6507,717.16,84.3,98,Very Safe,Assault
Morningside (135),2019,Auto Theft,9,229,0.0393,717.16,84.3,98,Very Safe,Assault
Morningside (135),2019,Break and Enter,17,229,0.0742,717.16,84.3,98,Very Safe,Assault
Morningside (135),2019,NonMCI,33,229,0.1441,717.16,84.3,98,Very Safe,Assault
Morningside (135),2019,Robbery,17,229,0.0742,717.16,84.3,98,Very Safe,Assault
Morningside (135),2019,Theft Over,4,229,0.0175,717.16,84.3,98,Very Safe,Assault
Morningside Heights (144),2019,Assault,99,246,0.4024,650.17,86.3,86,Very Safe,Assault
Morningside Heights (144),2019,Auto Theft,46,246,0.187,650.17,86.3,86,Very Safe,Assault
Morningside Heights (144),2019,Break and Enter,34,246,0.1382,650.17,86.3,86,Very Safe,Assault
Morningside Heights (144),2019,NonMCI,45,246,0.1829,650.17,86.3,86,Very Safe,Assault
Morningside Heights (144),2019,Robbery,12,246,0.0488,650.17,86.3,86,Very Safe,Assault
Morningside Heights (144),2019,Theft Over,10,246,0.0407,650.17,86.3,86,Very Safe,Assault
Moss Park (73),2019,Assault,588,1227,0.4792,3570.48,0.0,158,Very Risky,Assault
Moss Park (73),2019,Auto Theft,40,1227,0.0326,3570.48,0.0,158,Very Risky,Assault
Moss Park (73),2019,Break and Enter,230,1227,0.1874,3570.48,0.0,158,Very Risky,Assault
Moss Park (73),2019,NonMCI,207,1227,0.1687,3570.48,0.0,158,Very Risky,Assault
Moss Park (73),2019,Robbery,138,1227,0.1125,3570.48,0.0,158,Very Risky,Assault
Moss Park (73),2019,Theft Over,24,1227,0.0196,3570.48,0.0,158,Very Risky,Assault
Mount Dennis (115),2019,Assault,87,173,0.5029,493.53,90.9,47,Very Safe,Assault
Mount Dennis (115),2019,Auto Theft,21,173,0.1214,493.53,90.9,47,Very Safe,Assault
Mount Dennis (115),2019,Break and Enter,15,173,0.0867,493.53,90.9,47,Very Safe,Assault
Mount Dennis (115),2019,NonMCI,31,173,0.1792,493.53,90.9,47,Very Safe,Assault
Mount Dennis (115),2019,Robbery,14,173,0.0809,493.53,90.9,47,Very Safe,Assault
Mount Dennis (115),2019,Theft Over,5,173,0.0289,493.53,90.9,47,Very Safe,Assault
Mount Olive-Silverstone-Jamestown (2),2019,Assault,255,535,0.4766,1483.21,61.7,144,Safe,Assault
Mount Olive-Silverstone-Jamestown (2),2019,Auto Theft,79,535,0.1477,1483.21,61.7,144,Safe,Assault
Mount Olive-Silverstone-Jamestown (2),2019,Break and Enter,35,535,0.0654,1483.21,61.7,144,Safe,Assault
Mount Olive-Silverstone-Jamestown (2),2019,NonMCI,110,535,0.2056,1483.21,61.7,144,Safe,Assault
Mount Olive-Silverstone-Jamestown (2),2019,Robbery,49,535,0.0916,1483.21,61.7,144,Safe,Assault
Mount Olive-Silverstone-Jamestown (2),2019,Theft Over,7,535,0.0131,1483.21,61.7,144,Safe,Assault
Mount Pleasant East (99),2019,Assault,52,185,0.2811,450.63,92.2,41,Very Safe,NonMCI
Mount Pleasant East (99),2019,Auto Theft,17,185,0.0919,450.63,92.2,41,Very Safe,NonMCI
Mount Pleasant East (99),2019,Break and Enter,51,185,0.2757,450.63,92.2,41,Very Safe,NonMCI
Mount Pleasant East (99),2019,NonMCI,54,185,0.2919,450.63,92.2,41,Very Safe,NonMCI
Mount Pleasant East (99),2019,Robbery,9,185,0.0486,450.63,92.2,41,Very Safe,NonMCI
Mount Pleasant East (99),2019,Theft Over,2,185,0.0108,450.63,92.2,41,Very Safe,NonMCI
New Toronto (18),2019,Assault,101,204,0.4951,577.95,88.4,70,Very Safe,Assault
New Toronto (18),2019,Auto Theft,19,204,0.0931,577.95,88.4,70,Very Safe,Assault
New Toronto (18),2019,Break and Enter,25,204,0.1225,577.95,88.4,70,Very Safe,Assault
New Toronto (18),2019,NonMCI,40,204,0.1961,577.95,88.4,70,Very Safe,Assault
New Toronto (18),2019,Robbery,15,204,0.0735,577.95,88.4,70,Very Safe,Assault
New Toronto (18),2019,Theft Over,4,204,0.0196,577.95,88.4,70,Very Safe,Assault
Newtonbrook East (50),2019,Assault,78,238,0.3277,597.78,87.8,75,Very Safe,Assault
Newtonbrook East (50),2019,Auto Theft,33,238,0.1387,597.78,87.8,75,Very Safe,Assault
Newtonbrook East (50),2019,Break and Enter,53,238,0.2227,597.78,87.8,75,Very Safe,Assault
Newtonbrook East (50),2019,NonMCI,56,238,0.2353,597.78,87.8,75,Very Safe,Assault
Newtonbrook East (50),2019,Robbery,9,238,0.0378,597.78,87.8,75,Very Safe,Assault
Newtonbrook East (50),2019,Theft Over,9,238,0.0378,597.78,87.8,75,Very Safe,Assault
Newtonbrook West (36),2019,Assault,138,352,0.392,918.4,78.3,117,Safe,Assault
Newtonbrook West (36),2019,Auto Theft,53,352,0.1506,918.4,78.3,117,Safe,Assault
Newtonbrook West (36),2019,Break and Enter,53,352,0.1506,918.4,78.3,117,Safe,Assault
Newtonbrook West (36),2019,NonMCI,79,352,0.2244,918.4,78.3,117,Safe,Assault
Newtonbrook West (36),2019,Robbery,18,352,0.0511,918.4,78.3,117,Safe,Assault
Newtonbrook West (36),2019,Theft Over,11,352,0.0312,918.4,78.3,117,Safe,Assault
North Riverdale (68),2019,Assault,63,198,0.3182,499.67,90.7,48,Very Safe,Assault
North Riverdale (68),2019,Auto Theft,18,198,0.0909,499.67,90.7,48,Very Safe,Assault
North Riverdale (68),2019,Break and Enter,41,198,0.2071,499.67,90.7,48,Very Safe,Assault
North Riverdale (68),2019,NonMCI,55,198,0.2778,499.67,90.7,48,Very Safe,Assault
North Riverdale (68),2019,Robbery,17,198,0.0859,499.67,90.7,48,Very Safe,Assault
North Riverdale (68),2019,Theft Over,4,198,0.0202,499.67,90.7,48,Very Safe,Assault
North St.James Town (74),2019,Assault,213,433,0.4919,1228.74,69.2,139,Safe,Assault
North St.James Town (74),2019,Auto Theft,14,433,0.0323,1228.74,69.2,139,Safe,Assault
North St.James Town (74),2019,Break and Enter,72,433,0.1663,1228.74,69.2,139,Safe,Assault
North St.James Town (74),2019,NonMCI,92,433,0.2125,1228.74,69.2,139,Safe,Assault
North St.James Town (74),2019,Robbery,28,433,0.0647,1228.74,69.2,139,Safe,Assault
North St.James Town (74),2019,Theft Over,14,433,0.0323,1228.74,69.2,139,Safe,Assault
North Toronto (173),2019,Assault,78,153,0.5098,457.43,92.0,45,Very Safe,Assault
North Toronto (173),2019,Auto Theft,6,153,0.0392,457.43,92.0,45,Very Safe,Assault
North Toronto (173),2019,Break and Enter,37,153,0.2418,457.43,92.0,45,Very Safe,Assault
North Toronto (173),2019,NonMCI,17,153,0.1111,457.43,92.0,45,Very Safe,Assault
North Toronto (173),2019,Robbery,10,153,0.0654,457.43,92.0,45,Very Safe,Assault
North Toronto (173),2019,Theft Over,5,153,0.0327,457.43,92.0,45,Very Safe,Assault
O'Connor-Parkview (54),2019,Assault,140,290,0.4828,819.92,81.3,106,Very Safe,Assault
O'Connor-Parkview (54),2019,Auto Theft,24,290,0.0828,819.92,81.3,106,Very Safe,Assault
O'Connor-Parkview (54),2019,Break and Enter,56,290,0.1931,819.92,81.3,106,Very Safe,Assault
O'Connor-Parkview (54),2019,NonMCI,53,290,0.1828,819.92,81.3,106,Very Safe,Assault
O'Connor-Parkview (54),2019,Robbery,12,290,0.0414,819.92,81.3,106,Very Safe,Assault
O'Connor-Parkview (54),2019,Theft Over,5,290,0.0172,819.92,81.3,106,Very Safe,Assault
Oakdale-Beverley Heights (154),2019,Assault,265,586,0.4522,1599.61,58.2,148,Moderate,Assault
Oakdale-Beverley Heights (154),2019,Auto Theft,83,586,0.1416,1599.61,58.2,148,Moderate,Assault
Oakdale-Beverley Heights (154),2019,Break and Enter,76,586,0.1297,1599.61,58.2,148,Moderate,Assault
Oakdale-Beverley Heights (154),2019,NonMCI,122,586,0.2082,1599.61,58.2,148,Moderate,Assault
Oakdale-Beverley Heights (154),2019,Robbery,35,586,0.0597,1599.61,58.2,148,Moderate,Assault
Oakdale-Beverley Heights (154),2019,Theft Over,5,586,0.0085,1599.61,58.2,148,Moderate,Assault
Oakridge (121),2019,Assault,152,296,0.5135,868.63,79.8,112,Safe,Assault
Oakridge (121),2019,Auto Theft,7,296,0.0236,868.63,79.8,112,Safe,Assault
Oakridge (121),2019,Break and Enter,50,296,0.1689,868.63,79.8,112,Safe,Assault
Oakridge (121),2019,NonMCI,52,296,0.1757,868.63,79.8,112,Safe,Assault
Oakridge (121),2019,Robbery,30,296,0.1014,868.63,79.8,112,Safe,Assault
Oakridge (121),2019,Theft Over,5,296,0.0169,868.63,79.8,112,Safe,Assault
Oakwood Village (107),2019,Assault,138,305,0.4525,869.09,79.8,112,Safe,Assault
Oakwood Village (107),2019,Auto Theft,34,305,0.1115,869.09,79.8,112,Safe,Assault
Oakwood Village (107),2019,Break and Enter,48,305,0.1574,869.09,79.8,112,Safe,Assault
Oakwood Village (107),2019,NonMCI,49,305,0.1607,869.09,79.8,112,Safe,Assault
Oakwood Village (107),2019,Robbery,34,305,0.1115,869.09,79.8,112,Safe,Assault
Oakwood Village (107),2019,Theft Over,2,305,0.0066,869.09,79.8,112,Safe,Assault
Old East York (58),2019,Assault,45,111,0.4054,288.98,96.9,12,Very Safe,Assault
Old East York (58),2019,Auto Theft,4,111,0.036,288.98,96.9,12,Very Safe,Assault
Old East York (58),2019,Break and Enter,13,111,0.1171,288.98,96.9,12,Very Safe,Assault
Old East York (58),2019,NonMCI,36,111,0.3243,288.98,96.9,12,Very Safe,Assault
Old East York (58),2019,Robbery,11,111,0.0991,288.98,96.9,12,Very Safe,Assault
Old East York (58),2019,Theft Over,2,111,0.018,288.98,96.9,12,Very Safe,Assault
Palmerston-Little Italy (80),2019,Assault,83,226,0.3673,582.95,88.3,72,Very Safe,Assault
Palmerston-Little Italy (80),2019,Auto Theft,14,226,0.0619,582.95,88.3,72,Very Safe,Assault
Palmerston-Little Italy (80),2019,Break and Enter,51,226,0.2257,582.95,88.3,72,Very Safe,Assault
Palmerston-Little Italy (80),2019,NonMCI,57,226,0.2522,582.95,88.3,72,Very Safe,Assault
Palmerston-Little Italy (80),2019,Robbery,10,226,0.0442,582.95,88.3,72,Very Safe,Assault
Palmerston-Little Italy (80),2019,Theft Over,11,226,0.0487,582.95,88.3,72,Very Safe,Assault
Parkwoods-O'Connor Hills (149),2019,Assault,55,136,0.4044,369.21,94.6,27,Very Safe,Assault
Parkwoods-O'Connor Hills (149),2019,Auto Theft,7,136,0.0515,369.21,94.6,27,Very Safe,Assault
Parkwoods-O'Connor Hills (149),2019,Break and Enter,34,136,0.25,369.21,94.6,27,Very Safe,Assault
Parkwoods-O'Connor Hills (149),2019,NonMCI,29,136,0.2132,369.21,94.6,27,Very Safe,Assault
Parkwoods-O'Connor Hills (149),2019,Robbery,8,136,0.0588,369.21,94.6,27,Very Safe,Assault
Parkwoods-O'Connor Hills (149),2019,Theft Over,3,136,0.0221,369.21,94.6,27,Very Safe,Assault
Pelmo Park-Humberlea (23),2019,Assault,69,202,0.3416,516.39,90.2,56,Very Safe,Assault
Pelmo Park-Humberlea (23),2019,Auto Theft,67,202,0.3317,516.39,90.2,56,Very Safe,Assault
Pelmo Park-Humberlea (23),2019,Break and Enter,24,202,0.1188,516.39,90.2,56,Very Safe,Assault
Pelmo Park-Humberlea (23),2019,NonMCI,26,202,0.1287,516.39,90.2,56,Very Safe,Assault
Pelmo Park-Humberlea (23),2019,Robbery,9,202,0.0446,516.39,90.2,56,Very Safe,Assault
Pelmo Park-Humberlea (23),2019,Theft Over,7,202,0.0347,516.39,90.2,56,Very Safe,Assault
Playter Estates-Danforth (67),2019,Assault,80,206,0.3883,526.89,89.9,62,Very Safe,Assault
Playter Estates-Danforth (67),2019,Auto Theft,9,206,0.0437,526.89,89.9,62,Very Safe,Assault
Playter Estates-Danforth (67),2019,Break and Enter,34,206,0.165,526.89,89.9,62,Very Safe,Assault
Playter Estates-Danforth (67),2019,NonMCI,63,206,0.3058,526.89,89.9,62,Very Safe,Assault
Playter Estates-Danforth (67),2019,Robbery,10,206,0.0485,526.89,89.9,62,Very Safe,Assault
Playter Estates-Danforth (67),2019,Theft Over,10,206,0.0485,526.89,89.9,62,Very Safe,Assault
Pleasant View (46),2019,Assault,40,131,0.3053,311.97,96.3,14,Very Safe,NonMCI
Pleasant View (46),2019,Auto Theft,21,131,0.1603,311.97,96.3,14,Very Safe,NonMCI
Pleasant View (46),2019,Break and Enter,12,131,0.0916,311.97,96.3,14,Very Safe,NonMCI
Pleasant View (46),2019,NonMCI,44,131,0.3359,311.97,96.3,14,Very Safe,NonMCI
Pleasant View (46),2019,Robbery,10,131,0.0763,311.97,96.3,14,Very Safe,NonMCI
Pleasant View (46),2019,Theft Over,4,131,0.0305,311.97,96.3,14,Very Safe,NonMCI
Princess-Rosethorn (10),2019,Assault,27,132,0.2045,312.24,96.2,15,Very Safe,Break and Enter
Princess-Rosethorn (10),2019,Auto Theft,23,132,0.1742,312.24,96.2,15,Very Safe,Break and Enter
Princess-Rosethorn (10),2019,Break and Enter,32,132,0.2424,312.24,96.2,15,Very Safe,Break and Enter
Princess-Rosethorn (10),2019,NonMCI,32,132,0.2424,312.24,96.2,15,Very Safe,Break and Enter
Princess-Rosethorn (10),2019,Robbery,13,132,0.0985,312.24,96.2,15,Very Safe,Break and Enter
Princess-Rosethorn (10),2019,Theft Over,5,132,0.0379,312.24,96.2,15,Very Safe,Break and Enter
Regent Park (72),2019,Assault,166,338,0.4911,965.88,76.9,121,Safe,Assault
Regent Park (72),2019,Auto Theft,25,338,0.074,965.88,76.9,121,Safe,Assault
Regent Park (72),2019,Break and Enter,65,338,0.1923,965.88,76.9,121,Safe,Assault
Regent Park (72),2019,NonMCI,59,338,0.1746,965.88,76.9,121,Safe,Assault
Regent Park (72),2019,Robbery,18,338,0.0533,965.88,76.9,121,Safe,Assault
Regent Park (72),2019,Theft Over,5,338,0.0148,965.88,76.9,121,Safe,Assault
Rexdale-Kipling (4),2019,Assault,56,183,0.306,448.2,92.2,41,Very Safe,Assault
Rexdale-Kipling (4),2019,Auto Theft,50,183,0.2732,448.2,92.2,41,Very Safe,Assault
Rexdale-Kipling (4),2019,Break and Enter,13,183,0.071,448.2,92.2,41,Very Safe,Assault
Rexdale-Kipling (4),2019,NonMCI,45,183,0.2459,448.2,92.2,41,Very Safe,Assault
Rexdale-Kipling (4),2019,Robbery,17,183,0.0929,448.2,92.2,41,Very Safe,Assault
Rexdale-Kipling (4),2019,Theft Over,2,183,0.0109,448.2,92.2,41,Very Safe,Assault
Rockcliffe-Smythe (111),2019,Assault,138,303,0.4554,815.67,81.4,105,Very Safe,Assault
Rockcliffe-Smythe (111),2019,Auto Theft,34,303,0.1122,815.67,81.4,105,Very Safe,Assault
Rockcliffe-Smythe (111),2019,Break and Enter,43,303,0.1419,815.67,81.4,105,Very Safe,Assault
Rockcliffe-Smythe (111),2019,NonMCI,69,303,0.2277,815.67,81.4,105,Very Safe,Assault
Rockcliffe-Smythe (111),2019,Robbery,9,303,0.0297,815.67,81.4,105,Very Safe,Assault
Rockcliffe-Smythe (111),2019,Theft Over,10,303,0.033,815.67,81.4,105,Very Safe,Assault
Roncesvalles (86),2019,Assault,120,306,0.3922,852.97,80.3,110,Very Safe,Assault
Roncesvalles (86),2019,Auto Theft,14,306,0.0458,852.97,80.3,110,Very Safe,Assault
Roncesvalles (86),2019,Break and Enter,95,306,0.3105,852.97,80.3,110,Very Safe,Assault
Roncesvalles (86),2019,NonMCI,45,306,0.1471,852.97,80.3,110,Very Safe,Assault
Roncesvalles (86),2019,Robbery,21,306,0.0686,852.97,80.3,110,Very Safe,Assault
Roncesvalles (86),2019,Theft Over,11,306,0.0359,852.97,80.3,110,Very Safe,Assault
Rosedale-Moore Park (98),2019,Assault,119,356,0.3343,940.04,77.7,118,Safe,Assault
Rosedale-Moore Park (98),2019,Auto Theft,31,356,0.0871,940.04,77.7,118,Safe,Assault
Rosedale-Moore Park (98),2019,Break and Enter,102,356,0.2865,940.04,77.7,118,Safe,Assault
Rosedale-Moore Park (98),2019,NonMCI,64,356,0.1798,940.04,77.7,118,Safe,Assault
Rosedale-Moore Park (98),2019,Robbery,24,356,0.0674,940.04,77.7,118,Safe,Assault
Rosedale-Moore Park (98),2019,Theft Over,16,356,0.0449,940.04,77.7,118,Safe,Assault
Runnymede-Bloor West Village (89),2019,Assault,42,144,0.2917,359.76,94.8,25,Very Safe,Assault
Runnymede-Bloor West Village (89),2019,Auto Theft,25,144,0.1736,359.76,94.8,25,Very Safe,Assault
Runnymede-Bloor West Village (89),2019,Break and Enter,28,144,0.1944,359.76,94.8,25,Very Safe,Assault
Runnymede-Bloor West Village (89),2019,NonMCI,33,144,0.2292,359.76,94.8,25,Very Safe,Assault
Runnymede-Bloor West Village (89),2019,Robbery,13,144,0.0903,359.76,94.8,25,Very Safe,Assault
Runnymede-Bloor West Village (89),2019,Theft Over,3,144,0.0208,359.76,94.8,25,Very Safe,Assault
Rustic (28),2019,Assault,64,144,0.4444,385.56,94.1,32,Very Safe,Assault
Rustic (28),2019,Auto Theft,32,144,0.2222,385.56,94.1,32,Very Safe,Assault
Rustic (28),2019,Break and Enter,14,144,0.0972,385.56,94.1,32,Very Safe,Assault
Rustic (28),2019,NonMCI,27,144,0.1875,385.56,94.1,32,Very Safe,Assault
Rustic (28),2019,Robbery,6,144,0.0417,385.56,94.1,32,Very Safe,Assault
Rustic (28),2019,Theft Over,1,144,0.0069,385.56,94.1,32,Very Safe,Assault
Scarborough Village (139),2019,Assault,160,301,0.5316,882.56,79.4,115,Safe,Assault
Scarborough Village (139),2019,Auto Theft,18,301,0.0598,882.56,79.4,115,Safe,Assault
Scarborough Village (139),2019,Break and Enter,41,301,0.1362,882.56,79.4,115,Safe,Assault
Scarborough Village (139),2019,NonMCI,55,301,0.1827,882.56,79.4,115,Safe,Assault
Scarborough Village (139),2019,Robbery,26,301,0.0864,882.56,79.4,115,Safe,Assault
Scarborough Village (139),2019,Theft Over,1,301,0.0033,882.56,79.4,115,Safe,Assault
South Eglinton-Davisville (174),2019,Assault,64,186,0.3441,508.59,90.4,52,Very Safe,Break and Enter
South Eglinton-Davisville (174),2019,Auto Theft,7,186,0.0376,508.59,90.4,52,Very Safe,Break and Enter
South Eglinton-Davisville (174),2019,Break and Enter,83,186,0.4462,508.59,90.4,52,Very Safe,Break and Enter
South Eglinton-Davisville (174),2019,NonMCI,23,186,0.1237,508.59,90.4,52,Very Safe,Break and Enter
South Eglinton-Davisville (174),2019,Robbery,5,186,0.0269,508.59,90.4,52,Very Safe,Break and Enter
South Eglinton-Davisville (174),2019,Theft Over,4,186,0.0215,508.59,90.4,52,Very Safe,Break and Enter
South Parkdale (85),2019,Assault,220,419,0.5251,1247.01,68.6,140,Safe,Assault
South Parkdale (85),2019,Auto Theft,21,419,0.0501,1247.01,68.6,140,Safe,Assault
South Parkdale (85),2019,Break and Enter,80,419,0.1909,1247.01,68.6,140,Safe,Assault
South Parkdale (85),2019,NonMCI,48,419,0.1146,1247.01,68.6,140,Safe,Assault
South Parkdale (85),2019,Robbery,29,419,0.0692,1247.01,68.6,140,Safe,Assault
South Parkdale (85),2019,Theft Over,21,419,0.0501,1247.01,68.6,140,Safe,Assault
South Riverdale (70),2019,Assault,228,597,0.3819,1561.82,59.3,146,Moderate,Assault
South Riverdale (70),2019,Auto Theft,40,597,0.067,1561.82,59.3,146,Moderate,Assault
South Riverdale (70),2019,Break and Enter,134,597,0.2245,1561.82,59.3,146,Moderate,Assault
South Riverdale (70),2019,NonMCI,150,597,0.2513,1561.82,59.3,146,Moderate,Assault
South Riverdale (70),2019,Robbery,26,597,0.0436,1561.82,59.3,146,Moderate,Assault
South Riverdale (70),2019,Theft Over,19,597,0.0318,1561.82,59.3,146,Moderate,Assault
St Lawrence-East Bayfront-The Islands (166),2019,Assault,254,540,0.4704,1502.2,61.1,145,Safe,Assault
St Lawrence-East Bayfront-The Islands (166),2019,Auto Theft,17,540,0.0315,1502.2,61.1,145,Safe,Assault
St Lawrence-East Bayfront-The Islands (166),2019,Break and Enter,108,540,0.2,1502.2,61.1,145,Safe,Assault
St Lawrence-East Bayfront-The Islands (166),2019,NonMCI,114,540,0.2111,1502.2,61.1,145,Safe,Assault
St Lawrence-East Bayfront-The Islands (166),2019,Robbery,21,540,0.0389,1502.2,61.1,145,Safe,Assault
St Lawrence-East Bayfront-The Islands (166),2019,Theft Over,26,540,0.0481,1502.2,61.1,145,Safe,Assault
St.Andrew-Windfields (40),2019,Assault,64,243,0.2634,604.81,87.6,78,Very Safe,Break and Enter
St.Andrew-Windfields (40),2019,Auto Theft,35,243,0.144,604.81,87.6,78,Very Safe,Break and Enter
St.Andrew-Windfields (40),2019,Break and Enter,82,243,0.3374,604.81,87.6,78,Very Safe,Break and Enter
St.Andrew-Windfields (40),2019,NonMCI,45,243,0.1852,604.81,87.6,78,Very Safe,Break and Enter
St.Andrew-Windfields (40),2019,Robbery,9,243,0.037,604.81,87.6,78,Very Safe,Break and Enter
St.Andrew-Windfields (40),2019,Theft Over,8,243,0.0329,604.81,87.6,78,Very Safe,Break and Enter
Steeles (116),2019,Assault,35,183,0.1913,435.67,92.6,40,Very Safe,Break and Enter
Steeles (116),2019,Auto Theft,31,183,0.1694,435.67,92.6,40,Very Safe,Break and Enter
Steeles (116),2019,Break and Enter,68,183,0.3716,435.67,92.6,40,Very Safe,Break and Enter
Steeles (116),2019,NonMCI,38,183,0.2077,435.67,92.6,40,Very Safe,Break and Enter
Steeles (116),2019,Robbery,7,183,0.0383,435.67,92.6,40,Very Safe,Break and Enter
Steeles (116),2019,Theft Over,4,183,0.0219,435.67,92.6,40,Very Safe,Break and Enter
Stonegate-Queensway (16),2019,Assault,77,267,0.2884,658.63,86.0,87,Very Safe,Assault
Stonegate-Queensway (16),2019,Auto Theft,33,267,0.1236,658.63,86.0,87,Very Safe,Assault
Stonegate-Queensway (16),2019,Break and Enter,64,267,0.2397,658.63,86.0,87,Very Safe,Assault
Stonegate-Queensway (16),2019,NonMCI,71,267,0.2659,658.63,86.0,87,Very Safe,Assault
Stonegate-Queensway (16),2019,Robbery,18,267,0.0674,658.63,86.0,87,Very Safe,Assault
Stonegate-Queensway (16),2019,Theft Over,4,267,0.015,658.63,86.0,87,Very Safe,Assault
Tam O'Shanter-Sullivan (118),2019,Assault,104,280,0.3714,748.91,83.3,100,Very Safe,Assault
Tam O'Shanter-Sullivan (118),2019,Auto Theft,25,280,0.0893,748.91,83.3,100,Very Safe,Assault
Tam O'Shanter-Sullivan (118),2019,Break and Enter,67,280,0.2393,748.91,83.3,100,Very Safe,Assault
Tam O'Shanter-Sullivan (118),2019,NonMCI,59,280,0.2107,748.91,83.3,100,Very Safe,Assault
Tam O'Shanter-Sullivan (118),2019,Robbery,22,280,0.0786,748.91,83.3,100,Very Safe,Assault
Tam O'Shanter-Sullivan (118),2019,Theft Over,3,280,0.0107,748.91,83.3,100,Very Safe,Assault
Taylor-Massey (61),2019,Assault,107,249,0.4297,688.42,85.1,96,Very Safe,Assault
Taylor-Massey (61),2019,Auto Theft,11,249,0.0442,688.42,85.1,96,Very Safe,Assault
Taylor-Massey (61),2019,Break and Enter,65,249,0.261,688.42,85.1,96,Very Safe,Assault
Taylor-Massey (61),2019,NonMCI,50,249,0.2008,688.42,85.1,96,Very Safe,Assault
Taylor-Massey (61),2019,Robbery,12,249,0.0482,688.42,85.1,96,Very Safe,Assault
Taylor-Massey (61),2019,Theft Over,4,249,0.0161,688.42,85.1,96,Very Safe,Assault
The Beaches (63),2019,Assault,74,224,0.3304,576.87,88.4,70,Very Safe,Assault
The Beaches (63),2019,Auto Theft,20,224,0.0893,576.87,88.4,70,Very Safe,Assault
The Beaches (63),2019,Break and Enter,57,224,0.2545,576.87,88.4,70,Very Safe,Assault
The Beaches (63),2019,NonMCI,51,224,0.2277,576.87,88.4,70,Very Safe,Assault
The Beaches (63),2019,Robbery,14,224,0.0625,576.87,88.4,70,Very Safe,Assault
The Beaches (63),2019,Theft Over,8,224,0.0357,576.87,88.4,70,Very Safe,Assault
Thistletown-Beaumond Heights (3),2019,Assault,65,180,0.3611,455.56,92.0,45,Very Safe,Assault
Thistletown-Beaumond Heights (3),2019,Auto Theft,48,180,0.2667,455.56,92.0,45,Very Safe,Assault
Thistletown-Beaumond Heights (3),2019,Break and Enter,14,180,0.0778,455.56,92.0,45,Very Safe,Assault
Thistletown-Beaumond Heights (3),2019,NonMCI,38,180,0.2111,455.56,92.0,45,Very Safe,Assault
Thistletown-Beaumond Heights (3),2019,Robbery,10,180,0.0556,455.56,92.0,45,Very Safe,Assault
Thistletown-Beaumond Heights (3),2019,Theft Over,5,180,0.0278,455.56,92.0,45,Very Safe,Assault
Thorncliffe Park (55),2019,Assault,117,204,0.5735,615.79,87.3,81,Very Safe,Assault
Thorncliffe Park (55),2019,Auto Theft,17,204,0.0833,615.79,87.3,81,Very Safe,Assault
Thorncliffe Park (55),2019,Break and Enter,30,204,0.1471,615.79,87.3,81,Very Safe,Assault
Thorncliffe Park (55),2019,NonMCI,23,204,0.1127,615.79,87.3,81,Very Safe,Assault
Thorncliffe Park (55),2019,Robbery,12,204,0.0588,615.79,87.3,81,Very Safe,Assault
Thorncliffe Park (55),2019,Theft Over,5,204,0.0245,615.79,87.3,81,Very Safe,Assault
Trinity-Bellwoods (81),2019,Assault,108,322,0.3354,853.65,80.3,110,Very Safe,Break and Enter
Trinity-Bellwoods (81),2019,Auto Theft,25,322,0.0776,853.65,80.3,110,Very Safe,Break and Enter
Trinity-Bellwoods (81),2019,Break and Enter,110,322,0.3416,853.65,80.3,110,Very Safe,Break and Enter
Trinity-Bellwoods (81),2019,NonMCI,59,322,0.1832,853.65,80.3,110,Very Safe,Break and Enter
Trinity-Bellwoods (81),2019,Robbery,17,322,0.0528,853.65,80.3,110,Very Safe,Break and Enter
Trinity-Bellwoods (81),2019,Theft Over,3,322,0.0093,853.65,80.3,110,Very Safe,Break and Enter
University (79),2019,Assault,122,298,0.4094,818.73,81.3,106,Very Safe,Assault
University (79),2019,Auto Theft,11,298,0.0369,818.73,81.3,106,Very Safe,Assault
University (79),2019,Break and Enter,92,298,0.3087,818.73,81.3,106,Very Safe,Assault
University (79),2019,NonMCI,56,298,0.1879,818.73,81.3,106,Very Safe,Assault
University (79),2019,Robbery,11,298,0.0369,818.73,81.3,106,Very Safe,Assault
University (79),2019,Theft Over,6,298,0.0201,818.73,81.3,106,Very Safe,Assault
Victoria Village (43),2019,Assault,115,245,0.4694,700.57,84.8,97,Very Safe,Assault
Victoria Village (43),2019,Auto Theft,15,245,0.0612,700.57,84.8,97,Very Safe,Assault
Victoria Village (43),2019,Break and Enter,61,245,0.249,700.57,84.8,97,Very Safe,Assault
Victoria Village (43),2019,NonMCI,38,245,0.1551,700.57,84.8,97,Very Safe,Assault
Victoria Village (43),2019,Robbery,12,245,0.049,700.57,84.8,97,Very Safe,Assault
Victoria Village (43),2019,Theft Over,4,245,0.0163,700.57,84.8,97,Very Safe,Assault
Wellington Place (164),2019,Assault,359,721,0.4979,2108.88,43.2,152,Moderate,Assault
Wellington Place (164),2019,Auto Theft,31,721,0.043,2108.88,43.2,152,Moderate,Assault
Wellington Place (164),2019,Break and Enter,157,721,0.2178,2108.88,43.2,152,Moderate,Assault
Wellington Place (164),2019,NonMCI,102,721,0.1415,2108.88,43.2,152,Moderate,Assault
Wellington Place (164),2019,Robbery,46,721,0.0638,2108.88,43.2,152,Moderate,Assault
Wellington Place (164),2019,Theft Over,26,721,0.0361,2108.88,43.2,152,Moderate,Assault
West Hill (136),2019,Assault,407,650,0.6262,2057.19,44.7,151,Moderate,Assault
West Hill (136),2019,Auto Theft,43,650,0.0662,2057.19,44.7,151,Moderate,Assault
West Hill (136),2019,Break and Enter,75,650,0.1154,2057.19,44.7,151,Moderate,Assault
West Hill (136),2019,NonMCI,57,650,0.0877,2057.19,44.7,151,Moderate,Assault
West Hill (136),2019,Robbery,63,650,0.0969,2057.19,44.7,151,Moderate,Assault
West Hill (136),2019,Theft Over,5,650,0.0077,2057.19,44.7,151,Moderate,Assault
West Humber-Clairville (1),2019,Assault,229,1287,0.1779,2772.17,23.6,155,Risky,Auto Theft
West Humber-Clairville (1),2019,Auto Theft,447,1287,0.3473,2772.17,23.6,155,Risky,Auto Theft
West Humber-Clairville (1),2019,Break and Enter,137,1287,0.1064,2772.17,23.6,155,Risky,Auto Theft
West Humber-Clairville (1),2019,NonMCI,346,1287,0.2688,2772.17,23.6,155,Risky,Auto Theft
West Humber-Clairville (1),2019,Robbery,63,1287,0.049,2772.17,23.6,155,Risky,Auto Theft
West Humber-Clairville (1),2019,Theft Over,65,1287,0.0505,2772.17,23.6,155,Risky,Auto Theft
West Queen West (162),2019,Assault,101,249,0.4056,673.08,85.6,93,Very Safe,Assault
West Queen West (162),2019,Auto Theft,14,249,0.0562,673.08,85.6,93,Very Safe,Assault
West Queen West (162),2019,Break and Enter,66,249,0.2651,673.08,85.6,93,Very Safe,Assault
West Queen West (162),2019,NonMCI,53,249,0.2129,673.08,85.6,93,Very Safe,Assault
West Queen West (162),2019,Robbery,8,249,0.0321,673.08,85.6,93,Very Safe,Assault
West Queen West (162),2019,Theft Over,7,249,0.0281,673.08,85.6,93,Very Safe,Assault
West Rouge (143),2019,Assault,74,188,0.3936,501.01,90.7,48,Very Safe,Assault
West Rouge (143),2019,Auto Theft,30,188,0.1596,501.01,90.7,48,Very Safe,Assault
West Rouge (143),2019,Break and Enter,23,188,0.1223,501.01,90.7,48,Very Safe,Assault
West Rouge (143),2019,NonMCI,38,188,0.2021,501.01,90.7,48,Very Safe,Assault
West Rouge (143),2019,Robbery,19,188,0.1011,501.01,90.7,48,Very Safe,Assault
West Rouge (143),2019,Theft Over,4,188,0.0213,501.01,90.7,48,Very Safe,Assault
Westminster-Branson (35),2019,Assault,88,214,0.4112,564.2,88.8,68,Very Safe,Assault
Westminster-Branson (35),2019,Auto Theft,28,214,0.1308,564.2,88.8,68,Very Safe,Assault
Westminster-Branson (35),2019,Break and Enter,39,214,0.1822,564.2,88.8,68,Very Safe,Assault
Westminster-Branson (35),2019,NonMCI,51,214,0.2383,564.2,88.8,68,Very Safe,Assault
Westminster-Branson (35),2019,Robbery,7,214,0.0327,564.2,88.8,68,Very Safe,Assault
Westminster-Branson (35),2019,Theft Over,1,214,0.0047,564.2,88.8,68,Very Safe,Assault
Weston (113),2019,Assault,180,372,0.4839,1041.85,74.7,129,Safe,Assault
Weston (113),2019,Auto Theft,44,372,0.1183,1041.85,74.7,129,Safe,Assault
Weston (113),2019,Break and Enter,56,372,0.1505,1041.85,74.7,129,Safe,Assault
Weston (113),2019,NonMCI,70,372,0.1882,1041.85,74.7,129,Safe,Assault
Weston (113),2019,Robbery,17,372,0.0457,1041.85,74.7,129,Safe,Assault
Weston (113),2019,Theft Over,5,372,0.0134,1041.85,74.7,129,Safe,Assault
Weston-Pelham Park (91),2019,Assault,101,169,0.5976,509.58,90.4,52,Very Safe,Assault
Weston-Pelham Park (91),2019,Auto Theft,13,169,0.0769,509.58,90.4,52,Very Safe,Assault
Weston-Pelham Park (91),2019,Break and Enter,24,169,0.142,509.58,90.4,52,Very Safe,Assault
Weston-Pelham Park (91),2019,NonMCI,23,169,0.1361,509.58,90.4,52,Very Safe,Assault
Weston-Pelham Park (91),2019,Robbery,5,169,0.0296,509.58,90.4,52,Very Safe,Assault
Weston-Pelham Park (91),2019,Theft Over,3,169,0.0178,509.58,90.4,52,Very Safe,Assault
Wexford/Maryvale (119),2019,Assault,228,523,0.4359,1430.04,63.2,142,Safe,Assault
Wexford/Maryvale (119),2019,Auto Theft,82,523,0.1568,1430.04,63.2,142,Safe,Assault
Wexford/Maryvale (119),2019,Break and Enter,85,523,0.1625,1430.04,63.2,142,Safe,Assault
Wexford/Maryvale (119),2019,NonMCI,85,523,0.1625,1430.04,63.2,142,Safe,Assault
Wexford/Maryvale (119),2019,Robbery,28,523,0.0535,1430.04,63.2,142,Safe,Assault
Wexford/Maryvale (119),2019,Theft Over,15,523,0.0287,1430.04,63.2,142,Safe,Assault
Willowdale West (37),2019,Assault,92,208,0.4423,562.45,88.9,66,Very Safe,Assault
Willowdale West (37),2019,Auto Theft,19,208,0.0913,562.45,88.9,66,Very Safe,Assault
Willowdale West (37),2019,Break and Enter,20,208,0.0962,562.45,88.9,66,Very Safe,Assault
Willowdale West (37),2019,NonMCI,51,208,0.2452,562.45,88.9,66,Very Safe,Assault
Willowdale West (37),2019,Robbery,18,208,0.0865,562.45,88.9,66,Very Safe,Assault
Willowdale West (37),2019,Theft Over,8,208,0.0385,562.45,88.9,66,Very Safe,Assault
Willowridge-Martingrove-Richview (7),2019,Assault,88,245,0.3592,668.06,85.7,92,Very Safe,Assault
Willowridge-Martingrove-Richview (7),2019,Auto Theft,39,245,0.1592,668.06,85.7,92,Very Safe,Assault
Willowridge-Martingrove-Richview (7),2019,Break and Enter,43,245,0.1755,668.06,85.7,92,Very Safe,Assault
Willowridge-Martingrove-Richview (7),2019,NonMCI,37,245,0.151,668.06,85.7,92,Very Safe,Assault
Willowridge-Martingrove-Richview (7),2019,Robbery,34,245,0.1388,668.06,85.7,92,Very Safe,Assault
Willowridge-Martingrove-Richview (7),2019,Theft Over,4,245,0.0163,668.06,85.7,92,Very Safe,Assault
Woburn North (142),2019,Assault,205,421,0.4869,1165.19,71.1,136,Safe,Assault
Woburn North (142),2019,Auto Theft,37,421,0.0879,1165.19,71.1,136,Safe,Assault
Woburn North (142),2019,Break and Enter,60,421,0.1425,1165.19,71.1,136,Safe,Assault
Woburn North (142),2019,NonMCI,95,421,0.2257,1165.19,71.1,136,Safe,Assault
Woburn North (142),2019,Robbery,19,421,0.0451,1165.19,71.1,136,Safe,Assault
Woburn North (142),2019,Theft Over,5,421,0.0119,1165.19,71.1,136,Safe,Assault
Woodbine Corridor (64),2019,Assault,84,203,0.4138,523.07,90.0,60,Very Safe,Assault
Woodbine Corridor (64),2019,Auto Theft,6,203,0.0296,523.07,90.0,60,Very Safe,Assault
Woodbine Corridor (64),2019,Break and Enter,33,203,0.1626,523.07,90.0,60,Very Safe,Assault
Woodbine Corridor (64),2019,NonMCI,68,203,0.335,523.07,90.0,60,Very Safe,Assault
Woodbine Corridor (64),2019,Robbery,10,203,0.0493,523.07,90.0,60,Very Safe,Assault
Woodbine Corridor (64),2019,Theft Over,2,203,0.0099,523.07,90.0,60,Very Safe,Assault
Woodbine-Lumsden (60),2019,Assault,33,92,0.3587,221.01,98.9,5,Very Safe,NonMCI
Woodbine-Lumsden (60),2019,Auto Theft,7,92,0.0761,221.01,98.9,5,Very Safe,NonMCI
Woodbine-Lumsden (60),2019,Break and Enter,10,92,0.1087,221.01,98.9,5,Very Safe,NonMCI
Woodbine-Lumsden (60),2019,NonMCI,34,92,0.3696,221.01,98.9,5,Very Safe,NonMCI
Woodbine-Lumsden (60),2019,Robbery,3,92,0.0326,221.01,98.9,5,Very Safe,NonMCI
Woodbine-Lumsden (60),2019,Theft Over,5,92,0.0543,221.01,98.9,5,Very Safe,NonMCI
Wychwood (94),2019,Assault,63,168,0.375,451.17,92.1,43,Very Safe,Assault
Wychwood (94),2019,Auto Theft,8,168,0.0476,451.17,92.1,43,Very Safe,Assault
Wychwood (94),2019,Break and Enter,48,168,0.2857,451.17,92.1,43,Very Safe,Assault
Wychwood (94),2019,NonMCI,38,168,0.2262,451.17,92.1,43,Very Safe,Assault
Wychwood (94),2019,Robbery,11,168,0.0655,451.17,92.1,43,Very Safe,Assault
Wychwood (94),2019,Theft Over,0,168,0.0,451.17,92.1,43,Very Safe,Assault
Yonge-Bay Corridor (170),2019,Assault,568,1012,0.5613,2986.15,17.3,156,Very Risky,Assault
Yonge-Bay Corridor (170),2019,Auto Theft,37,1012,0.0366,2986.15,17.3,156,Very Risky,Assault
Yonge-Bay Corridor (170),2019,Break and Enter,118,1012,0.1166,2986.15,17.3,156,Very Risky,Assault
Yonge-Bay Corridor (170),2019,NonMCI,166,1012,0.164,2986.15,17.3,156,Very Risky,Assault
Yonge-Bay Corridor (170),2019,Robbery,58,1012,0.0573,2986.15,17.3,156,Very Risky,Assault
Yonge-Bay Corridor (170),2019,Theft Over,65,1012,0.0642,2986.15,17.3,156,Very Risky,Assault
Yonge-Doris (151),2019,Assault,69,211,0.327,521.06,90.1,58,Very Safe,Assault
Yonge-Doris (151),2019,Auto Theft,26,211,0.1232,521.06,90.1,58,Very Safe,Assault
Yonge-Doris (151),2019,Break and Enter,23,211,0.109,521.06,90.1,58,Very Safe,Assault
Yonge-Doris (151),2019,NonMCI,61,211,0.2891,521.06,90.1,58,Very Safe,Assault
Yonge-Doris (151),2019,Robbery,17,211,0.0806,521.06,90.1,58,Very Safe,Assault
Yonge-Doris (151),2019,Theft Over,15,211,0.0711,521.06,90.1,58,Very Safe,Assault
Yonge-Eglinton (100),2019,Assault,80,192,0.4167,519.61,90.1,58,Very Safe,Assault
Yonge-Eglinton (100),2019,Auto Theft,9,192,0.0469,519.61,90.1,58,Very Safe,Assault
Yonge-Eglinton (100),2019,Break and Enter,42,192,0.2188,519.61,90.1,58,Very Safe,Assault
Yonge-Eglinton (100),2019,NonMCI,42,192,0.2188,519.61,90.1,58,Very Safe,Assault
Yonge-Eglinton (100),2019,Robbery,11,192,0.0573,519.61,90.1,58,Very Safe,Assault
Yonge-Eglinton (100),2019,Theft Over,8,192,0.0417,519.61,90.1,58,Very Safe,Assault
Yonge-St.Clair (97),2019,Assault,31,94,0.3298,239.01,98.4,7,Very Safe,Assault
Yonge-St.Clair (97),2019,Auto Theft,6,94,0.0638,239.01,98.4,7,Very Safe,Assault
Yonge-St.Clair (97),2019,Break and Enter,28,94,0.2979,239.01,98.4,7,Very Safe,Assault
Yonge-St.Clair (97),2019,NonMCI,21,94,0.2234,239.01,98.4,7,Very Safe,Assault
Yonge-St.Clair (97),2019,Robbery,2,94,0.0213,239.01,98.4,7,Very Safe,Assault
Yonge-St.Clair (97),2019,Theft Over,6,94,0.0638,239.01,98.4,7,Very Safe,Assault
York University Heights (27),2019,Assault,351,854,0.411,2310.22,37.2,153,Risky,Assault
York University Heights (27),2019,Auto Theft,137,854,0.1604,2310.22,37.2,153,Risky,Assault
York University Heights (27),2019,Break and Enter,110,854,0.1288,2310.22,37.2,153,Risky,Assault
York University Heights (27),2019,NonMCI,155,854,0.1815,2310.22,37.2,153,Risky,Assault
York University Heights (27),2019,Robbery,72,854,0.0843,2310.22,37.2,153,Risky,Assault
York University Heights (27),2019,Theft Over,29,854,0.034,2310.22,37.2,153,Risky,Assault
Yorkdale-Glen Park (31),2019,Assault,193,484,0.3988,1307.11,66.9,141,Safe,Assault
Yorkdale-Glen Park (31),2019,Auto Theft,59,484,0.1219,1307.11,66.9,141,Safe,Assault
Yorkdale-Glen Park (31),2019,Break and Enter,89,484,0.1839,1307.11,66.9,141,Safe,Assault
Yorkdale-Glen Park (31),2019,NonMCI,82,484,0.1694,1307.11,66.9,141,Safe,Assault
Yorkdale-Glen Park (31),2019,Robbery,32,484,0.0661,1307.11,66.9,141,Safe,Assault
Yorkdale-Glen Park (31),2019,Theft Over,29,484,0.0599,1307.11,66.9,141,Safe,Assault
Agincourt North (129),2020,Assault,60,209,0.2871,536.23,90.7,64,Very Safe,Assault
Agincourt North (129),2020,Auto Theft,56,209,0.2679,536.23,90.7,64,Very Safe,Assault
Agincourt North (129),2020,Break and Enter,16,209,0.0766,536.23,90.7,64,Very Safe,Assault
Agincourt North (129),2020,NonMCI,58,209,0.2775,536.23,90.7,64,Very Safe,Assault
Agincourt North (129),2020,Robbery,14,209,0.067,536.23,90.7,64,Very Safe,Assault
Agincourt North (129),2020,Theft Over,5,209,0.0239,536.23,90.7,64,Very Safe,Assault
Agincourt South-Malvern West (128),2020,Assault,115,340,0.3382,966.31,79.9,125,Safe,Assault
Agincourt South-Malvern West (128),2020,Auto Theft,51,340,0.15,966.31,79.9,125,Safe,Assault
Agincourt South-Malvern West (128),2020,Break and Enter,86,340,0.2529,966.31,79.9,125,Safe,Assault
Agincourt South-Malvern West (128),2020,NonMCI,65,340,0.1912,966.31,79.9,125,Safe,Assault
Agincourt South-Malvern West (128),2020,Robbery,15,340,0.0441,966.31,79.9,125,Safe,Assault
Agincourt South-Malvern West (128),2020,Theft Over,8,340,0.0235,966.31,79.9,125,Safe,Assault
Alderwood (20),2020,Assault,33,155,0.2129,389.44,94.5,29,Very Safe,NonMCI
Alderwood (20),2020,Auto Theft,25,155,0.1613,389.44,94.5,29,Very Safe,NonMCI
Alderwood (20),2020,Break and Enter,43,155,0.2774,389.44,94.5,29,Very Safe,NonMCI
Alderwood (20),2020,NonMCI,45,155,0.2903,389.44,94.5,29,Very Safe,NonMCI
Alderwood (20),2020,Robbery,6,155,0.0387,389.44,94.5,29,Very Safe,NonMCI
Alderwood (20),2020,Theft Over,3,155,0.0194,389.44,94.5,29,Very Safe,NonMCI
Annex (95),2020,Assault,268,714,0.3754,2103.56,51.1,152,Moderate,Assault
Annex (95),2020,Auto Theft,38,714,0.0532,2103.56,51.1,152,Moderate,Assault
Annex (95),2020,Break and Enter,204,714,0.2857,2103.56,51.1,152,Moderate,Assault
Annex (95),2020,NonMCI,133,714,0.1863,2103.56,51.1,152,Moderate,Assault
Annex (95),2020,Robbery,41,714,0.0574,2103.56,51.1,152,Moderate,Assault
Annex (95),2020,Theft Over,30,714,0.042,2103.56,51.1,152,Moderate,Assault
Avondale (153),2020,Assault,42,126,0.3333,333.81,95.9,19,Very Safe,Assault
Avondale (153),2020,Auto Theft,26,126,0.2063,333.81,95.9,19,Very Safe,Assault
Avondale (153),2020,Break and Enter,13,126,0.1032,333.81,95.9,19,Very Safe,Assault
Avondale (153),2020,NonMCI,36,126,0.2857,333.81,95.9,19,Very Safe,Assault
Avondale (153),2020,Robbery,6,126,0.0476,333.81,95.9,19,Very Safe,Assault
Avondale (153),2020,Theft Over,3,126,0.0238,333.81,95.9,19,Very Safe,Assault
Banbury-Don Mills (42),2020,Assault,72,211,0.3412,580.94,89.6,71,Very Safe,Assault
Banbury-Don Mills (42),2020,Auto Theft,41,211,0.1943,580.94,89.6,71,Very Safe,Assault
Banbury-Don Mills (42),2020,Break and Enter,41,211,0.1943,580.94,89.6,71,Very Safe,Assault
Banbury-Don Mills (42),2020,NonMCI,45,211,0.2133,580.94,89.6,71,Very Safe,Assault
Banbury-Don Mills (42),2020,Robbery,5,211,0.0237,580.94,89.6,71,Very Safe,Assault
Banbury-Don Mills (42),2020,Theft Over,7,211,0.0332,580.94,89.6,71,Very Safe,Assault
Bathurst Manor (34),2020,Assault,62,201,0.3085,523.54,91.1,59,Very Safe,Assault
Bathurst Manor (34),2020,Auto Theft,43,201,0.2139,523.54,91.1,59,Very Safe,Assault
Bathurst Manor (34),2020,Break and Enter,27,201,0.1343,523.54,91.1,59,Very Safe,Assault
Bathurst Manor (34),2020,NonMCI,56,201,0.2786,523.54,91.1,59,Very Safe,Assault
Bathurst Manor (34),2020,Robbery,6,201,0.0299,523.54,91.1,59,Very Safe,Assault
Bathurst Manor (34),2020,Theft Over,7,201,0.0348,523.54,91.1,59,Very Safe,Assault
Bay-Cloverhill (169),2020,Assault,92,233,0.3948,712.12,86.3,102,Very Safe,Assault
Bay-Cloverhill (169),2020,Auto Theft,8,233,0.0343,712.12,86.3,102,Very Safe,Assault
Bay-Cloverhill (169),2020,Break and Enter,79,233,0.3391,712.12,86.3,102,Very Safe,Assault
Bay-Cloverhill (169),2020,NonMCI,31,233,0.133,712.12,86.3,102,Very Safe,Assault
Bay-Cloverhill (169),2020,Robbery,16,233,0.0687,712.12,86.3,102,Very Safe,Assault
Bay-Cloverhill (169),2020,Theft Over,7,233,0.03,712.12,86.3,102,Very Safe,Assault
Bayview Village (52),2020,Assault,61,200,0.305,527.87,91.0,61,Very Safe,Assault
Bayview Village (52),2020,Auto Theft,34,200,0.17,527.87,91.0,61,Very Safe,Assault
Bayview Village (52),2020,Break and Enter,29,200,0.145,527.87,91.0,61,Very Safe,Assault
Bayview Village (52),2020,NonMCI,53,200,0.265,527.87,91.0,61,Very Safe,Assault
Bayview Village (52),2020,Robbery,10,200,0.05,527.87,91.0,61,Very Safe,Assault
Bayview Village (52),2020,Theft Over,13,200,0.065,527.87,91.0,61,Very Safe,Assault
Bayview Woods-Steeles (49),2020,Assault,32,114,0.2807,301.28,96.7,15,Very Safe,Break and Enter
Bayview Woods-Steeles (49),2020,Auto Theft,14,114,0.1228,301.28,96.7,15,Very Safe,Break and Enter
Bayview Woods-Steeles (49),2020,Break and Enter,33,114,0.2895,301.28,96.7,15,Very Safe,Break and Enter
Bayview Woods-Steeles (49),2020,NonMCI,31,114,0.2719,301.28,96.7,15,Very Safe,Break and Enter
Bayview Woods-Steeles (49),2020,Robbery,2,114,0.0175,301.28,96.7,15,Very Safe,Break and Enter
Bayview Woods-Steeles (49),2020,Theft Over,2,114,0.0175,301.28,96.7,15,Very Safe,Break and Enter
Bedford Park-Nortown (39),2020,Assault,50,315,0.1587,732.9,85.8,104,Very Safe,NonMCI
Bedford Park-Nortown (39),2020,Auto Theft,70,315,0.2222,732.9,85.8,104,Very Safe,NonMCI
Bedford Park-Nortown (39),2020,Break and Enter,63,315,0.2,732.9,85.8,104,Very Safe,NonMCI
Bedford Park-Nortown (39),2020,NonMCI,107,315,0.3397,732.9,85.8,104,Very Safe,NonMCI
Bedford Park-Nortown (39),2020,Robbery,15,315,0.0476,732.9,85.8,104,Very Safe,NonMCI
Bedford Park-Nortown (39),2020,Theft Over,10,315,0.0317,732.9,85.8,104,Very Safe,NonMCI
Beechborough-Greenbrook (112),2020,Assault,47,94,0.5,282.13,97.2,12,Very Safe,Assault
Beechborough-Greenbrook (112),2020,Auto Theft,12,94,0.1277,282.13,97.2,12,Very Safe,Assault
Beechborough-Greenbrook (112),2020,Break and Enter,6,94,0.0638,282.13,97.2,12,Very Safe,Assault
Beechborough-Greenbrook (112),2020,NonMCI,22,94,0.234,282.13,97.2,12,Very Safe,Assault
Beechborough-Greenbrook (112),2020,Robbery,4,94,0.0426,282.13,97.2,12,Very Safe,Assault
Beechborough-Greenbrook (112),2020,Theft Over,3,94,0.0319,282.13,97.2,12,Very Safe,Assault
Bendale South (157),2020,Assault,65,110,0.5909,352.62,95.4,24,Very Safe,Assault
Bendale South (157),2020,Auto Theft,8,110,0.0727,352.62,95.4,24,Very Safe,Assault
Bendale South (157),2020,Break and Enter,11,110,0.1,352.62,95.4,24,Very Safe,Assault
Bendale South (157),2020,NonMCI,23,110,0.2091,352.62,95.4,24,Very Safe,Assault
Bendale South (157),2020,Robbery,2,110,0.0182,352.62,95.4,24,Very Safe,Assault
Bendale South (157),2020,Theft Over,1,110,0.0091,352.62,95.4,24,Very Safe,Assault
Bendale-Glen Andrew (156),2020,Assault,118,249,0.4739,749.95,85.3,107,Very Safe,Assault
Bendale-Glen Andrew (156),2020,Auto Theft,46,249,0.1847,749.95,85.3,107,Very Safe,Assault
Bendale-Glen Andrew (156),2020,Break and Enter,20,249,0.0803,749.95,85.3,107,Very Safe,Assault
Bendale-Glen Andrew (156),2020,NonMCI,44,249,0.1767,749.95,85.3,107,Very Safe,Assault
Bendale-Glen Andrew (156),2020,Robbery,16,249,0.0643,749.95,85.3,107,Very Safe,Assault
Bendale-Glen Andrew (156),2020,Theft Over,5,249,0.0201,749.95,85.3,107,Very Safe,Assault
Birchcliffe-Cliffside (122),2020,Assault,138,313,0.4409,915.97,81.1,122,Very Safe,Assault
Birchcliffe-Cliffside (122),2020,Auto Theft,17,313,0.0543,915.97,81.1,122,Very Safe,Assault
Birchcliffe-Cliffside (122),2020,Break and Enter,46,313,0.147,915.97,81.1,122,Very Safe,Assault
Birchcliffe-Cliffside (122),2020,NonMCI,88,313,0.2812,915.97,81.1,122,Very Safe,Assault
Birchcliffe-Cliffside (122),2020,Robbery,19,313,0.0607,915.97,81.1,122,Very Safe,Assault
Birchcliffe-Cliffside (122),2020,Theft Over,5,313,0.016,915.97,81.1,122,Very Safe,Assault
Black Creek (24),2020,Assault,228,447,0.5101,1360.16,69.9,141,Safe,Assault
Black Creek (24),2020,Auto Theft,72,447,0.1611,1360.16,69.9,141,Safe,Assault
Black Creek (24),2020,Break and Enter,21,447,0.047,1360.16,69.9,141,Safe,Assault
Black Creek (24),2020,NonMCI,88,447,0.1969,1360.16,69.9,141,Safe,Assault
Black Creek (24),2020,Robbery,23,447,0.0515,1360.16,69.9,141,Safe,Assault
Black Creek (24),2020,Theft Over,15,447,0.0336,1360.16,69.9,141,Safe,Assault
Blake-Jones (69),2020,Assault,49,115,0.4261,339.41,95.7,22,Very Safe,Assault
Blake-Jones (69),2020,Auto Theft,6,115,0.0522,339.41,95.7,22,Very Safe,Assault
Blake-Jones (69),2020,Break and Enter,26,115,0.2261,339.41,95.7,22,Very Safe,Assault
Blake-Jones (69),2020,NonMCI,25,115,0.2174,339.41,95.7,22,Very Safe,Assault
Blake-Jones (69),2020,Robbery,3,115,0.0261,339.41,95.7,22,Very Safe,Assault
Blake-Jones (69),2020,Theft Over,6,115,0.0522,339.41,95.7,22,Very Safe,Assault
Briar Hill-Belgravia (108),2020,Assault,71,233,0.3047,622.71,88.6,82,Very Safe,Assault
Briar Hill-Belgravia (108),2020,Auto Theft,36,233,0.1545,622.71,88.6,82,Very Safe,Assault
Briar Hill-Belgravia (108),2020,Break and Enter,47,233,0.2017,622.71,88.6,82,Very Safe,Assault
Briar Hill-Belgravia (108),2020,NonMCI,61,233,0.2618,622.71,88.6,82,Very Safe,Assault
Briar Hill-Belgravia (108),2020,Robbery,10,233,0.0429,622.71,88.6,82,Very Safe,Assault
Briar Hill-Belgravia (108),2020,Theft Over,8,233,0.0343,622.71,88.6,82,Very Safe,Assault
Bridle Path-Sunnybrook-York Mills (41),2020,Assault,40,132,0.303,352.16,95.4,24,Very Safe,Assault
Bridle Path-Sunnybrook-York Mills (41),2020,Auto Theft,15,132,0.1136,352.16,95.4,24,Very Safe,Assault
Bridle Path-Sunnybrook-York Mills (41),2020,Break and Enter,31,132,0.2348,352.16,95.4,24,Very Safe,Assault
Bridle Path-Sunnybrook-York Mills (41),2020,NonMCI,37,132,0.2803,352.16,95.4,24,Very Safe,Assault
Bridle Path-Sunnybrook-York Mills (41),2020,Robbery,5,132,0.0379,352.16,95.4,24,Very Safe,Assault
Bridle Path-Sunnybrook-York Mills (41),2020,Theft Over,4,132,0.0303,352.16,95.4,24,Very Safe,Assault
Broadview North (57),2020,Assault,52,123,0.4228,356.99,95.3,27,Very Safe,Assault
Broadview North (57),2020,Auto Theft,7,123,0.0569,356.99,95.3,27,Very Safe,Assault
Broadview North (57),2020,Break and Enter,24,123,0.1951,356.99,95.3,27,Very Safe,Assault
Broadview North (57),2020,NonMCI,30,123,0.2439,356.99,95.3,27,Very Safe,Assault
Broadview North (57),2020,Robbery,3,123,0.0244,356.99,95.3,27,Very Safe,Assault
Broadview North (57),2020,Theft Over,7,123,0.0569,356.99,95.3,27,Very Safe,Assault
Brookhaven-Amesbury (30),2020,Assault,81,240,0.3375,652.87,87.8,92,Very Safe,Assault
Brookhaven-Amesbury (30),2020,Auto Theft,49,240,0.2042,652.87,87.8,92,Very Safe,Assault
Brookhaven-Amesbury (30),2020,Break and Enter,33,240,0.1375,652.87,87.8,92,Very Safe,Assault
Brookhaven-Amesbury (30),2020,NonMCI,58,240,0.2417,652.87,87.8,92,Very Safe,Assault
Brookhaven-Amesbury (30),2020,Robbery,11,240,0.0458,652.87,87.8,92,Very Safe,Assault
Brookhaven-Amesbury (30),2020,Theft Over,8,240,0.0333,652.87,87.8,92,Very Safe,Assault
Cabbagetown-South St.James Town (71),2020,Assault,132,280,0.4714,867.78,82.4,117,Very Safe,Assault
Cabbagetown-South St.James Town (71),2020,Auto Theft,12,280,0.0429,867.78,82.4,117,Very Safe,Assault
Cabbagetown-South St.James Town (71),2020,Break and Enter,68,280,0.2429,867.78,82.4,117,Very Safe,Assault
Cabbagetown-South St.James Town (71),2020,NonMCI,52,280,0.1857,867.78,82.4,117,Very Safe,Assault
Cabbagetown-South St.James Town (71),2020,Robbery,14,280,0.05,867.78,82.4,117,Very Safe,Assault
Cabbagetown-South St.James Town (71),2020,Theft Over,2,280,0.0071,867.78,82.4,117,Very Safe,Assault
Caledonia-Fairbank (109),2020,Assault,51,95,0.5368,298.37,96.8,13,Very Safe,Assault
Caledonia-Fairbank (109),2020,Auto Theft,8,95,0.0842,298.37,96.8,13,Very Safe,Assault
Caledonia-Fairbank (109),2020,Break and Enter,10,95,0.1053,298.37,96.8,13,Very Safe,Assault
Caledonia-Fairbank (109),2020,NonMCI,19,95,0.2,298.37,96.8,13,Very Safe,Assault
Caledonia-Fairbank (109),2020,Robbery,5,95,0.0526,298.37,96.8,13,Very Safe,Assault
Caledonia-Fairbank (109),2020,Theft Over,2,95,0.0211,298.37,96.8,13,Very Safe,Assault
Casa Loma (96),2020,Assault,61,156,0.391,451.92,92.9,45,Very Safe,Assault
Casa Loma (96),2020,Auto Theft,20,156,0.1282,451.92,92.9,45,Very Safe,Assault
Casa Loma (96),2020,Break and Enter,37,156,0.2372,451.92,92.9,45,Very Safe,Assault
Casa Loma (96),2020,NonMCI,28,156,0.1795,451.92,92.9,45,Very Safe,Assault
Casa Loma (96),2020,Robbery,3,156,0.0192,451.92,92.9,45,Very Safe,Assault
Casa Loma (96),2020,Theft Over,7,156,0.0449,451.92,92.9,45,Very Safe,Assault
Centennial Scarborough (133),2020,Assault,42,102,0.4118,273.21,97.4,11,Very Safe,Assault
Centennial Scarborough (133),2020,Auto Theft,9,102,0.0882,273.21,97.4,11,Very Safe,Assault
Centennial Scarborough (133),2020,Break and Enter,8,102,0.0784,273.21,97.4,11,Very Safe,Assault
Centennial Scarborough (133),2020,NonMCI,41,102,0.402,273.21,97.4,11,Very Safe,Assault
Centennial Scarborough (133),2020,Robbery,2,102,0.0196,273.21,97.4,11,Very Safe,Assault
Centennial Scarborough (133),2020,Theft Over,0,102,0.0,273.21,97.4,11,Very Safe,Assault
Church-Wellesley (167),2020,Assault,298,540,0.5519,1799.17,58.8,150,Moderate,Assault
Church-Wellesley (167),2020,Auto Theft,7,540,0.013,1799.17,58.8,150,Moderate,Assault
Church-Wellesley (167),2020,Break and Enter,97,540,0.1796,1799.17,58.8,150,Moderate,Assault
Church-Wellesley (167),2020,NonMCI,65,540,0.1204,1799.17,58.8,150,Moderate,Assault
Church-Wellesley (167),2020,Robbery,53,540,0.0981,1799.17,58.8,150,Moderate,Assault
Church-Wellesley (167),2020,Theft Over,20,540,0.037,1799.17,58.8,150,Moderate,Assault
Clairlea-Birchmount (120),2020,Assault,169,417,0.4053,1197.05,74.0,136,Safe,Assault
Clairlea-Birchmount (120),2020,Auto Theft,51,417,0.1223,1197.05,74.0,136,Safe,Assault
Clairlea-Birchmount (120),2020,Break and Enter,55,417,0.1319,1197.05,74.0,136,Safe,Assault
Clairlea-Birchmount (120),2020,NonMCI,108,417,0.259,1197.05,74.0,136,Safe,Assault
Clairlea-Birchmount (120),2020,Robbery,28,417,0.0671,1197.05,74.0,136,Safe,Assault
Clairlea-Birchmount (120),2020,Theft Over,6,417,0.0144,1197.05,74.0,136,Safe,Assault
Clanton Park (33),2020,Assault,69,232,0.2974,607.68,88.9,79,Very Safe,Assault
Clanton Park (33),2020,Auto Theft,42,232,0.181,607.68,88.9,79,Very Safe,Assault
Clanton Park (33),2020,Break and Enter,33,232,0.1422,607.68,88.9,79,Very Safe,Assault
Clanton Park (33),2020,NonMCI,69,232,0.2974,607.68,88.9,79,Very Safe,Assault
Clanton Park (33),2020,Robbery,15,232,0.0647,607.68,88.9,79,Very Safe,Assault
Clanton Park (33),2020,Theft Over,4,232,0.0172,607.68,88.9,79,Very Safe,Assault
Cliffcrest (123),2020,Assault,102,273,0.3736,762.09,85.0,108,Very Safe,Assault
Cliffcrest (123),2020,Auto Theft,18,273,0.0659,762.09,85.0,108,Very Safe,Assault
Cliffcrest (123),2020,Break and Enter,37,273,0.1355,762.09,85.0,108,Very Safe,Assault
Cliffcrest (123),2020,NonMCI,84,273,0.3077,762.09,85.0,108,Very Safe,Assault
Cliffcrest (123),2020,Robbery,22,273,0.0806,762.09,85.0,108,Very Safe,Assault
Cliffcrest (123),2020,Theft Over,10,273,0.0366,762.09,85.0,108,Very Safe,Assault
Corso Italia-Davenport (92),2020,Assault,80,193,0.4145,568.45,89.9,69,Very Safe,Assault
Corso Italia-Davenport (92),2020,Auto Theft,12,193,0.0622,568.45,89.9,69,Very Safe,Assault
Corso Italia-Davenport (92),2020,Break and Enter,41,193,0.2124,568.45,89.9,69,Very Safe,Assault
Corso Italia-Davenport (92),2020,NonMCI,44,193,0.228,568.45,89.9,69,Very Safe,Assault
Corso Italia-Davenport (92),2020,Robbery,11,193,0.057,568.45,89.9,69,Very Safe,Assault
Corso Italia-Davenport (92),2020,Theft Over,5,193,0.0259,568.45,89.9,69,Very Safe,Assault
Danforth (66),2020,Assault,63,190,0.3316,522.87,91.1,59,Very Safe,Assault
Danforth (66),2020,Auto Theft,9,190,0.0474,522.87,91.1,59,Very Safe,Assault
Danforth (66),2020,Break and Enter,42,190,0.2211,522.87,91.1,59,Very Safe,Assault
Danforth (66),2020,NonMCI,59,190,0.3105,522.87,91.1,59,Very Safe,Assault
Danforth (66),2020,Robbery,14,190,0.0737,522.87,91.1,59,Very Safe,Assault
Danforth (66),2020,Theft Over,3,190,0.0158,522.87,91.1,59,Very Safe,Assault
Danforth East York (59),2020,Assault,51,171,0.2982,442.54,93.1,42,Very Safe,NonMCI
Danforth East York (59),2020,Auto Theft,17,171,0.0994,442.54,93.1,42,Very Safe,NonMCI
Danforth East York (59),2020,Break and Enter,33,171,0.193,442.54,93.1,42,Very Safe,NonMCI
Danforth East York (59),2020,NonMCI,59,171,0.345,442.54,93.1,42,Very Safe,NonMCI
Danforth East York (59),2020,Robbery,6,171,0.0351,442.54,93.1,42,Very Safe,NonMCI
Danforth East York (59),2020,Theft Over,5,171,0.0292,442.54,93.1,42,Very Safe,NonMCI
Don Valley Village (47),2020,Assault,92,235,0.3915,676.78,87.2,96,Very Safe,Assault
Don Valley Village (47),2020,Auto Theft,35,235,0.1489,676.78,87.2,96,Very Safe,Assault
Don Valley Village (47),2020,Break and Enter,29,235,0.1234,676.78,87.2,96,Very Safe,Assault
Don Valley Village (47),2020,NonMCI,53,235,0.2255,676.78,87.2,96,Very Safe,Assault
Don Valley Village (47),2020,Robbery,19,235,0.0809,676.78,87.2,96,Very Safe,Assault
Don Valley Village (47),2020,Theft Over,7,235,0.0298,676.78,87.2,96,Very Safe,Assault
Dorset Park (126),2020,Assault,121,392,0.3087,1041.85,78.0,131,Safe,Assault
Dorset Park (126),2020,Auto Theft,61,392,0.1556,1041.85,78.0,131,Safe,Assault
Dorset Park (126),2020,Break and Enter,71,392,0.1811,1041.85,78.0,131,Safe,Assault
Dorset Park (126),2020,NonMCI,115,392,0.2934,1041.85,78.0,131,Safe,Assault
Dorset Park (126),2020,Robbery,19,392,0.0485,1041.85,78.0,131,Safe,Assault
Dorset Park (126),2020,Theft Over,5,392,0.0128,1041.85,78.0,131,Safe,Assault
Dovercourt Village (172),2020,Assault,96,248,0.3871,702.3,86.5,99,Very Safe,Assault
Dovercourt Village (172),2020,Auto Theft,23,248,0.0927,702.3,86.5,99,Very Safe,Assault
Dovercourt Village (172),2020,Break and Enter,47,248,0.1895,702.3,86.5,99,Very Safe,Assault
Dovercourt Village (172),2020,NonMCI,67,248,0.2702,702.3,86.5,99,Very Safe,Assault
Dovercourt Village (172),2020,Robbery,12,248,0.0484,702.3,86.5,99,Very Safe,Assault
Dovercourt Village (172),2020,Theft Over,3,248,0.0121,702.3,86.5,99,Very Safe,Assault
Downsview (155),2020,Assault,121,307,0.3941,861.96,82.5,116,Very Safe,Assault
Downsview (155),2020,Auto Theft,52,307,0.1694,861.96,82.5,116,Very Safe,Assault
Downsview (155),2020,Break and Enter,45,307,0.1466,861.96,82.5,116,Very Safe,Assault
Downsview (155),2020,NonMCI,73,307,0.2378,861.96,82.5,116,Very Safe,Assault
Downsview (155),2020,Robbery,6,307,0.0195,861.96,82.5,116,Very Safe,Assault
Downsview (155),2020,Theft Over,10,307,0.0326,861.96,82.5,116,Very Safe,Assault
Downtown Yonge East (168),2020,Assault,451,897,0.5028,2822.72,32.9,157,Risky,Assault
Downtown Yonge East (168),2020,Auto Theft,26,897,0.029,2822.72,32.9,157,Risky,Assault
Downtown Yonge East (168),2020,Break and Enter,145,897,0.1616,2822.72,32.9,157,Risky,Assault
Downtown Yonge East (168),2020,NonMCI,178,897,0.1984,2822.72,32.9,157,Risky,Assault
Downtown Yonge East (168),2020,Robbery,74,897,0.0825,2822.72,32.9,157,Risky,Assault
Downtown Yonge East (168),2020,Theft Over,23,897,0.0256,2822.72,32.9,157,Risky,Assault
Dufferin Grove (83),2020,Assault,66,202,0.3267,576.52,89.7,70,Very Safe,Assault
Dufferin Grove (83),2020,Auto Theft,15,202,0.0743,576.52,89.7,70,Very Safe,Assault
Dufferin Grove (83),2020,Break and Enter,57,202,0.2822,576.52,89.7,70,Very Safe,Assault
Dufferin Grove (83),2020,NonMCI,43,202,0.2129,576.52,89.7,70,Very Safe,Assault
Dufferin Grove (83),2020,Robbery,17,202,0.0842,576.52,89.7,70,Very Safe,Assault
Dufferin Grove (83),2020,Theft Over,4,202,0.0198,576.52,89.7,70,Very Safe,Assault
East End-Danforth (62),2020,Assault,133,361,0.3684,1002.93,78.9,128,Safe,Assault
East End-Danforth (62),2020,Auto Theft,29,361,0.0803,1002.93,78.9,128,Safe,Assault
East End-Danforth (62),2020,Break and Enter,60,361,0.1662,1002.93,78.9,128,Safe,Assault
East End-Danforth (62),2020,NonMCI,111,361,0.3075,1002.93,78.9,128,Safe,Assault
East End-Danforth (62),2020,Robbery,22,361,0.0609,1002.93,78.9,128,Safe,Assault
East End-Danforth (62),2020,Theft Over,6,361,0.0166,1002.93,78.9,128,Safe,Assault
East L'Amoreaux (148),2020,Assault,81,162,0.5,502.7,91.6,55,Very Safe,Assault
East L'Amoreaux (148),2020,Auto Theft,12,162,0.0741,502.7,91.6,55,Very Safe,Assault
East L'Amoreaux (148),2020,Break and Enter,23,162,0.142,502.7,91.6,55,Very Safe,Assault
East L'Amoreaux (148),2020,NonMCI,33,162,0.2037,502.7,91.6,55,Very Safe,Assault
East L'Amoreaux (148),2020,Robbery,11,162,0.0679,502.7,91.6,55,Very Safe,Assault
East L'Amoreaux (148),2020,Theft Over,2,162,0.0123,502.7,91.6,55,Very Safe,Assault
East Willowdale (152),2020,Assault,36,154,0.2338,398.92,94.2,33,Very Safe,NonMCI
East Willowdale (152),2020,Auto Theft,20,154,0.1299,398.92,94.2,33,Very Safe,NonMCI
East Willowdale (152),2020,Break and Enter,35,154,0.2273,398.92,94.2,33,Very Safe,NonMCI
East Willowdale (152),2020,NonMCI,44,154,0.2857,398.92,94.2,33,Very Safe,NonMCI
East Willowdale (152),2020,Robbery,15,154,0.0974,398.92,94.2,33,Very Safe,NonMCI
East Willowdale (152),2020,Theft Over,4,154,0.026,398.92,94.2,33,Very Safe,NonMCI
Edenbridge-Humber Valley (9),2020,Assault,36,127,0.2835,334.33,95.9,19,Very Safe,Assault
Edenbridge-Humber Valley (9),2020,Auto Theft,32,127,0.252,334.33,95.9,19,Very Safe,Assault
Edenbridge-Humber Valley (9),2020,Break and Enter,23,127,0.1811,334.33,95.9,19,Very Safe,Assault
Edenbridge-Humber Valley (9),2020,NonMCI,29,127,0.2283,334.33,95.9,19,Very Safe,Assault
Edenbridge-Humber Valley (9),2020,Robbery,5,127,0.0394,334.33,95.9,19,Very Safe,Assault
Edenbridge-Humber Valley (9),2020,Theft Over,2,127,0.0157,334.33,95.9,19,Very Safe,Assault
Eglinton East (138),2020,Assault,133,301,0.4419,865.66,82.4,117,Very Safe,Assault
Eglinton East (138),2020,Auto Theft,28,301,0.093,865.66,82.4,117,Very Safe,Assault
Eglinton East (138),2020,Break and Enter,22,301,0.0731,865.66,82.4,117,Very Safe,Assault
Eglinton East (138),2020,NonMCI,89,301,0.2957,865.66,82.4,117,Very Safe,Assault
Eglinton East (138),2020,Robbery,21,301,0.0698,865.66,82.4,117,Very Safe,Assault
Eglinton East (138),2020,Theft Over,8,301,0.0266,865.66,82.4,117,Very Safe,Assault
Elms-Old Rexdale (5),2020,Assault,50,147,0.3401,396.19,94.3,31,Very Safe,Assault
Elms-Old Rexdale (5),2020,Auto Theft,42,147,0.2857,396.19,94.3,31,Very Safe,Assault
Elms-Old Rexdale (5),2020,Break and Enter,13,147,0.0884,396.19,94.3,31,Very Safe,Assault
Elms-Old Rexdale (5),2020,NonMCI,34,147,0.2313,396.19,94.3,31,Very Safe,Assault
Elms-Old Rexdale (5),2020,Robbery,6,147,0.0408,396.19,94.3,31,Very Safe,Assault
Elms-Old Rexdale (5),2020,Theft Over,2,147,0.0136,396.19,94.3,31,Very Safe,Assault
Englemount-Lawrence (32),2020,Assault,90,250,0.36,697.53,86.7,98,Very Safe,Assault
Englemount-Lawrence (32),2020,Auto Theft,29,250,0.116,697.53,86.7,98,Very Safe,Assault
Englemount-Lawrence (32),2020,Break and Enter,33,250,0.132,697.53,86.7,98,Very Safe,Assault
Englemount-Lawrence (32),2020,NonMCI,66,250,0.264,697.53,86.7,98,Very Safe,Assault
Englemount-Lawrence (32),2020,Robbery,22,250,0.088,697.53,86.7,98,Very Safe,Assault
Englemount-Lawrence (32),2020,Theft Over,10,250,0.04,697.53,86.7,98,Very Safe,Assault
Eringate-Centennial-West Deane (11),2020,Assault,45,154,0.2922,406.32,94.0,34,Very Safe,Assault
Eringate-Centennial-West Deane (11),2020,Auto Theft,45,154,0.2922,406.32,94.0,34,Very Safe,Assault
Eringate-Centennial-West Deane (11),2020,Break and Enter,12,154,0.0779,406.32,94.0,34,Very Safe,Assault
Eringate-Centennial-West Deane (11),2020,NonMCI,36,154,0.2338,406.32,94.0,34,Very Safe,Assault
Eringate-Centennial-West Deane (11),2020,Robbery,13,154,0.0844,406.32,94.0,34,Very Safe,Assault
Eringate-Centennial-West Deane (11),2020,Theft Over,3,154,0.0195,406.32,94.0,34,Very Safe,Assault
Etobicoke City Centre (159),2020,Assault,130,461,0.282,1167.17,74.8,135,Safe,NonMCI
Etobicoke City Centre (159),2020,Auto Theft,91,461,0.1974,1167.17,74.8,135,Safe,NonMCI
Etobicoke City Centre (159),2020,Break and Enter,58,461,0.1258,1167.17,74.8,135,Safe,NonMCI
Etobicoke City Centre (159),2020,NonMCI,139,461,0.3015,1167.17,74.8,135,Safe,NonMCI
Etobicoke City Centre (159),2020,Robbery,15,461,0.0325,1167.17,74.8,135,Safe,NonMCI
Etobicoke City Centre (159),2020,Theft Over,28,461,0.0607,1167.17,74.8,135,Safe,NonMCI
Etobicoke West Mall (13),2020,Assault,59,127,0.4646,376.21,94.8,28,Very Safe,Assault
Etobicoke West Mall (13),2020,Auto Theft,11,127,0.0866,376.21,94.8,28,Very Safe,Assault
Etobicoke West Mall (13),2020,Break and Enter,14,127,0.1102,376.21,94.8,28,Very Safe,Assault
Etobicoke West Mall (13),2020,NonMCI,29,127,0.2283,376.21,94.8,28,Very Safe,Assault
Etobicoke West Mall (13),2020,Robbery,7,127,0.0551,376.21,94.8,28,Very Safe,Assault
Etobicoke West Mall (13),2020,Theft Over,7,127,0.0551,376.21,94.8,28,Very Safe,Assault
Fenside-Parkwoods (150),2020,Assault,106,210,0.5048,634.78,88.3,84,Very Safe,Assault
Fenside-Parkwoods (150),2020,Auto Theft,23,210,0.1095,634.78,88.3,84,Very Safe,Assault
Fenside-Parkwoods (150),2020,Break and Enter,24,210,0.1143,634.78,88.3,84,Very Safe,Assault
Fenside-Parkwoods (150),2020,NonMCI,49,210,0.2333,634.78,88.3,84,Very Safe,Assault
Fenside-Parkwoods (150),2020,Robbery,5,210,0.0238,634.78,88.3,84,Very Safe,Assault
Fenside-Parkwoods (150),2020,Theft Over,3,210,0.0143,634.78,88.3,84,Very Safe,Assault
Flemingdon Park (44),2020,Assault,119,182,0.6538,606.7,89.0,76,Very Safe,Assault
Flemingdon Park (44),2020,Auto Theft,17,182,0.0934,606.7,89.0,76,Very Safe,Assault
Flemingdon Park (44),2020,Break and Enter,13,182,0.0714,606.7,89.0,76,Very Safe,Assault
Flemingdon Park (44),2020,NonMCI,26,182,0.1429,606.7,89.0,76,Very Safe,Assault
Flemingdon Park (44),2020,Robbery,4,182,0.022,606.7,89.0,76,Very Safe,Assault
Flemingdon Park (44),2020,Theft Over,3,182,0.0165,606.7,89.0,76,Very Safe,Assault
Forest Hill North (102),2020,Assault,41,192,0.2135,483.49,92.1,53,Very Safe,NonMCI
Forest Hill North (102),2020,Auto Theft,34,192,0.1771,483.49,92.1,53,Very Safe,NonMCI
Forest Hill North (102),2020,Break and Enter,44,192,0.2292,483.49,92.1,53,Very Safe,NonMCI
Forest Hill North (102),2020,NonMCI,55,192,0.2865,483.49,92.1,53,Very Safe,NonMCI
Forest Hill North (102),2020,Robbery,12,192,0.0625,483.49,92.1,53,Very Safe,NonMCI
Forest Hill North (102),2020,Theft Over,6,192,0.0312,483.49,92.1,53,Very Safe,NonMCI
Forest Hill South (101),2020,Assault,25,141,0.1773,334.62,95.8,21,Very Safe,NonMCI
Forest Hill South (101),2020,Auto Theft,30,141,0.2128,334.62,95.8,21,Very Safe,NonMCI
Forest Hill South (101),2020,Break and Enter,33,141,0.234,334.62,95.8,21,Very Safe,NonMCI
Forest Hill South (101),2020,NonMCI,44,141,0.3121,334.62,95.8,21,Very Safe,NonMCI
Forest Hill South (101),2020,Robbery,3,141,0.0213,334.62,95.8,21,Very Safe,NonMCI
Forest Hill South (101),2020,Theft Over,6,141,0.0426,334.62,95.8,21,Very Safe,NonMCI
Fort York-Liberty Village (163),2020,Assault,90,215,0.4186,646.93,87.9,89,Very Safe,Assault
Fort York-Liberty Village (163),2020,Auto Theft,16,215,0.0744,646.93,87.9,89,Very Safe,Assault
Fort York-Liberty Village (163),2020,Break and Enter,48,215,0.2233,646.93,87.9,89,Very Safe,Assault
Fort York-Liberty Village (163),2020,NonMCI,41,215,0.1907,646.93,87.9,89,Very Safe,Assault
Fort York-Liberty Village (163),2020,Robbery,14,215,0.0651,646.93,87.9,89,Very Safe,Assault
Fort York-Liberty Village (163),2020,Theft Over,6,215,0.0279,646.93,87.9,89,Very Safe,Assault
Glenfield-Jane Heights (25),2020,Assault,257,602,0.4269,1744.95,60.2,149,Safe,Assault
Glenfield-Jane Heights (25),2020,Auto Theft,104,602,0.1728,1744.95,60.2,149,Safe,Assault
Glenfield-Jane Heights (25),2020,Break and Enter,51,602,0.0847,1744.95,60.2,149,Safe,Assault
Glenfield-Jane Heights (25),2020,NonMCI,133,602,0.2209,1744.95,60.2,149,Safe,Assault
Glenfield-Jane Heights (25),2020,Robbery,38,602,0.0631,1744.95,60.2,149,Safe,Assault
Glenfield-Jane Heights (25),2020,Theft Over,19,602,0.0316,1744.95,60.2,149,Safe,Assault
Golfdale-Cedarbrae-Woburn (141),2020,Assault,151,319,0.4734,971.04,79.7,126,Safe,Assault
Golfdale-Cedarbrae-Woburn (141),2020,Auto Theft,32,319,0.1003,971.04,79.7,126,Safe,Assault
Golfdale-Cedarbrae-Woburn (141),2020,Break and Enter,39,319,0.1223,971.04,79.7,126,Safe,Assault
Golfdale-Cedarbrae-Woburn (141),2020,NonMCI,67,319,0.21,971.04,79.7,126,Safe,Assault
Golfdale-Cedarbrae-Woburn (141),2020,Robbery,25,319,0.0784,971.04,79.7,126,Safe,Assault
Golfdale-Cedarbrae-Woburn (141),2020,Theft Over,5,319,0.0157,971.04,79.7,126,Safe,Assault
Greenwood-Coxwell (65),2020,Assault,109,291,0.3746,799.82,84.1,112,Very Safe,Assault
Greenwood-Coxwell (65),2020,Auto Theft,25,291,0.0859,799.82,84.1,112,Very Safe,Assault
Greenwood-Coxwell (65),2020,Break and Enter,40,291,0.1375,799.82,84.1,112,Very Safe,Assault
Greenwood-Coxwell (65),2020,NonMCI,95,291,0.3265,799.82,84.1,112,Very Safe,Assault
Greenwood-Coxwell (65),2020,Robbery,17,291,0.0584,799.82,84.1,112,Very Safe,Assault
Greenwood-Coxwell (65),2020,Theft Over,5,291,0.0172,799.82,84.1,112,Very Safe,Assault
Guildwood (140),2020,Assault,35,87,0.4023,231.16,98.5,3,Very Safe,Assault
Guildwood (140),2020,Auto Theft,11,87,0.1264,231.16,98.5,3,Very Safe,Assault
Guildwood (140),2020,Break and Enter,3,87,0.0345,231.16,98.5,3,Very Safe,Assault
Guildwood (140),2020,NonMCI,35,87,0.4023,231.16,98.5,3,Very Safe,Assault
Guildwood (140),2020,Robbery,3,87,0.0345,231.16,98.5,3,Very Safe,Assault
Guildwood (140),2020,Theft Over,0,87,0.0,231.16,98.5,3,Very Safe,Assault
Harbourfront-CityPlace (165),2020,Assault,213,402,0.5299,1287.23,71.7,139,Safe,Assault
Harbourfront-CityPlace (165),2020,Auto Theft,37,402,0.092,1287.23,71.7,139,Safe,Assault
Harbourfront-CityPlace (165),2020,Break and Enter,76,402,0.1891,1287.23,71.7,139,Safe,Assault
Harbourfront-CityPlace (165),2020,NonMCI,48,402,0.1194,1287.23,71.7,139,Safe,Assault
Harbourfront-CityPlace (165),2020,Robbery,11,402,0.0274,1287.23,71.7,139,Safe,Assault
Harbourfront-CityPlace (165),2020,Theft Over,17,402,0.0423,1287.23,71.7,139,Safe,Assault
Henry Farm (53),2020,Assault,78,176,0.4432,527.47,91.0,61,Very Safe,Assault
Henry Farm (53),2020,Auto Theft,20,176,0.1136,527.47,91.0,61,Very Safe,Assault
Henry Farm (53),2020,Break and Enter,33,176,0.1875,527.47,91.0,61,Very Safe,Assault
Henry Farm (53),2020,NonMCI,33,176,0.1875,527.47,91.0,61,Very Safe,Assault
Henry Farm (53),2020,Robbery,6,176,0.0341,527.47,91.0,61,Very Safe,Assault
Henry Farm (53),2020,Theft Over,6,176,0.0341,527.47,91.0,61,Very Safe,Assault
High Park North (88),2020,Assault,90,203,0.4433,611.7,88.8,80,Very Safe,Assault
High Park North (88),2020,Auto Theft,18,203,0.0887,611.7,88.8,80,Very Safe,Assault
High Park North (88),2020,Break and Enter,32,203,0.1576,611.7,88.8,80,Very Safe,Assault
High Park North (88),2020,NonMCI,44,203,0.2167,611.7,88.8,80,Very Safe,Assault
High Park North (88),2020,Robbery,16,203,0.0788,611.7,88.8,80,Very Safe,Assault
High Park North (88),2020,Theft Over,3,203,0.0148,611.7,88.8,80,Very Safe,Assault
High Park-Swansea (87),2020,Assault,74,232,0.319,632.77,88.3,84,Very Safe,Assault
High Park-Swansea (87),2020,Auto Theft,41,232,0.1767,632.77,88.3,84,Very Safe,Assault
High Park-Swansea (87),2020,Break and Enter,49,232,0.2112,632.77,88.3,84,Very Safe,Assault
High Park-Swansea (87),2020,NonMCI,53,232,0.2284,632.77,88.3,84,Very Safe,Assault
High Park-Swansea (87),2020,Robbery,9,232,0.0388,632.77,88.3,84,Very Safe,Assault
High Park-Swansea (87),2020,Theft Over,6,232,0.0259,632.77,88.3,84,Very Safe,Assault
Highland Creek (134),2020,Assault,27,104,0.2596,248.04,98.0,10,Very Safe,NonMCI
Highland Creek (134),2020,Auto Theft,14,104,0.1346,248.04,98.0,10,Very Safe,NonMCI
Highland Creek (134),2020,Break and Enter,13,104,0.125,248.04,98.0,10,Very Safe,NonMCI
Highland Creek (134),2020,NonMCI,45,104,0.4327,248.04,98.0,10,Very Safe,NonMCI
Highland Creek (134),2020,Robbery,2,104,0.0192,248.04,98.0,10,Very Safe,NonMCI
Highland Creek (134),2020,Theft Over,3,104,0.0288,248.04,98.0,10,Very Safe,NonMCI
Hillcrest Village (48),2020,Assault,52,145,0.3586,407.01,94.0,34,Very Safe,Assault
Hillcrest Village (48),2020,Auto Theft,23,145,0.1586,407.01,94.0,34,Very Safe,Assault
Hillcrest Village (48),2020,Break and Enter,18,145,0.1241,407.01,94.0,34,Very Safe,Assault
Hillcrest Village (48),2020,NonMCI,32,145,0.2207,407.01,94.0,34,Very Safe,Assault
Hillcrest Village (48),2020,Robbery,12,145,0.0828,407.01,94.0,34,Very Safe,Assault
Hillcrest Village (48),2020,Theft Over,8,145,0.0552,407.01,94.0,34,Very Safe,Assault
Humber Bay Shores (161),2020,Assault,79,167,0.4731,506.74,91.5,56,Very Safe,Assault
Humber Bay Shores (161),2020,Auto Theft,23,167,0.1377,506.74,91.5,56,Very Safe,Assault
Humber Bay Shores (161),2020,Break and Enter,21,167,0.1257,506.74,91.5,56,Very Safe,Assault
Humber Bay Shores (161),2020,NonMCI,26,167,0.1557,506.74,91.5,56,Very Safe,Assault
Humber Bay Shores (161),2020,Robbery,8,167,0.0479,506.74,91.5,56,Very Safe,Assault
Humber Bay Shores (161),2020,Theft Over,10,167,0.0599,506.74,91.5,56,Very Safe,Assault
Humber Heights-Westmount (8),2020,Assault,27,97,0.2784,237.13,98.3,8,Very Safe,NonMCI
Humber Heights-Westmount (8),2020,Auto Theft,22,97,0.2268,237.13,98.3,8,Very Safe,NonMCI
Humber Heights-Westmount (8),2020,Break and Enter,9,97,0.0928,237.13,98.3,8,Very Safe,NonMCI
Humber Heights-Westmount (8),2020,NonMCI,36,97,0.3711,237.13,98.3,8,Very Safe,NonMCI
Humber Heights-Westmount (8),2020,Robbery,2,97,0.0206,237.13,98.3,8,Very Safe,NonMCI
Humber Heights-Westmount (8),2020,Theft Over,1,97,0.0103,237.13,98.3,8,Very Safe,NonMCI
Humber Summit (21),2020,Assault,98,355,0.2761,903.69,81.4,121,Very Safe,Assault
Humber Summit (21),2020,Auto Theft,97,355,0.2732,903.69,81.4,121,Very Safe,Assault
Humber Summit (21),2020,Break and Enter,28,355,0.0789,903.69,81.4,121,Very Safe,Assault
Humber Summit (21),2020,NonMCI,91,355,0.2563,903.69,81.4,121,Very Safe,Assault
Humber Summit (21),2020,Robbery,17,355,0.0479,903.69,81.4,121,Very Safe,Assault
Humber Summit (21),2020,Theft Over,24,355,0.0676,903.69,81.4,121,Very Safe,Assault
Humbermede (22),2020,Assault,88,266,0.3308,724.87,86.0,103,Very Safe,Assault
Humbermede (22),2020,Auto Theft,68,266,0.2556,724.87,86.0,103,Very Safe,Assault
Humbermede (22),2020,Break and Enter,32,266,0.1203,724.87,86.0,103,Very Safe,Assault
Humbermede (22),2020,NonMCI,54,266,0.203,724.87,86.0,103,Very Safe,Assault
Humbermede (22),2020,Robbery,13,266,0.0489,724.87,86.0,103,Very Safe,Assault
Humbermede (22),2020,Theft Over,11,266,0.0414,724.87,86.0,103,Very Safe,Assault
Humewood-Cedarvale (106),2020,Assault,40,182,0.2198,456.06,92.8,47,Very Safe,NonMCI
Humewood-Cedarvale (106),2020,Auto Theft,24,182,0.1319,456.06,92.8,47,Very Safe,NonMCI
Humewood-Cedarvale (106),2020,Break and Enter,49,182,0.2692,456.06,92.8,47,Very Safe,NonMCI
Humewood-Cedarvale (106),2020,NonMCI,56,182,0.3077,456.06,92.8,47,Very Safe,NonMCI
Humewood-Cedarvale (106),2020,Robbery,6,182,0.033,456.06,92.8,47,Very Safe,NonMCI
Humewood-Cedarvale (106),2020,Theft Over,7,182,0.0385,456.06,92.8,47,Very Safe,NonMCI
Ionview (125),2020,Assault,79,135,0.5852,428.48,93.5,40,Very Safe,Assault
Ionview (125),2020,Auto Theft,6,135,0.0444,428.48,93.5,40,Very Safe,Assault
Ionview (125),2020,Break and Enter,15,135,0.1111,428.48,93.5,40,Very Safe,Assault
Ionview (125),2020,NonMCI,33,135,0.2444,428.48,93.5,40,Very Safe,Assault
Ionview (125),2020,Robbery,2,135,0.0148,428.48,93.5,40,Very Safe,Assault
Ionview (125),2020,Theft Over,0,135,0.0,428.48,93.5,40,Very Safe,Assault
Islington (158),2020,Assault,72,247,0.2915,645.48,88.0,87,Very Safe,Assault
Islington (158),2020,Auto Theft,45,247,0.1822,645.48,88.0,87,Very Safe,Assault
Islington (158),2020,Break and Enter,43,247,0.1741,645.48,88.0,87,Very Safe,Assault
Islington (158),2020,NonMCI,70,247,0.2834,645.48,88.0,87,Very Safe,Assault
Islington (158),2020,Robbery,11,247,0.0445,645.48,88.0,87,Very Safe,Assault
Islington (158),2020,Theft Over,6,247,0.0243,645.48,88.0,87,Very Safe,Assault
Junction Area (90),2020,Assault,103,254,0.4055,740.34,85.6,106,Very Safe,Assault
Junction Area (90),2020,Auto Theft,36,254,0.1417,740.34,85.6,106,Very Safe,Assault
Junction Area (90),2020,Break and Enter,49,254,0.1929,740.34,85.6,106,Very Safe,Assault
Junction Area (90),2020,NonMCI,50,254,0.1969,740.34,85.6,106,Very Safe,Assault
Junction Area (90),2020,Robbery,10,254,0.0394,740.34,85.6,106,Very Safe,Assault
Junction Area (90),2020,Theft Over,6,254,0.0236,740.34,85.6,106,Very Safe,Assault
Junction-Wallace Emerson (171),2020,Assault,170,495,0.3434,1361.85,69.9,141,Safe,Assault
Junction-Wallace Emerson (171),2020,Auto Theft,42,495,0.0848,1361.85,69.9,141,Safe,Assault
Junction-Wallace Emerson (171),2020,Break and Enter,109,495,0.2202,1361.85,69.9,141,Safe,Assault
Junction-Wallace Emerson (171),2020,NonMCI,142,495,0.2869,1361.85,69.9,141,Safe,Assault
Junction-Wallace Emerson (171),2020,Robbery,22,495,0.0444,1361.85,69.9,141,Safe,Assault
Junction-Wallace Emerson (171),2020,Theft Over,10,495,0.0202,1361.85,69.9,141,Safe,Assault
Keelesdale-Eglinton West (110),2020,Assault,66,154,0.4286,452.13,92.9,45,Very Safe,Assault
Keelesdale-Eglinton West (110),2020,Auto Theft,22,154,0.1429,452.13,92.9,45,Very Safe,Assault
Keelesdale-Eglinton West (110),2020,Break and Enter,23,154,0.1494,452.13,92.9,45,Very Safe,Assault
Keelesdale-Eglinton West (110),2020,NonMCI,32,154,0.2078,452.13,92.9,45,Very Safe,Assault
Keelesdale-Eglinton West (110),2020,Robbery,8,154,0.0519,452.13,92.9,45,Very Safe,Assault
Keelesdale-Eglinton West (110),2020,Theft Over,3,154,0.0195,452.13,92.9,45,Very Safe,Assault
Kennedy Park (124),2020,Assault,165,329,0.5015,1006.92,78.8,130,Safe,Assault
Kennedy Park (124),2020,Auto Theft,28,329,0.0851,1006.92,78.8,130,Safe,Assault
Kennedy Park (124),2020,Break and Enter,32,329,0.0973,1006.92,78.8,130,Safe,Assault
Kennedy Park (124),2020,NonMCI,73,329,0.2219,1006.92,78.8,130,Safe,Assault
Kennedy Park (124),2020,Robbery,23,329,0.0699,1006.92,78.8,130,Safe,Assault
Kennedy Park (124),2020,Theft Over,8,329,0.0243,1006.92,78.8,130,Safe,Assault
Kensington-Chinatown (78),2020,Assault,377,851,0.443,2542.48,40.0,155,Risky,Assault
Kensington-Chinatown (78),2020,Auto Theft,54,851,0.0635,2542.48,40.0,155,Risky,Assault
Kensington-Chinatown (78),2020,Break and Enter,174,851,0.2045,2542.48,40.0,155,Risky,Assault
Kensington-Chinatown (78),2020,NonMCI,180,851,0.2115,2542.48,40.0,155,Risky,Assault
Kensington-Chinatown (78),2020,Robbery,39,851,0.0458,2542.48,40.0,155,Risky,Assault
Kensington-Chinatown (78),2020,Theft Over,27,851,0.0317,2542.48,40.0,155,Risky,Assault
Kingsview Village-The Westway (6),2020,Assault,91,239,0.3808,644.53,88.0,87,Very Safe,Assault
Kingsview Village-The Westway (6),2020,Auto Theft,54,239,0.2259,644.53,88.0,87,Very Safe,Assault
Kingsview Village-The Westway (6),2020,Break and Enter,14,239,0.0586,644.53,88.0,87,Very Safe,Assault
Kingsview Village-The Westway (6),2020,NonMCI,67,239,0.2803,644.53,88.0,87,Very Safe,Assault
Kingsview Village-The Westway (6),2020,Robbery,7,239,0.0293,644.53,88.0,87,Very Safe,Assault
Kingsview Village-The Westway (6),2020,Theft Over,6,239,0.0251,644.53,88.0,87,Very Safe,Assault
Kingsway South (15),2020,Assault,10,69,0.1449,170.62,100.0,1,Very Safe,Break and Enter
Kingsway South (15),2020,Auto Theft,16,69,0.2319,170.62,100.0,1,Very Safe,Break and Enter
Kingsway South (15),2020,Break and Enter,21,69,0.3043,170.62,100.0,1,Very Safe,Break and Enter
Kingsway South (15),2020,NonMCI,15,69,0.2174,170.62,100.0,1,Very Safe,Break and Enter
Kingsway South (15),2020,Robbery,4,69,0.058,170.62,100.0,1,Very Safe,Break and Enter
Kingsway South (15),2020,Theft Over,3,69,0.0435,170.62,100.0,1,Very Safe,Break and Enter
L'Amoreaux West (147),2020,Assault,84,180,0.4667,546.35,90.5,65,Very Safe,Assault
L'Amoreaux West (147),2020,Auto Theft,17,180,0.0944,546.35,90.5,65,Very Safe,Assault
L'Amoreaux West (147),2020,Break and Enter,25,180,0.1389,546.35,90.5,65,Very Safe,Assault
L'Amoreaux West (147),2020,NonMCI,37,180,0.2056,546.35,90.5,65,Very Safe,Assault
L'Amoreaux West (147),2020,Robbery,14,180,0.0778,546.35,90.5,65,Very Safe,Assault
L'Amoreaux West (147),2020,Theft Over,3,180,0.0167,546.35,90.5,65,Very Safe,Assault
Lambton Baby Point (114),2020,Assault,27,69,0.3913,194.99,99.4,2,Very Safe,Assault
Lambton Baby Point (114),2020,Auto Theft,11,69,0.1594,194.99,99.4,2,Very Safe,Assault
Lambton Baby Point (114),2020,Break and Enter,13,69,0.1884,194.99,99.4,2,Very Safe,Assault
Lambton Baby Point (114),2020,NonMCI,16,69,0.2319,194.99,99.4,2,Very Safe,Assault
Lambton Baby Point (114),2020,Robbery,1,69,0.0145,194.99,99.4,2,Very Safe,Assault
Lambton Baby Point (114),2020,Theft Over,1,69,0.0145,194.99,99.4,2,Very Safe,Assault
Lansing-Westgate (38),2020,Assault,93,274,0.3394,730.09,85.8,104,Very Safe,Assault
Lansing-Westgate (38),2020,Auto Theft,47,274,0.1715,730.09,85.8,104,Very Safe,Assault
Lansing-Westgate (38),2020,Break and Enter,39,274,0.1423,730.09,85.8,104,Very Safe,Assault
Lansing-Westgate (38),2020,NonMCI,80,274,0.292,730.09,85.8,104,Very Safe,Assault
Lansing-Westgate (38),2020,Robbery,8,274,0.0292,730.09,85.8,104,Very Safe,Assault
Lansing-Westgate (38),2020,Theft Over,7,274,0.0255,730.09,85.8,104,Very Safe,Assault
Lawrence Park North (105),2020,Assault,43,136,0.3162,351.99,95.4,24,Very Safe,NonMCI
Lawrence Park North (105),2020,Auto Theft,22,136,0.1618,351.99,95.4,24,Very Safe,NonMCI
Lawrence Park North (105),2020,Break and Enter,19,136,0.1397,351.99,95.4,24,Very Safe,NonMCI
Lawrence Park North (105),2020,NonMCI,46,136,0.3382,351.99,95.4,24,Very Safe,NonMCI
Lawrence Park North (105),2020,Robbery,5,136,0.0368,351.99,95.4,24,Very Safe,NonMCI
Lawrence Park North (105),2020,Theft Over,1,136,0.0074,351.99,95.4,24,Very Safe,NonMCI
Lawrence Park South (103),2020,Assault,23,170,0.1353,415.6,93.8,36,Very Safe,Break and Enter
Lawrence Park South (103),2020,Auto Theft,26,170,0.1529,415.6,93.8,36,Very Safe,Break and Enter
Lawrence Park South (103),2020,Break and Enter,57,170,0.3353,415.6,93.8,36,Very Safe,Break and Enter
Lawrence Park South (103),2020,NonMCI,44,170,0.2588,415.6,93.8,36,Very Safe,Break and Enter
Lawrence Park South (103),2020,Robbery,10,170,0.0588,415.6,93.8,36,Very Safe,Break and Enter
Lawrence Park South (103),2020,Theft Over,10,170,0.0588,415.6,93.8,36,Very Safe,Break and Enter
Leaside-Bennington (56),2020,Assault,29,161,0.1801,395.28,94.3,31,Very Safe,NonMCI
Leaside-Bennington (56),2020,Auto Theft,38,161,0.236,395.28,94.3,31,Very Safe,NonMCI
Leaside-Bennington (56),2020,Break and Enter,39,161,0.2422,395.28,94.3,31,Very Safe,NonMCI
Leaside-Bennington (56),2020,NonMCI,41,161,0.2547,395.28,94.3,31,Very Safe,NonMCI
Leaside-Bennington (56),2020,Robbery,7,161,0.0435,395.28,94.3,31,Very Safe,NonMCI
Leaside-Bennington (56),2020,Theft Over,7,161,0.0435,395.28,94.3,31,Very Safe,NonMCI
Little Portugal (84),2020,Assault,77,210,0.3667,605.31,89.0,76,Very Safe,Assault
Little Portugal (84),2020,Auto Theft,27,210,0.1286,605.31,89.0,76,Very Safe,Assault
Little Portugal (84),2020,Break and Enter,52,210,0.2476,605.31,89.0,76,Very Safe,Assault
Little Portugal (84),2020,NonMCI,39,210,0.1857,605.31,89.0,76,Very Safe,Assault
Little Portugal (84),2020,Robbery,9,210,0.0429,605.31,89.0,76,Very Safe,Assault
Little Portugal (84),2020,Theft Over,6,210,0.0286,605.31,89.0,76,Very Safe,Assault
Long Branch (19),2020,Assault,60,170,0.3529,479.52,92.2,52,Very Safe,Assault
Long Branch (19),2020,Auto Theft,21,170,0.1235,479.52,92.2,52,Very Safe,Assault
Long Branch (19),2020,Break and Enter,33,170,0.1941,479.52,92.2,52,Very Safe,Assault
Long Branch (19),2020,NonMCI,40,170,0.2353,479.52,92.2,52,Very Safe,Assault
Long Branch (19),2020,Robbery,12,170,0.0706,479.52,92.2,52,Very Safe,Assault
Long Branch (19),2020,Theft Over,4,170,0.0235,479.52,92.2,52,Very Safe,Assault
Malvern East (146),2020,Assault,147,282,0.5213,864.15,82.4,117,Very Safe,Assault
Malvern East (146),2020,Auto Theft,37,282,0.1312,864.15,82.4,117,Very Safe,Assault
Malvern East (146),2020,Break and Enter,14,282,0.0496,864.15,82.4,117,Very Safe,Assault
Malvern East (146),2020,NonMCI,62,282,0.2199,864.15,82.4,117,Very Safe,Assault
Malvern East (146),2020,Robbery,16,282,0.0567,864.15,82.4,117,Very Safe,Assault
Malvern East (146),2020,Theft Over,6,282,0.0213,864.15,82.4,117,Very Safe,Assault
Malvern West (145),2020,Assault,76,146,0.5205,446.77,93.0,43,Very Safe,Assault
Malvern West (145),2020,Auto Theft,21,146,0.1438,446.77,93.0,43,Very Safe,Assault
Malvern West (145),2020,Break and Enter,11,146,0.0753,446.77,93.0,43,Very Safe,Assault
Malvern West (145),2020,NonMCI,30,146,0.2055,446.77,93.0,43,Very Safe,Assault
Malvern West (145),2020,Robbery,7,146,0.0479,446.77,93.0,43,Very Safe,Assault
Malvern West (145),2020,Theft Over,1,146,0.0068,446.77,93.0,43,Very Safe,Assault
Maple Leaf (29),2020,Assault,28,94,0.2979,235.74,98.4,5,Very Safe,NonMCI
Maple Leaf (29),2020,Auto Theft,18,94,0.1915,235.74,98.4,5,Very Safe,NonMCI
Maple Leaf (29),2020,Break and Enter,11,94,0.117,235.74,98.4,5,Very Safe,NonMCI
Maple Leaf (29),2020,NonMCI,33,94,0.3511,235.74,98.4,5,Very Safe,NonMCI
Maple Leaf (29),2020,Robbery,2,94,0.0213,235.74,98.4,5,Very Safe,NonMCI
Maple Leaf (29),2020,Theft Over,2,94,0.0213,235.74,98.4,5,Very Safe,NonMCI
Markland Wood (12),2020,Assault,37,110,0.3364,312.55,96.4,17,Very Safe,Assault
Markland Wood (12),2020,Auto Theft,26,110,0.2364,312.55,96.4,17,Very Safe,Assault
Markland Wood (12),2020,Break and Enter,12,110,0.1091,312.55,96.4,17,Very Safe,Assault
Markland Wood (12),2020,NonMCI,16,110,0.1455,312.55,96.4,17,Very Safe,Assault
Markland Wood (12),2020,Robbery,12,110,0.1091,312.55,96.4,17,Very Safe,Assault
Markland Wood (12),2020,Theft Over,7,110,0.0636,312.55,96.4,17,Very Safe,Assault
Milliken (130),2020,Assault,73,317,0.2303,809.11,83.8,115,Very Safe,NonMCI
Milliken (130),2020,Auto Theft,69,317,0.2177,809.11,83.8,115,Very Safe,NonMCI
Milliken (130),2020,Break and Enter,61,317,0.1924,809.11,83.8,115,Very Safe,NonMCI
Milliken (130),2020,NonMCI,81,317,0.2555,809.11,83.8,115,Very Safe,NonMCI
Milliken (130),2020,Robbery,22,317,0.0694,809.11,83.8,115,Very Safe,NonMCI
Milliken (130),2020,Theft Over,11,317,0.0347,809.11,83.8,115,Very Safe,NonMCI
Mimico-Queensway (160),2020,Assault,187,307,0.6091,1003.09,78.9,128,Safe,Assault
Mimico-Queensway (160),2020,Auto Theft,28,307,0.0912,1003.09,78.9,128,Safe,Assault
Mimico-Queensway (160),2020,Break and Enter,35,307,0.114,1003.09,78.9,128,Safe,Assault
Mimico-Queensway (160),2020,NonMCI,46,307,0.1498,1003.09,78.9,128,Safe,Assault
Mimico-Queensway (160),2020,Robbery,3,307,0.0098,1003.09,78.9,128,Safe,Assault
Mimico-Queensway (160),2020,Theft Over,8,307,0.0261,1003.09,78.9,128,Safe,Assault
Morningside (135),2020,Assault,94,174,0.5402,548.37,90.4,66,Very Safe,Assault
Morningside (135),2020,Auto Theft,27,174,0.1552,548.37,90.4,66,Very Safe,Assault
Morningside (135),2020,Break and Enter,18,174,0.1034,548.37,90.4,66,Very Safe,Assault
Morningside (135),2020,NonMCI,26,174,0.1494,548.37,90.4,66,Very Safe,Assault
Morningside (135),2020,Robbery,7,174,0.0402,548.37,90.4,66,Very Safe,Assault
Morningside (135),2020,Theft Over,2,174,0.0115,548.37,90.4,66,Very Safe,Assault
Morningside Heights (144),2020,Assault,74,221,0.3348,581.08,89.6,71,Very Safe,Assault
Morningside Heights (144),2020,Auto Theft,37,221,0.1674,581.08,89.6,71,Very Safe,Assault
Morningside Heights (144),2020,Break and Enter,19,221,0.086,581.08,89.6,71,Very Safe,Assault
Morningside Heights (144),2020,NonMCI,72,221,0.3258,581.08,89.6,71,Very Safe,Assault
Morningside Heights (144),2020,Robbery,12,221,0.0543,581.08,89.6,71,Very Safe,Assault
Morningside Heights (144),2020,Theft Over,7,221,0.0317,581.08,89.6,71,Very Safe,Assault
Moss Park (73),2020,Assault,687,1238,0.5549,4122.11,0.0,158,Very Risky,Assault
Moss Park (73),2020,Auto Theft,36,1238,0.0291,4122.11,0.0,158,Very Risky,Assault
Moss Park (73),2020,Break and Enter,204,1238,0.1648,4122.11,0.0,158,Very Risky,Assault
Moss Park (73),2020,NonMCI,162,1238,0.1309,4122.11,0.0,158,Very Risky,Assault
Moss Park (73),2020,Robbery,130,1238,0.105,4122.11,0.0,158,Very Risky,Assault
Moss Park (73),2020,Theft Over,19,1238,0.0153,4122.11,0.0,158,Very Risky,Assault
Mount Dennis (115),2020,Assault,69,169,0.4083,495.84,91.8,54,Very Safe,Assault
Mount Dennis (115),2020,Auto Theft,23,169,0.1361,495.84,91.8,54,Very Safe,Assault
Mount Dennis (115),2020,Break and Enter,21,169,0.1243,495.84,91.8,54,Very Safe,Assault
Mount Dennis (115),2020,NonMCI,37,169,0.2189,495.84,91.8,54,Very Safe,Assault
Mount Dennis (115),2020,Robbery,16,169,0.0947,495.84,91.8,54,Very Safe,Assault
Mount Dennis (115),2020,Theft Over,3,169,0.0178,495.84,91.8,54,Very Safe,Assault
Mount Olive-Silverstone-Jamestown (2),2020,Assault,173,396,0.4369,1137.3,75.5,133,Safe,Assault
Mount Olive-Silverstone-Jamestown (2),2020,Auto Theft,80,396,0.202,1137.3,75.5,133,Safe,Assault
Mount Olive-Silverstone-Jamestown (2),2020,Break and Enter,18,396,0.0455,1137.3,75.5,133,Safe,Assault
Mount Olive-Silverstone-Jamestown (2),2020,NonMCI,94,396,0.2374,1137.3,75.5,133,Safe,Assault
Mount Olive-Silverstone-Jamestown (2),2020,Robbery,23,396,0.0581,1137.3,75.5,133,Safe,Assault
Mount Olive-Silverstone-Jamestown (2),2020,Theft Over,8,396,0.0202,1137.3,75.5,133,Safe,Assault
Mount Pleasant East (99),2020,Assault,41,164,0.25,422.9,93.6,38,Very Safe,NonMCI
Mount Pleasant East (99),2020,Auto Theft,18,164,0.1098,422.9,93.6,38,Very Safe,NonMCI
Mount Pleasant East (99),2020,Break and Enter,36,164,0.2195,422.9,93.6,38,Very Safe,NonMCI
Mount Pleasant East (99),2020,NonMCI,53,164,0.3232,422.9,93.6,38,Very Safe,NonMCI
Mount Pleasant East (99),2020,Robbery,12,164,0.0732,422.9,93.6,38,Very Safe,NonMCI
Mount Pleasant East (99),2020,Theft Over,4,164,0.0244,422.9,93.6,38,Very Safe,NonMCI
New Toronto (18),2020,Assault,85,197,0.4315,586.11,89.5,73,Very Safe,Assault
New Toronto (18),2020,Auto Theft,20,197,0.1015,586.11,89.5,73,Very Safe,Assault
New Toronto (18),2020,Break and Enter,41,197,0.2081,586.11,89.5,73,Very Safe,Assault
New Toronto (18),2020,NonMCI,40,197,0.203,586.11,89.5,73,Very Safe,Assault
New Toronto (18),2020,Robbery,8,197,0.0406,586.11,89.5,73,Very Safe,Assault
New Toronto (18),2020,Theft Over,3,197,0.0152,586.11,89.5,73,Very Safe,Assault
Newtonbrook East (50),2020,Assault,63,209,0.3014,566.32,90.0,67,Very Safe,Assault
Newtonbrook East (50),2020,Auto Theft,40,209,0.1914,566.32,90.0,67,Very Safe,Assault
Newtonbrook East (50),2020,Break and Enter,40,209,0.1914,566.32,90.0,67,Very Safe,Assault
Newtonbrook East (50),2020,NonMCI,44,209,0.2105,566.32,90.0,67,Very Safe,Assault
Newtonbrook East (50),2020,Robbery,11,209,0.0526,566.32,90.0,67,Very Safe,Assault
Newtonbrook East (50),2020,Theft Over,11,209,0.0526,566.32,90.0,67,Very Safe,Assault
Newtonbrook West (36),2020,Assault,148,354,0.4181,1002.35,79.0,127,Safe,Assault
Newtonbrook West (36),2020,Auto Theft,59,354,0.1667,1002.35,79.0,127,Safe,Assault
Newtonbrook West (36),2020,Break and Enter,29,354,0.0819,1002.35,79.0,127,Safe,Assault
Newtonbrook West (36),2020,NonMCI,93,354,0.2627,1002.35,79.0,127,Safe,Assault
Newtonbrook West (36),2020,Robbery,17,354,0.048,1002.35,79.0,127,Safe,Assault
Newtonbrook West (36),2020,Theft Over,8,354,0.0226,1002.35,79.0,127,Safe,Assault
North Riverdale (68),2020,Assault,31,125,0.248,327.21,96.0,18,Very Safe,NonMCI
North Riverdale (68),2020,Auto Theft,14,125,0.112,327.21,96.0,18,Very Safe,NonMCI
North Riverdale (68),2020,Break and Enter,34,125,0.272,327.21,96.0,18,Very Safe,NonMCI
North Riverdale (68),2020,NonMCI,36,125,0.288,327.21,96.0,18,Very Safe,NonMCI
North Riverdale (68),2020,Robbery,8,125,0.064,327.21,96.0,18,Very Safe,NonMCI
North Riverdale (68),2020,Theft Over,2,125,0.016,327.21,96.0,18,Very Safe,NonMCI
North St.James Town (74),2020,Assault,224,425,0.5271,1357.31,70.0,140,Safe,Assault
North St.James Town (74),2020,Auto Theft,24,425,0.0565,1357.31,70.0,140,Safe,Assault
North St.James Town (74),2020,Break and Enter,58,425,0.1365,1357.31,70.0,140,Safe,Assault
North St.James Town (74),2020,NonMCI,78,425,0.1835,1357.31,70.0,140,Safe,Assault
North St.James Town (74),2020,Robbery,35,425,0.0824,1357.31,70.0,140,Safe,Assault
North St.James Town (74),2020,Theft Over,6,425,0.0141,1357.31,70.0,140,Safe,Assault
North Toronto (173),2020,Assault,79,214,0.3692,647.09,87.9,89,Very Safe,Break and Enter
North Toronto (173),2020,Auto Theft,13,214,0.0607,647.09,87.9,89,Very Safe,Break and Enter
North Toronto (173),2020,Break and Enter,89,214,0.4159,647.09,87.9,89,Very Safe,Break and Enter
North Toronto (173),2020,NonMCI,24,214,0.1121,647.09,87.9,89,Very Safe,Break and Enter
North Toronto (173),2020,Robbery,3,214,0.014,647.09,87.9,89,Very Safe,Break and Enter
North Toronto (173),2020,Theft Over,6,214,0.028,647.09,87.9,89,Very Safe,Break and Enter
O'Connor-Parkview (54),2020,Assault,105,246,0.4268,705.24,86.5,99,Very Safe,Assault
O'Connor-Parkview (54),2020,Auto Theft,20,246,0.0813,705.24,86.5,99,Very Safe,Assault
O'Connor-Parkview (54),2020,Break and Enter,25,246,0.1016,705.24,86.5,99,Very Safe,Assault
O'Connor-Parkview (54),2020,NonMCI,71,246,0.2886,705.24,86.5,99,Very Safe,Assault
O'Connor-Parkview (54),2020,Robbery,14,246,0.0569,705.24,86.5,99,Very Safe,Assault
O'Connor-Parkview (54),2020,Theft Over,11,246,0.0447,705.24,86.5,99,Very Safe,Assault
Oakdale-Beverley Heights (154),2020,Assault,226,565,0.4,1591.38,64.0,145,Safe,Assault
Oakdale-Beverley Heights (154),2020,Auto Theft,88,565,0.1558,1591.38,64.0,145,Safe,Assault
Oakdale-Beverley Heights (154),2020,Break and Enter,47,565,0.0832,1591.38,64.0,145,Safe,Assault
Oakdale-Beverley Heights (154),2020,NonMCI,151,565,0.2673,1591.38,64.0,145,Safe,Assault
Oakdale-Beverley Heights (154),2020,Robbery,39,565,0.069,1591.38,64.0,145,Safe,Assault
Oakdale-Beverley Heights (154),2020,Theft Over,14,565,0.0248,1591.38,64.0,145,Safe,Assault
Oakridge (121),2020,Assault,156,282,0.5532,923.06,81.0,123,Very Safe,Assault
Oakridge (121),2020,Auto Theft,16,282,0.0567,923.06,81.0,123,Very Safe,Assault
Oakridge (121),2020,Break and Enter,36,282,0.1277,923.06,81.0,123,Very Safe,Assault
Oakridge (121),2020,NonMCI,44,282,0.156,923.06,81.0,123,Very Safe,Assault
Oakridge (121),2020,Robbery,26,282,0.0922,923.06,81.0,123,Very Safe,Assault
Oakridge (121),2020,Theft Over,4,282,0.0142,923.06,81.0,123,Very Safe,Assault
Oakwood Village (107),2020,Assault,103,233,0.4421,706.36,86.4,101,Very Safe,Assault
Oakwood Village (107),2020,Auto Theft,22,233,0.0944,706.36,86.4,101,Very Safe,Assault
Oakwood Village (107),2020,Break and Enter,33,233,0.1416,706.36,86.4,101,Very Safe,Assault
Oakwood Village (107),2020,NonMCI,48,233,0.206,706.36,86.4,101,Very Safe,Assault
Oakwood Village (107),2020,Robbery,22,233,0.0944,706.36,86.4,101,Very Safe,Assault
Oakwood Village (107),2020,Theft Over,5,233,0.0215,706.36,86.4,101,Very Safe,Assault
Old East York (58),2020,Assault,27,87,0.3103,229.95,98.5,3,Very Safe,NonMCI
Old East York (58),2020,Auto Theft,8,87,0.092,229.95,98.5,3,Very Safe,NonMCI
Old East York (58),2020,Break and Enter,15,87,0.1724,229.95,98.5,3,Very Safe,NonMCI
Old East York (58),2020,NonMCI,28,87,0.3218,229.95,98.5,3,Very Safe,NonMCI
Old East York (58),2020,Robbery,5,87,0.0575,229.95,98.5,3,Very Safe,NonMCI
Old East York (58),2020,Theft Over,4,87,0.046,229.95,98.5,3,Very Safe,NonMCI
Palmerston-Little Italy (80),2020,Assault,55,176,0.3125,476.2,92.3,51,Very Safe,Assault
Palmerston-Little Italy (80),2020,Auto Theft,16,176,0.0909,476.2,92.3,51,Very Safe,Assault
Palmerston-Little Italy (80),2020,Break and Enter,49,176,0.2784,476.2,92.3,51,Very Safe,Assault
Palmerston-Little Italy (80),2020,NonMCI,48,176,0.2727,476.2,92.3,51,Very Safe,Assault
Palmerston-Little Italy (80),2020,Robbery,5,176,0.0284,476.2,92.3,51,Very Safe,Assault
Palmerston-Little Italy (80),2020,Theft Over,3,176,0.017,476.2,92.3,51,Very Safe,Assault
Parkwoods-O'Connor Hills (149),2020,Assault,40,129,0.3101,339.9,95.7,22,Very Safe,Assault
Parkwoods-O'Connor Hills (149),2020,Auto Theft,23,129,0.1783,339.9,95.7,22,Very Safe,Assault
Parkwoods-O'Connor Hills (149),2020,Break and Enter,24,129,0.186,339.9,95.7,22,Very Safe,Assault
Parkwoods-O'Connor Hills (149),2020,NonMCI,37,129,0.2868,339.9,95.7,22,Very Safe,Assault
Parkwoods-O'Connor Hills (149),2020,Robbery,4,129,0.031,339.9,95.7,22,Very Safe,Assault
Parkwoods-O'Connor Hills (149),2020,Theft Over,1,129,0.0078,339.9,95.7,22,Very Safe,Assault
Pelmo Park-Humberlea (23),2020,Assault,51,185,0.2757,463.45,92.6,48,Very Safe,Auto Theft
Pelmo Park-Humberlea (23),2020,Auto Theft,56,185,0.3027,463.45,92.6,48,Very Safe,Auto Theft
Pelmo Park-Humberlea (23),2020,Break and Enter,18,185,0.0973,463.45,92.6,48,Very Safe,Auto Theft
Pelmo Park-Humberlea (23),2020,NonMCI,48,185,0.2595,463.45,92.6,48,Very Safe,Auto Theft
Pelmo Park-Humberlea (23),2020,Robbery,2,185,0.0108,463.45,92.6,48,Very Safe,Auto Theft
Pelmo Park-Humberlea (23),2020,Theft Over,10,185,0.0541,463.45,92.6,48,Very Safe,Auto Theft
Playter Estates-Danforth (67),2020,Assault,59,159,0.3711,467.72,92.5,50,Very Safe,Assault
Playter Estates-Danforth (67),2020,Auto Theft,7,159,0.044,467.72,92.5,50,Very Safe,Assault
Playter Estates-Danforth (67),2020,Break and Enter,50,159,0.3145,467.72,92.5,50,Very Safe,Assault
Playter Estates-Danforth (67),2020,NonMCI,30,159,0.1887,467.72,92.5,50,Very Safe,Assault
Playter Estates-Danforth (67),2020,Robbery,7,159,0.044,467.72,92.5,50,Very Safe,Assault
Playter Estates-Danforth (67),2020,Theft Over,6,159,0.0377,467.72,92.5,50,Very Safe,Assault
Pleasant View (46),2020,Assault,41,152,0.2697,387.01,94.5,29,Very Safe,NonMCI
Pleasant View (46),2020,Auto Theft,27,152,0.1776,387.01,94.5,29,Very Safe,NonMCI
Pleasant View (46),2020,Break and Enter,19,152,0.125,387.01,94.5,29,Very Safe,NonMCI
Pleasant View (46),2020,NonMCI,48,152,0.3158,387.01,94.5,29,Very Safe,NonMCI
Pleasant View (46),2020,Robbery,10,152,0.0658,387.01,94.5,29,Very Safe,NonMCI
Pleasant View (46),2020,Theft Over,7,152,0.0461,387.01,94.5,29,Very Safe,NonMCI
Princess-Rosethorn (10),2020,Assault,20,99,0.202,238.39,98.3,8,Very Safe,NonMCI
Princess-Rosethorn (10),2020,Auto Theft,19,99,0.1919,238.39,98.3,8,Very Safe,NonMCI
Princess-Rosethorn (10),2020,Break and Enter,12,99,0.1212,238.39,98.3,8,Very Safe,NonMCI
Princess-Rosethorn (10),2020,NonMCI,35,99,0.3535,238.39,98.3,8,Very Safe,NonMCI
Princess-Rosethorn (10),2020,Robbery,9,99,0.0909,238.39,98.3,8,Very Safe,NonMCI
Princess-Rosethorn (10),2020,Theft Over,4,99,0.0404,238.39,98.3,8,Very Safe,NonMCI
Regent Park (72),2020,Assault,137,234,0.5855,764.64,85.0,108,Very Safe,Assault
Regent Park (72),2020,Auto Theft,9,234,0.0385,764.64,85.0,108,Very Safe,Assault
Regent Park (72),2020,Break and Enter,28,234,0.1197,764.64,85.0,108,Very Safe,Assault
Regent Park (72),2020,NonMCI,40,234,0.1709,764.64,85.0,108,Very Safe,Assault
Regent Park (72),2020,Robbery,14,234,0.0598,764.64,85.0,108,Very Safe,Assault
Regent Park (72),2020,Theft Over,6,234,0.0256,764.64,85.0,108,Very Safe,Assault
Rexdale-Kipling (4),2020,Assault,48,164,0.2927,432.02,93.4,41,Very Safe,Assault
Rexdale-Kipling (4),2020,Auto Theft,40,164,0.2439,432.02,93.4,41,Very Safe,Assault
Rexdale-Kipling (4),2020,Break and Enter,19,164,0.1159,432.02,93.4,41,Very Safe,Assault
Rexdale-Kipling (4),2020,NonMCI,43,164,0.2622,432.02,93.4,41,Very Safe,Assault
Rexdale-Kipling (4),2020,Robbery,13,164,0.0793,432.02,93.4,41,Very Safe,Assault
Rexdale-Kipling (4),2020,Theft Over,1,164,0.0061,432.02,93.4,41,Very Safe,Assault
Rockcliffe-Smythe (111),2020,Assault,128,304,0.4211,877.21,82.1,120,Very Safe,Assault
Rockcliffe-Smythe (111),2020,Auto Theft,55,304,0.1809,877.21,82.1,120,Very Safe,Assault
Rockcliffe-Smythe (111),2020,Break and Enter,38,304,0.125,877.21,82.1,120,Very Safe,Assault
Rockcliffe-Smythe (111),2020,NonMCI,67,304,0.2204,877.21,82.1,120,Very Safe,Assault
Rockcliffe-Smythe (111),2020,Robbery,13,304,0.0428,877.21,82.1,120,Very Safe,Assault
Rockcliffe-Smythe (111),2020,Theft Over,3,304,0.0099,877.21,82.1,120,Very Safe,Assault
Roncesvalles (86),2020,Assault,108,262,0.4122,791.72,84.3,111,Very Safe,Assault
Roncesvalles (86),2020,Auto Theft,15,262,0.0573,791.72,84.3,111,Very Safe,Assault
Roncesvalles (86),2020,Break and Enter,64,262,0.2443,791.72,84.3,111,Very Safe,Assault
Roncesvalles (86),2020,NonMCI,51,262,0.1947,791.72,84.3,111,Very Safe,Assault
Roncesvalles (86),2020,Robbery,21,262,0.0802,791.72,84.3,111,Very Safe,Assault
Roncesvalles (86),2020,Theft Over,3,262,0.0115,791.72,84.3,111,Very Safe,Assault
Rosedale-Moore Park (98),2020,Assault,153,375,0.408,1144.27,75.4,134,Safe,Assault
Rosedale-Moore Park (98),2020,Auto Theft,49,375,0.1307,1144.27,75.4,134,Safe,Assault
Rosedale-Moore Park (98),2020,Break and Enter,97,375,0.2587,1144.27,75.4,134,Safe,Assault
Rosedale-Moore Park (98),2020,NonMCI,44,375,0.1173,1144.27,75.4,134,Safe,Assault
Rosedale-Moore Park (98),2020,Robbery,24,375,0.064,1144.27,75.4,134,Safe,Assault
Rosedale-Moore Park (98),2020,Theft Over,8,375,0.0213,1144.27,75.4,134,Safe,Assault
Runnymede-Bloor West Village (89),2020,Assault,33,103,0.3204,297.32,96.8,13,Very Safe,Assault
Runnymede-Bloor West Village (89),2020,Auto Theft,16,103,0.1553,297.32,96.8,13,Very Safe,Assault
Runnymede-Bloor West Village (89),2020,Break and Enter,29,103,0.2816,297.32,96.8,13,Very Safe,Assault
Runnymede-Bloor West Village (89),2020,NonMCI,15,103,0.1456,297.32,96.8,13,Very Safe,Assault
Runnymede-Bloor West Village (89),2020,Robbery,8,103,0.0777,297.32,96.8,13,Very Safe,Assault
Runnymede-Bloor West Village (89),2020,Theft Over,2,103,0.0194,297.32,96.8,13,Very Safe,Assault
Rustic (28),2020,Assault,62,146,0.4247,419.39,93.7,37,Very Safe,Assault
Rustic (28),2020,Auto Theft,22,146,0.1507,419.39,93.7,37,Very Safe,Assault
Rustic (28),2020,Break and Enter,15,146,0.1027,419.39,93.7,37,Very Safe,Assault
Rustic (28),2020,NonMCI,35,146,0.2397,419.39,93.7,37,Very Safe,Assault
Rustic (28),2020,Robbery,7,146,0.0479,419.39,93.7,37,Very Safe,Assault
Rustic (28),2020,Theft Over,5,146,0.0342,419.39,93.7,37,Very Safe,Assault
Scarborough Village (139),2020,Assault,158,314,0.5032,943.27,80.4,124,Very Safe,Assault
Scarborough Village (139),2020,Auto Theft,19,314,0.0605,943.27,80.4,124,Very Safe,Assault
Scarborough Village (139),2020,Break and Enter,27,314,0.086,943.27,80.4,124,Very Safe,Assault
Scarborough Village (139),2020,NonMCI,86,314,0.2739,943.27,80.4,124,Very Safe,Assault
Scarborough Village (139),2020,Robbery,17,314,0.0541,943.27,80.4,124,Very Safe,Assault
Scarborough Village (139),2020,Theft Over,7,314,0.0223,943.27,80.4,124,Very Safe,Assault
South Eglinton-Davisville (174),2020,Assault,73,216,0.338,628.24,88.4,83,Very Safe,Assault
South Eglinton-Davisville (174),2020,Auto Theft,14,216,0.0648,628.24,88.4,83,Very Safe,Assault
South Eglinton-Davisville (174),2020,Break and Enter,72,216,0.3333,628.24,88.4,83,Very Safe,Assault
South Eglinton-Davisville (174),2020,NonMCI,41,216,0.1898,628.24,88.4,83,Very Safe,Assault
South Eglinton-Davisville (174),2020,Robbery,13,216,0.0602,628.24,88.4,83,Very Safe,Assault
South Eglinton-Davisville (174),2020,Theft Over,3,216,0.0139,628.24,88.4,83,Very Safe,Assault
South Parkdale (85),2020,Assault,237,411,0.5766,1377.0,69.5,144,Safe,Assault
South Parkdale (85),2020,Auto Theft,18,411,0.0438,1377.0,69.5,144,Safe,Assault
South Parkdale (85),2020,Break and Enter,89,411,0.2165,1377.0,69.5,144,Safe,Assault
South Parkdale (85),2020,NonMCI,39,411,0.0949,1377.0,69.5,144,Safe,Assault
South Parkdale (85),2020,Robbery,16,411,0.0389,1377.0,69.5,144,Safe,Assault
South Parkdale (85),2020,Theft Over,12,411,0.0292,1377.0,69.5,144,Safe,Assault
South Riverdale (70),2020,Assault,196,564,0.3475,1594.41,64.0,145,Safe,Assault
South Riverdale (70),2020,Auto Theft,39,564,0.0691,1594.41,64.0,145,Safe,Assault
South Riverdale (70),2020,Break and Enter,141,564,0.25,1594.41,64.0,145,Safe,Assault
South Riverdale (70),2020,NonMCI,132,564,0.234,1594.41,64.0,145,Safe,Assault
South Riverdale (70),2020,Robbery,32,564,0.0567,1594.41,64.0,145,Safe,Assault
South Riverdale (70),2020,Theft Over,24,564,0.0426,1594.41,64.0,145,Safe,Assault
St Lawrence-East Bayfront-The Islands (166),2020,Assault,243,559,0.4347,1640.24,62.8,147,Safe,Assault
St Lawrence-East Bayfront-The Islands (166),2020,Auto Theft,14,559,0.025,1640.24,62.8,147,Safe,Assault
St Lawrence-East Bayfront-The Islands (166),2020,Break and Enter,93,559,0.1664,1640.24,62.8,147,Safe,Assault
St Lawrence-East Bayfront-The Islands (166),2020,NonMCI,154,559,0.2755,1640.24,62.8,147,Safe,Assault
St Lawrence-East Bayfront-The Islands (166),2020,Robbery,38,559,0.068,1640.24,62.8,147,Safe,Assault
St Lawrence-East Bayfront-The Islands (166),2020,Theft Over,17,559,0.0304,1640.24,62.8,147,Safe,Assault
St.Andrew-Windfields (40),2020,Assault,49,197,0.2487,506.44,91.5,56,Very Safe,NonMCI
St.Andrew-Windfields (40),2020,Auto Theft,30,197,0.1523,506.44,91.5,56,Very Safe,NonMCI
St.Andrew-Windfields (40),2020,Break and Enter,50,197,0.2538,506.44,91.5,56,Very Safe,NonMCI
St.Andrew-Windfields (40),2020,NonMCI,58,197,0.2944,506.44,91.5,56,Very Safe,NonMCI
St.Andrew-Windfields (40),2020,Robbery,7,197,0.0355,506.44,91.5,56,Very Safe,NonMCI
St.Andrew-Windfields (40),2020,Theft Over,3,197,0.0152,506.44,91.5,56,Very Safe,NonMCI
Steeles (116),2020,Assault,37,111,0.3333,309.74,96.5,16,Very Safe,Assault
Steeles (116),2020,Auto Theft,24,111,0.2162,309.74,96.5,16,Very Safe,Assault
Steeles (116),2020,Break and Enter,24,111,0.2162,309.74,96.5,16,Very Safe,Assault
Steeles (116),2020,NonMCI,20,111,0.1802,309.74,96.5,16,Very Safe,Assault
Steeles (116),2020,Robbery,5,111,0.045,309.74,96.5,16,Very Safe,Assault
Steeles (116),2020,Theft Over,1,111,0.009,309.74,96.5,16,Very Safe,Assault
Stonegate-Queensway (16),2020,Assault,93,292,0.3185,762.46,85.0,108,Very Safe,NonMCI
Stonegate-Queensway (16),2020,Auto Theft,46,292,0.1575,762.46,85.0,108,Very Safe,NonMCI
Stonegate-Queensway (16),2020,Break and Enter,35,292,0.1199,762.46,85.0,108,Very Safe,NonMCI
Stonegate-Queensway (16),2020,NonMCI,97,292,0.3322,762.46,85.0,108,Very Safe,NonMCI
Stonegate-Queensway (16),2020,Robbery,16,292,0.0548,762.46,85.0,108,Very Safe,NonMCI
Stonegate-Queensway (16),2020,Theft Over,5,292,0.0171,762.46,85.0,108,Very Safe,NonMCI
Tam O'Shanter-Sullivan (118),2020,Assault,109,274,0.3978,801.77,84.0,114,Very Safe,Assault
Tam O'Shanter-Sullivan (118),2020,Auto Theft,35,274,0.1277,801.77,84.0,114,Very Safe,Assault
Tam O'Shanter-Sullivan (118),2020,Break and Enter,54,274,0.1971,801.77,84.0,114,Very Safe,Assault
Tam O'Shanter-Sullivan (118),2020,NonMCI,57,274,0.208,801.77,84.0,114,Very Safe,Assault
Tam O'Shanter-Sullivan (118),2020,Robbery,16,274,0.0584,801.77,84.0,114,Very Safe,Assault
Tam O'Shanter-Sullivan (118),2020,Theft Over,3,274,0.0109,801.77,84.0,114,Very Safe,Assault
Taylor-Massey (61),2020,Assault,99,230,0.4304,685.56,87.0,97,Very Safe,Assault
Taylor-Massey (61),2020,Auto Theft,15,230,0.0652,685.56,87.0,97,Very Safe,Assault
Taylor-Massey (61),2020,Break and Enter,29,230,0.1261,685.56,87.0,97,Very Safe,Assault
Taylor-Massey (61),2020,NonMCI,56,230,0.2435,685.56,87.0,97,Very Safe,Assault
Taylor-Massey (61),2020,Robbery,24,230,0.1043,685.56,87.0,97,Very Safe,Assault
Taylor-Massey (61),2020,Theft Over,7,230,0.0304,685.56,87.0,97,Very Safe,Assault
The Beaches (63),2020,Assault,79,235,0.3362,650.67,87.9,89,Very Safe,Assault
The Beaches (63),2020,Auto Theft,20,235,0.0851,650.67,87.9,89,Very Safe,Assault
The Beaches (63),2020,Break and Enter,63,235,0.2681,650.67,87.9,89,Very Safe,Assault
The Beaches (63),2020,NonMCI,60,235,0.2553,650.67,87.9,89,Very Safe,Assault
The Beaches (63),2020,Robbery,4,235,0.017,650.67,87.9,89,Very Safe,Assault
The Beaches (63),2020,Theft Over,9,235,0.0383,650.67,87.9,89,Very Safe,Assault
Thistletown-Beaumond Heights (3),2020,Assault,52,167,0.3114,423.46,93.6,38,Very Safe,NonMCI
Thistletown-Beaumond Heights (3),2020,Auto Theft,40,167,0.2395,423.46,93.6,38,Very Safe,NonMCI
Thistletown-Beaumond Heights (3),2020,Break and Enter,11,167,0.0659,423.46,93.6,38,Very Safe,NonMCI
Thistletown-Beaumond Heights (3),2020,NonMCI,54,167,0.3234,423.46,93.6,38,Very Safe,NonMCI
Thistletown-Beaumond Heights (3),2020,Robbery,6,167,0.0359,423.46,93.6,38,Very Safe,NonMCI
Thistletown-Beaumond Heights (3),2020,Theft Over,4,167,0.024,423.46,93.6,38,Very Safe,NonMCI
Thorncliffe Park (55),2020,Assault,83,173,0.4798,532.38,90.8,63,Very Safe,Assault
Thorncliffe Park (55),2020,Auto Theft,19,173,0.1098,532.38,90.8,63,Very Safe,Assault
Thorncliffe Park (55),2020,Break and Enter,37,173,0.2139,532.38,90.8,63,Very Safe,Assault
Thorncliffe Park (55),2020,NonMCI,26,173,0.1503,532.38,90.8,63,Very Safe,Assault
Thorncliffe Park (55),2020,Robbery,4,173,0.0231,532.38,90.8,63,Very Safe,Assault
Thorncliffe Park (55),2020,Theft Over,4,173,0.0231,532.38,90.8,63,Very Safe,Assault
Trinity-Bellwoods (81),2020,Assault,102,260,0.3923,799.56,84.1,112,Very Safe,Assault
Trinity-Bellwoods (81),2020,Auto Theft,16,260,0.0615,799.56,84.1,112,Very Safe,Assault
Trinity-Bellwoods (81),2020,Break and Enter,86,260,0.3308,799.56,84.1,112,Very Safe,Assault
Trinity-Bellwoods (81),2020,NonMCI,29,260,0.1115,799.56,84.1,112,Very Safe,Assault
Trinity-Bellwoods (81),2020,Robbery,19,260,0.0731,799.56,84.1,112,Very Safe,Assault
Trinity-Bellwoods (81),2020,Theft Over,8,260,0.0308,799.56,84.1,112,Very Safe,Assault
University (79),2020,Assault,76,214,0.3551,606.3,89.0,76,Very Safe,Assault
University (79),2020,Auto Theft,6,214,0.028,606.3,89.0,76,Very Safe,Assault
University (79),2020,Break and Enter,60,214,0.2804,606.3,89.0,76,Very Safe,Assault
University (79),2020,NonMCI,55,214,0.257,606.3,89.0,76,Very Safe,Assault
University (79),2020,Robbery,12,214,0.0561,606.3,89.0,76,Very Safe,Assault
University (79),2020,Theft Over,5,214,0.0234,606.3,89.0,76,Very Safe,Assault
Victoria Village (43),2020,Assault,104,202,0.5149,635.58,88.2,86,Very Safe,Assault
Victoria Village (43),2020,Auto Theft,15,202,0.0743,635.58,88.2,86,Very Safe,Assault
Victoria Village (43),2020,Break and Enter,32,202,0.1584,635.58,88.2,86,Very Safe,Assault
Victoria Village (43),2020,NonMCI,36,202,0.1782,635.58,88.2,86,Very Safe,Assault
Victoria Village (43),2020,Robbery,11,202,0.0545,635.58,88.2,86,Very Safe,Assault
Victoria Village (43),2020,Theft Over,4,202,0.0198,635.58,88.2,86,Very Safe,Assault
Wellington Place (164),2020,Assault,254,643,0.395,1882.09,56.7,151,Moderate,Assault
Wellington Place (164),2020,Auto Theft,41,643,0.0638,1882.09,56.7,151,Moderate,Assault
Wellington Place (164),2020,Break and Enter,177,643,0.2753,1882.09,56.7,151,Moderate,Assault
Wellington Place (164),2020,NonMCI,127,643,0.1975,1882.09,56.7,151,Moderate,Assault
Wellington Place (164),2020,Robbery,22,643,0.0342,1882.09,56.7,151,Moderate,Assault
Wellington Place (164),2020,Theft Over,22,643,0.0342,1882.09,56.7,151,Moderate,Assault
West Hill (136),2020,Assault,289,566,0.5106,1741.27,60.3,148,Safe,Assault
West Hill (136),2020,Auto Theft,51,566,0.0901,1741.27,60.3,148,Safe,Assault
West Hill (136),2020,Break and Enter,58,566,0.1025,1741.27,60.3,148,Safe,Assault
West Hill (136),2020,NonMCI,125,566,0.2208,1741.27,60.3,148,Safe,Assault
West Hill (136),2020,Robbery,35,566,0.0618,1741.27,60.3,148,Safe,Assault
West Hill (136),2020,Theft Over,8,566,0.0141,1741.27,60.3,148,Safe,Assault
West Humber-Clairville (1),2020,Assault,225,1133,0.1986,2674.78,36.6,156,Risky,NonMCI
West Humber-Clairville (1),2020,Auto Theft,339,1133,0.2992,2674.78,36.6,156,Risky,NonMCI
West Humber-Clairville (1),2020,Break and Enter,107,1133,0.0944,2674.78,36.6,156,Risky,NonMCI
West Humber-Clairville (1),2020,NonMCI,350,1133,0.3089,2674.78,36.6,156,Risky,NonMCI
West Humber-Clairville (1),2020,Robbery,59,1133,0.0521,2674.78,36.6,156,Risky,NonMCI
West Humber-Clairville (1),2020,Theft Over,53,1133,0.0468,2674.78,36.6,156,Risky,NonMCI
West Queen West (162),2020,Assault,89,218,0.4083,652.35,87.8,92,Very Safe,Assault
West Queen West (162),2020,Auto Theft,12,218,0.055,652.35,87.8,92,Very Safe,Assault
West Queen West (162),2020,Break and Enter,64,218,0.2936,652.35,87.8,92,Very Safe,Assault
West Queen West (162),2020,NonMCI,39,218,0.1789,652.35,87.8,92,Very Safe,Assault
West Queen West (162),2020,Robbery,8,218,0.0367,652.35,87.8,92,Very Safe,Assault
West Queen West (162),2020,Theft Over,6,218,0.0275,652.35,87.8,92,Very Safe,Assault
West Rouge (143),2020,Assault,61,168,0.3631,464.11,92.6,48,Very Safe,Assault
West Rouge (143),2020,Auto Theft,15,168,0.0893,464.11,92.6,48,Very Safe,Assault
West Rouge (143),2020,Break and Enter,19,168,0.1131,464.11,92.6,48,Very Safe,Assault
West Rouge (143),2020,NonMCI,55,168,0.3274,464.11,92.6,48,Very Safe,Assault
West Rouge (143),2020,Robbery,15,168,0.0893,464.11,92.6,48,Very Safe,Assault
West Rouge (143),2020,Theft Over,3,168,0.0179,464.11,92.6,48,Very Safe,Assault
Westminster-Branson (35),2020,Assault,81,230,0.3522,617.98,88.7,81,Very Safe,Assault
Westminster-Branson (35),2020,Auto Theft,47,230,0.2043,617.98,88.7,81,Very Safe,Assault
Westminster-Branson (35),2020,Break and Enter,13,230,0.0565,617.98,88.7,81,Very Safe,Assault
Westminster-Branson (35),2020,NonMCI,67,230,0.2913,617.98,88.7,81,Very Safe,Assault
Westminster-Branson (35),2020,Robbery,16,230,0.0696,617.98,88.7,81,Very Safe,Assault
Westminster-Branson (35),2020,Theft Over,6,230,0.0261,617.98,88.7,81,Very Safe,Assault
Weston (113),2020,Assault,195,415,0.4699,1232.75,73.1,137,Safe,Assault
Weston (113),2020,Auto Theft,69,415,0.1663,1232.75,73.1,137,Safe,Assault
Weston (113),2020,Break and Enter,25,415,0.0602,1232.75,73.1,137,Safe,Assault
Weston (113),2020,NonMCI,92,415,0.2217,1232.75,73.1,137,Safe,Assault
Weston (113),2020,Robbery,23,415,0.0554,1232.75,73.1,137,Safe,Assault
Weston (113),2020,Theft Over,11,415,0.0265,1232.75,73.1,137,Safe,Assault
Weston-Pelham Park (91),2020,Assault,99,190,0.5211,591.29,89.4,74,Very Safe,Assault
Weston-Pelham Park (91),2020,Auto Theft,18,190,0.0947,591.29,89.4,74,Very Safe,Assault
Weston-Pelham Park (91),2020,Break and Enter,30,190,0.1579,591.29,89.4,74,Very Safe,Assault
Weston-Pelham Park (91),2020,NonMCI,36,190,0.1895,591.29,89.4,74,Very Safe,Assault
Weston-Pelham Park (91),2020,Robbery,4,190,0.0211,591.29,89.4,74,Very Safe,Assault
Weston-Pelham Park (91),2020,Theft Over,3,190,0.0158,591.29,89.4,74,Very Safe,Assault
Wexford/Maryvale (119),2020,Assault,175,499,0.3507,1370.82,69.6,143,Safe,Assault
Wexford/Maryvale (119),2020,Auto Theft,79,499,0.1583,1370.82,69.6,143,Safe,Assault
Wexford/Maryvale (119),2020,Break and Enter,80,499,0.1603,1370.82,69.6,143,Safe,Assault
Wexford/Maryvale (119),2020,NonMCI,131,499,0.2625,1370.82,69.6,143,Safe,Assault
Wexford/Maryvale (119),2020,Robbery,23,499,0.0461,1370.82,69.6,143,Safe,Assault
Wexford/Maryvale (119),2020,Theft Over,11,499,0.022,1370.82,69.6,143,Safe,Assault
Willowdale West (37),2020,Assault,83,243,0.3416,665.54,87.5,94,Very Safe,Assault
Willowdale West (37),2020,Auto Theft,35,243,0.144,665.54,87.5,94,Very Safe,Assault
Willowdale West (37),2020,Break and Enter,24,243,0.0988,665.54,87.5,94,Very Safe,Assault
Willowdale West (37),2020,NonMCI,70,243,0.2881,665.54,87.5,94,Very Safe,Assault
Willowdale West (37),2020,Robbery,23,243,0.0947,665.54,87.5,94,Very Safe,Assault
Willowdale West (37),2020,Theft Over,8,243,0.0329,665.54,87.5,94,Very Safe,Assault
Willowridge-Martingrove-Richview (7),2020,Assault,93,238,0.3908,673.57,87.3,95,Very Safe,Assault
Willowridge-Martingrove-Richview (7),2020,Auto Theft,68,238,0.2857,673.57,87.3,95,Very Safe,Assault
Willowridge-Martingrove-Richview (7),2020,Break and Enter,20,238,0.084,673.57,87.3,95,Very Safe,Assault
Willowridge-Martingrove-Richview (7),2020,NonMCI,42,238,0.1765,673.57,87.3,95,Very Safe,Assault
Willowridge-Martingrove-Richview (7),2020,Robbery,11,238,0.0462,673.57,87.3,95,Very Safe,Assault
Willowridge-Martingrove-Richview (7),2020,Theft Over,4,238,0.0168,673.57,87.3,95,Very Safe,Assault
Woburn North (142),2020,Assault,164,349,0.4699,1043.29,77.9,132,Safe,Assault
Woburn North (142),2020,Auto Theft,47,349,0.1347,1043.29,77.9,132,Safe,Assault
Woburn North (142),2020,Break and Enter,26,349,0.0745,1043.29,77.9,132,Safe,Assault
Woburn North (142),2020,NonMCI,77,349,0.2206,1043.29,77.9,132,Safe,Assault
Woburn North (142),2020,Robbery,23,349,0.0659,1043.29,77.9,132,Safe,Assault
Woburn North (142),2020,Theft Over,12,349,0.0344,1043.29,77.9,132,Safe,Assault
Woodbine Corridor (64),2020,Assault,58,165,0.3515,446.9,93.0,43,Very Safe,Assault
Woodbine Corridor (64),2020,Auto Theft,11,165,0.0667,446.9,93.0,43,Very Safe,Assault
Woodbine Corridor (64),2020,Break and Enter,34,165,0.2061,446.9,93.0,43,Very Safe,Assault
Woodbine Corridor (64),2020,NonMCI,54,165,0.3273,446.9,93.0,43,Very Safe,Assault
Woodbine Corridor (64),2020,Robbery,4,165,0.0242,446.9,93.0,43,Very Safe,Assault
Woodbine Corridor (64),2020,Theft Over,4,165,0.0242,446.9,93.0,43,Very Safe,Assault
Woodbine-Lumsden (60),2020,Assault,30,90,0.3333,234.07,98.4,5,Very Safe,NonMCI
Woodbine-Lumsden (60),2020,Auto Theft,3,90,0.0333,234.07,98.4,5,Very Safe,NonMCI
Woodbine-Lumsden (60),2020,Break and Enter,12,90,0.1333,234.07,98.4,5,Very Safe,NonMCI
Woodbine-Lumsden (60),2020,NonMCI,39,90,0.4333,234.07,98.4,5,Very Safe,NonMCI
Woodbine-Lumsden (60),2020,Robbery,5,90,0.0556,234.07,98.4,5,Very Safe,NonMCI
Woodbine-Lumsden (60),2020,Theft Over,1,90,0.0111,234.07,98.4,5,Very Safe,NonMCI
Wychwood (94),2020,Assault,78,198,0.3939,590.81,89.4,74,Very Safe,Assault
Wychwood (94),2020,Auto Theft,23,198,0.1162,590.81,89.4,74,Very Safe,Assault
Wychwood (94),2020,Break and Enter,46,198,0.2323,590.81,89.4,74,Very Safe,Assault
Wychwood (94),2020,NonMCI,34,198,0.1717,590.81,89.4,74,Very Safe,Assault
Wychwood (94),2020,Robbery,16,198,0.0808,590.81,89.4,74,Very Safe,Assault
Wychwood (94),2020,Theft Over,1,198,0.0051,590.81,89.4,74,Very Safe,Assault
Yonge-Bay Corridor (170),2020,Assault,339,706,0.4802,2186.79,49.0,153,Moderate,Assault
Yonge-Bay Corridor (170),2020,Auto Theft,16,706,0.0227,2186.79,49.0,153,Moderate,Assault
Yonge-Bay Corridor (170),2020,Break and Enter,146,706,0.2068,2186.79,49.0,153,Moderate,Assault
Yonge-Bay Corridor (170),2020,NonMCI,127,706,0.1799,2186.79,49.0,153,Moderate,Assault
Yonge-Bay Corridor (170),2020,Robbery,46,706,0.0652,2186.79,49.0,153,Moderate,Assault
Yonge-Bay Corridor (170),2020,Theft Over,32,706,0.0453,2186.79,49.0,153,Moderate,Assault
Yonge-Doris (151),2020,Assault,62,203,0.3054,517.5,91.2,58,Very Safe,NonMCI
Yonge-Doris (151),2020,Auto Theft,17,203,0.0837,517.5,91.2,58,Very Safe,NonMCI
Yonge-Doris (151),2020,Break and Enter,28,203,0.1379,517.5,91.2,58,Very Safe,NonMCI
Yonge-Doris (151),2020,NonMCI,77,203,0.3793,517.5,91.2,58,Very Safe,NonMCI
Yonge-Doris (151),2020,Robbery,9,203,0.0443,517.5,91.2,58,Very Safe,NonMCI
Yonge-Doris (151),2020,Theft Over,10,203,0.0493,517.5,91.2,58,Very Safe,NonMCI
Yonge-Eglinton (100),2020,Assault,83,190,0.4368,564.83,90.0,67,Very Safe,Assault
Yonge-Eglinton (100),2020,Auto Theft,16,190,0.0842,564.83,90.0,67,Very Safe,Assault
Yonge-Eglinton (100),2020,Break and Enter,35,190,0.1842,564.83,90.0,67,Very Safe,Assault
Yonge-Eglinton (100),2020,NonMCI,40,190,0.2105,564.83,90.0,67,Very Safe,Assault
Yonge-Eglinton (100),2020,Robbery,9,190,0.0474,564.83,90.0,67,Very Safe,Assault
Yonge-Eglinton (100),2020,Theft Over,7,190,0.0368,564.83,90.0,67,Very Safe,Assault
Yonge-St.Clair (97),2020,Assault,24,86,0.2791,235.78,98.4,5,Very Safe,Break and Enter
Yonge-St.Clair (97),2020,Auto Theft,8,86,0.093,235.78,98.4,5,Very Safe,Break and Enter
Yonge-St.Clair (97),2020,Break and Enter,28,86,0.3256,235.78,98.4,5,Very Safe,Break and Enter
Yonge-St.Clair (97),2020,NonMCI,19,86,0.2209,235.78,98.4,5,Very Safe,Break and Enter
Yonge-St.Clair (97),2020,Robbery,4,86,0.0465,235.78,98.4,5,Very Safe,Break and Enter
Yonge-St.Clair (97),2020,Theft Over,3,86,0.0349,235.78,98.4,5,Very Safe,Break and Enter
York University Heights (27),2020,Assault,318,938,0.339,2517.14,40.6,154,Moderate,Assault
York University Heights (27),2020,Auto Theft,170,938,0.1812,2517.14,40.6,154,Moderate,Assault
York University Heights (27),2020,Break and Enter,110,938,0.1173,2517.14,40.6,154,Moderate,Assault
York University Heights (27),2020,NonMCI,253,938,0.2697,2517.14,40.6,154,Moderate,Assault
York University Heights (27),2020,Robbery,41,938,0.0437,2517.14,40.6,154,Moderate,Assault
York University Heights (27),2020,Theft Over,46,938,0.049,2517.14,40.6,154,Moderate,Assault
Yorkdale-Glen Park (31),2020,Assault,149,467,0.3191,1260.88,72.4,138,Safe,Assault
Yorkdale-Glen Park (31),2020,Auto Theft,74,467,0.1585,1260.88,72.4,138,Safe,Assault
Yorkdale-Glen Park (31),2020,Break and Enter,72,467,0.1542,1260.88,72.4,138,Safe,Assault
Yorkdale-Glen Park (31),2020,NonMCI,123,467,0.2634,1260.88,72.4,138,Safe,Assault
Yorkdale-Glen Park (31),2020,Robbery,31,467,0.0664,1260.88,72.4,138,Safe,Assault
Yorkdale-Glen Park (31),2020,Theft Over,18,467,0.0385,1260.88,72.4,138,Safe,Assault
Agincourt North (129),2021,Assault,60,166,0.3614,504.56,90.9,51,Very Safe,Assault
Agincourt North (129),2021,Auto Theft,47,166,0.2831,504.56,90.9,51,Very Safe,Assault
Agincourt North (129),2021,Break and Enter,18,166,0.1084,504.56,90.9,51,Very Safe,Assault
Agincourt North (129),2021,NonMCI,32,166,0.1928,504.56,90.9,51,Very Safe,Assault
Agincourt North (129),2021,Robbery,7,166,0.0422,504.56,90.9,51,Very Safe,Assault
Agincourt North (129),2021,Theft Over,2,166,0.012,504.56,90.9,51,Very Safe,Assault
Agincourt South-Malvern West (128),2021,Assault,142,321,0.4424,1008.87,76.0,125,Safe,Assault
Agincourt South-Malvern West (128),2021,Auto Theft,33,321,0.1028,1008.87,76.0,125,Safe,Assault
Agincourt South-Malvern West (128),2021,Break and Enter,39,321,0.1215,1008.87,76.0,125,Safe,Assault
Agincourt South-Malvern West (128),2021,NonMCI,88,321,0.2741,1008.87,76.0,125,Safe,Assault
Agincourt South-Malvern West (128),2021,Robbery,14,321,0.0436,1008.87,76.0,125,Safe,Assault
Agincourt South-Malvern West (128),2021,Theft Over,5,321,0.0156,1008.87,76.0,125,Safe,Assault
Alderwood (20),2021,Assault,29,122,0.2377,320.15,96.4,15,Very Safe,NonMCI
Alderwood (20),2021,Auto Theft,25,122,0.2049,320.15,96.4,15,Very Safe,NonMCI
Alderwood (20),2021,Break and Enter,17,122,0.1393,320.15,96.4,15,Very Safe,NonMCI
Alderwood (20),2021,NonMCI,43,122,0.3525,320.15,96.4,15,Very Safe,NonMCI
Alderwood (20),2021,Robbery,2,122,0.0164,320.15,96.4,15,Very Safe,NonMCI
Alderwood (20),2021,Theft Over,6,122,0.0492,320.15,96.4,15,Very Safe,NonMCI
Annex (95),2021,Assault,273,619,0.441,2105.57,43.6,150,Moderate,Assault
Annex (95),2021,Auto Theft,38,619,0.0614,2105.57,43.6,150,Moderate,Assault
Annex (95),2021,Break and Enter,153,619,0.2472,2105.57,43.6,150,Moderate,Assault
Annex (95),2021,NonMCI,73,619,0.1179,2105.57,43.6,150,Moderate,Assault
Annex (95),2021,Robbery,46,619,0.0743,2105.57,43.6,150,Moderate,Assault
Annex (95),2021,Theft Over,36,619,0.0582,2105.57,43.6,150,Moderate,Assault
Avondale (153),2021,Assault,48,133,0.3609,400.26,94.0,29,Very Safe,Assault
Avondale (153),2021,Auto Theft,31,133,0.2331,400.26,94.0,29,Very Safe,Assault
Avondale (153),2021,Break and Enter,17,133,0.1278,400.26,94.0,29,Very Safe,Assault
Avondale (153),2021,NonMCI,27,133,0.203,400.26,94.0,29,Very Safe,Assault
Avondale (153),2021,Robbery,5,133,0.0376,400.26,94.0,29,Very Safe,Assault
Avondale (153),2021,Theft Over,5,133,0.0376,400.26,94.0,29,Very Safe,Assault
Banbury-Don Mills (42),2021,Assault,83,188,0.4415,596.2,88.2,71,Very Safe,Assault
Banbury-Don Mills (42),2021,Auto Theft,34,188,0.1809,596.2,88.2,71,Very Safe,Assault
Banbury-Don Mills (42),2021,Break and Enter,23,188,0.1223,596.2,88.2,71,Very Safe,Assault
Banbury-Don Mills (42),2021,NonMCI,38,188,0.2021,596.2,88.2,71,Very Safe,Assault
Banbury-Don Mills (42),2021,Robbery,3,188,0.016,596.2,88.2,71,Very Safe,Assault
Banbury-Don Mills (42),2021,Theft Over,7,188,0.0372,596.2,88.2,71,Very Safe,Assault
Bathurst Manor (34),2021,Assault,55,156,0.3526,467.84,92.0,48,Very Safe,Assault
Bathurst Manor (34),2021,Auto Theft,38,156,0.2436,467.84,92.0,48,Very Safe,Assault
Bathurst Manor (34),2021,Break and Enter,18,156,0.1154,467.84,92.0,48,Very Safe,Assault
Bathurst Manor (34),2021,NonMCI,35,156,0.2244,467.84,92.0,48,Very Safe,Assault
Bathurst Manor (34),2021,Robbery,8,156,0.0513,467.84,92.0,48,Very Safe,Assault
Bathurst Manor (34),2021,Theft Over,2,156,0.0128,467.84,92.0,48,Very Safe,Assault
Bay-Cloverhill (169),2021,Assault,131,241,0.5436,864.0,80.3,113,Very Safe,Assault
Bay-Cloverhill (169),2021,Auto Theft,20,241,0.083,864.0,80.3,113,Very Safe,Assault
Bay-Cloverhill (169),2021,Break and Enter,39,241,0.1618,864.0,80.3,113,Very Safe,Assault
Bay-Cloverhill (169),2021,NonMCI,20,241,0.083,864.0,80.3,113,Very Safe,Assault
Bay-Cloverhill (169),2021,Robbery,19,241,0.0788,864.0,80.3,113,Very Safe,Assault
Bay-Cloverhill (169),2021,Theft Over,12,241,0.0498,864.0,80.3,113,Very Safe,Assault
Bayview Village (52),2021,Assault,68,194,0.3505,574.09,88.9,67,Very Safe,Assault
Bayview Village (52),2021,Auto Theft,39,194,0.201,574.09,88.9,67,Very Safe,Assault
Bayview Village (52),2021,Break and Enter,29,194,0.1495,574.09,88.9,67,Very Safe,Assault
Bayview Village (52),2021,NonMCI,45,194,0.232,574.09,88.9,67,Very Safe,Assault
Bayview Village (52),2021,Robbery,4,194,0.0206,574.09,88.9,67,Very Safe,Assault
Bayview Village (52),2021,Theft Over,9,194,0.0464,574.09,88.9,67,Very Safe,Assault
Bayview Woods-Steeles (49),2021,Assault,25,88,0.2841,242.03,98.7,3,Very Safe,Assault
Bayview Woods-Steeles (49),2021,Auto Theft,24,88,0.2727,242.03,98.7,3,Very Safe,Assault
Bayview Woods-Steeles (49),2021,Break and Enter,11,88,0.125,242.03,98.7,3,Very Safe,Assault
Bayview Woods-Steeles (49),2021,NonMCI,25,88,0.2841,242.03,98.7,3,Very Safe,Assault
Bayview Woods-Steeles (49),2021,Robbery,1,88,0.0114,242.03,98.7,3,Very Safe,Assault
Bayview Woods-Steeles (49),2021,Theft Over,2,88,0.0227,242.03,98.7,3,Very Safe,Assault
Bedford Park-Nortown (39),2021,Assault,39,221,0.1765,572.59,88.9,67,Very Safe,Auto Theft
Bedford Park-Nortown (39),2021,Auto Theft,94,221,0.4253,572.59,88.9,67,Very Safe,Auto Theft
Bedford Park-Nortown (39),2021,Break and Enter,30,221,0.1357,572.59,88.9,67,Very Safe,Auto Theft
Bedford Park-Nortown (39),2021,NonMCI,48,221,0.2172,572.59,88.9,67,Very Safe,Auto Theft
Bedford Park-Nortown (39),2021,Robbery,6,221,0.0271,572.59,88.9,67,Very Safe,Auto Theft
Bedford Park-Nortown (39),2021,Theft Over,4,221,0.0181,572.59,88.9,67,Very Safe,Auto Theft
Beechborough-Greenbrook (112),2021,Assault,50,97,0.5155,337.44,95.9,19,Very Safe,Assault
Beechborough-Greenbrook (112),2021,Auto Theft,17,97,0.1753,337.44,95.9,19,Very Safe,Assault
Beechborough-Greenbrook (112),2021,Break and Enter,8,97,0.0825,337.44,95.9,19,Very Safe,Assault
Beechborough-Greenbrook (112),2021,NonMCI,12,97,0.1237,337.44,95.9,19,Very Safe,Assault
Beechborough-Greenbrook (112),2021,Robbery,10,97,0.1031,337.44,95.9,19,Very Safe,Assault
Beechborough-Greenbrook (112),2021,Theft Over,0,97,0.0,337.44,95.9,19,Very Safe,Assault
Bendale South (157),2021,Assault,54,104,0.5192,343.19,95.7,20,Very Safe,Assault
Bendale South (157),2021,Auto Theft,14,104,0.1346,343.19,95.7,20,Very Safe,Assault
Bendale South (157),2021,Break and Enter,4,104,0.0385,343.19,95.7,20,Very Safe,Assault
Bendale South (157),2021,NonMCI,26,104,0.25,343.19,95.7,20,Very Safe,Assault
Bendale South (157),2021,Robbery,6,104,0.0577,343.19,95.7,20,Very Safe,Assault
Bendale South (157),2021,Theft Over,0,104,0.0,343.19,95.7,20,Very Safe,Assault
Bendale-Glen Andrew (156),2021,Assault,112,281,0.3986,914.43,78.8,120,Safe,Assault
Bendale-Glen Andrew (156),2021,Auto Theft,70,281,0.2491,914.43,78.8,120,Safe,Assault
Bendale-Glen Andrew (156),2021,Break and Enter,18,281,0.0641,914.43,78.8,120,Safe,Assault
Bendale-Glen Andrew (156),2021,NonMCI,37,281,0.1317,914.43,78.8,120,Safe,Assault
Bendale-Glen Andrew (156),2021,Robbery,37,281,0.1317,914.43,78.8,120,Safe,Assault
Bendale-Glen Andrew (156),2021,Theft Over,7,281,0.0249,914.43,78.8,120,Safe,Assault
Birchcliffe-Cliffside (122),2021,Assault,134,287,0.4669,929.05,78.4,122,Safe,Assault
Birchcliffe-Cliffside (122),2021,Auto Theft,29,287,0.101,929.05,78.4,122,Safe,Assault
Birchcliffe-Cliffside (122),2021,Break and Enter,42,287,0.1463,929.05,78.4,122,Safe,Assault
Birchcliffe-Cliffside (122),2021,NonMCI,66,287,0.23,929.05,78.4,122,Safe,Assault
Birchcliffe-Cliffside (122),2021,Robbery,12,287,0.0418,929.05,78.4,122,Safe,Assault
Birchcliffe-Cliffside (122),2021,Theft Over,4,287,0.0139,929.05,78.4,122,Safe,Assault
Black Creek (24),2021,Assault,208,385,0.5403,1303.94,67.3,136,Safe,Assault
Black Creek (24),2021,Auto Theft,62,385,0.161,1303.94,67.3,136,Safe,Assault
Black Creek (24),2021,Break and Enter,27,385,0.0701,1303.94,67.3,136,Safe,Assault
Black Creek (24),2021,NonMCI,64,385,0.1662,1303.94,67.3,136,Safe,Assault
Black Creek (24),2021,Robbery,13,385,0.0338,1303.94,67.3,136,Safe,Assault
Black Creek (24),2021,Theft Over,11,385,0.0286,1303.94,67.3,136,Safe,Assault
Blake-Jones (69),2021,Assault,47,100,0.47,349.52,95.5,21,Very Safe,Assault
Blake-Jones (69),2021,Auto Theft,6,100,0.06,349.52,95.5,21,Very Safe,Assault
Blake-Jones (69),2021,Break and Enter,27,100,0.27,349.52,95.5,21,Very Safe,Assault
Blake-Jones (69),2021,NonMCI,11,100,0.11,349.52,95.5,21,Very Safe,Assault
Blake-Jones (69),2021,Robbery,8,100,0.08,349.52,95.5,21,Very Safe,Assault
Blake-Jones (69),2021,Theft Over,1,100,0.01,349.52,95.5,21,Very Safe,Assault
Briar Hill-Belgravia (108),2021,Assault,73,218,0.3349,650.42,86.6,82,Very Safe,Assault
Briar Hill-Belgravia (108),2021,Auto Theft,27,218,0.1239,650.42,86.6,82,Very Safe,Assault
Briar Hill-Belgravia (108),2021,Break and Enter,40,218,0.1835,650.42,86.6,82,Very Safe,Assault
Briar Hill-Belgravia (108),2021,NonMCI,61,218,0.2798,650.42,86.6,82,Very Safe,Assault
Briar Hill-Belgravia (108),2021,Robbery,14,218,0.0642,650.42,86.6,82,Very Safe,Assault
Briar Hill-Belgravia (108),2021,Theft Over,3,218,0.0138,650.42,86.6,82,Very Safe,Assault
Bridle Path-Sunnybrook-York Mills (41),2021,Assault,44,115,0.3826,362.2,95.1,24,Very Safe,Assault
Bridle Path-Sunnybrook-York Mills (41),2021,Auto Theft,35,115,0.3043,362.2,95.1,24,Very Safe,Assault
Bridle Path-Sunnybrook-York Mills (41),2021,Break and Enter,18,115,0.1565,362.2,95.1,24,Very Safe,Assault
Bridle Path-Sunnybrook-York Mills (41),2021,NonMCI,12,115,0.1043,362.2,95.1,24,Very Safe,Assault
Bridle Path-Sunnybrook-York Mills (41),2021,Robbery,4,115,0.0348,362.2,95.1,24,Very Safe,Assault
Bridle Path-Sunnybrook-York Mills (41),2021,Theft Over,2,115,0.0174,362.2,95.1,24,Very Safe,Assault
Broadview North (57),2021,Assault,50,108,0.463,353.17,95.4,22,Very Safe,Assault
Broadview North (57),2021,Auto Theft,10,108,0.0926,353.17,95.4,22,Very Safe,Assault
Broadview North (57),2021,Break and Enter,17,108,0.1574,353.17,95.4,22,Very Safe,Assault
Broadview North (57),2021,NonMCI,23,108,0.213,353.17,95.4,22,Very Safe,Assault
Broadview North (57),2021,Robbery,7,108,0.0648,353.17,95.4,22,Very Safe,Assault
Broadview North (57),2021,Theft Over,1,108,0.0093,353.17,95.4,22,Very Safe,Assault
Brookhaven-Amesbury (30),2021,Assault,120,252,0.4762,825.81,81.4,108,Very Safe,Assault
Brookhaven-Amesbury (30),2021,Auto Theft,44,252,0.1746,825.81,81.4,108,Very Safe,Assault
Brookhaven-Amesbury (30),2021,Break and Enter,23,252,0.0913,825.81,81.4,108,Very Safe,Assault
Brookhaven-Amesbury (30),2021,NonMCI,47,252,0.1865,825.81,81.4,108,Very Safe,Assault
Brookhaven-Amesbury (30),2021,Robbery,13,252,0.0516,825.81,81.4,108,Very Safe,Assault
Brookhaven-Amesbury (30),2021,Theft Over,5,252,0.0198,825.81,81.4,108,Very Safe,Assault
Cabbagetown-South St.James Town (71),2021,Assault,116,254,0.4567,853.42,80.6,111,Very Safe,Assault
Cabbagetown-South St.James Town (71),2021,Auto Theft,4,254,0.0157,853.42,80.6,111,Very Safe,Assault
Cabbagetown-South St.James Town (71),2021,Break and Enter,67,254,0.2638,853.42,80.6,111,Very Safe,Assault
Cabbagetown-South St.James Town (71),2021,NonMCI,48,254,0.189,853.42,80.6,111,Very Safe,Assault
Cabbagetown-South St.James Town (71),2021,Robbery,12,254,0.0472,853.42,80.6,111,Very Safe,Assault
Cabbagetown-South St.James Town (71),2021,Theft Over,7,254,0.0276,853.42,80.6,111,Very Safe,Assault
Caledonia-Fairbank (109),2021,Assault,61,105,0.581,365.92,95.0,26,Very Safe,Assault
Caledonia-Fairbank (109),2021,Auto Theft,8,105,0.0762,365.92,95.0,26,Very Safe,Assault
Caledonia-Fairbank (109),2021,Break and Enter,11,105,0.1048,365.92,95.0,26,Very Safe,Assault
Caledonia-Fairbank (109),2021,NonMCI,18,105,0.1714,365.92,95.0,26,Very Safe,Assault
Caledonia-Fairbank (109),2021,Robbery,2,105,0.019,365.92,95.0,26,Very Safe,Assault
Caledonia-Fairbank (109),2021,Theft Over,5,105,0.0476,365.92,95.0,26,Very Safe,Assault
Casa Loma (96),2021,Assault,43,107,0.4019,353.46,95.4,22,Very Safe,Assault
Casa Loma (96),2021,Auto Theft,18,107,0.1682,353.46,95.4,22,Very Safe,Assault
Casa Loma (96),2021,Break and Enter,34,107,0.3178,353.46,95.4,22,Very Safe,Assault
Casa Loma (96),2021,NonMCI,8,107,0.0748,353.46,95.4,22,Very Safe,Assault
Casa Loma (96),2021,Robbery,1,107,0.0093,353.46,95.4,22,Very Safe,Assault
Casa Loma (96),2021,Theft Over,3,107,0.028,353.46,95.4,22,Very Safe,Assault
Centennial Scarborough (133),2021,Assault,31,100,0.31,276.58,97.7,10,Very Safe,NonMCI
Centennial Scarborough (133),2021,Auto Theft,20,100,0.2,276.58,97.7,10,Very Safe,NonMCI
Centennial Scarborough (133),2021,Break and Enter,5,100,0.05,276.58,97.7,10,Very Safe,NonMCI
Centennial Scarborough (133),2021,NonMCI,36,100,0.36,276.58,97.7,10,Very Safe,NonMCI
Centennial Scarborough (133),2021,Robbery,6,100,0.06,276.58,97.7,10,Very Safe,NonMCI
Centennial Scarborough (133),2021,Theft Over,2,100,0.02,276.58,97.7,10,Very Safe,NonMCI
Church-Wellesley (167),2021,Assault,358,587,0.6099,2173.69,41.5,152,Moderate,Assault
Church-Wellesley (167),2021,Auto Theft,30,587,0.0511,2173.69,41.5,152,Moderate,Assault
Church-Wellesley (167),2021,Break and Enter,85,587,0.1448,2173.69,41.5,152,Moderate,Assault
Church-Wellesley (167),2021,NonMCI,54,587,0.092,2173.69,41.5,152,Moderate,Assault
Church-Wellesley (167),2021,Robbery,39,587,0.0664,2173.69,41.5,152,Moderate,Assault
Church-Wellesley (167),2021,Theft Over,21,587,0.0358,2173.69,41.5,152,Moderate,Assault
Clairlea-Birchmount (120),2021,Assault,220,482,0.4564,1512.72,61.1,143,Safe,Assault
Clairlea-Birchmount (120),2021,Auto Theft,41,482,0.0851,1512.72,61.1,143,Safe,Assault
Clairlea-Birchmount (120),2021,Break and Enter,58,482,0.1203,1512.72,61.1,143,Safe,Assault
Clairlea-Birchmount (120),2021,NonMCI,137,482,0.2842,1512.72,61.1,143,Safe,Assault
Clairlea-Birchmount (120),2021,Robbery,9,482,0.0187,1512.72,61.1,143,Safe,Assault
Clairlea-Birchmount (120),2021,Theft Over,17,482,0.0353,1512.72,61.1,143,Safe,Assault
Clanton Park (33),2021,Assault,86,292,0.2945,826.03,81.4,108,Very Safe,Assault
Clanton Park (33),2021,Auto Theft,83,292,0.2842,826.03,81.4,108,Very Safe,Assault
Clanton Park (33),2021,Break and Enter,36,292,0.1233,826.03,81.4,108,Very Safe,Assault
Clanton Park (33),2021,NonMCI,70,292,0.2397,826.03,81.4,108,Very Safe,Assault
Clanton Park (33),2021,Robbery,9,292,0.0308,826.03,81.4,108,Very Safe,Assault
Clanton Park (33),2021,Theft Over,8,292,0.0274,826.03,81.4,108,Very Safe,Assault
Cliffcrest (123),2021,Assault,82,227,0.3612,674.54,85.9,87,Very Safe,Assault
Cliffcrest (123),2021,Auto Theft,30,227,0.1322,674.54,85.9,87,Very Safe,Assault
Cliffcrest (123),2021,Break and Enter,28,227,0.1233,674.54,85.9,87,Very Safe,Assault
Cliffcrest (123),2021,NonMCI,71,227,0.3128,674.54,85.9,87,Very Safe,Assault
Cliffcrest (123),2021,Robbery,14,227,0.0617,674.54,85.9,87,Very Safe,Assault
Cliffcrest (123),2021,Theft Over,2,227,0.0088,674.54,85.9,87,Very Safe,Assault
Corso Italia-Davenport (92),2021,Assault,115,196,0.5867,696.54,85.2,92,Very Safe,Assault
Corso Italia-Davenport (92),2021,Auto Theft,23,196,0.1173,696.54,85.2,92,Very Safe,Assault
Corso Italia-Davenport (92),2021,Break and Enter,31,196,0.1582,696.54,85.2,92,Very Safe,Assault
Corso Italia-Davenport (92),2021,NonMCI,23,196,0.1173,696.54,85.2,92,Very Safe,Assault
Corso Italia-Davenport (92),2021,Robbery,1,196,0.0051,696.54,85.2,92,Very Safe,Assault
Corso Italia-Davenport (92),2021,Theft Over,3,196,0.0153,696.54,85.2,92,Very Safe,Assault
Danforth (66),2021,Assault,84,217,0.3871,681.83,85.7,88,Very Safe,Assault
Danforth (66),2021,Auto Theft,18,217,0.0829,681.83,85.7,88,Very Safe,Assault
Danforth (66),2021,Break and Enter,49,217,0.2258,681.83,85.7,88,Very Safe,Assault
Danforth (66),2021,NonMCI,50,217,0.2304,681.83,85.7,88,Very Safe,Assault
Danforth (66),2021,Robbery,12,217,0.0553,681.83,85.7,88,Very Safe,Assault
Danforth (66),2021,Theft Over,4,217,0.0184,681.83,85.7,88,Very Safe,Assault
Danforth East York (59),2021,Assault,58,157,0.3694,457.23,92.3,44,Very Safe,Assault
Danforth East York (59),2021,Auto Theft,14,157,0.0892,457.23,92.3,44,Very Safe,Assault
Danforth East York (59),2021,Break and Enter,23,157,0.1465,457.23,92.3,44,Very Safe,Assault
Danforth East York (59),2021,NonMCI,54,157,0.3439,457.23,92.3,44,Very Safe,Assault
Danforth East York (59),2021,Robbery,4,157,0.0255,457.23,92.3,44,Very Safe,Assault
Danforth East York (59),2021,Theft Over,4,157,0.0255,457.23,92.3,44,Very Safe,Assault
Don Valley Village (47),2021,Assault,126,274,0.4599,889.92,79.5,115,Safe,Assault
Don Valley Village (47),2021,Auto Theft,32,274,0.1168,889.92,79.5,115,Safe,Assault
Don Valley Village (47),2021,Break and Enter,30,274,0.1095,889.92,79.5,115,Safe,Assault
Don Valley Village (47),2021,NonMCI,59,274,0.2153,889.92,79.5,115,Safe,Assault
Don Valley Village (47),2021,Robbery,15,274,0.0547,889.92,79.5,115,Safe,Assault
Don Valley Village (47),2021,Theft Over,12,274,0.0438,889.92,79.5,115,Safe,Assault
Dorset Park (126),2021,Assault,134,324,0.4136,1002.36,76.2,123,Safe,Assault
Dorset Park (126),2021,Auto Theft,43,324,0.1327,1002.36,76.2,123,Safe,Assault
Dorset Park (126),2021,Break and Enter,38,324,0.1173,1002.36,76.2,123,Safe,Assault
Dorset Park (126),2021,NonMCI,89,324,0.2747,1002.36,76.2,123,Safe,Assault
Dorset Park (126),2021,Robbery,16,324,0.0494,1002.36,76.2,123,Safe,Assault
Dorset Park (126),2021,Theft Over,4,324,0.0123,1002.36,76.2,123,Safe,Assault
Dovercourt Village (172),2021,Assault,95,162,0.5864,594.5,88.2,71,Very Safe,Assault
Dovercourt Village (172),2021,Auto Theft,11,162,0.0679,594.5,88.2,71,Very Safe,Assault
Dovercourt Village (172),2021,Break and Enter,20,162,0.1235,594.5,88.2,71,Very Safe,Assault
Dovercourt Village (172),2021,NonMCI,18,162,0.1111,594.5,88.2,71,Very Safe,Assault
Dovercourt Village (172),2021,Robbery,15,162,0.0926,594.5,88.2,71,Very Safe,Assault
Dovercourt Village (172),2021,Theft Over,3,162,0.0185,594.5,88.2,71,Very Safe,Assault
Downsview (155),2021,Assault,127,282,0.4504,903.25,79.1,118,Safe,Assault
Downsview (155),2021,Auto Theft,53,282,0.1879,903.25,79.1,118,Safe,Assault
Downsview (155),2021,Break and Enter,29,282,0.1028,903.25,79.1,118,Safe,Assault
Downsview (155),2021,NonMCI,56,282,0.1986,903.25,79.1,118,Safe,Assault
Downsview (155),2021,Robbery,10,282,0.0355,903.25,79.1,118,Safe,Assault
Downsview (155),2021,Theft Over,7,282,0.0248,903.25,79.1,118,Safe,Assault
Downtown Yonge East (168),2021,Assault,532,954,0.5577,3448.19,3.9,157,Very Risky,Assault
Downtown Yonge East (168),2021,Auto Theft,43,954,0.0451,3448.19,3.9,157,Very Risky,Assault
Downtown Yonge East (168),2021,Break and Enter,161,954,0.1688,3448.19,3.9,157,Very Risky,Assault
Downtown Yonge East (168),2021,NonMCI,112,954,0.1174,3448.19,3.9,157,Very Risky,Assault
Downtown Yonge East (168),2021,Robbery,81,954,0.0849,3448.19,3.9,157,Very Risky,Assault
Downtown Yonge East (168),2021,Theft Over,25,954,0.0262,3448.19,3.9,157,Very Risky,Assault
Dufferin Grove (83),2021,Assault,74,149,0.4966,505.75,90.9,51,Very Safe,Assault
Dufferin Grove (83),2021,Auto Theft,18,149,0.1208,505.75,90.9,51,Very Safe,Assault
Dufferin Grove (83),2021,Break and Enter,28,149,0.1879,505.75,90.9,51,Very Safe,Assault
Dufferin Grove (83),2021,NonMCI,22,149,0.1477,505.75,90.9,51,Very Safe,Assault
Dufferin Grove (83),2021,Robbery,4,149,0.0268,505.75,90.9,51,Very Safe,Assault
Dufferin Grove (83),2021,Theft Over,3,149,0.0201,505.75,90.9,51,Very Safe,Assault
East End-Danforth (62),2021,Assault,173,384,0.4505,1263.34,68.5,134,Safe,Assault
East End-Danforth (62),2021,Auto Theft,35,384,0.0911,1263.34,68.5,134,Safe,Assault
East End-Danforth (62),2021,Break and Enter,65,384,0.1693,1263.34,68.5,134,Safe,Assault
East End-Danforth (62),2021,NonMCI,80,384,0.2083,1263.34,68.5,134,Safe,Assault
East End-Danforth (62),2021,Robbery,24,384,0.0625,1263.34,68.5,134,Safe,Assault
East End-Danforth (62),2021,Theft Over,7,384,0.0182,1263.34,68.5,134,Safe,Assault
East L'Amoreaux (148),2021,Assault,61,119,0.5126,404.95,93.9,34,Very Safe,Assault
East L'Amoreaux (148),2021,Auto Theft,18,119,0.1513,404.95,93.9,34,Very Safe,Assault
East L'Amoreaux (148),2021,Break and Enter,13,119,0.1092,404.95,93.9,34,Very Safe,Assault
East L'Amoreaux (148),2021,NonMCI,16,119,0.1345,404.95,93.9,34,Very Safe,Assault
East L'Amoreaux (148),2021,Robbery,6,119,0.0504,404.95,93.9,34,Very Safe,Assault
East L'Amoreaux (148),2021,Theft Over,5,119,0.042,404.95,93.9,34,Very Safe,Assault
East Willowdale (152),2021,Assault,43,175,0.2457,475.11,91.8,49,Very Safe,NonMCI
East Willowdale (152),2021,Auto Theft,40,175,0.2286,475.11,91.8,49,Very Safe,NonMCI
East Willowdale (152),2021,Break and Enter,27,175,0.1543,475.11,91.8,49,Very Safe,NonMCI
East Willowdale (152),2021,NonMCI,53,175,0.3029,475.11,91.8,49,Very Safe,NonMCI
East Willowdale (152),2021,Robbery,7,175,0.04,475.11,91.8,49,Very Safe,NonMCI
East Willowdale (152),2021,Theft Over,5,175,0.0286,475.11,91.8,49,Very Safe,NonMCI
Edenbridge-Humber Valley (9),2021,Assault,37,109,0.3394,319.14,96.4,15,Very Safe,Assault
Edenbridge-Humber Valley (9),2021,Auto Theft,27,109,0.2477,319.14,96.4,15,Very Safe,Assault
Edenbridge-Humber Valley (9),2021,Break and Enter,17,109,0.156,319.14,96.4,15,Very Safe,Assault
Edenbridge-Humber Valley (9),2021,NonMCI,25,109,0.2294,319.14,96.4,15,Very Safe,Assault
Edenbridge-Humber Valley (9),2021,Robbery,1,109,0.0092,319.14,96.4,15,Very Safe,Assault
Edenbridge-Humber Valley (9),2021,Theft Over,2,109,0.0183,319.14,96.4,15,Very Safe,Assault
Eglinton East (138),2021,Assault,140,271,0.5166,915.67,78.8,120,Safe,Assault
Eglinton East (138),2021,Auto Theft,35,271,0.1292,915.67,78.8,120,Safe,Assault
Eglinton East (138),2021,Break and Enter,30,271,0.1107,915.67,78.8,120,Safe,Assault
Eglinton East (138),2021,NonMCI,50,271,0.1845,915.67,78.8,120,Safe,Assault
Eglinton East (138),2021,Robbery,14,271,0.0517,915.67,78.8,120,Safe,Assault
Eglinton East (138),2021,Theft Over,2,271,0.0074,915.67,78.8,120,Safe,Assault
Elms-Old Rexdale (5),2021,Assault,59,142,0.4155,446.47,92.6,41,Very Safe,Assault
Elms-Old Rexdale (5),2021,Auto Theft,47,142,0.331,446.47,92.6,41,Very Safe,Assault
Elms-Old Rexdale (5),2021,Break and Enter,9,142,0.0634,446.47,92.6,41,Very Safe,Assault
Elms-Old Rexdale (5),2021,NonMCI,18,142,0.1268,446.47,92.6,41,Very Safe,Assault
Elms-Old Rexdale (5),2021,Robbery,6,142,0.0423,446.47,92.6,41,Very Safe,Assault
Elms-Old Rexdale (5),2021,Theft Over,3,142,0.0211,446.47,92.6,41,Very Safe,Assault
Englemount-Lawrence (32),2021,Assault,78,209,0.3732,620.35,87.5,76,Very Safe,Assault
Englemount-Lawrence (32),2021,Auto Theft,35,209,0.1675,620.35,87.5,76,Very Safe,Assault
Englemount-Lawrence (32),2021,Break and Enter,23,209,0.11,620.35,87.5,76,Very Safe,Assault
Englemount-Lawrence (32),2021,NonMCI,59,209,0.2823,620.35,87.5,76,Very Safe,Assault
Englemount-Lawrence (32),2021,Robbery,7,209,0.0335,620.35,87.5,76,Very Safe,Assault
Englemount-Lawrence (32),2021,Theft Over,7,209,0.0335,620.35,87.5,76,Very Safe,Assault
Eringate-Centennial-West Deane (11),2021,Assault,37,147,0.2517,399.59,94.0,29,Very Safe,Auto Theft
Eringate-Centennial-West Deane (11),2021,Auto Theft,56,147,0.381,399.59,94.0,29,Very Safe,Auto Theft
Eringate-Centennial-West Deane (11),2021,Break and Enter,14,147,0.0952,399.59,94.0,29,Very Safe,Auto Theft
Eringate-Centennial-West Deane (11),2021,NonMCI,34,147,0.2313,399.59,94.0,29,Very Safe,Auto Theft
Eringate-Centennial-West Deane (11),2021,Robbery,4,147,0.0272,399.59,94.0,29,Very Safe,Auto Theft
Eringate-Centennial-West Deane (11),2021,Theft Over,2,147,0.0136,399.59,94.0,29,Very Safe,Auto Theft
Etobicoke City Centre (159),2021,Assault,142,473,0.3002,1354.37,65.8,139,Safe,Assault
Etobicoke City Centre (159),2021,Auto Theft,104,473,0.2199,1354.37,65.8,139,Safe,Assault
Etobicoke City Centre (159),2021,Break and Enter,75,473,0.1586,1354.37,65.8,139,Safe,Assault
Etobicoke City Centre (159),2021,NonMCI,112,473,0.2368,1354.37,65.8,139,Safe,Assault
Etobicoke City Centre (159),2021,Robbery,11,473,0.0233,1354.37,65.8,139,Safe,Assault
Etobicoke City Centre (159),2021,Theft Over,29,473,0.0613,1354.37,65.8,139,Safe,Assault
Etobicoke West Mall (13),2021,Assault,46,96,0.4792,313.76,96.6,14,Very Safe,Assault
Etobicoke West Mall (13),2021,Auto Theft,15,96,0.1562,313.76,96.6,14,Very Safe,Assault
Etobicoke West Mall (13),2021,Break and Enter,12,96,0.125,313.76,96.6,14,Very Safe,Assault
Etobicoke West Mall (13),2021,NonMCI,18,96,0.1875,313.76,96.6,14,Very Safe,Assault
Etobicoke West Mall (13),2021,Robbery,2,96,0.0208,313.76,96.6,14,Very Safe,Assault
Etobicoke West Mall (13),2021,Theft Over,3,96,0.0312,313.76,96.6,14,Very Safe,Assault
Fenside-Parkwoods (150),2021,Assault,74,181,0.4088,559.54,89.3,65,Very Safe,Assault
Fenside-Parkwoods (150),2021,Auto Theft,31,181,0.1713,559.54,89.3,65,Very Safe,Assault
Fenside-Parkwoods (150),2021,Break and Enter,20,181,0.1105,559.54,89.3,65,Very Safe,Assault
Fenside-Parkwoods (150),2021,NonMCI,45,181,0.2486,559.54,89.3,65,Very Safe,Assault
Fenside-Parkwoods (150),2021,Robbery,8,181,0.0442,559.54,89.3,65,Very Safe,Assault
Fenside-Parkwoods (150),2021,Theft Over,3,181,0.0166,559.54,89.3,65,Very Safe,Assault
Flemingdon Park (44),2021,Assault,135,205,0.6585,739.75,84.0,97,Very Safe,Assault
Flemingdon Park (44),2021,Auto Theft,19,205,0.0927,739.75,84.0,97,Very Safe,Assault
Flemingdon Park (44),2021,Break and Enter,9,205,0.0439,739.75,84.0,97,Very Safe,Assault
Flemingdon Park (44),2021,NonMCI,36,205,0.1756,739.75,84.0,97,Very Safe,Assault
Flemingdon Park (44),2021,Robbery,4,205,0.0195,739.75,84.0,97,Very Safe,Assault
Flemingdon Park (44),2021,Theft Over,2,205,0.0098,739.75,84.0,97,Very Safe,Assault
Forest Hill North (102),2021,Assault,41,131,0.313,366.4,95.0,26,Very Safe,Assault
Forest Hill North (102),2021,Auto Theft,33,131,0.2519,366.4,95.0,26,Very Safe,Assault
Forest Hill North (102),2021,Break and Enter,12,131,0.0916,366.4,95.0,26,Very Safe,Assault
Forest Hill North (102),2021,NonMCI,38,131,0.2901,366.4,95.0,26,Very Safe,Assault
Forest Hill North (102),2021,Robbery,3,131,0.0229,366.4,95.0,26,Very Safe,Assault
Forest Hill North (102),2021,Theft Over,4,131,0.0305,366.4,95.0,26,Very Safe,Assault
Forest Hill South (101),2021,Assault,14,131,0.1069,323.46,96.3,17,Very Safe,Auto Theft
Forest Hill South (101),2021,Auto Theft,63,131,0.4809,323.46,96.3,17,Very Safe,Auto Theft
Forest Hill South (101),2021,Break and Enter,23,131,0.1756,323.46,96.3,17,Very Safe,Auto Theft
Forest Hill South (101),2021,NonMCI,25,131,0.1908,323.46,96.3,17,Very Safe,Auto Theft
Forest Hill South (101),2021,Robbery,2,131,0.0153,323.46,96.3,17,Very Safe,Auto Theft
Forest Hill South (101),2021,Theft Over,4,131,0.0305,323.46,96.3,17,Very Safe,Auto Theft
Fort York-Liberty Village (163),2021,Assault,145,258,0.562,901.27,79.2,117,Safe,Assault
Fort York-Liberty Village (163),2021,Auto Theft,12,258,0.0465,901.27,79.2,117,Safe,Assault
Fort York-Liberty Village (163),2021,Break and Enter,39,258,0.1512,901.27,79.2,117,Safe,Assault
Fort York-Liberty Village (163),2021,NonMCI,39,258,0.1512,901.27,79.2,117,Safe,Assault
Fort York-Liberty Village (163),2021,Robbery,7,258,0.0271,901.27,79.2,117,Safe,Assault
Fort York-Liberty Village (163),2021,Theft Over,16,258,0.062,901.27,79.2,117,Safe,Assault
Glenfield-Jane Heights (25),2021,Assault,284,531,0.5348,1794.51,52.8,146,Moderate,Assault
Glenfield-Jane Heights (25),2021,Auto Theft,91,531,0.1714,1794.51,52.8,146,Moderate,Assault
Glenfield-Jane Heights (25),2021,Break and Enter,40,531,0.0753,1794.51,52.8,146,Moderate,Assault
Glenfield-Jane Heights (25),2021,NonMCI,90,531,0.1695,1794.51,52.8,146,Moderate,Assault
Glenfield-Jane Heights (25),2021,Robbery,19,531,0.0358,1794.51,52.8,146,Moderate,Assault
Glenfield-Jane Heights (25),2021,Theft Over,7,531,0.0132,1794.51,52.8,146,Moderate,Assault
Golfdale-Cedarbrae-Woburn (141),2021,Assault,152,300,0.5067,1004.28,76.1,124,Safe,Assault
Golfdale-Cedarbrae-Woburn (141),2021,Auto Theft,42,300,0.14,1004.28,76.1,124,Safe,Assault
Golfdale-Cedarbrae-Woburn (141),2021,Break and Enter,27,300,0.09,1004.28,76.1,124,Safe,Assault
Golfdale-Cedarbrae-Woburn (141),2021,NonMCI,58,300,0.1933,1004.28,76.1,124,Safe,Assault
Golfdale-Cedarbrae-Woburn (141),2021,Robbery,17,300,0.0567,1004.28,76.1,124,Safe,Assault
Golfdale-Cedarbrae-Woburn (141),2021,Theft Over,4,300,0.0133,1004.28,76.1,124,Safe,Assault
Greenwood-Coxwell (65),2021,Assault,95,231,0.4113,731.23,84.2,95,Very Safe,Assault
Greenwood-Coxwell (65),2021,Auto Theft,21,231,0.0909,731.23,84.2,95,Very Safe,Assault
Greenwood-Coxwell (65),2021,Break and Enter,38,231,0.1645,731.23,84.2,95,Very Safe,Assault
Greenwood-Coxwell (65),2021,NonMCI,58,231,0.2511,731.23,84.2,95,Very Safe,Assault
Greenwood-Coxwell (65),2021,Robbery,14,231,0.0606,731.23,84.2,95,Very Safe,Assault
Greenwood-Coxwell (65),2021,Theft Over,5,231,0.0216,731.23,84.2,95,Very Safe,Assault
Guildwood (140),2021,Assault,30,84,0.3571,239.95,98.7,3,Very Safe,NonMCI
Guildwood (140),2021,Auto Theft,10,84,0.119,239.95,98.7,3,Very Safe,NonMCI
Guildwood (140),2021,Break and Enter,7,84,0.0833,239.95,98.7,3,Very Safe,NonMCI
Guildwood (140),2021,NonMCI,33,84,0.3929,239.95,98.7,3,Very Safe,NonMCI
Guildwood (140),2021,Robbery,4,84,0.0476,239.95,98.7,3,Very Safe,NonMCI
Guildwood (140),2021,Theft Over,0,84,0.0,239.95,98.7,3,Very Safe,NonMCI
Harbourfront-CityPlace (165),2021,Assault,258,409,0.6308,1503.02,61.4,142,Safe,Assault
Harbourfront-CityPlace (165),2021,Auto Theft,25,409,0.0611,1503.02,61.4,142,Safe,Assault
Harbourfront-CityPlace (165),2021,Break and Enter,52,409,0.1271,1503.02,61.4,142,Safe,Assault
Harbourfront-CityPlace (165),2021,NonMCI,49,409,0.1198,1503.02,61.4,142,Safe,Assault
Harbourfront-CityPlace (165),2021,Robbery,18,409,0.044,1503.02,61.4,142,Safe,Assault
Harbourfront-CityPlace (165),2021,Theft Over,7,409,0.0171,1503.02,61.4,142,Safe,Assault
Henry Farm (53),2021,Assault,83,249,0.3333,687.62,85.5,90,Very Safe,NonMCI
Henry Farm (53),2021,Auto Theft,29,249,0.1165,687.62,85.5,90,Very Safe,NonMCI
Henry Farm (53),2021,Break and Enter,24,249,0.0964,687.62,85.5,90,Very Safe,NonMCI
Henry Farm (53),2021,NonMCI,101,249,0.4056,687.62,85.5,90,Very Safe,NonMCI
Henry Farm (53),2021,Robbery,7,249,0.0281,687.62,85.5,90,Very Safe,NonMCI
Henry Farm (53),2021,Theft Over,5,249,0.0201,687.62,85.5,90,Very Safe,NonMCI
High Park North (88),2021,Assault,93,198,0.4697,665.8,86.1,85,Very Safe,Assault
High Park North (88),2021,Auto Theft,20,198,0.101,665.8,86.1,85,Very Safe,Assault
High Park North (88),2021,Break and Enter,38,198,0.1919,665.8,86.1,85,Very Safe,Assault
High Park North (88),2021,NonMCI,31,198,0.1566,665.8,86.1,85,Very Safe,Assault
High Park North (88),2021,Robbery,11,198,0.0556,665.8,86.1,85,Very Safe,Assault
High Park North (88),2021,Theft Over,5,198,0.0253,665.8,86.1,85,Very Safe,Assault
High Park-Swansea (87),2021,Assault,75,169,0.4438,550.9,89.5,62,Very Safe,Assault
High Park-Swansea (87),2021,Auto Theft,25,169,0.1479,550.9,89.5,62,Very Safe,Assault
High Park-Swansea (87),2021,Break and Enter,29,169,0.1716,550.9,89.5,62,Very Safe,Assault
High Park-Swansea (87),2021,NonMCI,28,169,0.1657,550.9,89.5,62,Very Safe,Assault
High Park-Swansea (87),2021,Robbery,8,169,0.0473,550.9,89.5,62,Very Safe,Assault
High Park-Swansea (87),2021,Theft Over,4,169,0.0237,550.9,89.5,62,Very Safe,Assault
Highland Creek (134),2021,Assault,33,93,0.3548,267.35,97.9,9,Very Safe,Assault
Highland Creek (134),2021,Auto Theft,27,93,0.2903,267.35,97.9,9,Very Safe,Assault
Highland Creek (134),2021,Break and Enter,5,93,0.0538,267.35,97.9,9,Very Safe,Assault
Highland Creek (134),2021,NonMCI,25,93,0.2688,267.35,97.9,9,Very Safe,Assault
Highland Creek (134),2021,Robbery,2,93,0.0215,267.35,97.9,9,Very Safe,Assault
Highland Creek (134),2021,Theft Over,1,93,0.0108,267.35,97.9,9,Very Safe,Assault
Hillcrest Village (48),2021,Assault,42,165,0.2545,451.34,92.5,43,Very Safe,NonMCI
Hillcrest Village (48),2021,Auto Theft,36,165,0.2182,451.34,92.5,43,Very Safe,NonMCI
Hillcrest Village (48),2021,Break and Enter,22,165,0.1333,451.34,92.5,43,Very Safe,NonMCI
Hillcrest Village (48),2021,NonMCI,51,165,0.3091,451.34,92.5,43,Very Safe,NonMCI
Hillcrest Village (48),2021,Robbery,9,165,0.0545,451.34,92.5,43,Very Safe,NonMCI
Hillcrest Village (48),2021,Theft Over,5,165,0.0303,451.34,92.5,43,Very Safe,NonMCI
Humber Bay Shores (161),2021,Assault,96,181,0.5304,630.04,87.2,77,Very Safe,Assault
Humber Bay Shores (161),2021,Auto Theft,26,181,0.1436,630.04,87.2,77,Very Safe,Assault
Humber Bay Shores (161),2021,Break and Enter,28,181,0.1547,630.04,87.2,77,Very Safe,Assault
Humber Bay Shores (161),2021,NonMCI,19,181,0.105,630.04,87.2,77,Very Safe,Assault
Humber Bay Shores (161),2021,Robbery,6,181,0.0331,630.04,87.2,77,Very Safe,Assault
Humber Bay Shores (161),2021,Theft Over,6,181,0.0331,630.04,87.2,77,Very Safe,Assault
Humber Heights-Westmount (8),2021,Assault,33,105,0.3143,298.01,97.0,13,Very Safe,Assault
Humber Heights-Westmount (8),2021,Auto Theft,21,105,0.2,298.01,97.0,13,Very Safe,Assault
Humber Heights-Westmount (8),2021,Break and Enter,16,105,0.1524,298.01,97.0,13,Very Safe,Assault
Humber Heights-Westmount (8),2021,NonMCI,29,105,0.2762,298.01,97.0,13,Very Safe,Assault
Humber Heights-Westmount (8),2021,Robbery,1,105,0.0095,298.01,97.0,13,Very Safe,Assault
Humber Heights-Westmount (8),2021,Theft Over,5,105,0.0476,298.01,97.0,13,Very Safe,Assault
Humber Summit (21),2021,Assault,108,399,0.2707,1114.35,72.9,128,Safe,Auto Theft
Humber Summit (21),2021,Auto Theft,127,399,0.3183,1114.35,72.9,128,Safe,Auto Theft
Humber Summit (21),2021,Break and Enter,40,399,0.1003,1114.35,72.9,128,Safe,Auto Theft
Humber Summit (21),2021,NonMCI,82,399,0.2055,1114.35,72.9,128,Safe,Auto Theft
Humber Summit (21),2021,Robbery,14,399,0.0351,1114.35,72.9,128,Safe,Auto Theft
Humber Summit (21),2021,Theft Over,28,399,0.0702,1114.35,72.9,128,Safe,Auto Theft
Humbermede (22),2021,Assault,116,268,0.4328,865.75,80.2,114,Very Safe,Assault
Humbermede (22),2021,Auto Theft,55,268,0.2052,865.75,80.2,114,Very Safe,Assault
Humbermede (22),2021,Break and Enter,29,268,0.1082,865.75,80.2,114,Very Safe,Assault
Humbermede (22),2021,NonMCI,39,268,0.1455,865.75,80.2,114,Very Safe,Assault
Humbermede (22),2021,Robbery,16,268,0.0597,865.75,80.2,114,Very Safe,Assault
Humbermede (22),2021,Theft Over,13,268,0.0485,865.75,80.2,114,Very Safe,Assault
Humewood-Cedarvale (106),2021,Assault,48,140,0.3429,407.98,93.8,35,Very Safe,Assault
Humewood-Cedarvale (106),2021,Auto Theft,29,140,0.2071,407.98,93.8,35,Very Safe,Assault
Humewood-Cedarvale (106),2021,Break and Enter,22,140,0.1571,407.98,93.8,35,Very Safe,Assault
Humewood-Cedarvale (106),2021,NonMCI,38,140,0.2714,407.98,93.8,35,Very Safe,Assault
Humewood-Cedarvale (106),2021,Robbery,2,140,0.0143,407.98,93.8,35,Very Safe,Assault
Humewood-Cedarvale (106),2021,Theft Over,1,140,0.0071,407.98,93.8,35,Very Safe,Assault
Ionview (125),2021,Assault,85,160,0.5312,532.47,90.1,56,Very Safe,Assault
Ionview (125),2021,Auto Theft,9,160,0.0562,532.47,90.1,56,Very Safe,Assault
Ionview (125),2021,Break and Enter,18,160,0.1125,532.47,90.1,56,Very Safe,Assault
Ionview (125),2021,NonMCI,40,160,0.25,532.47,90.1,56,Very Safe,Assault
Ionview (125),2021,Robbery,4,160,0.025,532.47,90.1,56,Very Safe,Assault
Ionview (125),2021,Theft Over,4,160,0.025,532.47,90.1,56,Very Safe,Assault
Islington (158),2021,Assault,57,210,0.2714,608.49,87.8,73,Very Safe,Assault
Islington (158),2021,Auto Theft,52,210,0.2476,608.49,87.8,73,Very Safe,Assault
Islington (158),2021,Break and Enter,44,210,0.2095,608.49,87.8,73,Very Safe,Assault
Islington (158),2021,NonMCI,40,210,0.1905,608.49,87.8,73,Very Safe,Assault
Islington (158),2021,Robbery,11,210,0.0524,608.49,87.8,73,Very Safe,Assault
Islington (158),2021,Theft Over,6,210,0.0286,608.49,87.8,73,Very Safe,Assault
Junction Area (90),2021,Assault,106,221,0.4796,746.03,83.8,98,Very Safe,Assault
Junction Area (90),2021,Auto Theft,24,221,0.1086,746.03,83.8,98,Very Safe,Assault
Junction Area (90),2021,Break and Enter,45,221,0.2036,746.03,83.8,98,Very Safe,Assault
Junction Area (90),2021,NonMCI,32,221,0.1448,746.03,83.8,98,Very Safe,Assault
Junction Area (90),2021,Robbery,8,221,0.0362,746.03,83.8,98,Very Safe,Assault
Junction Area (90),2021,Theft Over,6,221,0.0271,746.03,83.8,98,Very Safe,Assault
Junction-Wallace Emerson (171),2021,Assault,161,340,0.4735,1139.81,72.1,131,Safe,Assault
Junction-Wallace Emerson (171),2021,Auto Theft,30,340,0.0882,1139.81,72.1,131,Safe,Assault
Junction-Wallace Emerson (171),2021,Break and Enter,77,340,0.2265,1139.81,72.1,131,Safe,Assault
Junction-Wallace Emerson (171),2021,NonMCI,53,340,0.1559,1139.81,72.1,131,Safe,Assault
Junction-Wallace Emerson (171),2021,Robbery,11,340,0.0324,1139.81,72.1,131,Safe,Assault
Junction-Wallace Emerson (171),2021,Theft Over,8,340,0.0235,1139.81,72.1,131,Safe,Assault
Keelesdale-Eglinton West (110),2021,Assault,76,165,0.4606,540.38,89.8,60,Very Safe,Assault
Keelesdale-Eglinton West (110),2021,Auto Theft,21,165,0.1273,540.38,89.8,60,Very Safe,Assault
Keelesdale-Eglinton West (110),2021,Break and Enter,27,165,0.1636,540.38,89.8,60,Very Safe,Assault
Keelesdale-Eglinton West (110),2021,NonMCI,33,165,0.2,540.38,89.8,60,Very Safe,Assault
Keelesdale-Eglinton West (110),2021,Robbery,7,165,0.0424,540.38,89.8,60,Very Safe,Assault
Keelesdale-Eglinton West (110),2021,Theft Over,1,165,0.0061,540.38,89.8,60,Very Safe,Assault
Kennedy Park (124),2021,Assault,176,328,0.5366,1119.69,72.7,130,Safe,Assault
Kennedy Park (124),2021,Auto Theft,28,328,0.0854,1119.69,72.7,130,Safe,Assault
Kennedy Park (124),2021,Break and Enter,36,328,0.1098,1119.69,72.7,130,Safe,Assault
Kennedy Park (124),2021,NonMCI,65,328,0.1982,1119.69,72.7,130,Safe,Assault
Kennedy Park (124),2021,Robbery,19,328,0.0579,1119.69,72.7,130,Safe,Assault
Kennedy Park (124),2021,Theft Over,4,328,0.0122,1119.69,72.7,130,Safe,Assault
Kensington-Chinatown (78),2021,Assault,367,622,0.59,2240.28,39.6,153,Risky,Assault
Kensington-Chinatown (78),2021,Auto Theft,23,622,0.037,2240.28,39.6,153,Risky,Assault
Kensington-Chinatown (78),2021,Break and Enter,97,622,0.1559,2240.28,39.6,153,Risky,Assault
Kensington-Chinatown (78),2021,NonMCI,84,622,0.135,2240.28,39.6,153,Risky,Assault
Kensington-Chinatown (78),2021,Robbery,29,622,0.0466,2240.28,39.6,153,Risky,Assault
Kensington-Chinatown (78),2021,Theft Over,22,622,0.0354,2240.28,39.6,153,Risky,Assault
Kingsview Village-The Westway (6),2021,Assault,99,299,0.3311,838.85,81.0,110,Very Safe,Assault
Kingsview Village-The Westway (6),2021,Auto Theft,77,299,0.2575,838.85,81.0,110,Very Safe,Assault
Kingsview Village-The Westway (6),2021,Break and Enter,14,299,0.0468,838.85,81.0,110,Very Safe,Assault
Kingsview Village-The Westway (6),2021,NonMCI,92,299,0.3077,838.85,81.0,110,Very Safe,Assault
Kingsview Village-The Westway (6),2021,Robbery,9,299,0.0301,838.85,81.0,110,Very Safe,Assault
Kingsview Village-The Westway (6),2021,Theft Over,8,299,0.0268,838.85,81.0,110,Very Safe,Assault
Kingsway South (15),2021,Assault,27,100,0.27,290.58,97.2,11,Very Safe,Auto Theft
Kingsway South (15),2021,Auto Theft,33,100,0.33,290.58,97.2,11,Very Safe,Auto Theft
Kingsway South (15),2021,Break and Enter,9,100,0.09,290.58,97.2,11,Very Safe,Auto Theft
Kingsway South (15),2021,NonMCI,17,100,0.17,290.58,97.2,11,Very Safe,Auto Theft
Kingsway South (15),2021,Robbery,9,100,0.09,290.58,97.2,11,Very Safe,Auto Theft
Kingsway South (15),2021,Theft Over,5,100,0.05,290.58,97.2,11,Very Safe,Auto Theft
L'Amoreaux West (147),2021,Assault,84,165,0.5091,551.13,89.5,62,Very Safe,Assault
L'Amoreaux West (147),2021,Auto Theft,18,165,0.1091,551.13,89.5,62,Very Safe,Assault
L'Amoreaux West (147),2021,Break and Enter,17,165,0.103,551.13,89.5,62,Very Safe,Assault
L'Amoreaux West (147),2021,NonMCI,35,165,0.2121,551.13,89.5,62,Very Safe,Assault
L'Amoreaux West (147),2021,Robbery,8,165,0.0485,551.13,89.5,62,Very Safe,Assault
L'Amoreaux West (147),2021,Theft Over,3,165,0.0182,551.13,89.5,62,Very Safe,Assault
Lambton Baby Point (114),2021,Assault,33,57,0.5789,197.16,100.0,1,Very Safe,Assault
Lambton Baby Point (114),2021,Auto Theft,10,57,0.1754,197.16,100.0,1,Very Safe,Assault
Lambton Baby Point (114),2021,Break and Enter,6,57,0.1053,197.16,100.0,1,Very Safe,Assault
Lambton Baby Point (114),2021,NonMCI,7,57,0.1228,197.16,100.0,1,Very Safe,Assault
Lambton Baby Point (114),2021,Robbery,0,57,0.0,197.16,100.0,1,Very Safe,Assault
Lambton Baby Point (114),2021,Theft Over,1,57,0.0175,197.16,100.0,1,Very Safe,Assault
Lansing-Westgate (38),2021,Assault,76,195,0.3897,591.45,88.3,70,Very Safe,Assault
Lansing-Westgate (38),2021,Auto Theft,56,195,0.2872,591.45,88.3,70,Very Safe,Assault
Lansing-Westgate (38),2021,Break and Enter,16,195,0.0821,591.45,88.3,70,Very Safe,Assault
Lansing-Westgate (38),2021,NonMCI,37,195,0.1897,591.45,88.3,70,Very Safe,Assault
Lansing-Westgate (38),2021,Robbery,5,195,0.0256,591.45,88.3,70,Very Safe,Assault
Lansing-Westgate (38),2021,Theft Over,5,195,0.0256,591.45,88.3,70,Very Safe,Assault
Lawrence Park North (105),2021,Assault,40,135,0.2963,393.38,94.2,28,Very Safe,Assault
Lawrence Park North (105),2021,Auto Theft,40,135,0.2963,393.38,94.2,28,Very Safe,Assault
Lawrence Park North (105),2021,Break and Enter,20,135,0.1481,393.38,94.2,28,Very Safe,Assault
Lawrence Park North (105),2021,NonMCI,26,135,0.1926,393.38,94.2,28,Very Safe,Assault
Lawrence Park North (105),2021,Robbery,7,135,0.0519,393.38,94.2,28,Very Safe,Assault
Lawrence Park North (105),2021,Theft Over,2,135,0.0148,393.38,94.2,28,Very Safe,Assault
Lawrence Park South (103),2021,Assault,32,148,0.2162,410.15,93.7,37,Very Safe,Auto Theft
Lawrence Park South (103),2021,Auto Theft,53,148,0.3581,410.15,93.7,37,Very Safe,Auto Theft
Lawrence Park South (103),2021,Break and Enter,26,148,0.1757,410.15,93.7,37,Very Safe,Auto Theft
Lawrence Park South (103),2021,NonMCI,27,148,0.1824,410.15,93.7,37,Very Safe,Auto Theft
Lawrence Park South (103),2021,Robbery,7,148,0.0473,410.15,93.7,37,Very Safe,Auto Theft
Lawrence Park South (103),2021,Theft Over,3,148,0.0203,410.15,93.7,37,Very Safe,Auto Theft
Leaside-Bennington (56),2021,Assault,43,205,0.2098,553.37,89.5,62,Very Safe,Auto Theft
Leaside-Bennington (56),2021,Auto Theft,78,205,0.3805,553.37,89.5,62,Very Safe,Auto Theft
Leaside-Bennington (56),2021,Break and Enter,40,205,0.1951,553.37,89.5,62,Very Safe,Auto Theft
Leaside-Bennington (56),2021,NonMCI,38,205,0.1854,553.37,89.5,62,Very Safe,Auto Theft
Leaside-Bennington (56),2021,Robbery,3,205,0.0146,553.37,89.5,62,Very Safe,Auto Theft
Leaside-Bennington (56),2021,Theft Over,3,205,0.0146,553.37,89.5,62,Very Safe,Auto Theft
Little Portugal (84),2021,Assault,91,178,0.5112,613.22,87.7,74,Very Safe,Assault
Little Portugal (84),2021,Auto Theft,8,178,0.0449,613.22,87.7,74,Very Safe,Assault
Little Portugal (84),2021,Break and Enter,41,178,0.2303,613.22,87.7,74,Very Safe,Assault
Little Portugal (84),2021,NonMCI,25,178,0.1404,613.22,87.7,74,Very Safe,Assault
Little Portugal (84),2021,Robbery,6,178,0.0337,613.22,87.7,74,Very Safe,Assault
Little Portugal (84),2021,Theft Over,7,178,0.0393,613.22,87.7,74,Very Safe,Assault
Long Branch (19),2021,Assault,88,186,0.4731,589.34,88.4,69,Very Safe,Assault
Long Branch (19),2021,Auto Theft,38,186,0.2043,589.34,88.4,69,Very Safe,Assault
Long Branch (19),2021,Break and Enter,15,186,0.0806,589.34,88.4,69,Very Safe,Assault
Long Branch (19),2021,NonMCI,41,186,0.2204,589.34,88.4,69,Very Safe,Assault
Long Branch (19),2021,Robbery,1,186,0.0054,589.34,88.4,69,Very Safe,Assault
Long Branch (19),2021,Theft Over,3,186,0.0161,589.34,88.4,69,Very Safe,Assault
Malvern East (146),2021,Assault,126,235,0.5362,824.15,81.5,107,Very Safe,Assault
Malvern East (146),2021,Auto Theft,43,235,0.183,824.15,81.5,107,Very Safe,Assault
Malvern East (146),2021,Break and Enter,21,235,0.0894,824.15,81.5,107,Very Safe,Assault
Malvern East (146),2021,NonMCI,25,235,0.1064,824.15,81.5,107,Very Safe,Assault
Malvern East (146),2021,Robbery,19,235,0.0809,824.15,81.5,107,Very Safe,Assault
Malvern East (146),2021,Theft Over,1,235,0.0043,824.15,81.5,107,Very Safe,Assault
Malvern West (145),2021,Assault,81,157,0.5159,542.89,89.8,60,Very Safe,Assault
Malvern West (145),2021,Auto Theft,22,157,0.1401,542.89,89.8,60,Very Safe,Assault
Malvern West (145),2021,Break and Enter,14,157,0.0892,542.89,89.8,60,Very Safe,Assault
Malvern West (145),2021,NonMCI,24,157,0.1529,542.89,89.8,60,Very Safe,Assault
Malvern West (145),2021,Robbery,14,157,0.0892,542.89,89.8,60,Very Safe,Assault
Malvern West (145),2021,Theft Over,2,157,0.0127,542.89,89.8,60,Very Safe,Assault
Maple Leaf (29),2021,Assault,35,78,0.4487,247.28,98.5,6,Very Safe,Assault
Maple Leaf (29),2021,Auto Theft,12,78,0.1538,247.28,98.5,6,Very Safe,Assault
Maple Leaf (29),2021,Break and Enter,10,78,0.1282,247.28,98.5,6,Very Safe,Assault
Maple Leaf (29),2021,NonMCI,17,78,0.2179,247.28,98.5,6,Very Safe,Assault
Maple Leaf (29),2021,Robbery,1,78,0.0128,247.28,98.5,6,Very Safe,Assault
Maple Leaf (29),2021,Theft Over,3,78,0.0385,247.28,98.5,6,Very Safe,Assault
Markland Wood (12),2021,Assault,23,86,0.2674,242.71,98.7,3,Very Safe,Assault
Markland Wood (12),2021,Auto Theft,22,86,0.2558,242.71,98.7,3,Very Safe,Assault
Markland Wood (12),2021,Break and Enter,9,86,0.1047,242.71,98.7,3,Very Safe,Assault
Markland Wood (12),2021,NonMCI,23,86,0.2674,242.71,98.7,3,Very Safe,Assault
Markland Wood (12),2021,Robbery,8,86,0.093,242.71,98.7,3,Very Safe,Assault
Markland Wood (12),2021,Theft Over,1,86,0.0116,242.71,98.7,3,Very Safe,Assault
Milliken (130),2021,Assault,53,293,0.1809,801.47,82.1,105,Very Safe,Break and Enter
Milliken (130),2021,Auto Theft,66,293,0.2253,801.47,82.1,105,Very Safe,Break and Enter
Milliken (130),2021,Break and Enter,87,293,0.2969,801.47,82.1,105,Very Safe,Break and Enter
Milliken (130),2021,NonMCI,65,293,0.2218,801.47,82.1,105,Very Safe,Break and Enter
Milliken (130),2021,Robbery,15,293,0.0512,801.47,82.1,105,Very Safe,Break and Enter
Milliken (130),2021,Theft Over,7,293,0.0239,801.47,82.1,105,Very Safe,Break and Enter
Mimico-Queensway (160),2021,Assault,245,345,0.7101,1317.08,66.9,137,Safe,Assault
Mimico-Queensway (160),2021,Auto Theft,32,345,0.0928,1317.08,66.9,137,Safe,Assault
Mimico-Queensway (160),2021,Break and Enter,27,345,0.0783,1317.08,66.9,137,Safe,Assault
Mimico-Queensway (160),2021,NonMCI,29,345,0.0841,1317.08,66.9,137,Safe,Assault
Mimico-Queensway (160),2021,Robbery,6,345,0.0174,1317.08,66.9,137,Safe,Assault
Mimico-Queensway (160),2021,Theft Over,6,345,0.0174,1317.08,66.9,137,Safe,Assault
Morningside (135),2021,Assault,80,154,0.5195,521.28,90.4,55,Very Safe,Assault
Morningside (135),2021,Auto Theft,31,154,0.2013,521.28,90.4,55,Very Safe,Assault
Morningside (135),2021,Break and Enter,17,154,0.1104,521.28,90.4,55,Very Safe,Assault
Morningside (135),2021,NonMCI,21,154,0.1364,521.28,90.4,55,Very Safe,Assault
Morningside (135),2021,Robbery,4,154,0.026,521.28,90.4,55,Very Safe,Assault
Morningside (135),2021,Theft Over,1,154,0.0065,521.28,90.4,55,Very Safe,Assault
Morningside Heights (144),2021,Assault,76,242,0.314,698.42,85.2,92,Very Safe,Assault
Morningside Heights (144),2021,Auto Theft,73,242,0.3017,698.42,85.2,92,Very Safe,Assault
Morningside Heights (144),2021,Break and Enter,25,242,0.1033,698.42,85.2,92,Very Safe,Assault
Morningside Heights (144),2021,NonMCI,51,242,0.2107,698.42,85.2,92,Very Safe,Assault
Morningside Heights (144),2021,Robbery,10,242,0.0413,698.42,85.2,92,Very Safe,Assault
Morningside Heights (144),2021,Theft Over,7,242,0.0289,698.42,85.2,92,Very Safe,Assault
Moss Park (73),2021,Assault,561,990,0.5667,3578.49,0.0,158,Very Risky,Assault
Moss Park (73),2021,Auto Theft,49,990,0.0495,3578.49,0.0,158,Very Risky,Assault
Moss Park (73),2021,Break and Enter,154,990,0.1556,3578.49,0.0,158,Very Risky,Assault
Moss Park (73),2021,NonMCI,125,990,0.1263,3578.49,0.0,158,Very Risky,Assault
Moss Park (73),2021,Robbery,85,990,0.0859,3578.49,0.0,158,Very Risky,Assault
Moss Park (73),2021,Theft Over,16,990,0.0162,3578.49,0.0,158,Very Risky,Assault
Mount Dennis (115),2021,Assault,95,180,0.5278,612.03,87.7,74,Very Safe,Assault
Mount Dennis (115),2021,Auto Theft,23,180,0.1278,612.03,87.7,74,Very Safe,Assault
Mount Dennis (115),2021,Break and Enter,16,180,0.0889,612.03,87.7,74,Very Safe,Assault
Mount Dennis (115),2021,NonMCI,33,180,0.1833,612.03,87.7,74,Very Safe,Assault
Mount Dennis (115),2021,Robbery,10,180,0.0556,612.03,87.7,74,Very Safe,Assault
Mount Dennis (115),2021,Theft Over,3,180,0.0167,612.03,87.7,74,Very Safe,Assault
Mount Olive-Silverstone-Jamestown (2),2021,Assault,197,409,0.4817,1353.47,65.8,139,Safe,Assault
Mount Olive-Silverstone-Jamestown (2),2021,Auto Theft,72,409,0.176,1353.47,65.8,139,Safe,Assault
Mount Olive-Silverstone-Jamestown (2),2021,Break and Enter,17,409,0.0416,1353.47,65.8,139,Safe,Assault
Mount Olive-Silverstone-Jamestown (2),2021,NonMCI,82,409,0.2005,1353.47,65.8,139,Safe,Assault
Mount Olive-Silverstone-Jamestown (2),2021,Robbery,38,409,0.0929,1353.47,65.8,139,Safe,Assault
Mount Olive-Silverstone-Jamestown (2),2021,Theft Over,3,409,0.0073,1353.47,65.8,139,Safe,Assault
Mount Pleasant East (99),2021,Assault,44,150,0.2933,447.5,92.6,41,Very Safe,Assault
Mount Pleasant East (99),2021,Auto Theft,35,150,0.2333,447.5,92.6,41,Very Safe,Assault
Mount Pleasant East (99),2021,Break and Enter,34,150,0.2267,447.5,92.6,41,Very Safe,Assault
Mount Pleasant East (99),2021,NonMCI,25,150,0.1667,447.5,92.6,41,Very Safe,Assault
Mount Pleasant East (99),2021,Robbery,7,150,0.0467,447.5,92.6,41,Very Safe,Assault
Mount Pleasant East (99),2021,Theft Over,5,150,0.0333,447.5,92.6,41,Very Safe,Assault
New Toronto (18),2021,Assault,106,180,0.5889,644.77,86.8,80,Very Safe,Assault
New Toronto (18),2021,Auto Theft,15,180,0.0833,644.77,86.8,80,Very Safe,Assault
New Toronto (18),2021,Break and Enter,18,180,0.1,644.77,86.8,80,Very Safe,Assault
New Toronto (18),2021,NonMCI,25,180,0.1389,644.77,86.8,80,Very Safe,Assault
New Toronto (18),2021,Robbery,11,180,0.0611,644.77,86.8,80,Very Safe,Assault
New Toronto (18),2021,Theft Over,5,180,0.0278,644.77,86.8,80,Very Safe,Assault
Newtonbrook East (50),2021,Assault,84,213,0.3944,670.27,86.0,86,Very Safe,Assault
Newtonbrook East (50),2021,Auto Theft,47,213,0.2207,670.27,86.0,86,Very Safe,Assault
Newtonbrook East (50),2021,Break and Enter,25,213,0.1174,670.27,86.0,86,Very Safe,Assault
Newtonbrook East (50),2021,NonMCI,37,213,0.1737,670.27,86.0,86,Very Safe,Assault
Newtonbrook East (50),2021,Robbery,12,213,0.0563,670.27,86.0,86,Very Safe,Assault
Newtonbrook East (50),2021,Theft Over,8,213,0.0376,670.27,86.0,86,Very Safe,Assault
Newtonbrook West (36),2021,Assault,181,401,0.4514,1277.97,68.0,135,Safe,Assault
Newtonbrook West (36),2021,Auto Theft,84,401,0.2095,1277.97,68.0,135,Safe,Assault
Newtonbrook West (36),2021,Break and Enter,35,401,0.0873,1277.97,68.0,135,Safe,Assault
Newtonbrook West (36),2021,NonMCI,78,401,0.1945,1277.97,68.0,135,Safe,Assault
Newtonbrook West (36),2021,Robbery,13,401,0.0324,1277.97,68.0,135,Safe,Assault
Newtonbrook West (36),2021,Theft Over,10,401,0.0249,1277.97,68.0,135,Safe,Assault
North Riverdale (68),2021,Assault,57,139,0.4101,443.86,92.7,40,Very Safe,Assault
North Riverdale (68),2021,Auto Theft,14,139,0.1007,443.86,92.7,40,Very Safe,Assault
North Riverdale (68),2021,Break and Enter,32,139,0.2302,443.86,92.7,40,Very Safe,Assault
North Riverdale (68),2021,NonMCI,31,139,0.223,443.86,92.7,40,Very Safe,Assault
North Riverdale (68),2021,Robbery,5,139,0.036,443.86,92.7,40,Very Safe,Assault
North Riverdale (68),2021,Theft Over,0,139,0.0,443.86,92.7,40,Very Safe,Assault
North St.James Town (74),2021,Assault,235,353,0.6657,1326.3,66.6,138,Safe,Assault
North St.James Town (74),2021,Auto Theft,16,353,0.0453,1326.3,66.6,138,Safe,Assault
North St.James Town (74),2021,Break and Enter,44,353,0.1246,1326.3,66.6,138,Safe,Assault
North St.James Town (74),2021,NonMCI,39,353,0.1105,1326.3,66.6,138,Safe,Assault
North St.James Town (74),2021,Robbery,16,353,0.0453,1326.3,66.6,138,Safe,Assault
North St.James Town (74),2021,Theft Over,3,353,0.0085,1326.3,66.6,138,Safe,Assault
North Toronto (173),2021,Assault,115,208,0.5529,758.77,83.4,101,Very Safe,Assault
North Toronto (173),2021,Auto Theft,13,208,0.0625,758.77,83.4,101,Very Safe,Assault
North Toronto (173),2021,Break and Enter,50,208,0.2404,758.77,83.4,101,Very Safe,Assault
North Toronto (173),2021,NonMCI,16,208,0.0769,758.77,83.4,101,Very Safe,Assault
North Toronto (173),2021,Robbery,12,208,0.0577,758.77,83.4,101,Very Safe,Assault
North Toronto (173),2021,Theft Over,2,208,0.0096,758.77,83.4,101,Very Safe,Assault
O'Connor-Parkview (54),2021,Assault,109,261,0.4176,813.85,81.8,106,Very Safe,Assault
O'Connor-Parkview (54),2021,Auto Theft,38,261,0.1456,813.85,81.8,106,Very Safe,Assault
O'Connor-Parkview (54),2021,Break and Enter,40,261,0.1533,813.85,81.8,106,Very Safe,Assault
O'Connor-Parkview (54),2021,NonMCI,64,261,0.2452,813.85,81.8,106,Very Safe,Assault
O'Connor-Parkview (54),2021,Robbery,9,261,0.0345,813.85,81.8,106,Very Safe,Assault
O'Connor-Parkview (54),2021,Theft Over,1,261,0.0038,813.85,81.8,106,Very Safe,Assault
Oakdale-Beverley Heights (154),2021,Assault,265,582,0.4553,1875.07,50.4,147,Moderate,Assault
Oakdale-Beverley Heights (154),2021,Auto Theft,104,582,0.1787,1875.07,50.4,147,Moderate,Assault
Oakdale-Beverley Heights (154),2021,Break and Enter,63,582,0.1082,1875.07,50.4,147,Moderate,Assault
Oakdale-Beverley Heights (154),2021,NonMCI,107,582,0.1838,1875.07,50.4,147,Moderate,Assault
Oakdale-Beverley Heights (154),2021,Robbery,23,582,0.0395,1875.07,50.4,147,Moderate,Assault
Oakdale-Beverley Heights (154),2021,Theft Over,20,582,0.0344,1875.07,50.4,147,Moderate,Assault
Oakridge (121),2021,Assault,172,305,0.5639,1057.41,74.6,126,Safe,Assault
Oakridge (121),2021,Auto Theft,19,305,0.0623,1057.41,74.6,126,Safe,Assault
Oakridge (121),2021,Break and Enter,28,305,0.0918,1057.41,74.6,126,Safe,Assault
Oakridge (121),2021,NonMCI,63,305,0.2066,1057.41,74.6,126,Safe,Assault
Oakridge (121),2021,Robbery,18,305,0.059,1057.41,74.6,126,Safe,Assault
Oakridge (121),2021,Theft Over,5,305,0.0164,1057.41,74.6,126,Safe,Assault
Oakwood Village (107),2021,Assault,99,228,0.4342,729.0,84.3,94,Very Safe,Assault
Oakwood Village (107),2021,Auto Theft,27,228,0.1184,729.0,84.3,94,Very Safe,Assault
Oakwood Village (107),2021,Break and Enter,36,228,0.1579,729.0,84.3,94,Very Safe,Assault
Oakwood Village (107),2021,NonMCI,51,228,0.2237,729.0,84.3,94,Very Safe,Assault
Oakwood Village (107),2021,Robbery,9,228,0.0395,729.0,84.3,94,Very Safe,Assault
Oakwood Village (107),2021,Theft Over,6,228,0.0263,729.0,84.3,94,Very Safe,Assault
Old East York (58),2021,Assault,39,95,0.4105,295.46,97.1,12,Very Safe,Assault
Old East York (58),2021,Auto Theft,18,95,0.1895,295.46,97.1,12,Very Safe,Assault
Old East York (58),2021,Break and Enter,6,95,0.0632,295.46,97.1,12,Very Safe,Assault
Old East York (58),2021,NonMCI,21,95,0.2211,295.46,97.1,12,Very Safe,Assault
Old East York (58),2021,Robbery,6,95,0.0632,295.46,97.1,12,Very Safe,Assault
Old East York (58),2021,Theft Over,5,95,0.0526,295.46,97.1,12,Very Safe,Assault
Palmerston-Little Italy (80),2021,Assault,63,134,0.4701,457.51,92.3,44,Very Safe,Assault
Palmerston-Little Italy (80),2021,Auto Theft,9,134,0.0672,457.51,92.3,44,Very Safe,Assault
Palmerston-Little Italy (80),2021,Break and Enter,31,134,0.2313,457.51,92.3,44,Very Safe,Assault
Palmerston-Little Italy (80),2021,NonMCI,22,134,0.1642,457.51,92.3,44,Very Safe,Assault
Palmerston-Little Italy (80),2021,Robbery,9,134,0.0672,457.51,92.3,44,Very Safe,Assault
Palmerston-Little Italy (80),2021,Theft Over,0,134,0.0,457.51,92.3,44,Very Safe,Assault
Parkwoods-O'Connor Hills (149),2021,Assault,50,128,0.3906,406.27,93.8,35,Very Safe,Assault
Parkwoods-O'Connor Hills (149),2021,Auto Theft,16,128,0.125,406.27,93.8,35,Very Safe,Assault
Parkwoods-O'Connor Hills (149),2021,Break and Enter,17,128,0.1328,406.27,93.8,35,Very Safe,Assault
Parkwoods-O'Connor Hills (149),2021,NonMCI,29,128,0.2266,406.27,93.8,35,Very Safe,Assault
Parkwoods-O'Connor Hills (149),2021,Robbery,15,128,0.1172,406.27,93.8,35,Very Safe,Assault
Parkwoods-O'Connor Hills (149),2021,Theft Over,1,128,0.0078,406.27,93.8,35,Very Safe,Assault
Pelmo Park-Humberlea (23),2021,Assault,58,186,0.3118,519.87,90.5,54,Very Safe,Auto Theft
Pelmo Park-Humberlea (23),2021,Auto Theft,64,186,0.3441,519.87,90.5,54,Very Safe,Auto Theft
Pelmo Park-Humberlea (23),2021,Break and Enter,12,186,0.0645,519.87,90.5,54,Very Safe,Auto Theft
Pelmo Park-Humberlea (23),2021,NonMCI,46,186,0.2473,519.87,90.5,54,Very Safe,Auto Theft
Pelmo Park-Humberlea (23),2021,Robbery,4,186,0.0215,519.87,90.5,54,Very Safe,Auto Theft
Pelmo Park-Humberlea (23),2021,Theft Over,2,186,0.0108,519.87,90.5,54,Very Safe,Auto Theft
Playter Estates-Danforth (67),2021,Assault,54,146,0.3699,461.9,92.2,46,Very Safe,Assault
Playter Estates-Danforth (67),2021,Auto Theft,7,146,0.0479,461.9,92.2,46,Very Safe,Assault
Playter Estates-Danforth (67),2021,Break and Enter,41,146,0.2808,461.9,92.2,46,Very Safe,Assault
Playter Estates-Danforth (67),2021,NonMCI,33,146,0.226,461.9,92.2,46,Very Safe,Assault
Playter Estates-Danforth (67),2021,Robbery,10,146,0.0685,461.9,92.2,46,Very Safe,Assault
Playter Estates-Danforth (67),2021,Theft Over,1,146,0.0068,461.9,92.2,46,Very Safe,Assault
Pleasant View (46),2021,Assault,24,137,0.1752,329.95,96.1,18,Very Safe,NonMCI
Pleasant View (46),2021,Auto Theft,12,137,0.0876,329.95,96.1,18,Very Safe,NonMCI
Pleasant View (46),2021,Break and Enter,17,137,0.1241,329.95,96.1,18,Very Safe,NonMCI
Pleasant View (46),2021,NonMCI,70,137,0.5109,329.95,96.1,18,Very Safe,NonMCI
Pleasant View (46),2021,Robbery,9,137,0.0657,329.95,96.1,18,Very Safe,NonMCI
Pleasant View (46),2021,Theft Over,5,137,0.0365,329.95,96.1,18,Very Safe,NonMCI
Princess-Rosethorn (10),2021,Assault,22,89,0.2472,233.2,98.9,2,Very Safe,NonMCI
Princess-Rosethorn (10),2021,Auto Theft,21,89,0.236,233.2,98.9,2,Very Safe,NonMCI
Princess-Rosethorn (10),2021,Break and Enter,11,89,0.1236,233.2,98.9,2,Very Safe,NonMCI
Princess-Rosethorn (10),2021,NonMCI,32,89,0.3596,233.2,98.9,2,Very Safe,NonMCI
Princess-Rosethorn (10),2021,Robbery,1,89,0.0112,233.2,98.9,2,Very Safe,NonMCI
Princess-Rosethorn (10),2021,Theft Over,2,89,0.0225,233.2,98.9,2,Very Safe,NonMCI
Regent Park (72),2021,Assault,157,237,0.6624,902.59,79.1,118,Safe,Assault
Regent Park (72),2021,Auto Theft,8,237,0.0338,902.59,79.1,118,Safe,Assault
Regent Park (72),2021,Break and Enter,33,237,0.1392,902.59,79.1,118,Safe,Assault
Regent Park (72),2021,NonMCI,20,237,0.0844,902.59,79.1,118,Safe,Assault
Regent Park (72),2021,Robbery,15,237,0.0633,902.59,79.1,118,Safe,Assault
Regent Park (72),2021,Theft Over,4,237,0.0169,902.59,79.1,118,Safe,Assault
Rexdale-Kipling (4),2021,Assault,48,179,0.2682,495.89,91.2,50,Very Safe,NonMCI
Rexdale-Kipling (4),2021,Auto Theft,39,179,0.2179,495.89,91.2,50,Very Safe,NonMCI
Rexdale-Kipling (4),2021,Break and Enter,28,179,0.1564,495.89,91.2,50,Very Safe,NonMCI
Rexdale-Kipling (4),2021,NonMCI,54,179,0.3017,495.89,91.2,50,Very Safe,NonMCI
Rexdale-Kipling (4),2021,Robbery,8,179,0.0447,495.89,91.2,50,Very Safe,NonMCI
Rexdale-Kipling (4),2021,Theft Over,2,179,0.0112,495.89,91.2,50,Very Safe,NonMCI
Rockcliffe-Smythe (111),2021,Assault,132,264,0.5,893.01,79.4,116,Safe,Assault
Rockcliffe-Smythe (111),2021,Auto Theft,42,264,0.1591,893.01,79.4,116,Safe,Assault
Rockcliffe-Smythe (111),2021,Break and Enter,32,264,0.1212,893.01,79.4,116,Safe,Assault
Rockcliffe-Smythe (111),2021,NonMCI,38,264,0.1439,893.01,79.4,116,Safe,Assault
Rockcliffe-Smythe (111),2021,Robbery,14,264,0.053,893.01,79.4,116,Safe,Assault
Rockcliffe-Smythe (111),2021,Theft Over,6,264,0.0227,893.01,79.4,116,Safe,Assault
Roncesvalles (86),2021,Assault,97,238,0.4076,776.3,82.9,104,Very Safe,Assault
Roncesvalles (86),2021,Auto Theft,16,238,0.0672,776.3,82.9,104,Very Safe,Assault
Roncesvalles (86),2021,Break and Enter,67,238,0.2815,776.3,82.9,104,Very Safe,Assault
Roncesvalles (86),2021,NonMCI,38,238,0.1597,776.3,82.9,104,Very Safe,Assault
Roncesvalles (86),2021,Robbery,10,238,0.042,776.3,82.9,104,Very Safe,Assault
Roncesvalles (86),2021,Theft Over,10,238,0.042,776.3,82.9,104,Very Safe,Assault
Rosedale-Moore Park (98),2021,Assault,138,338,0.4083,1117.51,72.8,129,Safe,Assault
Rosedale-Moore Park (98),2021,Auto Theft,68,338,0.2012,1117.51,72.8,129,Safe,Assault
Rosedale-Moore Park (98),2021,Break and Enter,63,338,0.1864,1117.51,72.8,129,Safe,Assault
Rosedale-Moore Park (98),2021,NonMCI,32,338,0.0947,1117.51,72.8,129,Safe,Assault
Rosedale-Moore Park (98),2021,Robbery,27,338,0.0799,1117.51,72.8,129,Safe,Assault
Rosedale-Moore Park (98),2021,Theft Over,10,338,0.0296,1117.51,72.8,129,Safe,Assault
Runnymede-Bloor West Village (89),2021,Assault,24,91,0.2637,255.19,98.3,8,Very Safe,Assault
Runnymede-Bloor West Village (89),2021,Auto Theft,22,91,0.2418,255.19,98.3,8,Very Safe,Assault
Runnymede-Bloor West Village (89),2021,Break and Enter,11,91,0.1209,255.19,98.3,8,Very Safe,Assault
Runnymede-Bloor West Village (89),2021,NonMCI,21,91,0.2308,255.19,98.3,8,Very Safe,Assault
Runnymede-Bloor West Village (89),2021,Robbery,5,91,0.0549,255.19,98.3,8,Very Safe,Assault
Runnymede-Bloor West Village (89),2021,Theft Over,8,91,0.0879,255.19,98.3,8,Very Safe,Assault
Rustic (28),2021,Assault,69,109,0.633,398.47,94.0,29,Very Safe,Assault
Rustic (28),2021,Auto Theft,15,109,0.1376,398.47,94.0,29,Very Safe,Assault
Rustic (28),2021,Break and Enter,7,109,0.0642,398.47,94.0,29,Very Safe,Assault
Rustic (28),2021,NonMCI,12,109,0.1101,398.47,94.0,29,Very Safe,Assault
Rustic (28),2021,Robbery,6,109,0.055,398.47,94.0,29,Very Safe,Assault
Rustic (28),2021,Theft Over,0,109,0.0,398.47,94.0,29,Very Safe,Assault
Scarborough Village (139),2021,Assault,108,234,0.4615,750.39,83.6,100,Very Safe,Assault
Scarborough Village (139),2021,Auto Theft,25,234,0.1068,750.39,83.6,100,Very Safe,Assault
Scarborough Village (139),2021,Break and Enter,22,234,0.094,750.39,83.6,100,Very Safe,Assault
Scarborough Village (139),2021,NonMCI,59,234,0.2521,750.39,83.6,100,Very Safe,Assault
Scarborough Village (139),2021,Robbery,13,234,0.0556,750.39,83.6,100,Very Safe,Assault
Scarborough Village (139),2021,Theft Over,7,234,0.0299,750.39,83.6,100,Very Safe,Assault
South Eglinton-Davisville (174),2021,Assault,96,190,0.5053,660.77,86.3,83,Very Safe,Assault
South Eglinton-Davisville (174),2021,Auto Theft,14,190,0.0737,660.77,86.3,83,Very Safe,Assault
South Eglinton-Davisville (174),2021,Break and Enter,43,190,0.2263,660.77,86.3,83,Very Safe,Assault
South Eglinton-Davisville (174),2021,NonMCI,23,190,0.1211,660.77,86.3,83,Very Safe,Assault
South Eglinton-Davisville (174),2021,Robbery,9,190,0.0474,660.77,86.3,83,Very Safe,Assault
South Eglinton-Davisville (174),2021,Theft Over,5,190,0.0263,660.77,86.3,83,Very Safe,Assault
South Parkdale (85),2021,Assault,234,387,0.6047,1410.4,64.1,141,Safe,Assault
South Parkdale (85),2021,Auto Theft,16,387,0.0413,1410.4,64.1,141,Safe,Assault
South Parkdale (85),2021,Break and Enter,64,387,0.1654,1410.4,64.1,141,Safe,Assault
South Parkdale (85),2021,NonMCI,49,387,0.1266,1410.4,64.1,141,Safe,Assault
South Parkdale (85),2021,Robbery,18,387,0.0465,1410.4,64.1,141,Safe,Assault
South Parkdale (85),2021,Theft Over,6,387,0.0155,1410.4,64.1,141,Safe,Assault
South Riverdale (70),2021,Assault,203,544,0.3732,1704.85,55.4,145,Moderate,Assault
South Riverdale (70),2021,Auto Theft,41,544,0.0754,1704.85,55.4,145,Moderate,Assault
South Riverdale (70),2021,Break and Enter,135,544,0.2482,1704.85,55.4,145,Moderate,Assault
South Riverdale (70),2021,NonMCI,121,544,0.2224,1704.85,55.4,145,Moderate,Assault
South Riverdale (70),2021,Robbery,26,544,0.0478,1704.85,55.4,145,Moderate,Assault
South Riverdale (70),2021,Theft Over,18,544,0.0331,1704.85,55.4,145,Moderate,Assault
St Lawrence-East Bayfront-The Islands (166),2021,Assault,324,642,0.5047,2263.84,38.9,154,Risky,Assault
St Lawrence-East Bayfront-The Islands (166),2021,Auto Theft,31,642,0.0483,2263.84,38.9,154,Risky,Assault
St Lawrence-East Bayfront-The Islands (166),2021,Break and Enter,152,642,0.2368,2263.84,38.9,154,Risky,Assault
St Lawrence-East Bayfront-The Islands (166),2021,NonMCI,70,642,0.109,2263.84,38.9,154,Risky,Assault
St Lawrence-East Bayfront-The Islands (166),2021,Robbery,42,642,0.0654,2263.84,38.9,154,Risky,Assault
St Lawrence-East Bayfront-The Islands (166),2021,Theft Over,23,642,0.0358,2263.84,38.9,154,Risky,Assault
St.Andrew-Windfields (40),2021,Assault,46,205,0.2244,540.32,89.9,59,Very Safe,NonMCI
St.Andrew-Windfields (40),2021,Auto Theft,57,205,0.278,540.32,89.9,59,Very Safe,NonMCI
St.Andrew-Windfields (40),2021,Break and Enter,32,205,0.1561,540.32,89.9,59,Very Safe,NonMCI
St.Andrew-Windfields (40),2021,NonMCI,60,205,0.2927,540.32,89.9,59,Very Safe,NonMCI
St.Andrew-Windfields (40),2021,Robbery,2,205,0.0098,540.32,89.9,59,Very Safe,NonMCI
St.Andrew-Windfields (40),2021,Theft Over,8,205,0.039,540.32,89.9,59,Very Safe,NonMCI
Steeles (116),2021,Assault,44,136,0.3235,398.37,94.0,29,Very Safe,Assault
Steeles (116),2021,Auto Theft,40,136,0.2941,398.37,94.0,29,Very Safe,Assault
Steeles (116),2021,Break and Enter,16,136,0.1176,398.37,94.0,29,Very Safe,Assault
Steeles (116),2021,NonMCI,28,136,0.2059,398.37,94.0,29,Very Safe,Assault
Steeles (116),2021,Robbery,6,136,0.0441,398.37,94.0,29,Very Safe,Assault
Steeles (116),2021,Theft Over,2,136,0.0147,398.37,94.0,29,Very Safe,Assault
Stonegate-Queensway (16),2021,Assault,72,238,0.3025,684.07,85.6,89,Very Safe,Assault
Stonegate-Queensway (16),2021,Auto Theft,60,238,0.2521,684.07,85.6,89,Very Safe,Assault
Stonegate-Queensway (16),2021,Break and Enter,29,238,0.1218,684.07,85.6,89,Very Safe,Assault
Stonegate-Queensway (16),2021,NonMCI,57,238,0.2395,684.07,85.6,89,Very Safe,Assault
Stonegate-Queensway (16),2021,Robbery,13,238,0.0546,684.07,85.6,89,Very Safe,Assault
Stonegate-Queensway (16),2021,Theft Over,7,238,0.0294,684.07,85.6,89,Very Safe,Assault
Tam O'Shanter-Sullivan (118),2021,Assault,108,246,0.439,767.21,83.1,103,Very Safe,Assault
Tam O'Shanter-Sullivan (118),2021,Auto Theft,54,246,0.2195,767.21,83.1,103,Very Safe,Assault
Tam O'Shanter-Sullivan (118),2021,Break and Enter,16,246,0.065,767.21,83.1,103,Very Safe,Assault
Tam O'Shanter-Sullivan (118),2021,NonMCI,55,246,0.2236,767.21,83.1,103,Very Safe,Assault
Tam O'Shanter-Sullivan (118),2021,Robbery,8,246,0.0325,767.21,83.1,103,Very Safe,Assault
Tam O'Shanter-Sullivan (118),2021,Theft Over,5,246,0.0203,767.21,83.1,103,Very Safe,Assault
Taylor-Massey (61),2021,Assault,99,199,0.4975,644.54,86.8,80,Very Safe,Assault
Taylor-Massey (61),2021,Auto Theft,17,199,0.0854,644.54,86.8,80,Very Safe,Assault
Taylor-Massey (61),2021,Break and Enter,16,199,0.0804,644.54,86.8,80,Very Safe,Assault
Taylor-Massey (61),2021,NonMCI,50,199,0.2513,644.54,86.8,80,Very Safe,Assault
Taylor-Massey (61),2021,Robbery,7,199,0.0352,644.54,86.8,80,Very Safe,Assault
Taylor-Massey (61),2021,Theft Over,10,199,0.0503,644.54,86.8,80,Very Safe,Assault
The Beaches (63),2021,Assault,86,220,0.3909,694.04,85.3,91,Very Safe,Assault
The Beaches (63),2021,Auto Theft,30,220,0.1364,694.04,85.3,91,Very Safe,Assault
The Beaches (63),2021,Break and Enter,39,220,0.1773,694.04,85.3,91,Very Safe,Assault
The Beaches (63),2021,NonMCI,44,220,0.2,694.04,85.3,91,Very Safe,Assault
The Beaches (63),2021,Robbery,14,220,0.0636,694.04,85.3,91,Very Safe,Assault
The Beaches (63),2021,Theft Over,7,220,0.0318,694.04,85.3,91,Very Safe,Assault
Thistletown-Beaumond Heights (3),2021,Assault,54,151,0.3576,439.19,92.8,39,Very Safe,Assault
Thistletown-Beaumond Heights (3),2021,Auto Theft,41,151,0.2715,439.19,92.8,39,Very Safe,Assault
Thistletown-Beaumond Heights (3),2021,Break and Enter,8,151,0.053,439.19,92.8,39,Very Safe,Assault
Thistletown-Beaumond Heights (3),2021,NonMCI,39,151,0.2583,439.19,92.8,39,Very Safe,Assault
Thistletown-Beaumond Heights (3),2021,Robbery,6,151,0.0397,439.19,92.8,39,Very Safe,Assault
Thistletown-Beaumond Heights (3),2021,Theft Over,3,151,0.0199,439.19,92.8,39,Very Safe,Assault
Thorncliffe Park (55),2021,Assault,116,222,0.5225,766.76,83.2,102,Very Safe,Assault
Thorncliffe Park (55),2021,Auto Theft,17,222,0.0766,766.76,83.2,102,Very Safe,Assault
Thorncliffe Park (55),2021,Break and Enter,35,222,0.1577,766.76,83.2,102,Very Safe,Assault
Thorncliffe Park (55),2021,NonMCI,39,222,0.1757,766.76,83.2,102,Very Safe,Assault
Thorncliffe Park (55),2021,Robbery,14,222,0.0631,766.76,83.2,102,Very Safe,Assault
Thorncliffe Park (55),2021,Theft Over,1,222,0.0045,766.76,83.2,102,Very Safe,Assault
Trinity-Bellwoods (81),2021,Assault,124,245,0.5061,856.94,80.5,112,Very Safe,Assault
Trinity-Bellwoods (81),2021,Auto Theft,20,245,0.0816,856.94,80.5,112,Very Safe,Assault
Trinity-Bellwoods (81),2021,Break and Enter,49,245,0.2,856.94,80.5,112,Very Safe,Assault
Trinity-Bellwoods (81),2021,NonMCI,27,245,0.1102,856.94,80.5,112,Very Safe,Assault
Trinity-Bellwoods (81),2021,Robbery,16,245,0.0653,856.94,80.5,112,Very Safe,Assault
Trinity-Bellwoods (81),2021,Theft Over,9,245,0.0367,856.94,80.5,112,Very Safe,Assault
University (79),2021,Assault,86,160,0.5375,567.05,89.1,66,Very Safe,Assault
University (79),2021,Auto Theft,9,160,0.0562,567.05,89.1,66,Very Safe,Assault
University (79),2021,Break and Enter,31,160,0.1938,567.05,89.1,66,Very Safe,Assault
University (79),2021,NonMCI,20,160,0.125,567.05,89.1,66,Very Safe,Assault
University (79),2021,Robbery,9,160,0.0562,567.05,89.1,66,Very Safe,Assault
University (79),2021,Theft Over,5,160,0.0312,567.05,89.1,66,Very Safe,Assault
Victoria Village (43),2021,Assault,88,217,0.4055,659.89,86.3,83,Very Safe,Assault
Victoria Village (43),2021,Auto Theft,33,217,0.1521,659.89,86.3,83,Very Safe,Assault
Victoria Village (43),2021,Break and Enter,22,217,0.1014,659.89,86.3,83,Very Safe,Assault
Victoria Village (43),2021,NonMCI,61,217,0.2811,659.89,86.3,83,Very Safe,Assault
Victoria Village (43),2021,Robbery,8,217,0.0369,659.89,86.3,83,Very Safe,Assault
Victoria Village (43),2021,Theft Over,5,217,0.023,659.89,86.3,83,Very Safe,Assault
Wellington Place (164),2021,Assault,306,626,0.4888,2134.37,42.7,151,Moderate,Assault
Wellington Place (164),2021,Auto Theft,36,626,0.0575,2134.37,42.7,151,Moderate,Assault
Wellington Place (164),2021,Break and Enter,146,626,0.2332,2134.37,42.7,151,Moderate,Assault
Wellington Place (164),2021,NonMCI,98,626,0.1565,2134.37,42.7,151,Moderate,Assault
Wellington Place (164),2021,Robbery,18,626,0.0288,2134.37,42.7,151,Moderate,Assault
Wellington Place (164),2021,Theft Over,22,626,0.0351,2134.37,42.7,151,Moderate,Assault
West Hill (136),2021,Assault,293,614,0.4772,2025.53,45.9,149,Moderate,Assault
West Hill (136),2021,Auto Theft,68,614,0.1107,2025.53,45.9,149,Moderate,Assault
West Hill (136),2021,Break and Enter,71,614,0.1156,2025.53,45.9,149,Moderate,Assault
West Hill (136),2021,NonMCI,137,614,0.2231,2025.53,45.9,149,Moderate,Assault
West Hill (136),2021,Robbery,41,614,0.0668,2025.53,45.9,149,Moderate,Assault
West Hill (136),2021,Theft Over,4,614,0.0065,2025.53,45.9,149,Moderate,Assault
West Humber-Clairville (1),2021,Assault,228,1233,0.1849,3122.97,13.5,156,Very Risky,Auto Theft
West Humber-Clairville (1),2021,Auto Theft,439,1233,0.356,3122.97,13.5,156,Very Risky,Auto Theft
West Humber-Clairville (1),2021,Break and Enter,100,1233,0.0811,3122.97,13.5,156,Very Risky,Auto Theft
West Humber-Clairville (1),2021,NonMCI,362,1233,0.2936,3122.97,13.5,156,Very Risky,Auto Theft
West Humber-Clairville (1),2021,Robbery,47,1233,0.0381,3122.97,13.5,156,Very Risky,Auto Theft
West Humber-Clairville (1),2021,Theft Over,57,1233,0.0462,3122.97,13.5,156,Very Risky,Auto Theft
West Queen West (162),2021,Assault,98,228,0.4298,736.34,84.1,96,Very Safe,Assault
West Queen West (162),2021,Auto Theft,14,228,0.0614,736.34,84.1,96,Very Safe,Assault
West Queen West (162),2021,Break and Enter,50,228,0.2193,736.34,84.1,96,Very Safe,Assault
West Queen West (162),2021,NonMCI,50,228,0.2193,736.34,84.1,96,Very Safe,Assault
West Queen West (162),2021,Robbery,10,228,0.0439,736.34,84.1,96,Very Safe,Assault
West Queen West (162),2021,Theft Over,6,228,0.0263,736.34,84.1,96,Very Safe,Assault
West Rouge (143),2021,Assault,58,152,0.3816,464.68,92.1,47,Very Safe,Assault
West Rouge (143),2021,Auto Theft,33,152,0.2171,464.68,92.1,47,Very Safe,Assault
West Rouge (143),2021,Break and Enter,22,152,0.1447,464.68,92.1,47,Very Safe,Assault
West Rouge (143),2021,NonMCI,30,152,0.1974,464.68,92.1,47,Very Safe,Assault
West Rouge (143),2021,Robbery,5,152,0.0329,464.68,92.1,47,Very Safe,Assault
West Rouge (143),2021,Theft Over,4,152,0.0263,464.68,92.1,47,Very Safe,Assault
Westminster-Branson (35),2021,Assault,92,251,0.3665,745.06,83.8,98,Very Safe,Assault
Westminster-Branson (35),2021,Auto Theft,60,251,0.239,745.06,83.8,98,Very Safe,Assault
Westminster-Branson (35),2021,Break and Enter,25,251,0.0996,745.06,83.8,98,Very Safe,Assault
Westminster-Branson (35),2021,NonMCI,60,251,0.239,745.06,83.8,98,Very Safe,Assault
Westminster-Branson (35),2021,Robbery,7,251,0.0279,745.06,83.8,98,Very Safe,Assault
Westminster-Branson (35),2021,Theft Over,7,251,0.0279,745.06,83.8,98,Very Safe,Assault
Weston (113),2021,Assault,187,369,0.5068,1243.52,69.1,133,Safe,Assault
Weston (113),2021,Auto Theft,55,369,0.1491,1243.52,69.1,133,Safe,Assault
Weston (113),2021,Break and Enter,36,369,0.0976,1243.52,69.1,133,Safe,Assault
Weston (113),2021,NonMCI,65,369,0.1762,1243.52,69.1,133,Safe,Assault
Weston (113),2021,Robbery,22,369,0.0596,1243.52,69.1,133,Safe,Assault
Weston (113),2021,Theft Over,4,369,0.0108,1243.52,69.1,133,Safe,Assault
Weston-Pelham Park (91),2021,Assault,87,148,0.5878,532.32,90.1,56,Very Safe,Assault
Weston-Pelham Park (91),2021,Auto Theft,15,148,0.1014,532.32,90.1,56,Very Safe,Assault
Weston-Pelham Park (91),2021,Break and Enter,23,148,0.1554,532.32,90.1,56,Very Safe,Assault
Weston-Pelham Park (91),2021,NonMCI,17,148,0.1149,532.32,90.1,56,Very Safe,Assault
Weston-Pelham Park (91),2021,Robbery,5,148,0.0338,532.32,90.1,56,Very Safe,Assault
Weston-Pelham Park (91),2021,Theft Over,1,148,0.0068,532.32,90.1,56,Very Safe,Assault
Wexford/Maryvale (119),2021,Assault,197,523,0.3767,1583.49,59.0,144,Moderate,Assault
Wexford/Maryvale (119),2021,Auto Theft,82,523,0.1568,1583.49,59.0,144,Moderate,Assault
Wexford/Maryvale (119),2021,Break and Enter,73,523,0.1396,1583.49,59.0,144,Moderate,Assault
Wexford/Maryvale (119),2021,NonMCI,134,523,0.2562,1583.49,59.0,144,Moderate,Assault
Wexford/Maryvale (119),2021,Robbery,21,523,0.0402,1583.49,59.0,144,Moderate,Assault
Wexford/Maryvale (119),2021,Theft Over,16,523,0.0306,1583.49,59.0,144,Moderate,Assault
Willowdale West (37),2021,Assault,73,214,0.3411,634.75,87.1,78,Very Safe,Assault
Willowdale West (37),2021,Auto Theft,28,214,0.1308,634.75,87.1,78,Very Safe,Assault
Willowdale West (37),2021,Break and Enter,15,214,0.0701,634.75,87.1,78,Very Safe,Assault
Willowdale West (37),2021,NonMCI,66,214,0.3084,634.75,87.1,78,Very Safe,Assault
Willowdale West (37),2021,Robbery,23,214,0.1075,634.75,87.1,78,Very Safe,Assault
Willowdale West (37),2021,Theft Over,9,214,0.0421,634.75,87.1,78,Very Safe,Assault
Willowridge-Martingrove-Richview (7),2021,Assault,54,196,0.2755,535.44,90.0,58,Very Safe,NonMCI
Willowridge-Martingrove-Richview (7),2021,Auto Theft,54,196,0.2755,535.44,90.0,58,Very Safe,NonMCI
Willowridge-Martingrove-Richview (7),2021,Break and Enter,22,196,0.1122,535.44,90.0,58,Very Safe,NonMCI
Willowridge-Martingrove-Richview (7),2021,NonMCI,57,196,0.2908,535.44,90.0,58,Very Safe,NonMCI
Willowridge-Martingrove-Richview (7),2021,Robbery,5,196,0.0255,535.44,90.0,58,Very Safe,NonMCI
Willowridge-Martingrove-Richview (7),2021,Theft Over,4,196,0.0204,535.44,90.0,58,Very Safe,NonMCI
Woburn North (142),2021,Assault,166,338,0.4911,1098.99,73.3,127,Safe,Assault
Woburn North (142),2021,Auto Theft,48,338,0.142,1098.99,73.3,127,Safe,Assault
Woburn North (142),2021,Break and Enter,29,338,0.0858,1098.99,73.3,127,Safe,Assault
Woburn North (142),2021,NonMCI,76,338,0.2249,1098.99,73.3,127,Safe,Assault
Woburn North (142),2021,Robbery,11,338,0.0325,1098.99,73.3,127,Safe,Assault
Woburn North (142),2021,Theft Over,8,338,0.0237,1098.99,73.3,127,Safe,Assault
Woodbine Corridor (64),2021,Assault,71,157,0.4522,514.07,90.6,53,Very Safe,Assault
Woodbine Corridor (64),2021,Auto Theft,11,157,0.0701,514.07,90.6,53,Very Safe,Assault
Woodbine Corridor (64),2021,Break and Enter,31,157,0.1975,514.07,90.6,53,Very Safe,Assault
Woodbine Corridor (64),2021,NonMCI,34,157,0.2166,514.07,90.6,53,Very Safe,Assault
Woodbine Corridor (64),2021,Robbery,8,157,0.051,514.07,90.6,53,Very Safe,Assault
Woodbine Corridor (64),2021,Theft Over,2,157,0.0127,514.07,90.6,53,Very Safe,Assault
Woodbine-Lumsden (60),2021,Assault,32,86,0.3721,248.77,98.5,6,Very Safe,Assault
Woodbine-Lumsden (60),2021,Auto Theft,9,86,0.1047,248.77,98.5,6,Very Safe,Assault
Woodbine-Lumsden (60),2021,Break and Enter,11,86,0.1279,248.77,98.5,6,Very Safe,Assault
Woodbine-Lumsden (60),2021,NonMCI,32,86,0.3721,248.77,98.5,6,Very Safe,Assault
Woodbine-Lumsden (60),2021,Robbery,2,86,0.0233,248.77,98.5,6,Very Safe,Assault
Woodbine-Lumsden (60),2021,Theft Over,0,86,0.0,248.77,98.5,6,Very Safe,Assault
Wychwood (94),2021,Assault,53,118,0.4492,398.85,94.0,29,Very Safe,Assault
Wychwood (94),2021,Auto Theft,14,118,0.1186,398.85,94.0,29,Very Safe,Assault
Wychwood (94),2021,Break and Enter,31,118,0.2627,398.85,94.0,29,Very Safe,Assault
Wychwood (94),2021,NonMCI,13,118,0.1102,398.85,94.0,29,Very Safe,Assault
Wychwood (94),2021,Robbery,5,118,0.0424,398.85,94.0,29,Very Safe,Assault
Wychwood (94),2021,Theft Over,2,118,0.0169,398.85,94.0,29,Very Safe,Assault
Yonge-Bay Corridor (170),2021,Assault,294,559,0.5259,2000.91,46.7,148,Moderate,Assault
Yonge-Bay Corridor (170),2021,Auto Theft,19,559,0.034,2000.91,46.7,148,Moderate,Assault
Yonge-Bay Corridor (170),2021,Break and Enter,114,559,0.2039,2000.91,46.7,148,Moderate,Assault
Yonge-Bay Corridor (170),2021,NonMCI,59,559,0.1055,2000.91,46.7,148,Moderate,Assault
Yonge-Bay Corridor (170),2021,Robbery,44,559,0.0787,2000.91,46.7,148,Moderate,Assault
Yonge-Bay Corridor (170),2021,Theft Over,29,559,0.0519,2000.91,46.7,148,Moderate,Assault
Yonge-Doris (151),2021,Assault,66,224,0.2946,637.89,87.0,79,Very Safe,NonMCI
Yonge-Doris (151),2021,Auto Theft,38,224,0.1696,637.89,87.0,79,Very Safe,NonMCI
Yonge-Doris (151),2021,Break and Enter,17,224,0.0759,637.89,87.0,79,Very Safe,NonMCI
Yonge-Doris (151),2021,NonMCI,71,224,0.317,637.89,87.0,79,Very Safe,NonMCI
Yonge-Doris (151),2021,Robbery,23,224,0.1027,637.89,87.0,79,Very Safe,NonMCI
Yonge-Doris (151),2021,Theft Over,9,224,0.0402,637.89,87.0,79,Very Safe,NonMCI
Yonge-Eglinton (100),2021,Assault,53,134,0.3955,428.0,93.2,38,Very Safe,Assault
Yonge-Eglinton (100),2021,Auto Theft,23,134,0.1716,428.0,93.2,38,Very Safe,Assault
Yonge-Eglinton (100),2021,Break and Enter,30,134,0.2239,428.0,93.2,38,Very Safe,Assault
Yonge-Eglinton (100),2021,NonMCI,21,134,0.1567,428.0,93.2,38,Very Safe,Assault
Yonge-Eglinton (100),2021,Robbery,4,134,0.0299,428.0,93.2,38,Very Safe,Assault
Yonge-Eglinton (100),2021,Theft Over,3,134,0.0224,428.0,93.2,38,Very Safe,Assault
Yonge-St.Clair (97),2021,Assault,43,116,0.3707,363.04,95.1,24,Very Safe,Assault
Yonge-St.Clair (97),2021,Auto Theft,13,116,0.1121,363.04,95.1,24,Very Safe,Assault
Yonge-St.Clair (97),2021,Break and Enter,30,116,0.2586,363.04,95.1,24,Very Safe,Assault
Yonge-St.Clair (97),2021,NonMCI,23,116,0.1983,363.04,95.1,24,Very Safe,Assault
Yonge-St.Clair (97),2021,Robbery,4,116,0.0345,363.04,95.1,24,Very Safe,Assault
Yonge-St.Clair (97),2021,Theft Over,3,116,0.0259,363.04,95.1,24,Very Safe,Assault
York University Heights (27),2021,Assault,304,813,0.3739,2465.17,32.9,155,Risky,Assault
York University Heights (27),2021,Auto Theft,148,813,0.182,2465.17,32.9,155,Risky,Assault
York University Heights (27),2021,Break and Enter,111,813,0.1365,2465.17,32.9,155,Risky,Assault
York University Heights (27),2021,NonMCI,190,813,0.2337,2465.17,32.9,155,Risky,Assault
York University Heights (27),2021,Robbery,33,813,0.0406,2465.17,32.9,155,Risky,Assault
York University Heights (27),2021,Theft Over,27,813,0.0332,2465.17,32.9,155,Risky,Assault
Yorkdale-Glen Park (31),2021,Assault,140,423,0.331,1240.01,69.2,132,Safe,Assault
Yorkdale-Glen Park (31),2021,Auto Theft,82,423,0.1939,1240.01,69.2,132,Safe,Assault
Yorkdale-Glen Park (31),2021,Break and Enter,61,423,0.1442,1240.01,69.2,132,Safe,Assault
Yorkdale-Glen Park (31),2021,NonMCI,106,423,0.2506,1240.01,69.2,132,Safe,Assault
Yorkdale-Glen Park (31),2021,Robbery,13,423,0.0307,1240.01,69.2,132,Safe,Assault
Yorkdale-Glen Park (31),2021,Theft Over,21,423,0.0496,1240.01,69.2,132,Safe,Assault
Agincourt North (129),2022,Assault,70,198,0.3535,640.43,90.8,50,Very Safe,Assault
Agincourt North (129),2022,Auto Theft,45,198,0.2273,640.43,90.8,50,Very Safe,Assault
Agincourt North (129),2022,Break and Enter,23,198,0.1162,640.43,90.8,50,Very Safe,Assault
Agincourt North (129),2022,NonMCI,46,198,0.2323,640.43,90.8,50,Very Safe,Assault
Agincourt North (129),2022,Robbery,11,198,0.0556,640.43,90.8,50,Very Safe,Assault
Agincourt North (129),2022,Theft Over,3,198,0.0152,640.43,90.8,50,Very Safe,Assault
Agincourt South-Malvern West (128),2022,Assault,158,395,0.4,1341.96,73.3,126,Safe,Assault
Agincourt South-Malvern West (128),2022,Auto Theft,72,395,0.1823,1341.96,73.3,126,Safe,Assault
Agincourt South-Malvern West (128),2022,Break and Enter,53,395,0.1342,1341.96,73.3,126,Safe,Assault
Agincourt South-Malvern West (128),2022,NonMCI,77,395,0.1949,1341.96,73.3,126,Safe,Assault
Agincourt South-Malvern West (128),2022,Robbery,24,395,0.0608,1341.96,73.3,126,Safe,Assault
Agincourt South-Malvern West (128),2022,Theft Over,11,395,0.0278,1341.96,73.3,126,Safe,Assault
Alderwood (20),2022,Assault,41,185,0.2216,560.43,92.7,41,Very Safe,Auto Theft
Alderwood (20),2022,Auto Theft,61,185,0.3297,560.43,92.7,41,Very Safe,Auto Theft
Alderwood (20),2022,Break and Enter,42,185,0.227,560.43,92.7,41,Very Safe,Auto Theft
Alderwood (20),2022,NonMCI,29,185,0.1568,560.43,92.7,41,Very Safe,Auto Theft
Alderwood (20),2022,Robbery,6,185,0.0324,560.43,92.7,41,Very Safe,Auto Theft
Alderwood (20),2022,Theft Over,6,185,0.0324,560.43,92.7,41,Very Safe,Auto Theft
Annex (95),2022,Assault,349,739,0.4723,2690.4,39.8,152,Risky,Assault
Annex (95),2022,Auto Theft,60,739,0.0812,2690.4,39.8,152,Risky,Assault
Annex (95),2022,Break and Enter,140,739,0.1894,2690.4,39.8,152,Risky,Assault
Annex (95),2022,NonMCI,109,739,0.1475,2690.4,39.8,152,Risky,Assault
Annex (95),2022,Robbery,41,739,0.0555,2690.4,39.8,152,Risky,Assault
Annex (95),2022,Theft Over,40,739,0.0541,2690.4,39.8,152,Risky,Assault
Avondale (153),2022,Assault,36,107,0.3364,322.58,98.7,5,Very Safe,Assault
Avondale (153),2022,Auto Theft,18,107,0.1682,322.58,98.7,5,Very Safe,Assault
Avondale (153),2022,Break and Enter,8,107,0.0748,322.58,98.7,5,Very Safe,Assault
Avondale (153),2022,NonMCI,35,107,0.3271,322.58,98.7,5,Very Safe,Assault
Avondale (153),2022,Robbery,1,107,0.0093,322.58,98.7,5,Very Safe,Assault
Avondale (153),2022,Theft Over,9,107,0.0841,322.58,98.7,5,Very Safe,Assault
Banbury-Don Mills (42),2022,Assault,109,284,0.3838,968.83,82.6,101,Very Safe,Assault
Banbury-Don Mills (42),2022,Auto Theft,50,284,0.1761,968.83,82.6,101,Very Safe,Assault
Banbury-Don Mills (42),2022,Break and Enter,49,284,0.1725,968.83,82.6,101,Very Safe,Assault
Banbury-Don Mills (42),2022,NonMCI,48,284,0.169,968.83,82.6,101,Very Safe,Assault
Banbury-Don Mills (42),2022,Robbery,17,284,0.0599,968.83,82.6,101,Very Safe,Assault
Banbury-Don Mills (42),2022,Theft Over,11,284,0.0387,968.83,82.6,101,Very Safe,Assault
Bathurst Manor (34),2022,Assault,53,263,0.2015,726.19,88.6,62,Very Safe,NonMCI
Bathurst Manor (34),2022,Auto Theft,70,263,0.2662,726.19,88.6,62,Very Safe,NonMCI
Bathurst Manor (34),2022,Break and Enter,24,263,0.0913,726.19,88.6,62,Very Safe,NonMCI
Bathurst Manor (34),2022,NonMCI,93,263,0.3536,726.19,88.6,62,Very Safe,NonMCI
Bathurst Manor (34),2022,Robbery,15,263,0.057,726.19,88.6,62,Very Safe,NonMCI
Bathurst Manor (34),2022,Theft Over,8,263,0.0304,726.19,88.6,62,Very Safe,NonMCI
Bay-Cloverhill (169),2022,Assault,107,214,0.5,806.36,86.6,79,Very Safe,Assault
Bay-Cloverhill (169),2022,Auto Theft,15,214,0.0701,806.36,86.6,79,Very Safe,Assault
Bay-Cloverhill (169),2022,Break and Enter,41,214,0.1916,806.36,86.6,79,Very Safe,Assault
Bay-Cloverhill (169),2022,NonMCI,26,214,0.1215,806.36,86.6,79,Very Safe,Assault
Bay-Cloverhill (169),2022,Robbery,17,214,0.0794,806.36,86.6,79,Very Safe,Assault
Bay-Cloverhill (169),2022,Theft Over,8,214,0.0374,806.36,86.6,79,Very Safe,Assault
Bayview Village (52),2022,Assault,112,271,0.4133,901.91,84.3,91,Very Safe,Assault
Bayview Village (52),2022,Auto Theft,48,271,0.1771,901.91,84.3,91,Very Safe,Assault
Bayview Village (52),2022,Break and Enter,30,271,0.1107,901.91,84.3,91,Very Safe,Assault
Bayview Village (52),2022,NonMCI,66,271,0.2435,901.91,84.3,91,Very Safe,Assault
Bayview Village (52),2022,Robbery,8,271,0.0295,901.91,84.3,91,Very Safe,Assault
Bayview Village (52),2022,Theft Over,7,271,0.0258,901.91,84.3,91,Very Safe,Assault
Bayview Woods-Steeles (49),2022,Assault,34,80,0.425,268.71,100.0,1,Very Safe,Assault
Bayview Woods-Steeles (49),2022,Auto Theft,14,80,0.175,268.71,100.0,1,Very Safe,Assault
Bayview Woods-Steeles (49),2022,Break and Enter,9,80,0.1125,268.71,100.0,1,Very Safe,Assault
Bayview Woods-Steeles (49),2022,NonMCI,18,80,0.225,268.71,100.0,1,Very Safe,Assault
Bayview Woods-Steeles (49),2022,Robbery,2,80,0.025,268.71,100.0,1,Very Safe,Assault
Bayview Woods-Steeles (49),2022,Theft Over,3,80,0.0375,268.71,100.0,1,Very Safe,Assault
Bedford Park-Nortown (39),2022,Assault,42,325,0.1292,903.97,84.2,93,Very Safe,Auto Theft
Bedford Park-Nortown (39),2022,Auto Theft,152,325,0.4677,903.97,84.2,93,Very Safe,Auto Theft
Bedford Park-Nortown (39),2022,Break and Enter,65,325,0.2,903.97,84.2,93,Very Safe,Auto Theft
Bedford Park-Nortown (39),2022,NonMCI,49,325,0.1508,903.97,84.2,93,Very Safe,Auto Theft
Bedford Park-Nortown (39),2022,Robbery,9,325,0.0277,903.97,84.2,93,Very Safe,Auto Theft
Bedford Park-Nortown (39),2022,Theft Over,8,325,0.0246,903.97,84.2,93,Very Safe,Auto Theft
Beechborough-Greenbrook (112),2022,Assault,62,124,0.5,438.42,95.8,19,Very Safe,Assault
Beechborough-Greenbrook (112),2022,Auto Theft,20,124,0.1613,438.42,95.8,19,Very Safe,Assault
Beechborough-Greenbrook (112),2022,Break and Enter,13,124,0.1048,438.42,95.8,19,Very Safe,Assault
Beechborough-Greenbrook (112),2022,NonMCI,25,124,0.2016,438.42,95.8,19,Very Safe,Assault
Beechborough-Greenbrook (112),2022,Robbery,2,124,0.0161,438.42,95.8,19,Very Safe,Assault
Beechborough-Greenbrook (112),2022,Theft Over,2,124,0.0161,438.42,95.8,19,Very Safe,Assault
Bendale South (157),2022,Assault,40,104,0.3846,336.77,98.3,6,Very Safe,Assault
Bendale South (157),2022,Auto Theft,21,104,0.2019,336.77,98.3,6,Very Safe,Assault
Bendale South (157),2022,Break and Enter,8,104,0.0769,336.77,98.3,6,Very Safe,Assault
Bendale South (157),2022,NonMCI,28,104,0.2692,336.77,98.3,6,Very Safe,Assault
Bendale South (157),2022,Robbery,5,104,0.0481,336.77,98.3,6,Very Safe,Assault
Bendale South (157),2022,Theft Over,2,104,0.0192,336.77,98.3,6,Very Safe,Assault
Bendale-Glen Andrew (156),2022,Assault,145,362,0.4006,1249.22,75.6,124,Safe,Assault
Bendale-Glen Andrew (156),2022,Auto Theft,72,362,0.1989,1249.22,75.6,124,Safe,Assault
Bendale-Glen Andrew (156),2022,Break and Enter,25,362,0.0691,1249.22,75.6,124,Safe,Assault
Bendale-Glen Andrew (156),2022,NonMCI,65,362,0.1796,1249.22,75.6,124,Safe,Assault
Bendale-Glen Andrew (156),2022,Robbery,42,362,0.116,1249.22,75.6,124,Safe,Assault
Bendale-Glen Andrew (156),2022,Theft Over,13,362,0.0359,1249.22,75.6,124,Safe,Assault
Birchcliffe-Cliffside (122),2022,Assault,153,318,0.4811,1118.9,78.9,120,Safe,Assault
Birchcliffe-Cliffside (122),2022,Auto Theft,44,318,0.1384,1118.9,78.9,120,Safe,Assault
Birchcliffe-Cliffside (122),2022,Break and Enter,31,318,0.0975,1118.9,78.9,120,Safe,Assault
Birchcliffe-Cliffside (122),2022,NonMCI,69,318,0.217,1118.9,78.9,120,Safe,Assault
Birchcliffe-Cliffside (122),2022,Robbery,14,318,0.044,1118.9,78.9,120,Safe,Assault
Birchcliffe-Cliffside (122),2022,Theft Over,7,318,0.022,1118.9,78.9,120,Safe,Assault
Black Creek (24),2022,Assault,231,399,0.5789,1532.38,68.6,132,Safe,Assault
Black Creek (24),2022,Auto Theft,72,399,0.1805,1532.38,68.6,132,Safe,Assault
Black Creek (24),2022,Break and Enter,33,399,0.0827,1532.38,68.6,132,Safe,Assault
Black Creek (24),2022,NonMCI,37,399,0.0927,1532.38,68.6,132,Safe,Assault
Black Creek (24),2022,Robbery,18,399,0.0451,1532.38,68.6,132,Safe,Assault
Black Creek (24),2022,Theft Over,8,399,0.0201,1532.38,68.6,132,Safe,Assault
Blake-Jones (69),2022,Assault,48,104,0.4615,384.27,97.1,13,Very Safe,Assault
Blake-Jones (69),2022,Auto Theft,8,104,0.0769,384.27,97.1,13,Very Safe,Assault
Blake-Jones (69),2022,Break and Enter,23,104,0.2212,384.27,97.1,13,Very Safe,Assault
Blake-Jones (69),2022,NonMCI,14,104,0.1346,384.27,97.1,13,Very Safe,Assault
Blake-Jones (69),2022,Robbery,9,104,0.0865,384.27,97.1,13,Very Safe,Assault
Blake-Jones (69),2022,Theft Over,2,104,0.0192,384.27,97.1,13,Very Safe,Assault
Briar Hill-Belgravia (108),2022,Assault,102,229,0.4454,805.34,86.7,78,Very Safe,Assault
Briar Hill-Belgravia (108),2022,Auto Theft,45,229,0.1965,805.34,86.7,78,Very Safe,Assault
Briar Hill-Belgravia (108),2022,Break and Enter,25,229,0.1092,805.34,86.7,78,Very Safe,Assault
Briar Hill-Belgravia (108),2022,NonMCI,36,229,0.1572,805.34,86.7,78,Very Safe,Assault
Briar Hill-Belgravia (108),2022,Robbery,14,229,0.0611,805.34,86.7,78,Very Safe,Assault
Briar Hill-Belgravia (108),2022,Theft Over,7,229,0.0306,805.34,86.7,78,Very Safe,Assault
Bridle Path-Sunnybrook-York Mills (41),2022,Assault,31,159,0.195,484.9,94.6,28,Very Safe,Auto Theft
Bridle Path-Sunnybrook-York Mills (41),2022,Auto Theft,57,159,0.3585,484.9,94.6,28,Very Safe,Auto Theft
Bridle Path-Sunnybrook-York Mills (41),2022,Break and Enter,47,159,0.2956,484.9,94.6,28,Very Safe,Auto Theft
Bridle Path-Sunnybrook-York Mills (41),2022,NonMCI,16,159,0.1006,484.9,94.6,28,Very Safe,Auto Theft
Bridle Path-Sunnybrook-York Mills (41),2022,Robbery,3,159,0.0189,484.9,94.6,28,Very Safe,Auto Theft
Bridle Path-Sunnybrook-York Mills (41),2022,Theft Over,5,159,0.0314,484.9,94.6,28,Very Safe,Auto Theft
Broadview North (57),2022,Assault,63,128,0.4922,448.63,95.5,20,Very Safe,Assault
Broadview North (57),2022,Auto Theft,12,128,0.0938,448.63,95.5,20,Very Safe,Assault
Broadview North (57),2022,Break and Enter,18,128,0.1406,448.63,95.5,20,Very Safe,Assault
Broadview North (57),2022,NonMCI,31,128,0.2422,448.63,95.5,20,Very Safe,Assault
Broadview North (57),2022,Robbery,2,128,0.0156,448.63,95.5,20,Very Safe,Assault
Broadview North (57),2022,Theft Over,2,128,0.0156,448.63,95.5,20,Very Safe,Assault
Brookhaven-Amesbury (30),2022,Assault,131,277,0.4729,972.29,82.5,102,Very Safe,Assault
Brookhaven-Amesbury (30),2022,Auto Theft,61,277,0.2202,972.29,82.5,102,Very Safe,Assault
Brookhaven-Amesbury (30),2022,Break and Enter,20,277,0.0722,972.29,82.5,102,Very Safe,Assault
Brookhaven-Amesbury (30),2022,NonMCI,47,277,0.1697,972.29,82.5,102,Very Safe,Assault
Brookhaven-Amesbury (30),2022,Robbery,10,277,0.0361,972.29,82.5,102,Very Safe,Assault
Brookhaven-Amesbury (30),2022,Theft Over,8,277,0.0289,972.29,82.5,102,Very Safe,Assault
Cabbagetown-South St.James Town (71),2022,Assault,121,282,0.4291,1005.2,81.7,106,Very Safe,Assault
Cabbagetown-South St.James Town (71),2022,Auto Theft,18,282,0.0638,1005.2,81.7,106,Very Safe,Assault
Cabbagetown-South St.James Town (71),2022,Break and Enter,64,282,0.227,1005.2,81.7,106,Very Safe,Assault
Cabbagetown-South St.James Town (71),2022,NonMCI,50,282,0.1773,1005.2,81.7,106,Very Safe,Assault
Cabbagetown-South St.James Town (71),2022,Robbery,20,282,0.0709,1005.2,81.7,106,Very Safe,Assault
Cabbagetown-South St.James Town (71),2022,Theft Over,9,282,0.0319,1005.2,81.7,106,Very Safe,Assault
Caledonia-Fairbank (109),2022,Assault,54,111,0.4865,383.71,97.1,13,Very Safe,Assault
Caledonia-Fairbank (109),2022,Auto Theft,24,111,0.2162,383.71,97.1,13,Very Safe,Assault
Caledonia-Fairbank (109),2022,Break and Enter,6,111,0.0541,383.71,97.1,13,Very Safe,Assault
Caledonia-Fairbank (109),2022,NonMCI,22,111,0.1982,383.71,97.1,13,Very Safe,Assault
Caledonia-Fairbank (109),2022,Robbery,3,111,0.027,383.71,97.1,13,Very Safe,Assault
Caledonia-Fairbank (109),2022,Theft Over,2,111,0.018,383.71,97.1,13,Very Safe,Assault
Casa Loma (96),2022,Assault,62,142,0.4366,498.85,94.3,29,Very Safe,Assault
Casa Loma (96),2022,Auto Theft,28,142,0.1972,498.85,94.3,29,Very Safe,Assault
Casa Loma (96),2022,Break and Enter,20,142,0.1408,498.85,94.3,29,Very Safe,Assault
Casa Loma (96),2022,NonMCI,21,142,0.1479,498.85,94.3,29,Very Safe,Assault
Casa Loma (96),2022,Robbery,7,142,0.0493,498.85,94.3,29,Very Safe,Assault
Casa Loma (96),2022,Theft Over,4,142,0.0282,498.85,94.3,29,Very Safe,Assault
Centennial Scarborough (133),2022,Assault,34,137,0.2482,381.18,97.2,12,Very Safe,NonMCI
Centennial Scarborough (133),2022,Auto Theft,24,137,0.1752,381.18,97.2,12,Very Safe,NonMCI
Centennial Scarborough (133),2022,Break and Enter,21,137,0.1533,381.18,97.2,12,Very Safe,NonMCI
Centennial Scarborough (133),2022,NonMCI,54,137,0.3942,381.18,97.2,12,Very Safe,NonMCI
Centennial Scarborough (133),2022,Robbery,0,137,0.0,381.18,97.2,12,Very Safe,NonMCI
Centennial Scarborough (133),2022,Theft Over,4,137,0.0292,381.18,97.2,12,Very Safe,NonMCI
Church-Wellesley (167),2022,Assault,342,545,0.6275,2208.49,51.8,148,Moderate,Assault
Church-Wellesley (167),2022,Auto Theft,15,545,0.0275,2208.49,51.8,148,Moderate,Assault
Church-Wellesley (167),2022,Break and Enter,78,545,0.1431,2208.49,51.8,148,Moderate,Assault
Church-Wellesley (167),2022,NonMCI,51,545,0.0936,2208.49,51.8,148,Moderate,Assault
Church-Wellesley (167),2022,Robbery,40,545,0.0734,2208.49,51.8,148,Moderate,Assault
Church-Wellesley (167),2022,Theft Over,19,545,0.0349,2208.49,51.8,148,Moderate,Assault
Clairlea-Birchmount (120),2022,Assault,222,508,0.437,1737.34,63.5,138,Safe,Assault
Clairlea-Birchmount (120),2022,Auto Theft,65,508,0.128,1737.34,63.5,138,Safe,Assault
Clairlea-Birchmount (120),2022,Break and Enter,75,508,0.1476,1737.34,63.5,138,Safe,Assault
Clairlea-Birchmount (120),2022,NonMCI,117,508,0.2303,1737.34,63.5,138,Safe,Assault
Clairlea-Birchmount (120),2022,Robbery,16,508,0.0315,1737.34,63.5,138,Safe,Assault
Clairlea-Birchmount (120),2022,Theft Over,13,508,0.0256,1737.34,63.5,138,Safe,Assault
Clanton Park (33),2022,Assault,108,352,0.3068,1103.22,79.3,117,Safe,Auto Theft
Clanton Park (33),2022,Auto Theft,124,352,0.3523,1103.22,79.3,117,Safe,Auto Theft
Clanton Park (33),2022,Break and Enter,40,352,0.1136,1103.22,79.3,117,Safe,Auto Theft
Clanton Park (33),2022,NonMCI,58,352,0.1648,1103.22,79.3,117,Safe,Auto Theft
Clanton Park (33),2022,Robbery,11,352,0.0312,1103.22,79.3,117,Safe,Auto Theft
Clanton Park (33),2022,Theft Over,11,352,0.0312,1103.22,79.3,117,Safe,Auto Theft
Cliffcrest (123),2022,Assault,114,265,0.4302,879.32,84.8,88,Very Safe,Assault
Cliffcrest (123),2022,Auto Theft,37,265,0.1396,879.32,84.8,88,Very Safe,Assault
Cliffcrest (123),2022,Break and Enter,20,265,0.0755,879.32,84.8,88,Very Safe,Assault
Cliffcrest (123),2022,NonMCI,78,265,0.2943,879.32,84.8,88,Very Safe,Assault
Cliffcrest (123),2022,Robbery,11,265,0.0415,879.32,84.8,88,Very Safe,Assault
Cliffcrest (123),2022,Theft Over,5,265,0.0189,879.32,84.8,88,Very Safe,Assault
Corso Italia-Davenport (92),2022,Assault,105,195,0.5385,739.06,88.3,66,Very Safe,Assault
Corso Italia-Davenport (92),2022,Auto Theft,33,195,0.1692,739.06,88.3,66,Very Safe,Assault
Corso Italia-Davenport (92),2022,Break and Enter,25,195,0.1282,739.06,88.3,66,Very Safe,Assault
Corso Italia-Davenport (92),2022,NonMCI,19,195,0.0974,739.06,88.3,66,Very Safe,Assault
Corso Italia-Davenport (92),2022,Robbery,10,195,0.0513,739.06,88.3,66,Very Safe,Assault
Corso Italia-Davenport (92),2022,Theft Over,3,195,0.0154,739.06,88.3,66,Very Safe,Assault
Danforth (66),2022,Assault,120,262,0.458,957.33,82.9,98,Very Safe,Assault
Danforth (66),2022,Auto Theft,24,262,0.0916,957.33,82.9,98,Very Safe,Assault
Danforth (66),2022,Break and Enter,58,262,0.2214,957.33,82.9,98,Very Safe,Assault
Danforth (66),2022,NonMCI,39,262,0.1489,957.33,82.9,98,Very Safe,Assault
Danforth (66),2022,Robbery,18,262,0.0687,957.33,82.9,98,Very Safe,Assault
Danforth (66),2022,Theft Over,3,262,0.0115,957.33,82.9,98,Very Safe,Assault
Danforth East York (59),2022,Assault,58,185,0.3135,570.56,92.5,43,Very Safe,Assault
Danforth East York (59),2022,Auto Theft,45,185,0.2432,570.56,92.5,43,Very Safe,Assault
Danforth East York (59),2022,Break and Enter,27,185,0.1459,570.56,92.5,43,Very Safe,Assault
Danforth East York (59),2022,NonMCI,48,185,0.2595,570.56,92.5,43,Very Safe,Assault
Danforth East York (59),2022,Robbery,4,185,0.0216,570.56,92.5,43,Very Safe,Assault
Danforth East York (59),2022,Theft Over,3,185,0.0162,570.56,92.5,43,Very Safe,Assault
Don Valley Village (47),2022,Assault,107,303,0.3531,973.88,82.5,102,Very Safe,Assault
Don Valley Village (47),2022,Auto Theft,59,303,0.1947,973.88,82.5,102,Very Safe,Assault
Don Valley Village (47),2022,Break and Enter,30,303,0.099,973.88,82.5,102,Very Safe,Assault
Don Valley Village (47),2022,NonMCI,77,303,0.2541,973.88,82.5,102,Very Safe,Assault
Don Valley Village (47),2022,Robbery,21,303,0.0693,973.88,82.5,102,Very Safe,Assault
Don Valley Village (47),2022,Theft Over,9,303,0.0297,973.88,82.5,102,Very Safe,Assault
Dorset Park (126),2022,Assault,185,429,0.4312,1501.56,69.4,131,Safe,Assault
Dorset Park (126),2022,Auto Theft,64,429,0.1492,1501.56,69.4,131,Safe,Assault
Dorset Park (126),2022,Break and Enter,71,429,0.1655,1501.56,69.4,131,Safe,Assault
Dorset Park (126),2022,NonMCI,76,429,0.1772,1501.56,69.4,131,Safe,Assault
Dorset Park (126),2022,Robbery,24,429,0.0559,1501.56,69.4,131,Safe,Assault
Dorset Park (126),2022,Theft Over,9,429,0.021,1501.56,69.4,131,Safe,Assault
Dovercourt Village (172),2022,Assault,97,203,0.4778,741.63,88.2,67,Very Safe,Assault
Dovercourt Village (172),2022,Auto Theft,25,203,0.1232,741.63,88.2,67,Very Safe,Assault
Dovercourt Village (172),2022,Break and Enter,34,203,0.1675,741.63,88.2,67,Very Safe,Assault
Dovercourt Village (172),2022,NonMCI,29,203,0.1429,741.63,88.2,67,Very Safe,Assault
Dovercourt Village (172),2022,Robbery,13,203,0.064,741.63,88.2,67,Very Safe,Assault
Dovercourt Village (172),2022,Theft Over,5,203,0.0246,741.63,88.2,67,Very Safe,Assault
Downsview (155),2022,Assault,124,357,0.3473,1152.3,78.0,122,Safe,Assault
Downsview (155),2022,Auto Theft,110,357,0.3081,1152.3,78.0,122,Safe,Assault
Downsview (155),2022,Break and Enter,31,357,0.0868,1152.3,78.0,122,Safe,Assault
Downsview (155),2022,NonMCI,62,357,0.1737,1152.3,78.0,122,Safe,Assault
Downsview (155),2022,Robbery,17,357,0.0476,1152.3,78.0,122,Safe,Assault
Downsview (155),2022,Theft Over,13,357,0.0364,1152.3,78.0,122,Safe,Assault
Downtown Yonge East (168),2022,Assault,491,807,0.6084,3242.32,26.1,156,Risky,Assault
Downtown Yonge East (168),2022,Auto Theft,42,807,0.052,3242.32,26.1,156,Risky,Assault
Downtown Yonge East (168),2022,Break and Enter,109,807,0.1351,3242.32,26.1,156,Risky,Assault
Downtown Yonge East (168),2022,NonMCI,76,807,0.0942,3242.32,26.1,156,Risky,Assault
Downtown Yonge East (168),2022,Robbery,70,807,0.0867,3242.32,26.1,156,Risky,Assault
Downtown Yonge East (168),2022,Theft Over,19,807,0.0235,3242.32,26.1,156,Risky,Assault
Dufferin Grove (83),2022,Assault,78,161,0.4845,601.64,91.7,45,Very Safe,Assault
Dufferin Grove (83),2022,Auto Theft,10,161,0.0621,601.64,91.7,45,Very Safe,Assault
Dufferin Grove (83),2022,Break and Enter,28,161,0.1739,601.64,91.7,45,Very Safe,Assault
Dufferin Grove (83),2022,NonMCI,22,161,0.1366,601.64,91.7,45,Very Safe,Assault
Dufferin Grove (83),2022,Robbery,16,161,0.0994,601.64,91.7,45,Very Safe,Assault
Dufferin Grove (83),2022,Theft Over,7,161,0.0435,601.64,91.7,45,Very Safe,Assault
East End-Danforth (62),2022,Assault,211,433,0.4873,1566.46,67.7,133,Safe,Assault
East End-Danforth (62),2022,Auto Theft,34,433,0.0785,1566.46,67.7,133,Safe,Assault
East End-Danforth (62),2022,Break and Enter,71,433,0.164,1566.46,67.7,133,Safe,Assault
East End-Danforth (62),2022,NonMCI,82,433,0.1894,1566.46,67.7,133,Safe,Assault
East End-Danforth (62),2022,Robbery,23,433,0.0531,1566.46,67.7,133,Safe,Assault
East End-Danforth (62),2022,Theft Over,12,433,0.0277,1566.46,67.7,133,Safe,Assault
East L'Amoreaux (148),2022,Assault,69,183,0.377,603.08,91.7,45,Very Safe,Assault
East L'Amoreaux (148),2022,Auto Theft,42,183,0.2295,603.08,91.7,45,Very Safe,Assault
East L'Amoreaux (148),2022,Break and Enter,23,183,0.1257,603.08,91.7,45,Very Safe,Assault
East L'Amoreaux (148),2022,NonMCI,34,183,0.1858,603.08,91.7,45,Very Safe,Assault
East L'Amoreaux (148),2022,Robbery,5,183,0.0273,603.08,91.7,45,Very Safe,Assault
East L'Amoreaux (148),2022,Theft Over,10,183,0.0546,603.08,91.7,45,Very Safe,Assault
East Willowdale (152),2022,Assault,57,220,0.2591,663.73,90.2,56,Very Safe,NonMCI
East Willowdale (152),2022,Auto Theft,40,220,0.1818,663.73,90.2,56,Very Safe,NonMCI
East Willowdale (152),2022,Break and Enter,38,220,0.1727,663.73,90.2,56,Very Safe,NonMCI
East Willowdale (152),2022,NonMCI,60,220,0.2727,663.73,90.2,56,Very Safe,NonMCI
East Willowdale (152),2022,Robbery,12,220,0.0545,663.73,90.2,56,Very Safe,NonMCI
East Willowdale (152),2022,Theft Over,13,220,0.0591,663.73,90.2,56,Very Safe,NonMCI
Edenbridge-Humber Valley (9),2022,Assault,27,174,0.1552,481.75,94.7,26,Very Safe,Auto Theft
Edenbridge-Humber Valley (9),2022,Auto Theft,71,174,0.408,481.75,94.7,26,Very Safe,Auto Theft
Edenbridge-Humber Valley (9),2022,Break and Enter,29,174,0.1667,481.75,94.7,26,Very Safe,Auto Theft
Edenbridge-Humber Valley (9),2022,NonMCI,36,174,0.2069,481.75,94.7,26,Very Safe,Auto Theft
Edenbridge-Humber Valley (9),2022,Robbery,3,174,0.0172,481.75,94.7,26,Very Safe,Auto Theft
Edenbridge-Humber Valley (9),2022,Theft Over,8,174,0.046,481.75,94.7,26,Very Safe,Auto Theft
Eglinton East (138),2022,Assault,162,369,0.439,1246.96,75.7,123,Safe,Assault
Eglinton East (138),2022,Auto Theft,40,369,0.1084,1246.96,75.7,123,Safe,Assault
Eglinton East (138),2022,Break and Enter,39,369,0.1057,1246.96,75.7,123,Safe,Assault
Eglinton East (138),2022,NonMCI,104,369,0.2818,1246.96,75.7,123,Safe,Assault
Eglinton East (138),2022,Robbery,16,369,0.0434,1246.96,75.7,123,Safe,Assault
Eglinton East (138),2022,Theft Over,8,369,0.0217,1246.96,75.7,123,Safe,Assault
Elms-Old Rexdale (5),2022,Assault,60,165,0.3636,532.37,93.4,34,Very Safe,Assault
Elms-Old Rexdale (5),2022,Auto Theft,58,165,0.3515,532.37,93.4,34,Very Safe,Assault
Elms-Old Rexdale (5),2022,Break and Enter,9,165,0.0545,532.37,93.4,34,Very Safe,Assault
Elms-Old Rexdale (5),2022,NonMCI,30,165,0.1818,532.37,93.4,34,Very Safe,Assault
Elms-Old Rexdale (5),2022,Robbery,8,165,0.0485,532.37,93.4,34,Very Safe,Assault
Elms-Old Rexdale (5),2022,Theft Over,0,165,0.0,532.37,93.4,34,Very Safe,Assault
Englemount-Lawrence (32),2022,Assault,81,212,0.3821,679.79,89.8,58,Very Safe,Assault
Englemount-Lawrence (32),2022,Auto Theft,56,212,0.2642,679.79,89.8,58,Very Safe,Assault
Englemount-Lawrence (32),2022,Break and Enter,15,212,0.0708,679.79,89.8,58,Very Safe,Assault
Englemount-Lawrence (32),2022,NonMCI,52,212,0.2453,679.79,89.8,58,Very Safe,Assault
Englemount-Lawrence (32),2022,Robbery,5,212,0.0236,679.79,89.8,58,Very Safe,Assault
Englemount-Lawrence (32),2022,Theft Over,3,212,0.0142,679.79,89.8,58,Very Safe,Assault
Eringate-Centennial-West Deane (11),2022,Assault,60,234,0.2564,688.58,89.6,59,Very Safe,Auto Theft
Eringate-Centennial-West Deane (11),2022,Auto Theft,86,234,0.3675,688.58,89.6,59,Very Safe,Auto Theft
Eringate-Centennial-West Deane (11),2022,Break and Enter,18,234,0.0769,688.58,89.6,59,Very Safe,Auto Theft
Eringate-Centennial-West Deane (11),2022,NonMCI,57,234,0.2436,688.58,89.6,59,Very Safe,Auto Theft
Eringate-Centennial-West Deane (11),2022,Robbery,10,234,0.0427,688.58,89.6,59,Very Safe,Auto Theft
Eringate-Centennial-West Deane (11),2022,Theft Over,3,234,0.0128,688.58,89.6,59,Very Safe,Auto Theft
Etobicoke City Centre (159),2022,Assault,196,706,0.2776,2135.1,53.6,146,Moderate,Assault
Etobicoke City Centre (159),2022,Auto Theft,163,706,0.2309,2135.1,53.6,146,Moderate,Assault
Etobicoke City Centre (159),2022,Break and Enter,86,706,0.1218,2135.1,53.6,146,Moderate,Assault
Etobicoke City Centre (159),2022,NonMCI,181,706,0.2564,2135.1,53.6,146,Moderate,Assault
Etobicoke City Centre (159),2022,Robbery,38,706,0.0538,2135.1,53.6,146,Moderate,Assault
Etobicoke City Centre (159),2022,Theft Over,42,706,0.0595,2135.1,53.6,146,Moderate,Assault
Etobicoke West Mall (13),2022,Assault,57,170,0.3353,523.53,93.7,31,Very Safe,Assault
Etobicoke West Mall (13),2022,Auto Theft,33,170,0.1941,523.53,93.7,31,Very Safe,Assault
Etobicoke West Mall (13),2022,Break and Enter,21,170,0.1235,523.53,93.7,31,Very Safe,Assault
Etobicoke West Mall (13),2022,NonMCI,50,170,0.2941,523.53,93.7,31,Very Safe,Assault
Etobicoke West Mall (13),2022,Robbery,4,170,0.0235,523.53,93.7,31,Very Safe,Assault
Etobicoke West Mall (13),2022,Theft Over,5,170,0.0294,523.53,93.7,31,Very Safe,Assault
Fenside-Parkwoods (150),2022,Assault,100,215,0.4651,727.69,88.6,62,Very Safe,Assault
Fenside-Parkwoods (150),2022,Auto Theft,32,215,0.1488,727.69,88.6,62,Very Safe,Assault
Fenside-Parkwoods (150),2022,Break and Enter,11,215,0.0512,727.69,88.6,62,Very Safe,Assault
Fenside-Parkwoods (150),2022,NonMCI,62,215,0.2884,727.69,88.6,62,Very Safe,Assault
Fenside-Parkwoods (150),2022,Robbery,9,215,0.0419,727.69,88.6,62,Very Safe,Assault
Fenside-Parkwoods (150),2022,Theft Over,1,215,0.0047,727.69,88.6,62,Very Safe,Assault
Flemingdon Park (44),2022,Assault,119,196,0.6071,762.46,87.7,71,Very Safe,Assault
Flemingdon Park (44),2022,Auto Theft,18,196,0.0918,762.46,87.7,71,Very Safe,Assault
Flemingdon Park (44),2022,Break and Enter,22,196,0.1122,762.46,87.7,71,Very Safe,Assault
Flemingdon Park (44),2022,NonMCI,27,196,0.1378,762.46,87.7,71,Very Safe,Assault
Flemingdon Park (44),2022,Robbery,9,196,0.0459,762.46,87.7,71,Very Safe,Assault
Flemingdon Park (44),2022,Theft Over,1,196,0.0051,762.46,87.7,71,Very Safe,Assault
Forest Hill North (102),2022,Assault,51,123,0.4146,430.16,96.0,18,Very Safe,Assault
Forest Hill North (102),2022,Auto Theft,35,123,0.2846,430.16,96.0,18,Very Safe,Assault
Forest Hill North (102),2022,Break and Enter,17,123,0.1382,430.16,96.0,18,Very Safe,Assault
Forest Hill North (102),2022,NonMCI,11,123,0.0894,430.16,96.0,18,Very Safe,Assault
Forest Hill North (102),2022,Robbery,5,123,0.0407,430.16,96.0,18,Very Safe,Assault
Forest Hill North (102),2022,Theft Over,4,123,0.0325,430.16,96.0,18,Very Safe,Assault
Forest Hill South (101),2022,Assault,27,163,0.1656,455.13,95.4,22,Very Safe,Auto Theft
Forest Hill South (101),2022,Auto Theft,74,163,0.454,455.13,95.4,22,Very Safe,Auto Theft
Forest Hill South (101),2022,Break and Enter,26,163,0.1595,455.13,95.4,22,Very Safe,Auto Theft
Forest Hill South (101),2022,NonMCI,26,163,0.1595,455.13,95.4,22,Very Safe,Auto Theft
Forest Hill South (101),2022,Robbery,0,163,0.0,455.13,95.4,22,Very Safe,Auto Theft
Forest Hill South (101),2022,Theft Over,10,163,0.0613,455.13,95.4,22,Very Safe,Auto Theft
Fort York-Liberty Village (163),2022,Assault,155,248,0.625,971.55,82.5,102,Very Safe,Assault
Fort York-Liberty Village (163),2022,Auto Theft,18,248,0.0726,971.55,82.5,102,Very Safe,Assault
Fort York-Liberty Village (163),2022,Break and Enter,27,248,0.1089,971.55,82.5,102,Very Safe,Assault
Fort York-Liberty Village (163),2022,NonMCI,28,248,0.1129,971.55,82.5,102,Very Safe,Assault
Fort York-Liberty Village (163),2022,Robbery,7,248,0.0282,971.55,82.5,102,Very Safe,Assault
Fort York-Liberty Village (163),2022,Theft Over,13,248,0.0524,971.55,82.5,102,Very Safe,Assault
Glenfield-Jane Heights (25),2022,Assault,264,559,0.4723,1973.45,57.6,144,Moderate,Assault
Glenfield-Jane Heights (25),2022,Auto Theft,144,559,0.2576,1973.45,57.6,144,Moderate,Assault
Glenfield-Jane Heights (25),2022,Break and Enter,34,559,0.0608,1973.45,57.6,144,Moderate,Assault
Glenfield-Jane Heights (25),2022,NonMCI,80,559,0.1431,1973.45,57.6,144,Moderate,Assault
Glenfield-Jane Heights (25),2022,Robbery,25,559,0.0447,1973.45,57.6,144,Moderate,Assault
Glenfield-Jane Heights (25),2022,Theft Over,12,559,0.0215,1973.45,57.6,144,Moderate,Assault
Golfdale-Cedarbrae-Woburn (141),2022,Assault,173,402,0.4303,1332.88,73.5,125,Safe,Assault
Golfdale-Cedarbrae-Woburn (141),2022,Auto Theft,72,402,0.1791,1332.88,73.5,125,Safe,Assault
Golfdale-Cedarbrae-Woburn (141),2022,Break and Enter,28,402,0.0697,1332.88,73.5,125,Safe,Assault
Golfdale-Cedarbrae-Woburn (141),2022,NonMCI,108,402,0.2687,1332.88,73.5,125,Safe,Assault
Golfdale-Cedarbrae-Woburn (141),2022,Robbery,15,402,0.0373,1332.88,73.5,125,Safe,Assault
Golfdale-Cedarbrae-Woburn (141),2022,Theft Over,6,402,0.0149,1332.88,73.5,125,Safe,Assault
Greenwood-Coxwell (65),2022,Assault,110,237,0.4641,859.55,85.3,85,Very Safe,Assault
Greenwood-Coxwell (65),2022,Auto Theft,22,237,0.0928,859.55,85.3,85,Very Safe,Assault
Greenwood-Coxwell (65),2022,Break and Enter,37,237,0.1561,859.55,85.3,85,Very Safe,Assault
Greenwood-Coxwell (65),2022,NonMCI,41,237,0.173,859.55,85.3,85,Very Safe,Assault
Greenwood-Coxwell (65),2022,Robbery,21,237,0.0886,859.55,85.3,85,Very Safe,Assault
Greenwood-Coxwell (65),2022,Theft Over,6,237,0.0253,859.55,85.3,85,Very Safe,Assault
Guildwood (140),2022,Assault,34,103,0.3301,302.38,99.2,4,Very Safe,NonMCI
Guildwood (140),2022,Auto Theft,7,103,0.068,302.38,99.2,4,Very Safe,NonMCI
Guildwood (140),2022,Break and Enter,5,103,0.0485,302.38,99.2,4,Very Safe,NonMCI
Guildwood (140),2022,NonMCI,49,103,0.4757,302.38,99.2,4,Very Safe,NonMCI
Guildwood (140),2022,Robbery,6,103,0.0583,302.38,99.2,4,Very Safe,NonMCI
Guildwood (140),2022,Theft Over,2,103,0.0194,302.38,99.2,4,Very Safe,NonMCI
Harbourfront-CityPlace (165),2022,Assault,251,428,0.5864,1671.01,65.1,137,Safe,Assault
Harbourfront-CityPlace (165),2022,Auto Theft,26,428,0.0607,1671.01,65.1,137,Safe,Assault
Harbourfront-CityPlace (165),2022,Break and Enter,57,428,0.1332,1671.01,65.1,137,Safe,Assault
Harbourfront-CityPlace (165),2022,NonMCI,53,428,0.1238,1671.01,65.1,137,Safe,Assault
Harbourfront-CityPlace (165),2022,Robbery,28,428,0.0654,1671.01,65.1,137,Safe,Assault
Harbourfront-CityPlace (165),2022,Theft Over,13,428,0.0304,1671.01,65.1,137,Safe,Assault
Henry Farm (53),2022,Assault,90,252,0.3571,792.98,87.0,74,Very Safe,Assault
Henry Farm (53),2022,Auto Theft,29,252,0.1151,792.98,87.0,74,Very Safe,Assault
Henry Farm (53),2022,Break and Enter,35,252,0.1389,792.98,87.0,74,Very Safe,Assault
Henry Farm (53),2022,NonMCI,80,252,0.3175,792.98,87.0,74,Very Safe,Assault
Henry Farm (53),2022,Robbery,8,252,0.0317,792.98,87.0,74,Very Safe,Assault
Henry Farm (53),2022,Theft Over,10,252,0.0397,792.98,87.0,74,Very Safe,Assault
High Park North (88),2022,Assault,131,277,0.4729,983.78,82.2,105,Very Safe,Assault
High Park North (88),2022,Auto Theft,36,277,0.13,983.78,82.2,105,Very Safe,Assault
High Park North (88),2022,Break and Enter,34,277,0.1227,983.78,82.2,105,Very Safe,Assault
High Park North (88),2022,NonMCI,53,277,0.1913,983.78,82.2,105,Very Safe,Assault
High Park North (88),2022,Robbery,16,277,0.0578,983.78,82.2,105,Very Safe,Assault
High Park North (88),2022,Theft Over,7,277,0.0253,983.78,82.2,105,Very Safe,Assault
High Park-Swansea (87),2022,Assault,88,256,0.3438,846.21,85.6,84,Very Safe,Assault
High Park-Swansea (87),2022,Auto Theft,64,256,0.25,846.21,85.6,84,Very Safe,Assault
High Park-Swansea (87),2022,Break and Enter,50,256,0.1953,846.21,85.6,84,Very Safe,Assault
High Park-Swansea (87),2022,NonMCI,39,256,0.1523,846.21,85.6,84,Very Safe,Assault
High Park-Swansea (87),2022,Robbery,10,256,0.0391,846.21,85.6,84,Very Safe,Assault
High Park-Swansea (87),2022,Theft Over,5,256,0.0195,846.21,85.6,84,Very Safe,Assault
Highland Creek (134),2022,Assault,43,133,0.3233,408.1,96.5,17,Very Safe,Assault
Highland Creek (134),2022,Auto Theft,38,133,0.2857,408.1,96.5,17,Very Safe,Assault
Highland Creek (134),2022,Break and Enter,14,133,0.1053,408.1,96.5,17,Very Safe,Assault
Highland Creek (134),2022,NonMCI,35,133,0.2632,408.1,96.5,17,Very Safe,Assault
Highland Creek (134),2022,Robbery,2,133,0.015,408.1,96.5,17,Very Safe,Assault
Highland Creek (134),2022,Theft Over,1,133,0.0075,408.1,96.5,17,Very Safe,Assault
Hillcrest Village (48),2022,Assault,41,146,0.2808,455.79,95.3,23,Very Safe,NonMCI
Hillcrest Village (48),2022,Auto Theft,14,146,0.0959,455.79,95.3,23,Very Safe,NonMCI
Hillcrest Village (48),2022,Break and Enter,29,146,0.1986,455.79,95.3,23,Very Safe,NonMCI
Hillcrest Village (48),2022,NonMCI,44,146,0.3014,455.79,95.3,23,Very Safe,NonMCI
Hillcrest Village (48),2022,Robbery,14,146,0.0959,455.79,95.3,23,Very Safe,NonMCI
Hillcrest Village (48),2022,Theft Over,4,146,0.0274,455.79,95.3,23,Very Safe,NonMCI
Humber Bay Shores (161),2022,Assault,122,280,0.4357,944.78,83.2,96,Very Safe,Assault
Humber Bay Shores (161),2022,Auto Theft,52,280,0.1857,944.78,83.2,96,Very Safe,Assault
Humber Bay Shores (161),2022,Break and Enter,27,280,0.0964,944.78,83.2,96,Very Safe,Assault
Humber Bay Shores (161),2022,NonMCI,59,280,0.2107,944.78,83.2,96,Very Safe,Assault
Humber Bay Shores (161),2022,Robbery,6,280,0.0214,944.78,83.2,96,Very Safe,Assault
Humber Bay Shores (161),2022,Theft Over,14,280,0.05,944.78,83.2,96,Very Safe,Assault
Humber Heights-Westmount (8),2022,Assault,29,91,0.3187,289.96,99.5,2,Very Safe,Assault
Humber Heights-Westmount (8),2022,Auto Theft,27,91,0.2967,289.96,99.5,2,Very Safe,Assault
Humber Heights-Westmount (8),2022,Break and Enter,10,91,0.1099,289.96,99.5,2,Very Safe,Assault
Humber Heights-Westmount (8),2022,NonMCI,18,91,0.1978,289.96,99.5,2,Very Safe,Assault
Humber Heights-Westmount (8),2022,Robbery,6,91,0.0659,289.96,99.5,2,Very Safe,Assault
Humber Heights-Westmount (8),2022,Theft Over,1,91,0.011,289.96,99.5,2,Very Safe,Assault
Humber Summit (21),2022,Assault,132,463,0.2851,1452.49,70.6,129,Safe,Auto Theft
Humber Summit (21),2022,Auto Theft,151,463,0.3261,1452.49,70.6,129,Safe,Auto Theft
Humber Summit (21),2022,Break and Enter,54,463,0.1166,1452.49,70.6,129,Safe,Auto Theft
Humber Summit (21),2022,NonMCI,73,463,0.1577,1452.49,70.6,129,Safe,Auto Theft
Humber Summit (21),2022,Robbery,29,463,0.0626,1452.49,70.6,129,Safe,Auto Theft
Humber Summit (21),2022,Theft Over,24,463,0.0518,1452.49,70.6,129,Safe,Auto Theft
Humbermede (22),2022,Assault,99,313,0.3163,1024.74,81.2,109,Very Safe,Assault
Humbermede (22),2022,Auto Theft,99,313,0.3163,1024.74,81.2,109,Very Safe,Assault
Humbermede (22),2022,Break and Enter,32,313,0.1022,1024.74,81.2,109,Very Safe,Assault
Humbermede (22),2022,NonMCI,44,313,0.1406,1024.74,81.2,109,Very Safe,Assault
Humbermede (22),2022,Robbery,30,313,0.0958,1024.74,81.2,109,Very Safe,Assault
Humbermede (22),2022,Theft Over,9,313,0.0288,1024.74,81.2,109,Very Safe,Assault
Humewood-Cedarvale (106),2022,Assault,36,165,0.2182,482.68,94.7,26,Very Safe,Auto Theft
Humewood-Cedarvale (106),2022,Auto Theft,55,165,0.3333,482.68,94.7,26,Very Safe,Auto Theft
Humewood-Cedarvale (106),2022,Break and Enter,30,165,0.1818,482.68,94.7,26,Very Safe,Auto Theft
Humewood-Cedarvale (106),2022,NonMCI,37,165,0.2242,482.68,94.7,26,Very Safe,Auto Theft
Humewood-Cedarvale (106),2022,Robbery,5,165,0.0303,482.68,94.7,26,Very Safe,Auto Theft
Humewood-Cedarvale (106),2022,Theft Over,2,165,0.0121,482.68,94.7,26,Very Safe,Auto Theft
Ionview (125),2022,Assault,74,150,0.4933,523.7,93.7,31,Very Safe,Assault
Ionview (125),2022,Auto Theft,10,150,0.0667,523.7,93.7,31,Very Safe,Assault
Ionview (125),2022,Break and Enter,13,150,0.0867,523.7,93.7,31,Very Safe,Assault
Ionview (125),2022,NonMCI,43,150,0.2867,523.7,93.7,31,Very Safe,Assault
Ionview (125),2022,Robbery,8,150,0.0533,523.7,93.7,31,Very Safe,Assault
Ionview (125),2022,Theft Over,2,150,0.0133,523.7,93.7,31,Very Safe,Assault
Islington (158),2022,Assault,86,311,0.2765,962.72,82.7,100,Very Safe,Assault
Islington (158),2022,Auto Theft,85,311,0.2733,962.72,82.7,100,Very Safe,Assault
Islington (158),2022,Break and Enter,45,311,0.1447,962.72,82.7,100,Very Safe,Assault
Islington (158),2022,NonMCI,67,311,0.2154,962.72,82.7,100,Very Safe,Assault
Islington (158),2022,Robbery,19,311,0.0611,962.72,82.7,100,Very Safe,Assault
Islington (158),2022,Theft Over,9,311,0.0289,962.72,82.7,100,Very Safe,Assault
Junction Area (90),2022,Assault,106,272,0.3897,940.45,83.3,95,Very Safe,Assault
Junction Area (90),2022,Auto Theft,41,272,0.1507,940.45,83.3,95,Very Safe,Assault
Junction Area (90),2022,Break and Enter,57,272,0.2096,940.45,83.3,95,Very Safe,Assault
Junction Area (90),2022,NonMCI,41,272,0.1507,940.45,83.3,95,Very Safe,Assault
Junction Area (90),2022,Robbery,16,272,0.0588,940.45,83.3,95,Very Safe,Assault
Junction Area (90),2022,Theft Over,11,272,0.0404,940.45,83.3,95,Very Safe,Assault
Junction-Wallace Emerson (171),2022,Assault,129,309,0.4175,1075.2,80.0,114,Safe,Assault
Junction-Wallace Emerson (171),2022,Auto Theft,41,309,0.1327,1075.2,80.0,114,Safe,Assault
Junction-Wallace Emerson (171),2022,Break and Enter,56,309,0.1812,1075.2,80.0,114,Safe,Assault
Junction-Wallace Emerson (171),2022,NonMCI,58,309,0.1877,1075.2,80.0,114,Safe,Assault
Junction-Wallace Emerson (171),2022,Robbery,18,309,0.0583,1075.2,80.0,114,Safe,Assault
Junction-Wallace Emerson (171),2022,Theft Over,7,309,0.0227,1075.2,80.0,114,Safe,Assault
Keelesdale-Eglinton West (110),2022,Assault,89,174,0.5115,633.23,90.9,48,Very Safe,Assault
Keelesdale-Eglinton West (110),2022,Auto Theft,25,174,0.1437,633.23,90.9,48,Very Safe,Assault
Keelesdale-Eglinton West (110),2022,Break and Enter,17,174,0.0977,633.23,90.9,48,Very Safe,Assault
Keelesdale-Eglinton West (110),2022,NonMCI,33,174,0.1897,633.23,90.9,48,Very Safe,Assault
Keelesdale-Eglinton West (110),2022,Robbery,10,174,0.0575,633.23,90.9,48,Very Safe,Assault
Keelesdale-Eglinton West (110),2022,Theft Over,0,174,0.0,633.23,90.9,48,Very Safe,Assault
Kennedy Park (124),2022,Assault,208,414,0.5024,1487.49,69.7,130,Safe,Assault
Kennedy Park (124),2022,Auto Theft,40,414,0.0966,1487.49,69.7,130,Safe,Assault
Kennedy Park (124),2022,Break and Enter,44,414,0.1063,1487.49,69.7,130,Safe,Assault
Kennedy Park (124),2022,NonMCI,92,414,0.2222,1487.49,69.7,130,Safe,Assault
Kennedy Park (124),2022,Robbery,25,414,0.0604,1487.49,69.7,130,Safe,Assault
Kennedy Park (124),2022,Theft Over,5,414,0.0121,1487.49,69.7,130,Safe,Assault
Kensington-Chinatown (78),2022,Assault,365,660,0.553,2523.73,43.9,151,Moderate,Assault
Kensington-Chinatown (78),2022,Auto Theft,36,660,0.0545,2523.73,43.9,151,Moderate,Assault
Kensington-Chinatown (78),2022,Break and Enter,99,660,0.15,2523.73,43.9,151,Moderate,Assault
Kensington-Chinatown (78),2022,NonMCI,95,660,0.1439,2523.73,43.9,151,Moderate,Assault
Kensington-Chinatown (78),2022,Robbery,45,660,0.0682,2523.73,43.9,151,Moderate,Assault
Kensington-Chinatown (78),2022,Theft Over,20,660,0.0303,2523.73,43.9,151,Moderate,Assault
Kingsview Village-The Westway (6),2022,Assault,136,336,0.4048,1099.72,79.3,117,Safe,Assault
Kingsview Village-The Westway (6),2022,Auto Theft,100,336,0.2976,1099.72,79.3,117,Safe,Assault
Kingsview Village-The Westway (6),2022,Break and Enter,15,336,0.0446,1099.72,79.3,117,Safe,Assault
Kingsview Village-The Westway (6),2022,NonMCI,69,336,0.2054,1099.72,79.3,117,Safe,Assault
Kingsview Village-The Westway (6),2022,Robbery,9,336,0.0268,1099.72,79.3,117,Safe,Assault
Kingsview Village-The Westway (6),2022,Theft Over,7,336,0.0208,1099.72,79.3,117,Safe,Assault
Kingsway South (15),2022,Assault,22,121,0.1818,348.02,98.0,7,Very Safe,Auto Theft
Kingsway South (15),2022,Auto Theft,56,121,0.4628,348.02,98.0,7,Very Safe,Auto Theft
Kingsway South (15),2022,Break and Enter,13,121,0.1074,348.02,98.0,7,Very Safe,Auto Theft
Kingsway South (15),2022,NonMCI,21,121,0.1736,348.02,98.0,7,Very Safe,Auto Theft
Kingsway South (15),2022,Robbery,7,121,0.0579,348.02,98.0,7,Very Safe,Auto Theft
Kingsway South (15),2022,Theft Over,2,121,0.0165,348.02,98.0,7,Very Safe,Auto Theft
L'Amoreaux West (147),2022,Assault,89,198,0.4495,675.07,89.9,57,Very Safe,Assault
L'Amoreaux West (147),2022,Auto Theft,28,198,0.1414,675.07,89.9,57,Very Safe,Assault
L'Amoreaux West (147),2022,Break and Enter,17,198,0.0859,675.07,89.9,57,Very Safe,Assault
L'Amoreaux West (147),2022,NonMCI,49,198,0.2475,675.07,89.9,57,Very Safe,Assault
L'Amoreaux West (147),2022,Robbery,10,198,0.0505,675.07,89.9,57,Very Safe,Assault
L'Amoreaux West (147),2022,Theft Over,5,198,0.0253,675.07,89.9,57,Very Safe,Assault
Lambton Baby Point (114),2022,Assault,53,95,0.5579,359.48,97.7,10,Very Safe,Assault
Lambton Baby Point (114),2022,Auto Theft,22,95,0.2316,359.48,97.7,10,Very Safe,Assault
Lambton Baby Point (114),2022,Break and Enter,11,95,0.1158,359.48,97.7,10,Very Safe,Assault
Lambton Baby Point (114),2022,NonMCI,7,95,0.0737,359.48,97.7,10,Very Safe,Assault
Lambton Baby Point (114),2022,Robbery,1,95,0.0105,359.48,97.7,10,Very Safe,Assault
Lambton Baby Point (114),2022,Theft Over,1,95,0.0105,359.48,97.7,10,Very Safe,Assault
Lansing-Westgate (38),2022,Assault,66,236,0.2797,730.69,88.5,64,Very Safe,Assault
Lansing-Westgate (38),2022,Auto Theft,63,236,0.2669,730.69,88.5,64,Very Safe,Assault
Lansing-Westgate (38),2022,Break and Enter,36,236,0.1525,730.69,88.5,64,Very Safe,Assault
Lansing-Westgate (38),2022,NonMCI,49,236,0.2076,730.69,88.5,64,Very Safe,Assault
Lansing-Westgate (38),2022,Robbery,11,236,0.0466,730.69,88.5,64,Very Safe,Assault
Lansing-Westgate (38),2022,Theft Over,11,236,0.0466,730.69,88.5,64,Very Safe,Assault
Lawrence Park North (105),2022,Assault,34,171,0.1988,498.3,94.3,29,Very Safe,Auto Theft
Lawrence Park North (105),2022,Auto Theft,76,171,0.4444,498.3,94.3,29,Very Safe,Auto Theft
Lawrence Park North (105),2022,Break and Enter,28,171,0.1637,498.3,94.3,29,Very Safe,Auto Theft
Lawrence Park North (105),2022,NonMCI,27,171,0.1579,498.3,94.3,29,Very Safe,Auto Theft
Lawrence Park North (105),2022,Robbery,4,171,0.0234,498.3,94.3,29,Very Safe,Auto Theft
Lawrence Park North (105),2022,Theft Over,2,171,0.0117,498.3,94.3,29,Very Safe,Auto Theft
Lawrence Park South (103),2022,Assault,25,201,0.1244,550.43,93.0,37,Very Safe,Auto Theft
Lawrence Park South (103),2022,Auto Theft,91,201,0.4527,550.43,93.0,37,Very Safe,Auto Theft
Lawrence Park South (103),2022,Break and Enter,35,201,0.1741,550.43,93.0,37,Very Safe,Auto Theft
Lawrence Park South (103),2022,NonMCI,38,201,0.1891,550.43,93.0,37,Very Safe,Auto Theft
Lawrence Park South (103),2022,Robbery,7,201,0.0348,550.43,93.0,37,Very Safe,Auto Theft
Lawrence Park South (103),2022,Theft Over,5,201,0.0249,550.43,93.0,37,Very Safe,Auto Theft
Leaside-Bennington (56),2022,Assault,29,209,0.1388,558.01,92.8,39,Very Safe,Auto Theft
Leaside-Bennington (56),2022,Auto Theft,70,209,0.3349,558.01,92.8,39,Very Safe,Auto Theft
Leaside-Bennington (56),2022,Break and Enter,41,209,0.1962,558.01,92.8,39,Very Safe,Auto Theft
Leaside-Bennington (56),2022,NonMCI,62,209,0.2967,558.01,92.8,39,Very Safe,Auto Theft
Leaside-Bennington (56),2022,Robbery,4,209,0.0191,558.01,92.8,39,Very Safe,Auto Theft
Leaside-Bennington (56),2022,Theft Over,3,209,0.0144,558.01,92.8,39,Very Safe,Auto Theft
Little Portugal (84),2022,Assault,98,201,0.4876,734.1,88.4,65,Very Safe,Assault
Little Portugal (84),2022,Auto Theft,24,201,0.1194,734.1,88.4,65,Very Safe,Assault
Little Portugal (84),2022,Break and Enter,31,201,0.1542,734.1,88.4,65,Very Safe,Assault
Little Portugal (84),2022,NonMCI,31,201,0.1542,734.1,88.4,65,Very Safe,Assault
Little Portugal (84),2022,Robbery,12,201,0.0597,734.1,88.4,65,Very Safe,Assault
Little Portugal (84),2022,Theft Over,5,201,0.0249,734.1,88.4,65,Very Safe,Assault
Long Branch (19),2022,Assault,83,187,0.4439,658.71,90.3,55,Very Safe,Assault
Long Branch (19),2022,Auto Theft,31,187,0.1658,658.71,90.3,55,Very Safe,Assault
Long Branch (19),2022,Break and Enter,33,187,0.1765,658.71,90.3,55,Very Safe,Assault
Long Branch (19),2022,NonMCI,29,187,0.1551,658.71,90.3,55,Very Safe,Assault
Long Branch (19),2022,Robbery,6,187,0.0321,658.71,90.3,55,Very Safe,Assault
Long Branch (19),2022,Theft Over,5,187,0.0267,658.71,90.3,55,Very Safe,Assault
Malvern East (146),2022,Assault,113,263,0.4297,882.15,84.8,88,Very Safe,Assault
Malvern East (146),2022,Auto Theft,41,263,0.1559,882.15,84.8,88,Very Safe,Assault
Malvern East (146),2022,Break and Enter,16,263,0.0608,882.15,84.8,88,Very Safe,Assault
Malvern East (146),2022,NonMCI,70,263,0.2662,882.15,84.8,88,Very Safe,Assault
Malvern East (146),2022,Robbery,16,263,0.0608,882.15,84.8,88,Very Safe,Assault
Malvern East (146),2022,Theft Over,7,263,0.0266,882.15,84.8,88,Very Safe,Assault
Malvern West (145),2022,Assault,81,184,0.4402,631.07,91.0,47,Very Safe,Assault
Malvern West (145),2022,Auto Theft,51,184,0.2772,631.07,91.0,47,Very Safe,Assault
Malvern West (145),2022,Break and Enter,8,184,0.0435,631.07,91.0,47,Very Safe,Assault
Malvern West (145),2022,NonMCI,30,184,0.163,631.07,91.0,47,Very Safe,Assault
Malvern West (145),2022,Robbery,10,184,0.0543,631.07,91.0,47,Very Safe,Assault
Malvern West (145),2022,Theft Over,4,184,0.0217,631.07,91.0,47,Very Safe,Assault
Maple Leaf (29),2022,Assault,48,140,0.3429,460.08,95.2,25,Very Safe,Assault
Maple Leaf (29),2022,Auto Theft,43,140,0.3071,460.08,95.2,25,Very Safe,Assault
Maple Leaf (29),2022,Break and Enter,21,140,0.15,460.08,95.2,25,Very Safe,Assault
Maple Leaf (29),2022,NonMCI,20,140,0.1429,460.08,95.2,25,Very Safe,Assault
Maple Leaf (29),2022,Robbery,5,140,0.0357,460.08,95.2,25,Very Safe,Assault
Maple Leaf (29),2022,Theft Over,3,140,0.0214,460.08,95.2,25,Very Safe,Assault
Markland Wood (12),2022,Assault,32,120,0.2667,351.35,97.9,9,Very Safe,NonMCI
Markland Wood (12),2022,Auto Theft,26,120,0.2167,351.35,97.9,9,Very Safe,NonMCI
Markland Wood (12),2022,Break and Enter,12,120,0.1,351.35,97.9,9,Very Safe,NonMCI
Markland Wood (12),2022,NonMCI,40,120,0.3333,351.35,97.9,9,Very Safe,NonMCI
Markland Wood (12),2022,Robbery,7,120,0.0583,351.35,97.9,9,Very Safe,NonMCI
Markland Wood (12),2022,Theft Over,3,120,0.025,351.35,97.9,9,Very Safe,NonMCI
Milliken (130),2022,Assault,67,348,0.1925,1025.96,81.2,109,Very Safe,Auto Theft
Milliken (130),2022,Auto Theft,97,348,0.2787,1025.96,81.2,109,Very Safe,Auto Theft
Milliken (130),2022,Break and Enter,63,348,0.181,1025.96,81.2,109,Very Safe,Auto Theft
Milliken (130),2022,NonMCI,77,348,0.2213,1025.96,81.2,109,Very Safe,Auto Theft
Milliken (130),2022,Robbery,29,348,0.0833,1025.96,81.2,109,Very Safe,Auto Theft
Milliken (130),2022,Theft Over,15,348,0.0431,1025.96,81.2,109,Very Safe,Auto Theft
Mimico-Queensway (160),2022,Assault,300,486,0.6173,1884.54,59.8,143,Moderate,Assault
Mimico-Queensway (160),2022,Auto Theft,57,486,0.1173,1884.54,59.8,143,Moderate,Assault
Mimico-Queensway (160),2022,Break and Enter,44,486,0.0905,1884.54,59.8,143,Moderate,Assault
Mimico-Queensway (160),2022,NonMCI,61,486,0.1255,1884.54,59.8,143,Moderate,Assault
Mimico-Queensway (160),2022,Robbery,13,486,0.0267,1884.54,59.8,143,Moderate,Assault
Mimico-Queensway (160),2022,Theft Over,11,486,0.0226,1884.54,59.8,143,Moderate,Assault
Morningside (135),2022,Assault,102,286,0.3566,868.76,85.1,86,Very Safe,NonMCI
Morningside (135),2022,Auto Theft,52,286,0.1818,868.76,85.1,86,Very Safe,NonMCI
Morningside (135),2022,Break and Enter,11,286,0.0385,868.76,85.1,86,Very Safe,NonMCI
Morningside (135),2022,NonMCI,108,286,0.3776,868.76,85.1,86,Very Safe,NonMCI
Morningside (135),2022,Robbery,10,286,0.035,868.76,85.1,86,Very Safe,NonMCI
Morningside (135),2022,Theft Over,3,286,0.0105,868.76,85.1,86,Very Safe,NonMCI
Morningside Heights (144),2022,Assault,98,325,0.3015,1018.73,81.4,107,Very Safe,Auto Theft
Morningside Heights (144),2022,Auto Theft,115,325,0.3538,1018.73,81.4,107,Very Safe,Auto Theft
Morningside Heights (144),2022,Break and Enter,21,325,0.0646,1018.73,81.4,107,Very Safe,Auto Theft
Morningside Heights (144),2022,NonMCI,55,325,0.1692,1018.73,81.4,107,Very Safe,Auto Theft
Morningside Heights (144),2022,Robbery,21,325,0.0646,1018.73,81.4,107,Very Safe,Auto Theft
Morningside Heights (144),2022,Theft Over,15,325,0.0462,1018.73,81.4,107,Very Safe,Auto Theft
Moss Park (73),2022,Assault,506,847,0.5974,3358.13,23.2,157,Risky,Assault
Moss Park (73),2022,Auto Theft,54,847,0.0638,3358.13,23.2,157,Risky,Assault
Moss Park (73),2022,Break and Enter,128,847,0.1511,3358.13,23.2,157,Risky,Assault
Moss Park (73),2022,NonMCI,85,847,0.1004,3358.13,23.2,157,Risky,Assault
Moss Park (73),2022,Robbery,59,847,0.0697,3358.13,23.2,157,Risky,Assault
Moss Park (73),2022,Theft Over,15,847,0.0177,3358.13,23.2,157,Risky,Assault
Mount Dennis (115),2022,Assault,115,224,0.5134,810.11,86.5,81,Very Safe,Assault
Mount Dennis (115),2022,Auto Theft,39,224,0.1741,810.11,86.5,81,Very Safe,Assault
Mount Dennis (115),2022,Break and Enter,21,224,0.0938,810.11,86.5,81,Very Safe,Assault
Mount Dennis (115),2022,NonMCI,37,224,0.1652,810.11,86.5,81,Very Safe,Assault
Mount Dennis (115),2022,Robbery,7,224,0.0312,810.11,86.5,81,Very Safe,Assault
Mount Dennis (115),2022,Theft Over,5,224,0.0223,810.11,86.5,81,Very Safe,Assault
Mount Olive-Silverstone-Jamestown (2),2022,Assault,249,524,0.4752,1875.33,60.1,141,Safe,Assault
Mount Olive-Silverstone-Jamestown (2),2022,Auto Theft,108,524,0.2061,1875.33,60.1,141,Safe,Assault
Mount Olive-Silverstone-Jamestown (2),2022,Break and Enter,25,524,0.0477,1875.33,60.1,141,Safe,Assault
Mount Olive-Silverstone-Jamestown (2),2022,NonMCI,79,524,0.1508,1875.33,60.1,141,Safe,Assault
Mount Olive-Silverstone-Jamestown (2),2022,Robbery,45,524,0.0859,1875.33,60.1,141,Safe,Assault
Mount Olive-Silverstone-Jamestown (2),2022,Theft Over,18,524,0.0344,1875.33,60.1,141,Safe,Assault
Mount Pleasant East (99),2022,Assault,50,184,0.2717,549.18,93.0,37,Very Safe,Auto Theft
Mount Pleasant East (99),2022,Auto Theft,56,184,0.3043,549.18,93.0,37,Very Safe,Auto Theft
Mount Pleasant East (99),2022,Break and Enter,27,184,0.1467,549.18,93.0,37,Very Safe,Auto Theft
Mount Pleasant East (99),2022,NonMCI,44,184,0.2391,549.18,93.0,37,Very Safe,Auto Theft
Mount Pleasant East (99),2022,Robbery,3,184,0.0163,549.18,93.0,37,Very Safe,Auto Theft
Mount Pleasant East (99),2022,Theft Over,4,184,0.0217,549.18,93.0,37,Very Safe,Auto Theft
New Toronto (18),2022,Assault,152,280,0.5429,1041.06,80.8,112,Very Safe,Assault
New Toronto (18),2022,Auto Theft,34,280,0.1214,1041.06,80.8,112,Very Safe,Assault
New Toronto (18),2022,Break and Enter,24,280,0.0857,1041.06,80.8,112,Very Safe,Assault
New Toronto (18),2022,NonMCI,48,280,0.1714,1041.06,80.8,112,Very Safe,Assault
New Toronto (18),2022,Robbery,16,280,0.0571,1041.06,80.8,112,Very Safe,Assault
New Toronto (18),2022,Theft Over,6,280,0.0214,1041.06,80.8,112,Very Safe,Assault
Newtonbrook East (50),2022,Assault,78,234,0.3333,760.09,87.8,69,Very Safe,Assault
Newtonbrook East (50),2022,Auto Theft,55,234,0.235,760.09,87.8,69,Very Safe,Assault
Newtonbrook East (50),2022,Break and Enter,40,234,0.1709,760.09,87.8,69,Very Safe,Assault
Newtonbrook East (50),2022,NonMCI,42,234,0.1795,760.09,87.8,69,Very Safe,Assault
Newtonbrook East (50),2022,Robbery,9,234,0.0385,760.09,87.8,69,Very Safe,Assault
Newtonbrook East (50),2022,Theft Over,10,234,0.0427,760.09,87.8,69,Very Safe,Assault
Newtonbrook West (36),2022,Assault,206,542,0.3801,1775.28,62.6,139,Safe,Assault
Newtonbrook West (36),2022,Auto Theft,156,542,0.2878,1775.28,62.6,139,Safe,Assault
Newtonbrook West (36),2022,Break and Enter,36,542,0.0664,1775.28,62.6,139,Safe,Assault
Newtonbrook West (36),2022,NonMCI,106,542,0.1956,1775.28,62.6,139,Safe,Assault
Newtonbrook West (36),2022,Robbery,26,542,0.048,1775.28,62.6,139,Safe,Assault
Newtonbrook West (36),2022,Theft Over,12,542,0.0221,1775.28,62.6,139,Safe,Assault
North Riverdale (68),2022,Assault,69,159,0.434,558.93,92.8,39,Very Safe,Assault
North Riverdale (68),2022,Auto Theft,22,159,0.1384,558.93,92.8,39,Very Safe,Assault
North Riverdale (68),2022,Break and Enter,30,159,0.1887,558.93,92.8,39,Very Safe,Assault
North Riverdale (68),2022,NonMCI,28,159,0.1761,558.93,92.8,39,Very Safe,Assault
North Riverdale (68),2022,Robbery,7,159,0.044,558.93,92.8,39,Very Safe,Assault
North Riverdale (68),2022,Theft Over,3,159,0.0189,558.93,92.8,39,Very Safe,Assault
North St.James Town (74),2022,Assault,213,357,0.5966,1376.92,72.5,127,Safe,Assault
North St.James Town (74),2022,Auto Theft,15,357,0.042,1376.92,72.5,127,Safe,Assault
North St.James Town (74),2022,Break and Enter,37,357,0.1036,1376.92,72.5,127,Safe,Assault
North St.James Town (74),2022,NonMCI,63,357,0.1765,1376.92,72.5,127,Safe,Assault
North St.James Town (74),2022,Robbery,24,357,0.0672,1376.92,72.5,127,Safe,Assault
North St.James Town (74),2022,Theft Over,5,357,0.014,1376.92,72.5,127,Safe,Assault
North Toronto (173),2022,Assault,115,210,0.5476,808.43,86.6,79,Very Safe,Assault
North Toronto (173),2022,Auto Theft,9,210,0.0429,808.43,86.6,79,Very Safe,Assault
North Toronto (173),2022,Break and Enter,44,210,0.2095,808.43,86.6,79,Very Safe,Assault
North Toronto (173),2022,NonMCI,25,210,0.119,808.43,86.6,79,Very Safe,Assault
North Toronto (173),2022,Robbery,12,210,0.0571,808.43,86.6,79,Very Safe,Assault
North Toronto (173),2022,Theft Over,5,210,0.0238,808.43,86.6,79,Very Safe,Assault
O'Connor-Parkview (54),2022,Assault,142,277,0.5126,1021.96,81.3,108,Very Safe,Assault
O'Connor-Parkview (54),2022,Auto Theft,33,277,0.1191,1021.96,81.3,108,Very Safe,Assault
O'Connor-Parkview (54),2022,Break and Enter,46,277,0.1661,1021.96,81.3,108,Very Safe,Assault
O'Connor-Parkview (54),2022,NonMCI,39,277,0.1408,1021.96,81.3,108,Very Safe,Assault
O'Connor-Parkview (54),2022,Robbery,8,277,0.0289,1021.96,81.3,108,Very Safe,Assault
O'Connor-Parkview (54),2022,Theft Over,9,277,0.0325,1021.96,81.3,108,Very Safe,Assault
Oakdale-Beverley Heights (154),2022,Assault,301,607,0.4959,2186.85,52.3,147,Moderate,Assault
Oakdale-Beverley Heights (154),2022,Auto Theft,102,607,0.168,2186.85,52.3,147,Moderate,Assault
Oakdale-Beverley Heights (154),2022,Break and Enter,51,607,0.084,2186.85,52.3,147,Moderate,Assault
Oakdale-Beverley Heights (154),2022,NonMCI,101,607,0.1664,2186.85,52.3,147,Moderate,Assault
Oakdale-Beverley Heights (154),2022,Robbery,34,607,0.056,2186.85,52.3,147,Moderate,Assault
Oakdale-Beverley Heights (154),2022,Theft Over,18,607,0.0297,2186.85,52.3,147,Moderate,Assault
Oakridge (121),2022,Assault,162,296,0.5473,1091.14,79.6,116,Safe,Assault
Oakridge (121),2022,Auto Theft,20,296,0.0676,1091.14,79.6,116,Safe,Assault
Oakridge (121),2022,Break and Enter,35,296,0.1182,1091.14,79.6,116,Safe,Assault
Oakridge (121),2022,NonMCI,61,296,0.2061,1091.14,79.6,116,Safe,Assault
Oakridge (121),2022,Robbery,11,296,0.0372,1091.14,79.6,116,Safe,Assault
Oakridge (121),2022,Theft Over,7,296,0.0236,1091.14,79.6,116,Safe,Assault
Oakwood Village (107),2022,Assault,140,303,0.462,1076.97,79.9,115,Safe,Assault
Oakwood Village (107),2022,Auto Theft,58,303,0.1914,1076.97,79.9,115,Safe,Assault
Oakwood Village (107),2022,Break and Enter,37,303,0.1221,1076.97,79.9,115,Safe,Assault
Oakwood Village (107),2022,NonMCI,46,303,0.1518,1076.97,79.9,115,Safe,Assault
Oakwood Village (107),2022,Robbery,17,303,0.0561,1076.97,79.9,115,Safe,Assault
Oakwood Village (107),2022,Theft Over,5,303,0.0165,1076.97,79.9,115,Safe,Assault
Old East York (58),2022,Assault,56,129,0.4341,448.1,95.5,20,Very Safe,Assault
Old East York (58),2022,Auto Theft,20,129,0.155,448.1,95.5,20,Very Safe,Assault
Old East York (58),2022,Break and Enter,22,129,0.1705,448.1,95.5,20,Very Safe,Assault
Old East York (58),2022,NonMCI,25,129,0.1938,448.1,95.5,20,Very Safe,Assault
Old East York (58),2022,Robbery,5,129,0.0388,448.1,95.5,20,Very Safe,Assault
Old East York (58),2022,Theft Over,1,129,0.0078,448.1,95.5,20,Very Safe,Assault
Palmerston-Little Italy (80),2022,Assault,78,189,0.4127,654.92,90.4,54,Very Safe,Assault
Palmerston-Little Italy (80),2022,Auto Theft,25,189,0.1323,654.92,90.4,54,Very Safe,Assault
Palmerston-Little Italy (80),2022,Break and Enter,37,189,0.1958,654.92,90.4,54,Very Safe,Assault
Palmerston-Little Italy (80),2022,NonMCI,32,189,0.1693,654.92,90.4,54,Very Safe,Assault
Palmerston-Little Italy (80),2022,Robbery,9,189,0.0476,654.92,90.4,54,Very Safe,Assault
Palmerston-Little Italy (80),2022,Theft Over,8,189,0.0423,654.92,90.4,54,Very Safe,Assault
Parkwoods-O'Connor Hills (149),2022,Assault,67,156,0.4295,530.15,93.5,33,Very Safe,Assault
Parkwoods-O'Connor Hills (149),2022,Auto Theft,37,156,0.2372,530.15,93.5,33,Very Safe,Assault
Parkwoods-O'Connor Hills (149),2022,Break and Enter,16,156,0.1026,530.15,93.5,33,Very Safe,Assault
Parkwoods-O'Connor Hills (149),2022,NonMCI,30,156,0.1923,530.15,93.5,33,Very Safe,Assault
Parkwoods-O'Connor Hills (149),2022,Robbery,5,156,0.0321,530.15,93.5,33,Very Safe,Assault
Parkwoods-O'Connor Hills (149),2022,Theft Over,1,156,0.0064,530.15,93.5,33,Very Safe,Assault
Pelmo Park-Humberlea (23),2022,Assault,78,254,0.3071,792.34,87.0,74,Very Safe,Auto Theft
Pelmo Park-Humberlea (23),2022,Auto Theft,89,254,0.3504,792.34,87.0,74,Very Safe,Auto Theft
Pelmo Park-Humberlea (23),2022,Break and Enter,31,254,0.122,792.34,87.0,74,Very Safe,Auto Theft
Pelmo Park-Humberlea (23),2022,NonMCI,42,254,0.1654,792.34,87.0,74,Very Safe,Auto Theft
Pelmo Park-Humberlea (23),2022,Robbery,5,254,0.0197,792.34,87.0,74,Very Safe,Auto Theft
Pelmo Park-Humberlea (23),2022,Theft Over,9,254,0.0354,792.34,87.0,74,Very Safe,Auto Theft
Playter Estates-Danforth (67),2022,Assault,94,202,0.4653,721.74,88.7,61,Very Safe,Assault
Playter Estates-Danforth (67),2022,Auto Theft,19,202,0.0941,721.74,88.7,61,Very Safe,Assault
Playter Estates-Danforth (67),2022,Break and Enter,31,202,0.1535,721.74,88.7,61,Very Safe,Assault
Playter Estates-Danforth (67),2022,NonMCI,42,202,0.2079,721.74,88.7,61,Very Safe,Assault
Playter Estates-Danforth (67),2022,Robbery,13,202,0.0644,721.74,88.7,61,Very Safe,Assault
Playter Estates-Danforth (67),2022,Theft Over,3,202,0.0149,721.74,88.7,61,Very Safe,Assault
Pleasant View (46),2022,Assault,32,132,0.2424,367.5,97.5,11,Very Safe,NonMCI
Pleasant View (46),2022,Auto Theft,26,132,0.197,367.5,97.5,11,Very Safe,NonMCI
Pleasant View (46),2022,Break and Enter,15,132,0.1136,367.5,97.5,11,Very Safe,NonMCI
Pleasant View (46),2022,NonMCI,51,132,0.3864,367.5,97.5,11,Very Safe,NonMCI
Pleasant View (46),2022,Robbery,4,132,0.0303,367.5,97.5,11,Very Safe,NonMCI
Pleasant View (46),2022,Theft Over,4,132,0.0303,367.5,97.5,11,Very Safe,NonMCI
Princess-Rosethorn (10),2022,Assault,23,125,0.184,350.22,98.0,7,Very Safe,Auto Theft
Princess-Rosethorn (10),2022,Auto Theft,59,125,0.472,350.22,98.0,7,Very Safe,Auto Theft
Princess-Rosethorn (10),2022,Break and Enter,13,125,0.104,350.22,98.0,7,Very Safe,Auto Theft
Princess-Rosethorn (10),2022,NonMCI,26,125,0.208,350.22,98.0,7,Very Safe,Auto Theft
Princess-Rosethorn (10),2022,Robbery,2,125,0.016,350.22,98.0,7,Very Safe,Auto Theft
Princess-Rosethorn (10),2022,Theft Over,2,125,0.016,350.22,98.0,7,Very Safe,Auto Theft
Regent Park (72),2022,Assault,117,197,0.5939,766.31,87.6,72,Very Safe,Assault
Regent Park (72),2022,Auto Theft,12,197,0.0609,766.31,87.6,72,Very Safe,Assault
Regent Park (72),2022,Break and Enter,24,197,0.1218,766.31,87.6,72,Very Safe,Assault
Regent Park (72),2022,NonMCI,27,197,0.1371,766.31,87.6,72,Very Safe,Assault
Regent Park (72),2022,Robbery,11,197,0.0558,766.31,87.6,72,Very Safe,Assault
Regent Park (72),2022,Theft Over,6,197,0.0305,766.31,87.6,72,Very Safe,Assault
Rexdale-Kipling (4),2022,Assault,50,190,0.2632,567.88,92.6,42,Very Safe,Auto Theft
Rexdale-Kipling (4),2022,Auto Theft,55,190,0.2895,567.88,92.6,42,Very Safe,Auto Theft
Rexdale-Kipling (4),2022,Break and Enter,21,190,0.1105,567.88,92.6,42,Very Safe,Auto Theft
Rexdale-Kipling (4),2022,NonMCI,46,190,0.2421,567.88,92.6,42,Very Safe,Auto Theft
Rexdale-Kipling (4),2022,Robbery,9,190,0.0474,567.88,92.6,42,Very Safe,Auto Theft
Rexdale-Kipling (4),2022,Theft Over,9,190,0.0474,567.88,92.6,42,Very Safe,Auto Theft
Rockcliffe-Smythe (111),2022,Assault,155,320,0.4844,1147.34,78.2,121,Safe,Assault
Rockcliffe-Smythe (111),2022,Auto Theft,53,320,0.1656,1147.34,78.2,121,Safe,Assault
Rockcliffe-Smythe (111),2022,Break and Enter,32,320,0.1,1147.34,78.2,121,Safe,Assault
Rockcliffe-Smythe (111),2022,NonMCI,52,320,0.1625,1147.34,78.2,121,Safe,Assault
Rockcliffe-Smythe (111),2022,Robbery,17,320,0.0531,1147.34,78.2,121,Safe,Assault
Rockcliffe-Smythe (111),2022,Theft Over,11,320,0.0344,1147.34,78.2,121,Safe,Assault
Roncesvalles (86),2022,Assault,98,240,0.4083,842.57,85.7,82,Very Safe,Assault
Roncesvalles (86),2022,Auto Theft,24,240,0.1,842.57,85.7,82,Very Safe,Assault
Roncesvalles (86),2022,Break and Enter,53,240,0.2208,842.57,85.7,82,Very Safe,Assault
Roncesvalles (86),2022,NonMCI,43,240,0.1792,842.57,85.7,82,Very Safe,Assault
Roncesvalles (86),2022,Robbery,16,240,0.0667,842.57,85.7,82,Very Safe,Assault
Roncesvalles (86),2022,Theft Over,6,240,0.025,842.57,85.7,82,Very Safe,Assault
Rosedale-Moore Park (98),2022,Assault,205,441,0.4649,1596.56,67.0,134,Safe,Assault
Rosedale-Moore Park (98),2022,Auto Theft,93,441,0.2109,1596.56,67.0,134,Safe,Assault
Rosedale-Moore Park (98),2022,Break and Enter,71,441,0.161,1596.56,67.0,134,Safe,Assault
Rosedale-Moore Park (98),2022,NonMCI,41,441,0.093,1596.56,67.0,134,Safe,Assault
Rosedale-Moore Park (98),2022,Robbery,17,441,0.0385,1596.56,67.0,134,Safe,Assault
Rosedale-Moore Park (98),2022,Theft Over,14,441,0.0317,1596.56,67.0,134,Safe,Assault
Runnymede-Bloor West Village (89),2022,Assault,40,117,0.3419,395.9,96.8,16,Very Safe,Assault
Runnymede-Bloor West Village (89),2022,Auto Theft,25,117,0.2137,395.9,96.8,16,Very Safe,Assault
Runnymede-Bloor West Village (89),2022,Break and Enter,21,117,0.1795,395.9,96.8,16,Very Safe,Assault
Runnymede-Bloor West Village (89),2022,NonMCI,19,117,0.1624,395.9,96.8,16,Very Safe,Assault
Runnymede-Bloor West Village (89),2022,Robbery,12,117,0.1026,395.9,96.8,16,Very Safe,Assault
Runnymede-Bloor West Village (89),2022,Theft Over,0,117,0.0,395.9,96.8,16,Very Safe,Assault
Rustic (28),2022,Assault,75,151,0.4967,536.75,93.3,35,Very Safe,Assault
Rustic (28),2022,Auto Theft,33,151,0.2185,536.75,93.3,35,Very Safe,Assault
Rustic (28),2022,Break and Enter,10,151,0.0662,536.75,93.3,35,Very Safe,Assault
Rustic (28),2022,NonMCI,24,151,0.1589,536.75,93.3,35,Very Safe,Assault
Rustic (28),2022,Robbery,4,151,0.0265,536.75,93.3,35,Very Safe,Assault
Rustic (28),2022,Theft Over,5,151,0.0331,536.75,93.3,35,Very Safe,Assault
Scarborough Village (139),2022,Assault,139,248,0.5605,915.11,83.9,94,Very Safe,Assault
Scarborough Village (139),2022,Auto Theft,23,248,0.0927,915.11,83.9,94,Very Safe,Assault
Scarborough Village (139),2022,Break and Enter,20,248,0.0806,915.11,83.9,94,Very Safe,Assault
Scarborough Village (139),2022,NonMCI,51,248,0.2056,915.11,83.9,94,Very Safe,Assault
Scarborough Village (139),2022,Robbery,8,248,0.0323,915.11,83.9,94,Very Safe,Assault
Scarborough Village (139),2022,Theft Over,7,248,0.0282,915.11,83.9,94,Very Safe,Assault
South Eglinton-Davisville (174),2022,Assault,113,203,0.5567,760.25,87.8,69,Very Safe,Assault
South Eglinton-Davisville (174),2022,Auto Theft,9,203,0.0443,760.25,87.8,69,Very Safe,Assault
South Eglinton-Davisville (174),2022,Break and Enter,23,203,0.1133,760.25,87.8,69,Very Safe,Assault
South Eglinton-Davisville (174),2022,NonMCI,41,203,0.202,760.25,87.8,69,Very Safe,Assault
South Eglinton-Davisville (174),2022,Robbery,14,203,0.069,760.25,87.8,69,Very Safe,Assault
South Eglinton-Davisville (174),2022,Theft Over,3,203,0.0148,760.25,87.8,69,Very Safe,Assault
South Parkdale (85),2022,Assault,260,425,0.6118,1651.52,65.6,135,Safe,Assault
South Parkdale (85),2022,Auto Theft,33,425,0.0776,1651.52,65.6,135,Safe,Assault
South Parkdale (85),2022,Break and Enter,60,425,0.1412,1651.52,65.6,135,Safe,Assault
South Parkdale (85),2022,NonMCI,53,425,0.1247,1651.52,65.6,135,Safe,Assault
South Parkdale (85),2022,Robbery,7,425,0.0165,1651.52,65.6,135,Safe,Assault
South Parkdale (85),2022,Theft Over,12,425,0.0282,1651.52,65.6,135,Safe,Assault
South Riverdale (70),2022,Assault,257,556,0.4622,2014.72,56.6,145,Moderate,Assault
South Riverdale (70),2022,Auto Theft,73,556,0.1313,2014.72,56.6,145,Moderate,Assault
South Riverdale (70),2022,Break and Enter,102,556,0.1835,2014.72,56.6,145,Moderate,Assault
South Riverdale (70),2022,NonMCI,71,556,0.1277,2014.72,56.6,145,Moderate,Assault
South Riverdale (70),2022,Robbery,31,556,0.0558,2014.72,56.6,145,Moderate,Assault
South Riverdale (70),2022,Theft Over,22,556,0.0396,2014.72,56.6,145,Moderate,Assault
St Lawrence-East Bayfront-The Islands (166),2022,Assault,349,659,0.5296,2476.24,45.1,150,Moderate,Assault
St Lawrence-East Bayfront-The Islands (166),2022,Auto Theft,36,659,0.0546,2476.24,45.1,150,Moderate,Assault
St Lawrence-East Bayfront-The Islands (166),2022,Break and Enter,125,659,0.1897,2476.24,45.1,150,Moderate,Assault
St Lawrence-East Bayfront-The Islands (166),2022,NonMCI,97,659,0.1472,2476.24,45.1,150,Moderate,Assault
St Lawrence-East Bayfront-The Islands (166),2022,Robbery,29,659,0.044,2476.24,45.1,150,Moderate,Assault
St Lawrence-East Bayfront-The Islands (166),2022,Theft Over,23,659,0.0349,2476.24,45.1,150,Moderate,Assault
St.Andrew-Windfields (40),2022,Assault,58,258,0.2248,773.75,87.4,73,Very Safe,Auto Theft
St.Andrew-Windfields (40),2022,Auto Theft,80,258,0.3101,773.75,87.4,73,Very Safe,Auto Theft
St.Andrew-Windfields (40),2022,Break and Enter,53,258,0.2054,773.75,87.4,73,Very Safe,Auto Theft
St.Andrew-Windfields (40),2022,NonMCI,47,258,0.1822,773.75,87.4,73,Very Safe,Auto Theft
St.Andrew-Windfields (40),2022,Robbery,8,258,0.031,773.75,87.4,73,Very Safe,Auto Theft
St.Andrew-Windfields (40),2022,Theft Over,12,258,0.0465,773.75,87.4,73,Very Safe,Auto Theft
Steeles (116),2022,Assault,36,154,0.2338,458.41,95.3,23,Very Safe,NonMCI
Steeles (116),2022,Auto Theft,35,154,0.2273,458.41,95.3,23,Very Safe,NonMCI
Steeles (116),2022,Break and Enter,33,154,0.2143,458.41,95.3,23,Very Safe,NonMCI
Steeles (116),2022,NonMCI,40,154,0.2597,458.41,95.3,23,Very Safe,NonMCI
Steeles (116),2022,Robbery,6,154,0.039,458.41,95.3,23,Very Safe,NonMCI
Steeles (116),2022,Theft Over,4,154,0.026,458.41,95.3,23,Very Safe,NonMCI
Stonegate-Queensway (16),2022,Assault,93,384,0.2422,1103.68,79.2,119,Safe,Auto Theft
Stonegate-Queensway (16),2022,Auto Theft,127,384,0.3307,1103.68,79.2,119,Safe,Auto Theft
Stonegate-Queensway (16),2022,Break and Enter,44,384,0.1146,1103.68,79.2,119,Safe,Auto Theft
Stonegate-Queensway (16),2022,NonMCI,103,384,0.2682,1103.68,79.2,119,Safe,Auto Theft
Stonegate-Queensway (16),2022,Robbery,6,384,0.0156,1103.68,79.2,119,Safe,Auto Theft
Stonegate-Queensway (16),2022,Theft Over,11,384,0.0286,1103.68,79.2,119,Safe,Auto Theft
Tam O'Shanter-Sullivan (118),2022,Assault,103,345,0.2986,1059.87,80.3,113,Very Safe,Assault
Tam O'Shanter-Sullivan (118),2022,Auto Theft,72,345,0.2087,1059.87,80.3,113,Very Safe,Assault
Tam O'Shanter-Sullivan (118),2022,Break and Enter,36,345,0.1043,1059.87,80.3,113,Very Safe,Assault
Tam O'Shanter-Sullivan (118),2022,NonMCI,103,345,0.2986,1059.87,80.3,113,Very Safe,Assault
Tam O'Shanter-Sullivan (118),2022,Robbery,26,345,0.0754,1059.87,80.3,113,Very Safe,Assault
Tam O'Shanter-Sullivan (118),2022,Theft Over,5,345,0.0145,1059.87,80.3,113,Very Safe,Assault
Taylor-Massey (61),2022,Assault,116,225,0.5156,800.83,86.8,76,Very Safe,Assault
Taylor-Massey (61),2022,Auto Theft,13,225,0.0578,800.83,86.8,76,Very Safe,Assault
Taylor-Massey (61),2022,Break and Enter,25,225,0.1111,800.83,86.8,76,Very Safe,Assault
Taylor-Massey (61),2022,NonMCI,58,225,0.2578,800.83,86.8,76,Very Safe,Assault
Taylor-Massey (61),2022,Robbery,8,225,0.0356,800.83,86.8,76,Very Safe,Assault
Taylor-Massey (61),2022,Theft Over,5,225,0.0222,800.83,86.8,76,Very Safe,Assault
The Beaches (63),2022,Assault,109,279,0.3907,948.83,83.1,97,Very Safe,Assault
The Beaches (63),2022,Auto Theft,55,279,0.1971,948.83,83.1,97,Very Safe,Assault
The Beaches (63),2022,Break and Enter,45,279,0.1613,948.83,83.1,97,Very Safe,Assault
The Beaches (63),2022,NonMCI,45,279,0.1613,948.83,83.1,97,Very Safe,Assault
The Beaches (63),2022,Robbery,15,279,0.0538,948.83,83.1,97,Very Safe,Assault
The Beaches (63),2022,Theft Over,10,279,0.0358,948.83,83.1,97,Very Safe,Assault
Thistletown-Beaumond Heights (3),2022,Assault,58,161,0.3602,539.89,93.3,35,Very Safe,Assault
Thistletown-Beaumond Heights (3),2022,Auto Theft,52,161,0.323,539.89,93.3,35,Very Safe,Assault
Thistletown-Beaumond Heights (3),2022,Break and Enter,17,161,0.1056,539.89,93.3,35,Very Safe,Assault
Thistletown-Beaumond Heights (3),2022,NonMCI,20,161,0.1242,539.89,93.3,35,Very Safe,Assault
Thistletown-Beaumond Heights (3),2022,Robbery,13,161,0.0807,539.89,93.3,35,Very Safe,Assault
Thistletown-Beaumond Heights (3),2022,Theft Over,1,161,0.0062,539.89,93.3,35,Very Safe,Assault
Thorncliffe Park (55),2022,Assault,101,260,0.3885,884.46,84.7,90,Very Safe,Assault
Thorncliffe Park (55),2022,Auto Theft,25,260,0.0962,884.46,84.7,90,Very Safe,Assault
Thorncliffe Park (55),2022,Break and Enter,51,260,0.1962,884.46,84.7,90,Very Safe,Assault
Thorncliffe Park (55),2022,NonMCI,56,260,0.2154,884.46,84.7,90,Very Safe,Assault
Thorncliffe Park (55),2022,Robbery,17,260,0.0654,884.46,84.7,90,Very Safe,Assault
Thorncliffe Park (55),2022,Theft Over,10,260,0.0385,884.46,84.7,90,Very Safe,Assault
Trinity-Bellwoods (81),2022,Assault,126,283,0.4452,1032.22,81.0,111,Very Safe,Assault
Trinity-Bellwoods (81),2022,Auto Theft,28,283,0.0989,1032.22,81.0,111,Very Safe,Assault
Trinity-Bellwoods (81),2022,Break and Enter,69,283,0.2438,1032.22,81.0,111,Very Safe,Assault
Trinity-Bellwoods (81),2022,NonMCI,34,283,0.1201,1032.22,81.0,111,Very Safe,Assault
Trinity-Bellwoods (81),2022,Robbery,17,283,0.0601,1032.22,81.0,111,Very Safe,Assault
Trinity-Bellwoods (81),2022,Theft Over,9,283,0.0318,1032.22,81.0,111,Very Safe,Assault
University (79),2022,Assault,93,212,0.4387,755.95,87.9,68,Very Safe,Assault
University (79),2022,Auto Theft,15,212,0.0708,755.95,87.9,68,Very Safe,Assault
University (79),2022,Break and Enter,41,212,0.1934,755.95,87.9,68,Very Safe,Assault
University (79),2022,NonMCI,36,212,0.1698,755.95,87.9,68,Very Safe,Assault
University (79),2022,Robbery,14,212,0.066,755.95,87.9,68,Very Safe,Assault
University (79),2022,Theft Over,13,212,0.0613,755.95,87.9,68,Very Safe,Assault
Victoria Village (43),2022,Assault,114,251,0.4542,873.04,85.0,87,Very Safe,Assault
Victoria Village (43),2022,Auto Theft,31,251,0.1235,873.04,85.0,87,Very Safe,Assault
Victoria Village (43),2022,Break and Enter,38,251,0.1514,873.04,85.0,87,Very Safe,Assault
Victoria Village (43),2022,NonMCI,55,251,0.2191,873.04,85.0,87,Very Safe,Assault
Victoria Village (43),2022,Robbery,9,251,0.0359,873.04,85.0,87,Very Safe,Assault
Victoria Village (43),2022,Theft Over,4,251,0.0159,873.04,85.0,87,Very Safe,Assault
Wellington Place (164),2022,Assault,382,715,0.5343,2735.81,38.7,153,Risky,Assault
Wellington Place (164),2022,Auto Theft,60,715,0.0839,2735.81,38.7,153,Risky,Assault
Wellington Place (164),2022,Break and Enter,125,715,0.1748,2735.81,38.7,153,Risky,Assault
Wellington Place (164),2022,NonMCI,78,715,0.1091,2735.81,38.7,153,Risky,Assault
Wellington Place (164),2022,Robbery,50,715,0.0699,2735.81,38.7,153,Risky,Assault
Wellington Place (164),2022,Theft Over,20,715,0.028,2735.81,38.7,153,Risky,Assault
West Hill (136),2022,Assault,357,661,0.5401,2432.9,46.2,149,Moderate,Assault
West Hill (136),2022,Auto Theft,54,661,0.0817,2432.9,46.2,149,Moderate,Assault
West Hill (136),2022,Break and Enter,43,661,0.0651,2432.9,46.2,149,Moderate,Assault
West Hill (136),2022,NonMCI,144,661,0.2179,2432.9,46.2,149,Moderate,Assault
West Hill (136),2022,Robbery,49,661,0.0741,2432.9,46.2,149,Moderate,Assault
West Hill (136),2022,Theft Over,14,661,0.0212,2432.9,46.2,149,Moderate,Assault
West Humber-Clairville (1),2022,Assault,243,1616,0.1504,4291.64,0.0,158,Very Risky,Auto Theft
West Humber-Clairville (1),2022,Auto Theft,684,1616,0.4233,4291.64,0.0,158,Very Risky,Auto Theft
West Humber-Clairville (1),2022,Break and Enter,134,1616,0.0829,4291.64,0.0,158,Very Risky,Auto Theft
West Humber-Clairville (1),2022,NonMCI,438,1616,0.271,4291.64,0.0,158,Very Risky,Auto Theft
West Humber-Clairville (1),2022,Robbery,58,1616,0.0359,4291.64,0.0,158,Very Risky,Auto Theft
West Humber-Clairville (1),2022,Theft Over,59,1616,0.0365,4291.64,0.0,158,Very Risky,Auto Theft
West Queen West (162),2022,Assault,99,195,0.5077,710.25,89.0,60,Very Safe,Assault
West Queen West (162),2022,Auto Theft,18,195,0.0923,710.25,89.0,60,Very Safe,Assault
West Queen West (162),2022,Break and Enter,34,195,0.1744,710.25,89.0,60,Very Safe,Assault
West Queen West (162),2022,NonMCI,34,195,0.1744,710.25,89.0,60,Very Safe,Assault
West Queen West (162),2022,Robbery,4,195,0.0205,710.25,89.0,60,Very Safe,Assault
West Queen West (162),2022,Theft Over,6,195,0.0308,710.25,89.0,60,Very Safe,Assault
West Rouge (143),2022,Assault,53,202,0.2624,599.44,91.8,44,Very Safe,NonMCI
West Rouge (143),2022,Auto Theft,55,202,0.2723,599.44,91.8,44,Very Safe,NonMCI
West Rouge (143),2022,Break and Enter,22,202,0.1089,599.44,91.8,44,Very Safe,NonMCI
West Rouge (143),2022,NonMCI,57,202,0.2822,599.44,91.8,44,Very Safe,NonMCI
West Rouge (143),2022,Robbery,11,202,0.0545,599.44,91.8,44,Very Safe,NonMCI
West Rouge (143),2022,Theft Over,4,202,0.0198,599.44,91.8,44,Very Safe,NonMCI
Westminster-Branson (35),2022,Assault,80,349,0.2292,960.27,82.8,99,Very Safe,NonMCI
Westminster-Branson (35),2022,Auto Theft,77,349,0.2206,960.27,82.8,99,Very Safe,NonMCI
Westminster-Branson (35),2022,Break and Enter,33,349,0.0946,960.27,82.8,99,Very Safe,NonMCI
Westminster-Branson (35),2022,NonMCI,137,349,0.3926,960.27,82.8,99,Very Safe,NonMCI
Westminster-Branson (35),2022,Robbery,12,349,0.0344,960.27,82.8,99,Very Safe,NonMCI
Westminster-Branson (35),2022,Theft Over,10,349,0.0287,960.27,82.8,99,Very Safe,NonMCI
Weston (113),2022,Assault,215,469,0.4584,1652.07,65.6,135,Safe,Assault
Weston (113),2022,Auto Theft,90,469,0.1919,1652.07,65.6,135,Safe,Assault
Weston (113),2022,Break and Enter,45,469,0.0959,1652.07,65.6,135,Safe,Assault
Weston (113),2022,NonMCI,82,469,0.1748,1652.07,65.6,135,Safe,Assault
Weston (113),2022,Robbery,29,469,0.0618,1652.07,65.6,135,Safe,Assault
Weston (113),2022,Theft Over,8,469,0.0171,1652.07,65.6,135,Safe,Assault
Weston-Pelham Park (91),2022,Assault,98,169,0.5799,650.54,90.5,53,Very Safe,Assault
Weston-Pelham Park (91),2022,Auto Theft,28,169,0.1657,650.54,90.5,53,Very Safe,Assault
Weston-Pelham Park (91),2022,Break and Enter,15,169,0.0888,650.54,90.5,53,Very Safe,Assault
Weston-Pelham Park (91),2022,NonMCI,16,169,0.0947,650.54,90.5,53,Very Safe,Assault
Weston-Pelham Park (91),2022,Robbery,9,169,0.0533,650.54,90.5,53,Very Safe,Assault
Weston-Pelham Park (91),2022,Theft Over,3,169,0.0178,650.54,90.5,53,Very Safe,Assault
Wexford/Maryvale (119),2022,Assault,205,581,0.3528,1879.02,60.0,142,Moderate,Assault
Wexford/Maryvale (119),2022,Auto Theft,118,581,0.2031,1879.02,60.0,142,Moderate,Assault
Wexford/Maryvale (119),2022,Break and Enter,71,581,0.1222,1879.02,60.0,142,Moderate,Assault
Wexford/Maryvale (119),2022,NonMCI,135,581,0.2324,1879.02,60.0,142,Moderate,Assault
Wexford/Maryvale (119),2022,Robbery,33,581,0.0568,1879.02,60.0,142,Moderate,Assault
Wexford/Maryvale (119),2022,Theft Over,19,581,0.0327,1879.02,60.0,142,Moderate,Assault
Willowdale West (37),2022,Assault,107,230,0.4652,801.55,86.8,76,Very Safe,Assault
Willowdale West (37),2022,Auto Theft,41,230,0.1783,801.55,86.8,76,Very Safe,Assault
Willowdale West (37),2022,Break and Enter,30,230,0.1304,801.55,86.8,76,Very Safe,Assault
Willowdale West (37),2022,NonMCI,40,230,0.1739,801.55,86.8,76,Very Safe,Assault
Willowdale West (37),2022,Robbery,3,230,0.013,801.55,86.8,76,Very Safe,Assault
Willowdale West (37),2022,Theft Over,9,230,0.0391,801.55,86.8,76,Very Safe,Assault
Willowridge-Martingrove-Richview (7),2022,Assault,87,293,0.2969,899.7,84.3,91,Very Safe,Auto Theft
Willowridge-Martingrove-Richview (7),2022,Auto Theft,100,293,0.3413,899.7,84.3,91,Very Safe,Auto Theft
Willowridge-Martingrove-Richview (7),2022,Break and Enter,27,293,0.0922,899.7,84.3,91,Very Safe,Auto Theft
Willowridge-Martingrove-Richview (7),2022,NonMCI,62,293,0.2116,899.7,84.3,91,Very Safe,Auto Theft
Willowridge-Martingrove-Richview (7),2022,Robbery,13,293,0.0444,899.7,84.3,91,Very Safe,Auto Theft
Willowridge-Martingrove-Richview (7),2022,Theft Over,4,293,0.0137,899.7,84.3,91,Very Safe,Auto Theft
Woburn North (142),2022,Assault,176,432,0.4074,1428.04,71.2,128,Safe,Assault
Woburn North (142),2022,Auto Theft,92,432,0.213,1428.04,71.2,128,Safe,Assault
Woburn North (142),2022,Break and Enter,33,432,0.0764,1428.04,71.2,128,Safe,Assault
Woburn North (142),2022,NonMCI,101,432,0.2338,1428.04,71.2,128,Safe,Assault
Woburn North (142),2022,Robbery,18,432,0.0417,1428.04,71.2,128,Safe,Assault
Woburn North (142),2022,Theft Over,12,432,0.0278,1428.04,71.2,128,Safe,Assault
Woodbine Corridor (64),2022,Assault,97,169,0.574,648.05,90.6,51,Very Safe,Assault
Woodbine Corridor (64),2022,Auto Theft,16,169,0.0947,648.05,90.6,51,Very Safe,Assault
Woodbine Corridor (64),2022,Break and Enter,23,169,0.1361,648.05,90.6,51,Very Safe,Assault
Woodbine Corridor (64),2022,NonMCI,21,169,0.1243,648.05,90.6,51,Very Safe,Assault
Woodbine Corridor (64),2022,Robbery,7,169,0.0414,648.05,90.6,51,Very Safe,Assault
Woodbine Corridor (64),2022,Theft Over,5,169,0.0296,648.05,90.6,51,Very Safe,Assault
Woodbine-Lumsden (60),2022,Assault,39,83,0.4699,292.69,99.4,3,Very Safe,Assault
Woodbine-Lumsden (60),2022,Auto Theft,19,83,0.2289,292.69,99.4,3,Very Safe,Assault
Woodbine-Lumsden (60),2022,Break and Enter,6,83,0.0723,292.69,99.4,3,Very Safe,Assault
Woodbine-Lumsden (60),2022,NonMCI,13,83,0.1566,292.69,99.4,3,Very Safe,Assault
Woodbine-Lumsden (60),2022,Robbery,5,83,0.0602,292.69,99.4,3,Very Safe,Assault
Woodbine-Lumsden (60),2022,Theft Over,1,83,0.012,292.69,99.4,3,Very Safe,Assault
Wychwood (94),2022,Assault,83,179,0.4637,635.41,90.9,48,Very Safe,Assault
Wychwood (94),2022,Auto Theft,30,179,0.1676,635.41,90.9,48,Very Safe,Assault
Wychwood (94),2022,Break and Enter,28,179,0.1564,635.41,90.9,48,Very Safe,Assault
Wychwood (94),2022,NonMCI,24,179,0.1341,635.41,90.9,48,Very Safe,Assault
Wychwood (94),2022,Robbery,5,179,0.0279,635.41,90.9,48,Very Safe,Assault
Wychwood (94),2022,Theft Over,9,179,0.0503,635.41,90.9,48,Very Safe,Assault
Yonge-Bay Corridor (170),2022,Assault,386,737,0.5237,2777.06,37.6,154,Risky,Assault
Yonge-Bay Corridor (170),2022,Auto Theft,26,737,0.0353,2777.06,37.6,154,Risky,Assault
Yonge-Bay Corridor (170),2022,Break and Enter,121,737,0.1642,2777.06,37.6,154,Risky,Assault
Yonge-Bay Corridor (170),2022,NonMCI,103,737,0.1398,2777.06,37.6,154,Risky,Assault
Yonge-Bay Corridor (170),2022,Robbery,51,737,0.0692,2777.06,37.6,154,Risky,Assault
Yonge-Bay Corridor (170),2022,Theft Over,50,737,0.0678,2777.06,37.6,154,Risky,Assault
Yonge-Doris (151),2022,Assault,72,208,0.3462,646.37,90.6,51,Very Safe,Assault
Yonge-Doris (151),2022,Auto Theft,33,208,0.1587,646.37,90.6,51,Very Safe,Assault
Yonge-Doris (151),2022,Break and Enter,18,208,0.0865,646.37,90.6,51,Very Safe,Assault
Yonge-Doris (151),2022,NonMCI,66,208,0.3173,646.37,90.6,51,Very Safe,Assault
Yonge-Doris (151),2022,Robbery,8,208,0.0385,646.37,90.6,51,Very Safe,Assault
Yonge-Doris (151),2022,Theft Over,11,208,0.0529,646.37,90.6,51,Very Safe,Assault
Yonge-Eglinton (100),2022,Assault,123,228,0.5395,844.71,85.7,82,Very Safe,Assault
Yonge-Eglinton (100),2022,Auto Theft,31,228,0.136,844.71,85.7,82,Very Safe,Assault
Yonge-Eglinton (100),2022,Break and Enter,32,228,0.1404,844.71,85.7,82,Very Safe,Assault
Yonge-Eglinton (100),2022,NonMCI,32,228,0.1404,844.71,85.7,82,Very Safe,Assault
Yonge-Eglinton (100),2022,Robbery,5,228,0.0219,844.71,85.7,82,Very Safe,Assault
Yonge-Eglinton (100),2022,Theft Over,5,228,0.0219,844.71,85.7,82,Very Safe,Assault
Yonge-St.Clair (97),2022,Assault,40,120,0.3333,393.95,96.9,15,Very Safe,Assault
Yonge-St.Clair (97),2022,Auto Theft,27,120,0.225,393.95,96.9,15,Very Safe,Assault
Yonge-St.Clair (97),2022,Break and Enter,25,120,0.2083,393.95,96.9,15,Very Safe,Assault
Yonge-St.Clair (97),2022,NonMCI,21,120,0.175,393.95,96.9,15,Very Safe,Assault
Yonge-St.Clair (97),2022,Robbery,6,120,0.05,393.95,96.9,15,Very Safe,Assault
Yonge-St.Clair (97),2022,Theft Over,1,120,0.0083,393.95,96.9,15,Very Safe,Assault
York University Heights (27),2022,Assault,330,960,0.3438,3092.83,29.8,155,Risky,Assault
York University Heights (27),2022,Auto Theft,200,960,0.2083,3092.83,29.8,155,Risky,Assault
York University Heights (27),2022,Break and Enter,127,960,0.1323,3092.83,29.8,155,Risky,Assault
York University Heights (27),2022,NonMCI,199,960,0.2073,3092.83,29.8,155,Risky,Assault
York University Heights (27),2022,Robbery,44,960,0.0458,3092.83,29.8,155,Risky,Assault
York University Heights (27),2022,Theft Over,60,960,0.0625,3092.83,29.8,155,Risky,Assault
Yorkdale-Glen Park (31),2022,Assault,162,588,0.2755,1792.11,62.1,140,Safe,Auto Theft
Yorkdale-Glen Park (31),2022,Auto Theft,178,588,0.3027,1792.11,62.1,140,Safe,Auto Theft
Yorkdale-Glen Park (31),2022,Break and Enter,58,588,0.0986,1792.11,62.1,140,Safe,Auto Theft
Yorkdale-Glen Park (31),2022,NonMCI,116,588,0.1973,1792.11,62.1,140,Safe,Auto Theft
Yorkdale-Glen Park (31),2022,Robbery,31,588,0.0527,1792.11,62.1,140,Safe,Auto Theft
Yorkdale-Glen Park (31),2022,Theft Over,43,588,0.0731,1792.11,62.1,140,Safe,Auto Theft
Agincourt North (129),2023,Assault,74,274,0.2701,924.47,86.8,68,Very Safe,Auto Theft
Agincourt North (129),2023,Auto Theft,109,274,0.3978,924.47,86.8,68,Very Safe,Auto Theft
Agincourt North (129),2023,Break and Enter,44,274,0.1606,924.47,86.8,68,Very Safe,Auto Theft
Agincourt North (129),2023,NonMCI,29,274,0.1058,924.47,86.8,68,Very Safe,Auto Theft
Agincourt North (129),2023,Robbery,13,274,0.0474,924.47,86.8,68,Very Safe,Auto Theft
Agincourt North (129),2023,Theft Over,5,274,0.0182,924.47,86.8,68,Very Safe,Auto Theft
Agincourt South-Malvern West (128),2023,Assault,172,451,0.3814,1626.9,72.5,125,Safe,Assault
Agincourt South-Malvern West (128),2023,Auto Theft,116,451,0.2572,1626.9,72.5,125,Safe,Assault
Agincourt South-Malvern West (128),2023,Break and Enter,68,451,0.1508,1626.9,72.5,125,Safe,Assault
Agincourt South-Malvern West (128),2023,NonMCI,68,451,0.1508,1626.9,72.5,125,Safe,Assault
Agincourt South-Malvern West (128),2023,Robbery,16,451,0.0355,1626.9,72.5,125,Safe,Assault
Agincourt South-Malvern West (128),2023,Theft Over,11,451,0.0244,1626.9,72.5,125,Safe,Assault
Alderwood (20),2023,Assault,45,139,0.3237,489.92,95.6,11,Very Safe,Assault
Alderwood (20),2023,Auto Theft,44,139,0.3165,489.92,95.6,11,Very Safe,Assault
Alderwood (20),2023,Break and Enter,21,139,0.1511,489.92,95.6,11,Very Safe,Assault
Alderwood (20),2023,NonMCI,14,139,0.1007,489.92,95.6,11,Very Safe,Assault
Alderwood (20),2023,Robbery,7,139,0.0504,489.92,95.6,11,Very Safe,Assault
Alderwood (20),2023,Theft Over,8,139,0.0576,489.92,95.6,11,Very Safe,Assault
Annex (95),2023,Assault,359,781,0.4597,3050.56,43.5,151,Moderate,Assault
Annex (95),2023,Auto Theft,75,781,0.096,3050.56,43.5,151,Moderate,Assault
Annex (95),2023,Break and Enter,136,781,0.1741,3050.56,43.5,151,Moderate,Assault
Annex (95),2023,NonMCI,96,781,0.1229,3050.56,43.5,151,Moderate,Assault
Annex (95),2023,Robbery,52,781,0.0666,3050.56,43.5,151,Moderate,Assault
Annex (95),2023,Theft Over,63,781,0.0807,3050.56,43.5,151,Moderate,Assault
Avondale (153),2023,Assault,49,165,0.297,523.15,95.0,14,Very Safe,NonMCI
Avondale (153),2023,Auto Theft,26,165,0.1576,523.15,95.0,14,Very Safe,NonMCI
Avondale (153),2023,Break and Enter,20,165,0.1212,523.15,95.0,14,Very Safe,NonMCI
Avondale (153),2023,NonMCI,59,165,0.3576,523.15,95.0,14,Very Safe,NonMCI
Avondale (153),2023,Robbery,5,165,0.0303,523.15,95.0,14,Very Safe,NonMCI
Avondale (153),2023,Theft Over,6,165,0.0364,523.15,95.0,14,Very Safe,NonMCI
Banbury-Don Mills (42),2023,Assault,110,438,0.2511,1478.02,75.5,119,Safe,Auto Theft
Banbury-Don Mills (42),2023,Auto Theft,134,438,0.3059,1478.02,75.5,119,Safe,Auto Theft
Banbury-Don Mills (42),2023,Break and Enter,100,438,0.2283,1478.02,75.5,119,Safe,Auto Theft
Banbury-Don Mills (42),2023,NonMCI,59,438,0.1347,1478.02,75.5,119,Safe,Auto Theft
Banbury-Don Mills (42),2023,Robbery,21,438,0.0479,1478.02,75.5,119,Safe,Auto Theft
Banbury-Don Mills (42),2023,Theft Over,14,438,0.032,1478.02,75.5,119,Safe,Auto Theft
Bathurst Manor (34),2023,Assault,85,269,0.316,923.28,86.8,68,Very Safe,Assault
Bathurst Manor (34),2023,Auto Theft,71,269,0.2639,923.28,86.8,68,Very Safe,Assault
Bathurst Manor (34),2023,Break and Enter,42,269,0.1561,923.28,86.8,68,Very Safe,Assault
Bathurst Manor (34),2023,NonMCI,54,269,0.2007,923.28,86.8,68,Very Safe,Assault
Bathurst Manor (34),2023,Robbery,15,269,0.0558,923.28,86.8,68,Very Safe,Assault
Bathurst Manor (34),2023,Theft Over,2,269,0.0074,923.28,86.8,68,Very Safe,Assault
Bay-Cloverhill (169),2023,Assault,133,281,0.4733,1110.64,83.0,95,Very Safe,Assault
Bay-Cloverhill (169),2023,Auto Theft,15,281,0.0534,1110.64,83.0,95,Very Safe,Assault
Bay-Cloverhill (169),2023,Break and Enter,64,281,0.2278,1110.64,83.0,95,Very Safe,Assault
Bay-Cloverhill (169),2023,NonMCI,40,281,0.1423,1110.64,83.0,95,Very Safe,Assault
Bay-Cloverhill (169),2023,Robbery,17,281,0.0605,1110.64,83.0,95,Very Safe,Assault
Bay-Cloverhill (169),2023,Theft Over,12,281,0.0427,1110.64,83.0,95,Very Safe,Assault
Bayview Village (52),2023,Assault,131,416,0.3149,1385.41,77.4,113,Safe,Assault
Bayview Village (52),2023,Auto Theft,93,416,0.2236,1385.41,77.4,113,Safe,Assault
Bayview Village (52),2023,Break and Enter,66,416,0.1587,1385.41,77.4,113,Safe,Assault
Bayview Village (52),2023,NonMCI,102,416,0.2452,1385.41,77.4,113,Safe,Assault
Bayview Village (52),2023,Robbery,7,416,0.0168,1385.41,77.4,113,Safe,Assault
Bayview Village (52),2023,Theft Over,17,416,0.0409,1385.41,77.4,113,Safe,Assault
Bayview Woods-Steeles (49),2023,Assault,56,155,0.3613,547.74,94.5,17,Very Safe,Assault
Bayview Woods-Steeles (49),2023,Auto Theft,29,155,0.1871,547.74,94.5,17,Very Safe,Assault
Bayview Woods-Steeles (49),2023,Break and Enter,28,155,0.1806,547.74,94.5,17,Very Safe,Assault
Bayview Woods-Steeles (49),2023,NonMCI,34,155,0.2194,547.74,94.5,17,Very Safe,Assault
Bayview Woods-Steeles (49),2023,Robbery,7,155,0.0452,547.74,94.5,17,Very Safe,Assault
Bayview Woods-Steeles (49),2023,Theft Over,1,155,0.0065,547.74,94.5,17,Very Safe,Assault
Bedford Park-Nortown (39),2023,Assault,49,463,0.1058,1374.08,77.6,111,Safe,Auto Theft
Bedford Park-Nortown (39),2023,Auto Theft,203,463,0.4384,1374.08,77.6,111,Safe,Auto Theft
Bedford Park-Nortown (39),2023,Break and Enter,123,463,0.2657,1374.08,77.6,111,Safe,Auto Theft
Bedford Park-Nortown (39),2023,NonMCI,68,463,0.1469,1374.08,77.6,111,Safe,Auto Theft
Bedford Park-Nortown (39),2023,Robbery,8,463,0.0173,1374.08,77.6,111,Safe,Auto Theft
Bedford Park-Nortown (39),2023,Theft Over,12,463,0.0259,1374.08,77.6,111,Safe,Auto Theft
Beechborough-Greenbrook (112),2023,Assault,82,159,0.5157,649.44,92.4,30,Very Safe,Assault
Beechborough-Greenbrook (112),2023,Auto Theft,24,159,0.1509,649.44,92.4,30,Very Safe,Assault
Beechborough-Greenbrook (112),2023,Break and Enter,24,159,0.1509,649.44,92.4,30,Very Safe,Assault
Beechborough-Greenbrook (112),2023,NonMCI,10,159,0.0629,649.44,92.4,30,Very Safe,Assault
Beechborough-Greenbrook (112),2023,Robbery,12,159,0.0755,649.44,92.4,30,Very Safe,Assault
Beechborough-Greenbrook (112),2023,Theft Over,7,159,0.044,649.44,92.4,30,Very Safe,Assault
Bendale South (157),2023,Assault,68,146,0.4658,568.76,94.0,21,Very Safe,Assault
Bendale South (157),2023,Auto Theft,23,146,0.1575,568.76,94.0,21,Very Safe,Assault
Bendale South (157),2023,Break and Enter,15,146,0.1027,568.76,94.0,21,Very Safe,Assault
Bendale South (157),2023,NonMCI,24,146,0.1644,568.76,94.0,21,Very Safe,Assault
Bendale South (157),2023,Robbery,15,146,0.1027,568.76,94.0,21,Very Safe,Assault
Bendale South (157),2023,Theft Over,1,146,0.0068,568.76,94.0,21,Very Safe,Assault
Bendale-Glen Andrew (156),2023,Assault,219,518,0.4228,1922.06,66.5,133,Safe,Assault
Bendale-Glen Andrew (156),2023,Auto Theft,138,518,0.2664,1922.06,66.5,133,Safe,Assault
Bendale-Glen Andrew (156),2023,Break and Enter,27,518,0.0521,1922.06,66.5,133,Safe,Assault
Bendale-Glen Andrew (156),2023,NonMCI,72,518,0.139,1922.06,66.5,133,Safe,Assault
Bendale-Glen Andrew (156),2023,Robbery,41,518,0.0792,1922.06,66.5,133,Safe,Assault
Bendale-Glen Andrew (156),2023,Theft Over,21,518,0.0405,1922.06,66.5,133,Safe,Assault
Birchcliffe-Cliffside (122),2023,Assault,195,360,0.5417,1428.26,76.5,116,Safe,Assault
Birchcliffe-Cliffside (122),2023,Auto Theft,66,360,0.1833,1428.26,76.5,116,Safe,Assault
Birchcliffe-Cliffside (122),2023,Break and Enter,33,360,0.0917,1428.26,76.5,116,Safe,Assault
Birchcliffe-Cliffside (122),2023,NonMCI,50,360,0.1389,1428.26,76.5,116,Safe,Assault
Birchcliffe-Cliffside (122),2023,Robbery,11,360,0.0306,1428.26,76.5,116,Safe,Assault
Birchcliffe-Cliffside (122),2023,Theft Over,5,360,0.0139,1428.26,76.5,116,Safe,Assault
Black Creek (24),2023,Assault,218,412,0.5291,1629.2,72.5,125,Safe,Assault
Black Creek (24),2023,Auto Theft,73,412,0.1772,1629.2,72.5,125,Safe,Assault
Black Creek (24),2023,Break and Enter,28,412,0.068,1629.2,72.5,125,Safe,Assault
Black Creek (24),2023,NonMCI,57,412,0.1383,1629.2,72.5,125,Safe,Assault
Black Creek (24),2023,Robbery,23,412,0.0558,1629.2,72.5,125,Safe,Assault
Black Creek (24),2023,Theft Over,13,412,0.0316,1629.2,72.5,125,Safe,Assault
Blake-Jones (69),2023,Assault,64,129,0.4961,523.5,94.9,15,Very Safe,Assault
Blake-Jones (69),2023,Auto Theft,6,129,0.0465,523.5,94.9,15,Very Safe,Assault
Blake-Jones (69),2023,Break and Enter,31,129,0.2403,523.5,94.9,15,Very Safe,Assault
Blake-Jones (69),2023,NonMCI,16,129,0.124,523.5,94.9,15,Very Safe,Assault
Blake-Jones (69),2023,Robbery,9,129,0.0698,523.5,94.9,15,Very Safe,Assault
Blake-Jones (69),2023,Theft Over,3,129,0.0233,523.5,94.9,15,Very Safe,Assault
Briar Hill-Belgravia (108),2023,Assault,85,238,0.3571,857.4,88.2,58,Very Safe,Assault
Briar Hill-Belgravia (108),2023,Auto Theft,37,238,0.1555,857.4,88.2,58,Very Safe,Assault
Briar Hill-Belgravia (108),2023,Break and Enter,38,238,0.1597,857.4,88.2,58,Very Safe,Assault
Briar Hill-Belgravia (108),2023,NonMCI,48,238,0.2017,857.4,88.2,58,Very Safe,Assault
Briar Hill-Belgravia (108),2023,Robbery,22,238,0.0924,857.4,88.2,58,Very Safe,Assault
Briar Hill-Belgravia (108),2023,Theft Over,8,238,0.0336,857.4,88.2,58,Very Safe,Assault
Bridle Path-Sunnybrook-York Mills (41),2023,Assault,46,244,0.1885,812.32,89.1,53,Very Safe,Break and Enter
Bridle Path-Sunnybrook-York Mills (41),2023,Auto Theft,69,244,0.2828,812.32,89.1,53,Very Safe,Break and Enter
Bridle Path-Sunnybrook-York Mills (41),2023,Break and Enter,95,244,0.3893,812.32,89.1,53,Very Safe,Break and Enter
Bridle Path-Sunnybrook-York Mills (41),2023,NonMCI,23,244,0.0943,812.32,89.1,53,Very Safe,Break and Enter
Bridle Path-Sunnybrook-York Mills (41),2023,Robbery,3,244,0.0123,812.32,89.1,53,Very Safe,Break and Enter
Bridle Path-Sunnybrook-York Mills (41),2023,Theft Over,8,244,0.0328,812.32,89.1,53,Very Safe,Break and Enter
Broadview North (57),2023,Assault,66,135,0.4889,515.38,95.1,13,Very Safe,Assault
Broadview North (57),2023,Auto Theft,16,135,0.1185,515.38,95.1,13,Very Safe,Assault
Broadview North (57),2023,Break and Enter,21,135,0.1556,515.38,95.1,13,Very Safe,Assault
Broadview North (57),2023,NonMCI,26,135,0.1926,515.38,95.1,13,Very Safe,Assault
Broadview North (57),2023,Robbery,3,135,0.0222,515.38,95.1,13,Very Safe,Assault
Broadview North (57),2023,Theft Over,3,135,0.0222,515.38,95.1,13,Very Safe,Assault
Brookhaven-Amesbury (30),2023,Assault,141,340,0.4147,1268.74,79.8,106,Safe,Assault
Brookhaven-Amesbury (30),2023,Auto Theft,75,340,0.2206,1268.74,79.8,106,Safe,Assault
Brookhaven-Amesbury (30),2023,Break and Enter,35,340,0.1029,1268.74,79.8,106,Safe,Assault
Brookhaven-Amesbury (30),2023,NonMCI,50,340,0.1471,1268.74,79.8,106,Safe,Assault
Brookhaven-Amesbury (30),2023,Robbery,29,340,0.0853,1268.74,79.8,106,Safe,Assault
Brookhaven-Amesbury (30),2023,Theft Over,10,340,0.0294,1268.74,79.8,106,Safe,Assault
Cabbagetown-South St.James Town (71),2023,Assault,120,256,0.4688,992.04,85.4,81,Very Safe,Assault
Cabbagetown-South St.James Town (71),2023,Auto Theft,19,256,0.0742,992.04,85.4,81,Very Safe,Assault
Cabbagetown-South St.James Town (71),2023,Break and Enter,53,256,0.207,992.04,85.4,81,Very Safe,Assault
Cabbagetown-South St.James Town (71),2023,NonMCI,45,256,0.1758,992.04,85.4,81,Very Safe,Assault
Cabbagetown-South St.James Town (71),2023,Robbery,13,256,0.0508,992.04,85.4,81,Very Safe,Assault
Cabbagetown-South St.James Town (71),2023,Theft Over,6,256,0.0234,992.04,85.4,81,Very Safe,Assault
Caledonia-Fairbank (109),2023,Assault,62,120,0.5167,472.61,96.0,8,Very Safe,Assault
Caledonia-Fairbank (109),2023,Auto Theft,28,120,0.2333,472.61,96.0,8,Very Safe,Assault
Caledonia-Fairbank (109),2023,Break and Enter,13,120,0.1083,472.61,96.0,8,Very Safe,Assault
Caledonia-Fairbank (109),2023,NonMCI,11,120,0.0917,472.61,96.0,8,Very Safe,Assault
Caledonia-Fairbank (109),2023,Robbery,3,120,0.025,472.61,96.0,8,Very Safe,Assault
Caledonia-Fairbank (109),2023,Theft Over,3,120,0.025,472.61,96.0,8,Very Safe,Assault
Casa Loma (96),2023,Assault,49,161,0.3043,592.46,93.5,23,Very Safe,Assault
Casa Loma (96),2023,Auto Theft,35,161,0.2174,592.46,93.5,23,Very Safe,Assault
Casa Loma (96),2023,Break and Enter,46,161,0.2857,592.46,93.5,23,Very Safe,Assault
Casa Loma (96),2023,NonMCI,10,161,0.0621,592.46,93.5,23,Very Safe,Assault
Casa Loma (96),2023,Robbery,14,161,0.087,592.46,93.5,23,Very Safe,Assault
Casa Loma (96),2023,Theft Over,7,161,0.0435,592.46,93.5,23,Very Safe,Assault
Centennial Scarborough (133),2023,Assault,38,136,0.2794,449.07,96.5,7,Very Safe,Auto Theft
Centennial Scarborough (133),2023,Auto Theft,44,136,0.3235,449.07,96.5,7,Very Safe,Auto Theft
Centennial Scarborough (133),2023,Break and Enter,17,136,0.125,449.07,96.5,7,Very Safe,Auto Theft
Centennial Scarborough (133),2023,NonMCI,28,136,0.2059,449.07,96.5,7,Very Safe,Auto Theft
Centennial Scarborough (133),2023,Robbery,7,136,0.0515,449.07,96.5,7,Very Safe,Auto Theft
Centennial Scarborough (133),2023,Theft Over,2,136,0.0147,449.07,96.5,7,Very Safe,Auto Theft
Church-Wellesley (167),2023,Assault,312,565,0.5522,2342.88,57.9,142,Moderate,Assault
Church-Wellesley (167),2023,Auto Theft,34,565,0.0602,2342.88,57.9,142,Moderate,Assault
Church-Wellesley (167),2023,Break and Enter,72,565,0.1274,2342.88,57.9,142,Moderate,Assault
Church-Wellesley (167),2023,NonMCI,68,565,0.1204,2342.88,57.9,142,Moderate,Assault
Church-Wellesley (167),2023,Robbery,53,565,0.0938,2342.88,57.9,142,Moderate,Assault
Church-Wellesley (167),2023,Theft Over,26,565,0.046,2342.88,57.9,142,Moderate,Assault
Clairlea-Birchmount (120),2023,Assault,272,555,0.4901,2131.37,62.2,139,Safe,Assault
Clairlea-Birchmount (120),2023,Auto Theft,113,555,0.2036,2131.37,62.2,139,Safe,Assault
Clairlea-Birchmount (120),2023,Break and Enter,59,555,0.1063,2131.37,62.2,139,Safe,Assault
Clairlea-Birchmount (120),2023,NonMCI,84,555,0.1514,2131.37,62.2,139,Safe,Assault
Clairlea-Birchmount (120),2023,Robbery,19,555,0.0342,2131.37,62.2,139,Safe,Assault
Clairlea-Birchmount (120),2023,Theft Over,8,555,0.0144,2131.37,62.2,139,Safe,Assault
Clanton Park (33),2023,Assault,119,423,0.2813,1408.41,76.9,115,Safe,Auto Theft
Clanton Park (33),2023,Auto Theft,143,423,0.3381,1408.41,76.9,115,Safe,Auto Theft
Clanton Park (33),2023,Break and Enter,67,423,0.1584,1408.41,76.9,115,Safe,Auto Theft
Clanton Park (33),2023,NonMCI,72,423,0.1702,1408.41,76.9,115,Safe,Auto Theft
Clanton Park (33),2023,Robbery,13,423,0.0307,1408.41,76.9,115,Safe,Auto Theft
Clanton Park (33),2023,Theft Over,9,423,0.0213,1408.41,76.9,115,Safe,Auto Theft
Cliffcrest (123),2023,Assault,163,307,0.5309,1203.79,81.1,103,Very Safe,Assault
Cliffcrest (123),2023,Auto Theft,56,307,0.1824,1203.79,81.1,103,Very Safe,Assault
Cliffcrest (123),2023,Break and Enter,25,307,0.0814,1203.79,81.1,103,Very Safe,Assault
Cliffcrest (123),2023,NonMCI,48,307,0.1564,1203.79,81.1,103,Very Safe,Assault
Cliffcrest (123),2023,Robbery,11,307,0.0358,1203.79,81.1,103,Very Safe,Assault
Cliffcrest (123),2023,Theft Over,4,307,0.013,1203.79,81.1,103,Very Safe,Assault
Corso Italia-Davenport (92),2023,Assault,114,255,0.4471,984.75,85.6,79,Very Safe,Assault
Corso Italia-Davenport (92),2023,Auto Theft,36,255,0.1412,984.75,85.6,79,Very Safe,Assault
Corso Italia-Davenport (92),2023,Break and Enter,41,255,0.1608,984.75,85.6,79,Very Safe,Assault
Corso Italia-Davenport (92),2023,NonMCI,35,255,0.1373,984.75,85.6,79,Very Safe,Assault
Corso Italia-Davenport (92),2023,Robbery,18,255,0.0706,984.75,85.6,79,Very Safe,Assault
Corso Italia-Davenport (92),2023,Theft Over,11,255,0.0431,984.75,85.6,79,Very Safe,Assault
Danforth (66),2023,Assault,126,226,0.5575,931.84,86.6,72,Very Safe,Assault
Danforth (66),2023,Auto Theft,24,226,0.1062,931.84,86.6,72,Very Safe,Assault
Danforth (66),2023,Break and Enter,24,226,0.1062,931.84,86.6,72,Very Safe,Assault
Danforth (66),2023,NonMCI,28,226,0.1239,931.84,86.6,72,Very Safe,Assault
Danforth (66),2023,Robbery,19,226,0.0841,931.84,86.6,72,Very Safe,Assault
Danforth (66),2023,Theft Over,5,226,0.0221,931.84,86.6,72,Very Safe,Assault
Danforth East York (59),2023,Assault,93,206,0.4515,747.22,90.4,43,Very Safe,Assault
Danforth East York (59),2023,Auto Theft,51,206,0.2476,747.22,90.4,43,Very Safe,Assault
Danforth East York (59),2023,Break and Enter,11,206,0.0534,747.22,90.4,43,Very Safe,Assault
Danforth East York (59),2023,NonMCI,43,206,0.2087,747.22,90.4,43,Very Safe,Assault
Danforth East York (59),2023,Robbery,4,206,0.0194,747.22,90.4,43,Very Safe,Assault
Danforth East York (59),2023,Theft Over,4,206,0.0194,747.22,90.4,43,Very Safe,Assault
Don Valley Village (47),2023,Assault,150,483,0.3106,1617.63,72.7,124,Safe,Assault
Don Valley Village (47),2023,Auto Theft,146,483,0.3023,1617.63,72.7,124,Safe,Assault
Don Valley Village (47),2023,Break and Enter,45,483,0.0932,1617.63,72.7,124,Safe,Assault
Don Valley Village (47),2023,NonMCI,102,483,0.2112,1617.63,72.7,124,Safe,Assault
Don Valley Village (47),2023,Robbery,25,483,0.0518,1617.63,72.7,124,Safe,Assault
Don Valley Village (47),2023,Theft Over,15,483,0.0311,1617.63,72.7,124,Safe,Assault
Dorset Park (126),2023,Assault,201,493,0.4077,1807.44,68.8,131,Safe,Assault
Dorset Park (126),2023,Auto Theft,90,493,0.1826,1807.44,68.8,131,Safe,Assault
Dorset Park (126),2023,Break and Enter,66,493,0.1339,1807.44,68.8,131,Safe,Assault
Dorset Park (126),2023,NonMCI,85,493,0.1724,1807.44,68.8,131,Safe,Assault
Dorset Park (126),2023,Robbery,26,493,0.0527,1807.44,68.8,131,Safe,Assault
Dorset Park (126),2023,Theft Over,25,493,0.0507,1807.44,68.8,131,Safe,Assault
Dovercourt Village (172),2023,Assault,96,218,0.4404,862.23,88.1,60,Very Safe,Assault
Dovercourt Village (172),2023,Auto Theft,29,218,0.133,862.23,88.1,60,Very Safe,Assault
Dovercourt Village (172),2023,Break and Enter,47,218,0.2156,862.23,88.1,60,Very Safe,Assault
Dovercourt Village (172),2023,NonMCI,25,218,0.1147,862.23,88.1,60,Very Safe,Assault
Dovercourt Village (172),2023,Robbery,20,218,0.0917,862.23,88.1,60,Very Safe,Assault
Dovercourt Village (172),2023,Theft Over,1,218,0.0046,862.23,88.1,60,Very Safe,Assault
Downsview (155),2023,Assault,189,462,0.4091,1719.15,70.6,129,Safe,Assault
Downsview (155),2023,Auto Theft,94,462,0.2035,1719.15,70.6,129,Safe,Assault
Downsview (155),2023,Break and Enter,74,462,0.1602,1719.15,70.6,129,Safe,Assault
Downsview (155),2023,NonMCI,64,462,0.1385,1719.15,70.6,129,Safe,Assault
Downsview (155),2023,Robbery,24,462,0.0519,1719.15,70.6,129,Safe,Assault
Downsview (155),2023,Theft Over,17,462,0.0368,1719.15,70.6,129,Safe,Assault
Downtown Yonge East (168),2023,Assault,585,951,0.6151,4080.95,22.6,157,Risky,Assault
Downtown Yonge East (168),2023,Auto Theft,42,951,0.0442,4080.95,22.6,157,Risky,Assault
Downtown Yonge East (168),2023,Break and Enter,117,951,0.123,4080.95,22.6,157,Risky,Assault
Downtown Yonge East (168),2023,NonMCI,105,951,0.1104,4080.95,22.6,157,Risky,Assault
Downtown Yonge East (168),2023,Robbery,76,951,0.0799,4080.95,22.6,157,Risky,Assault
Downtown Yonge East (168),2023,Theft Over,26,951,0.0273,4080.95,22.6,157,Risky,Assault
Dufferin Grove (83),2023,Assault,139,255,0.5451,1048.55,84.3,87,Very Safe,Assault
Dufferin Grove (83),2023,Auto Theft,16,255,0.0627,1048.55,84.3,87,Very Safe,Assault
Dufferin Grove (83),2023,Break and Enter,36,255,0.1412,1048.55,84.3,87,Very Safe,Assault
Dufferin Grove (83),2023,NonMCI,36,255,0.1412,1048.55,84.3,87,Very Safe,Assault
Dufferin Grove (83),2023,Robbery,21,255,0.0824,1048.55,84.3,87,Very Safe,Assault
Dufferin Grove (83),2023,Theft Over,7,255,0.0275,1048.55,84.3,87,Very Safe,Assault
East End-Danforth (62),2023,Assault,192,372,0.5161,1454.18,76.0,118,Safe,Assault
East End-Danforth (62),2023,Auto Theft,49,372,0.1317,1454.18,76.0,118,Safe,Assault
East End-Danforth (62),2023,Break and Enter,42,372,0.1129,1454.18,76.0,118,Safe,Assault
East End-Danforth (62),2023,NonMCI,63,372,0.1694,1454.18,76.0,118,Safe,Assault
East End-Danforth (62),2023,Robbery,18,372,0.0484,1454.18,76.0,118,Safe,Assault
East End-Danforth (62),2023,Theft Over,8,372,0.0215,1454.18,76.0,118,Safe,Assault
East L'Amoreaux (148),2023,Assault,72,202,0.3564,707.75,91.2,35,Very Safe,Assault
East L'Amoreaux (148),2023,Auto Theft,49,202,0.2426,707.75,91.2,35,Very Safe,Assault
East L'Amoreaux (148),2023,Break and Enter,26,202,0.1287,707.75,91.2,35,Very Safe,Assault
East L'Amoreaux (148),2023,NonMCI,39,202,0.1931,707.75,91.2,35,Very Safe,Assault
East L'Amoreaux (148),2023,Robbery,10,202,0.0495,707.75,91.2,35,Very Safe,Assault
East L'Amoreaux (148),2023,Theft Over,6,202,0.0297,707.75,91.2,35,Very Safe,Assault
East Willowdale (152),2023,Assault,44,294,0.1497,897.27,87.3,64,Very Safe,Auto Theft
East Willowdale (152),2023,Auto Theft,83,294,0.2823,897.27,87.3,64,Very Safe,Auto Theft
East Willowdale (152),2023,Break and Enter,70,294,0.2381,897.27,87.3,64,Very Safe,Auto Theft
East Willowdale (152),2023,NonMCI,67,294,0.2279,897.27,87.3,64,Very Safe,Auto Theft
East Willowdale (152),2023,Robbery,16,294,0.0544,897.27,87.3,64,Very Safe,Auto Theft
East Willowdale (152),2023,Theft Over,14,294,0.0476,897.27,87.3,64,Very Safe,Auto Theft
Edenbridge-Humber Valley (9),2023,Assault,48,258,0.186,827.33,88.8,57,Very Safe,Auto Theft
Edenbridge-Humber Valley (9),2023,Auto Theft,108,258,0.4186,827.33,88.8,57,Very Safe,Auto Theft
Edenbridge-Humber Valley (9),2023,Break and Enter,63,258,0.2442,827.33,88.8,57,Very Safe,Auto Theft
Edenbridge-Humber Valley (9),2023,NonMCI,27,258,0.1047,827.33,88.8,57,Very Safe,Auto Theft
Edenbridge-Humber Valley (9),2023,Robbery,6,258,0.0233,827.33,88.8,57,Very Safe,Auto Theft
Edenbridge-Humber Valley (9),2023,Theft Over,6,258,0.0233,827.33,88.8,57,Very Safe,Auto Theft
Eglinton East (138),2023,Assault,147,384,0.3828,1373.28,77.7,110,Safe,Assault
Eglinton East (138),2023,Auto Theft,47,384,0.1224,1373.28,77.7,110,Safe,Assault
Eglinton East (138),2023,Break and Enter,53,384,0.138,1373.28,77.7,110,Safe,Assault
Eglinton East (138),2023,NonMCI,97,384,0.2526,1373.28,77.7,110,Safe,Assault
Eglinton East (138),2023,Robbery,31,384,0.0807,1373.28,77.7,110,Safe,Assault
Eglinton East (138),2023,Theft Over,9,384,0.0234,1373.28,77.7,110,Safe,Assault
Elms-Old Rexdale (5),2023,Assault,58,175,0.3314,597.27,93.4,24,Very Safe,Assault
Elms-Old Rexdale (5),2023,Auto Theft,39,175,0.2229,597.27,93.4,24,Very Safe,Assault
Elms-Old Rexdale (5),2023,Break and Enter,16,175,0.0914,597.27,93.4,24,Very Safe,Assault
Elms-Old Rexdale (5),2023,NonMCI,44,175,0.2514,597.27,93.4,24,Very Safe,Assault
Elms-Old Rexdale (5),2023,Robbery,14,175,0.08,597.27,93.4,24,Very Safe,Assault
Elms-Old Rexdale (5),2023,Theft Over,4,175,0.0229,597.27,93.4,24,Very Safe,Assault
Englemount-Lawrence (32),2023,Assault,122,310,0.3935,1134.63,82.5,97,Very Safe,Assault
Englemount-Lawrence (32),2023,Auto Theft,66,310,0.2129,1134.63,82.5,97,Very Safe,Assault
Englemount-Lawrence (32),2023,Break and Enter,50,310,0.1613,1134.63,82.5,97,Very Safe,Assault
Englemount-Lawrence (32),2023,NonMCI,50,310,0.1613,1134.63,82.5,97,Very Safe,Assault
Englemount-Lawrence (32),2023,Robbery,15,310,0.0484,1134.63,82.5,97,Very Safe,Assault
Englemount-Lawrence (32),2023,Theft Over,7,310,0.0226,1134.63,82.5,97,Very Safe,Assault
Eringate-Centennial-West Deane (11),2023,Assault,82,283,0.2898,942.95,86.4,74,Very Safe,Auto Theft
Eringate-Centennial-West Deane (11),2023,Auto Theft,114,283,0.4028,942.95,86.4,74,Very Safe,Auto Theft
Eringate-Centennial-West Deane (11),2023,Break and Enter,29,283,0.1025,942.95,86.4,74,Very Safe,Auto Theft
Eringate-Centennial-West Deane (11),2023,NonMCI,44,283,0.1555,942.95,86.4,74,Very Safe,Auto Theft
Eringate-Centennial-West Deane (11),2023,Robbery,11,283,0.0389,942.95,86.4,74,Very Safe,Auto Theft
Eringate-Centennial-West Deane (11),2023,Theft Over,3,283,0.0106,942.95,86.4,74,Very Safe,Auto Theft
Etobicoke City Centre (159),2023,Assault,270,850,0.3176,2830.63,48.0,147,Moderate,Assault
Etobicoke City Centre (159),2023,Auto Theft,249,850,0.2929,2830.63,48.0,147,Moderate,Assault
Etobicoke City Centre (159),2023,Break and Enter,72,850,0.0847,2830.63,48.0,147,Moderate,Assault
Etobicoke City Centre (159),2023,NonMCI,171,850,0.2012,2830.63,48.0,147,Moderate,Assault
Etobicoke City Centre (159),2023,Robbery,26,850,0.0306,2830.63,48.0,147,Moderate,Assault
Etobicoke City Centre (159),2023,Theft Over,62,850,0.0729,2830.63,48.0,147,Moderate,Assault
Etobicoke West Mall (13),2023,Assault,62,185,0.3351,607.11,93.2,26,Very Safe,Assault
Etobicoke West Mall (13),2023,Auto Theft,60,185,0.3243,607.11,93.2,26,Very Safe,Assault
Etobicoke West Mall (13),2023,Break and Enter,12,185,0.0649,607.11,93.2,26,Very Safe,Assault
Etobicoke West Mall (13),2023,NonMCI,45,185,0.2432,607.11,93.2,26,Very Safe,Assault
Etobicoke West Mall (13),2023,Robbery,1,185,0.0054,607.11,93.2,26,Very Safe,Assault
Etobicoke West Mall (13),2023,Theft Over,5,185,0.027,607.11,93.2,26,Very Safe,Assault
Fenside-Parkwoods (150),2023,Assault,122,235,0.5191,926.06,86.8,68,Very Safe,Assault
Fenside-Parkwoods (150),2023,Auto Theft,41,235,0.1745,926.06,86.8,68,Very Safe,Assault
Fenside-Parkwoods (150),2023,Break and Enter,20,235,0.0851,926.06,86.8,68,Very Safe,Assault
Fenside-Parkwoods (150),2023,NonMCI,33,235,0.1404,926.06,86.8,68,Very Safe,Assault
Fenside-Parkwoods (150),2023,Robbery,12,235,0.0511,926.06,86.8,68,Very Safe,Assault
Fenside-Parkwoods (150),2023,Theft Over,7,235,0.0298,926.06,86.8,68,Very Safe,Assault
Flemingdon Park (44),2023,Assault,142,271,0.524,1052.47,84.2,88,Very Safe,Assault
Flemingdon Park (44),2023,Auto Theft,38,271,0.1402,1052.47,84.2,88,Very Safe,Assault
Flemingdon Park (44),2023,Break and Enter,25,271,0.0923,1052.47,84.2,88,Very Safe,Assault
Flemingdon Park (44),2023,NonMCI,52,271,0.1919,1052.47,84.2,88,Very Safe,Assault
Flemingdon Park (44),2023,Robbery,9,271,0.0332,1052.47,84.2,88,Very Safe,Assault
Flemingdon Park (44),2023,Theft Over,5,271,0.0185,1052.47,84.2,88,Very Safe,Assault
Forest Hill North (102),2023,Assault,54,194,0.2784,656.64,92.2,31,Very Safe,Assault
Forest Hill North (102),2023,Auto Theft,52,194,0.268,656.64,92.2,31,Very Safe,Assault
Forest Hill North (102),2023,Break and Enter,43,194,0.2216,656.64,92.2,31,Very Safe,Assault
Forest Hill North (102),2023,NonMCI,33,194,0.1701,656.64,92.2,31,Very Safe,Assault
Forest Hill North (102),2023,Robbery,9,194,0.0464,656.64,92.2,31,Very Safe,Assault
Forest Hill North (102),2023,Theft Over,3,194,0.0155,656.64,92.2,31,Very Safe,Assault
Forest Hill South (101),2023,Assault,42,218,0.1927,718.11,91.0,37,Very Safe,Auto Theft
Forest Hill South (101),2023,Auto Theft,85,218,0.3899,718.11,91.0,37,Very Safe,Auto Theft
Forest Hill South (101),2023,Break and Enter,73,218,0.3349,718.11,91.0,37,Very Safe,Auto Theft
Forest Hill South (101),2023,NonMCI,15,218,0.0688,718.11,91.0,37,Very Safe,Auto Theft
Forest Hill South (101),2023,Robbery,1,218,0.0046,718.11,91.0,37,Very Safe,Auto Theft
Forest Hill South (101),2023,Theft Over,2,218,0.0092,718.11,91.0,37,Very Safe,Auto Theft
Fort York-Liberty Village (163),2023,Assault,156,265,0.5887,1094.57,83.3,93,Very Safe,Assault
Fort York-Liberty Village (163),2023,Auto Theft,24,265,0.0906,1094.57,83.3,93,Very Safe,Assault
Fort York-Liberty Village (163),2023,Break and Enter,33,265,0.1245,1094.57,83.3,93,Very Safe,Assault
Fort York-Liberty Village (163),2023,NonMCI,34,265,0.1283,1094.57,83.3,93,Very Safe,Assault
Fort York-Liberty Village (163),2023,Robbery,7,265,0.0264,1094.57,83.3,93,Very Safe,Assault
Fort York-Liberty Village (163),2023,Theft Over,11,265,0.0415,1094.57,83.3,93,Very Safe,Assault
Glenfield-Jane Heights (25),2023,Assault,307,567,0.5414,2287.09,59.1,141,Moderate,Assault
Glenfield-Jane Heights (25),2023,Auto Theft,117,567,0.2063,2287.09,59.1,141,Moderate,Assault
Glenfield-Jane Heights (25),2023,Break and Enter,44,567,0.0776,2287.09,59.1,141,Moderate,Assault
Glenfield-Jane Heights (25),2023,NonMCI,47,567,0.0829,2287.09,59.1,141,Moderate,Assault
Glenfield-Jane Heights (25),2023,Robbery,26,567,0.0459,2287.09,59.1,141,Moderate,Assault
Glenfield-Jane Heights (25),2023,Theft Over,26,567,0.0459,2287.09,59.1,141,Moderate,Assault
Golfdale-Cedarbrae-Woburn (141),2023,Assault,171,370,0.4622,1393.05,77.3,114,Safe,Assault
Golfdale-Cedarbrae-Woburn (141),2023,Auto Theft,68,370,0.1838,1393.05,77.3,114,Safe,Assault
Golfdale-Cedarbrae-Woburn (141),2023,Break and Enter,25,370,0.0676,1393.05,77.3,114,Safe,Assault
Golfdale-Cedarbrae-Woburn (141),2023,NonMCI,71,370,0.1919,1393.05,77.3,114,Safe,Assault
Golfdale-Cedarbrae-Woburn (141),2023,Robbery,26,370,0.0703,1393.05,77.3,114,Safe,Assault
Golfdale-Cedarbrae-Woburn (141),2023,Theft Over,9,370,0.0243,1393.05,77.3,114,Safe,Assault
Greenwood-Coxwell (65),2023,Assault,113,203,0.5567,810.26,89.1,53,Very Safe,Assault
Greenwood-Coxwell (65),2023,Auto Theft,27,203,0.133,810.26,89.1,53,Very Safe,Assault
Greenwood-Coxwell (65),2023,Break and Enter,20,203,0.0985,810.26,89.1,53,Very Safe,Assault
Greenwood-Coxwell (65),2023,NonMCI,33,203,0.1626,810.26,89.1,53,Very Safe,Assault
Greenwood-Coxwell (65),2023,Robbery,7,203,0.0345,810.26,89.1,53,Very Safe,Assault
Greenwood-Coxwell (65),2023,Theft Over,3,203,0.0148,810.26,89.1,53,Very Safe,Assault
Guildwood (140),2023,Assault,50,113,0.4425,403.93,97.4,4,Very Safe,Assault
Guildwood (140),2023,Auto Theft,21,113,0.1858,403.93,97.4,4,Very Safe,Assault
Guildwood (140),2023,Break and Enter,9,113,0.0796,403.93,97.4,4,Very Safe,Assault
Guildwood (140),2023,NonMCI,27,113,0.2389,403.93,97.4,4,Very Safe,Assault
Guildwood (140),2023,Robbery,1,113,0.0088,403.93,97.4,4,Very Safe,Assault
Guildwood (140),2023,Theft Over,5,113,0.0442,403.93,97.4,4,Very Safe,Assault
Harbourfront-CityPlace (165),2023,Assault,263,498,0.5281,1970.06,65.5,134,Safe,Assault
Harbourfront-CityPlace (165),2023,Auto Theft,32,498,0.0643,1970.06,65.5,134,Safe,Assault
Harbourfront-CityPlace (165),2023,Break and Enter,76,498,0.1526,1970.06,65.5,134,Safe,Assault
Harbourfront-CityPlace (165),2023,NonMCI,92,498,0.1847,1970.06,65.5,134,Safe,Assault
Harbourfront-CityPlace (165),2023,Robbery,20,498,0.0402,1970.06,65.5,134,Safe,Assault
Harbourfront-CityPlace (165),2023,Theft Over,15,498,0.0301,1970.06,65.5,134,Safe,Assault
Henry Farm (53),2023,Assault,96,292,0.3288,960.22,86.1,76,Very Safe,Assault
Henry Farm (53),2023,Auto Theft,66,292,0.226,960.22,86.1,76,Very Safe,Assault
Henry Farm (53),2023,Break and Enter,26,292,0.089,960.22,86.1,76,Very Safe,Assault
Henry Farm (53),2023,NonMCI,84,292,0.2877,960.22,86.1,76,Very Safe,Assault
Henry Farm (53),2023,Robbery,9,292,0.0308,960.22,86.1,76,Very Safe,Assault
Henry Farm (53),2023,Theft Over,11,292,0.0377,960.22,86.1,76,Very Safe,Assault
High Park North (88),2023,Assault,177,321,0.5514,1337.77,78.4,107,Safe,Assault
High Park North (88),2023,Auto Theft,40,321,0.1246,1337.77,78.4,107,Safe,Assault
High Park North (88),2023,Break and Enter,55,321,0.1713,1337.77,78.4,107,Safe,Assault
High Park North (88),2023,NonMCI,25,321,0.0779,1337.77,78.4,107,Safe,Assault
High Park North (88),2023,Robbery,21,321,0.0654,1337.77,78.4,107,Safe,Assault
High Park North (88),2023,Theft Over,3,321,0.0093,1337.77,78.4,107,Safe,Assault
High Park-Swansea (87),2023,Assault,103,260,0.3962,959.19,86.1,76,Very Safe,Assault
High Park-Swansea (87),2023,Auto Theft,50,260,0.1923,959.19,86.1,76,Very Safe,Assault
High Park-Swansea (87),2023,Break and Enter,51,260,0.1962,959.19,86.1,76,Very Safe,Assault
High Park-Swansea (87),2023,NonMCI,36,260,0.1385,959.19,86.1,76,Very Safe,Assault
High Park-Swansea (87),2023,Robbery,9,260,0.0346,959.19,86.1,76,Very Safe,Assault
High Park-Swansea (87),2023,Theft Over,11,260,0.0423,959.19,86.1,76,Very Safe,Assault
Highland Creek (134),2023,Assault,61,153,0.3987,550.18,94.4,18,Very Safe,Assault
Highland Creek (134),2023,Auto Theft,53,153,0.3464,550.18,94.4,18,Very Safe,Assault
Highland Creek (134),2023,Break and Enter,14,153,0.0915,550.18,94.4,18,Very Safe,Assault
Highland Creek (134),2023,NonMCI,20,153,0.1307,550.18,94.4,18,Very Safe,Assault
Highland Creek (134),2023,Robbery,3,153,0.0196,550.18,94.4,18,Very Safe,Assault
Highland Creek (134),2023,Theft Over,2,153,0.0131,550.18,94.4,18,Very Safe,Assault
Hillcrest Village (48),2023,Assault,70,231,0.303,791.4,89.5,50,Very Safe,Assault
Hillcrest Village (48),2023,Auto Theft,62,231,0.2684,791.4,89.5,50,Very Safe,Assault
Hillcrest Village (48),2023,Break and Enter,39,231,0.1688,791.4,89.5,50,Very Safe,Assault
Hillcrest Village (48),2023,NonMCI,40,231,0.1732,791.4,89.5,50,Very Safe,Assault
Hillcrest Village (48),2023,Robbery,12,231,0.0519,791.4,89.5,50,Very Safe,Assault
Hillcrest Village (48),2023,Theft Over,8,231,0.0346,791.4,89.5,50,Very Safe,Assault
Humber Bay Shores (161),2023,Assault,149,305,0.4885,1184.16,81.5,101,Very Safe,Assault
Humber Bay Shores (161),2023,Auto Theft,72,305,0.2361,1184.16,81.5,101,Very Safe,Assault
Humber Bay Shores (161),2023,Break and Enter,36,305,0.118,1184.16,81.5,101,Very Safe,Assault
Humber Bay Shores (161),2023,NonMCI,31,305,0.1016,1184.16,81.5,101,Very Safe,Assault
Humber Bay Shores (161),2023,Robbery,9,305,0.0295,1184.16,81.5,101,Very Safe,Assault
Humber Bay Shores (161),2023,Theft Over,8,305,0.0262,1184.16,81.5,101,Very Safe,Assault
Humber Heights-Westmount (8),2023,Assault,45,108,0.4167,394.52,97.6,3,Very Safe,Assault
Humber Heights-Westmount (8),2023,Auto Theft,25,108,0.2315,394.52,97.6,3,Very Safe,Assault
Humber Heights-Westmount (8),2023,Break and Enter,12,108,0.1111,394.52,97.6,3,Very Safe,Assault
Humber Heights-Westmount (8),2023,NonMCI,19,108,0.1759,394.52,97.6,3,Very Safe,Assault
Humber Heights-Westmount (8),2023,Robbery,5,108,0.0463,394.52,97.6,3,Very Safe,Assault
Humber Heights-Westmount (8),2023,Theft Over,2,108,0.0185,394.52,97.6,3,Very Safe,Assault
Humber Summit (21),2023,Assault,156,507,0.3077,1748.26,70.0,130,Safe,Assault
Humber Summit (21),2023,Auto Theft,116,507,0.2288,1748.26,70.0,130,Safe,Assault
Humber Summit (21),2023,Break and Enter,91,507,0.1795,1748.26,70.0,130,Safe,Assault
Humber Summit (21),2023,NonMCI,80,507,0.1578,1748.26,70.0,130,Safe,Assault
Humber Summit (21),2023,Robbery,22,507,0.0434,1748.26,70.0,130,Safe,Assault
Humber Summit (21),2023,Theft Over,42,507,0.0828,1748.26,70.0,130,Safe,Assault
Humbermede (22),2023,Assault,142,389,0.365,1345.76,78.2,109,Safe,Assault
Humbermede (22),2023,Auto Theft,119,389,0.3059,1345.76,78.2,109,Safe,Assault
Humbermede (22),2023,Break and Enter,29,389,0.0746,1345.76,78.2,109,Safe,Assault
Humbermede (22),2023,NonMCI,76,389,0.1954,1345.76,78.2,109,Safe,Assault
Humbermede (22),2023,Robbery,14,389,0.036,1345.76,78.2,109,Safe,Assault
Humbermede (22),2023,Theft Over,9,389,0.0231,1345.76,78.2,109,Safe,Assault
Humewood-Cedarvale (106),2023,Assault,55,170,0.3235,588.21,93.6,22,Very Safe,Assault
Humewood-Cedarvale (106),2023,Auto Theft,51,170,0.3,588.21,93.6,22,Very Safe,Assault
Humewood-Cedarvale (106),2023,Break and Enter,35,170,0.2059,588.21,93.6,22,Very Safe,Assault
Humewood-Cedarvale (106),2023,NonMCI,25,170,0.1471,588.21,93.6,22,Very Safe,Assault
Humewood-Cedarvale (106),2023,Robbery,1,170,0.0059,588.21,93.6,22,Very Safe,Assault
Humewood-Cedarvale (106),2023,Theft Over,3,170,0.0176,588.21,93.6,22,Very Safe,Assault
Ionview (125),2023,Assault,117,198,0.5909,799.14,89.3,51,Very Safe,Assault
Ionview (125),2023,Auto Theft,30,198,0.1515,799.14,89.3,51,Very Safe,Assault
Ionview (125),2023,Break and Enter,14,198,0.0707,799.14,89.3,51,Very Safe,Assault
Ionview (125),2023,NonMCI,32,198,0.1616,799.14,89.3,51,Very Safe,Assault
Ionview (125),2023,Robbery,4,198,0.0202,799.14,89.3,51,Very Safe,Assault
Ionview (125),2023,Theft Over,1,198,0.0051,799.14,89.3,51,Very Safe,Assault
Islington (158),2023,Assault,132,420,0.3143,1442.87,76.2,117,Safe,Auto Theft
Islington (158),2023,Auto Theft,159,420,0.3786,1442.87,76.2,117,Safe,Auto Theft
Islington (158),2023,Break and Enter,58,420,0.1381,1442.87,76.2,117,Safe,Auto Theft
Islington (158),2023,NonMCI,47,420,0.1119,1442.87,76.2,117,Safe,Auto Theft
Islington (158),2023,Robbery,11,420,0.0262,1442.87,76.2,117,Safe,Auto Theft
Islington (158),2023,Theft Over,13,420,0.031,1442.87,76.2,117,Safe,Auto Theft
Junction Area (90),2023,Assault,127,299,0.4247,1146.25,82.3,99,Very Safe,Assault
Junction Area (90),2023,Auto Theft,40,299,0.1338,1146.25,82.3,99,Very Safe,Assault
Junction Area (90),2023,Break and Enter,67,299,0.2241,1146.25,82.3,99,Very Safe,Assault
Junction Area (90),2023,NonMCI,39,299,0.1304,1146.25,82.3,99,Very Safe,Assault
Junction Area (90),2023,Robbery,17,299,0.0569,1146.25,82.3,99,Very Safe,Assault
Junction Area (90),2023,Theft Over,9,299,0.0301,1146.25,82.3,99,Very Safe,Assault
Junction-Wallace Emerson (171),2023,Assault,206,398,0.5176,1602.26,73.0,123,Safe,Assault
Junction-Wallace Emerson (171),2023,Auto Theft,30,398,0.0754,1602.26,73.0,123,Safe,Assault
Junction-Wallace Emerson (171),2023,Break and Enter,83,398,0.2085,1602.26,73.0,123,Safe,Assault
Junction-Wallace Emerson (171),2023,NonMCI,54,398,0.1357,1602.26,73.0,123,Safe,Assault
Junction-Wallace Emerson (171),2023,Robbery,17,398,0.0427,1602.26,73.0,123,Safe,Assault
Junction-Wallace Emerson (171),2023,Theft Over,8,398,0.0201,1602.26,73.0,123,Safe,Assault
Keelesdale-Eglinton West (110),2023,Assault,99,206,0.4806,821.98,88.9,55,Very Safe,Assault
Keelesdale-Eglinton West (110),2023,Auto Theft,34,206,0.165,821.98,88.9,55,Very Safe,Assault
Keelesdale-Eglinton West (110),2023,Break and Enter,28,206,0.1359,821.98,88.9,55,Very Safe,Assault
Keelesdale-Eglinton West (110),2023,NonMCI,22,206,0.1068,821.98,88.9,55,Very Safe,Assault
Keelesdale-Eglinton West (110),2023,Robbery,21,206,0.1019,821.98,88.9,55,Very Safe,Assault
Keelesdale-Eglinton West (110),2023,Theft Over,2,206,0.0097,821.98,88.9,55,Very Safe,Assault
Kennedy Park (124),2023,Assault,284,477,0.5954,1969.87,65.5,134,Safe,Assault
Kennedy Park (124),2023,Auto Theft,44,477,0.0922,1969.87,65.5,134,Safe,Assault
Kennedy Park (124),2023,Break and Enter,40,477,0.0839,1969.87,65.5,134,Safe,Assault
Kennedy Park (124),2023,NonMCI,70,477,0.1468,1969.87,65.5,134,Safe,Assault
Kennedy Park (124),2023,Robbery,27,477,0.0566,1969.87,65.5,134,Safe,Assault
Kennedy Park (124),2023,Theft Over,12,477,0.0252,1969.87,65.5,134,Safe,Assault
Kensington-Chinatown (78),2023,Assault,450,816,0.5515,3362.85,37.2,153,Risky,Assault
Kensington-Chinatown (78),2023,Auto Theft,47,816,0.0576,3362.85,37.2,153,Risky,Assault
Kensington-Chinatown (78),2023,Break and Enter,147,816,0.1801,3362.85,37.2,153,Risky,Assault
Kensington-Chinatown (78),2023,NonMCI,100,816,0.1225,3362.85,37.2,153,Risky,Assault
Kensington-Chinatown (78),2023,Robbery,44,816,0.0539,3362.85,37.2,153,Risky,Assault
Kensington-Chinatown (78),2023,Theft Over,28,816,0.0343,3362.85,37.2,153,Risky,Assault
Kingsview Village-The Westway (6),2023,Assault,134,392,0.3418,1336.27,78.4,107,Safe,Assault
Kingsview Village-The Westway (6),2023,Auto Theft,100,392,0.2551,1336.27,78.4,107,Safe,Assault
Kingsview Village-The Westway (6),2023,Break and Enter,38,392,0.0969,1336.27,78.4,107,Safe,Assault
Kingsview Village-The Westway (6),2023,NonMCI,93,392,0.2372,1336.27,78.4,107,Safe,Assault
Kingsview Village-The Westway (6),2023,Robbery,20,392,0.051,1336.27,78.4,107,Safe,Assault
Kingsview Village-The Westway (6),2023,Theft Over,7,392,0.0179,1336.27,78.4,107,Safe,Assault
Kingsway South (15),2023,Assault,55,213,0.2582,731.46,90.7,41,Very Safe,Auto Theft
Kingsway South (15),2023,Auto Theft,80,213,0.3756,731.46,90.7,41,Very Safe,Auto Theft
Kingsway South (15),2023,Break and Enter,55,213,0.2582,731.46,90.7,41,Very Safe,Auto Theft
Kingsway South (15),2023,NonMCI,12,213,0.0563,731.46,90.7,41,Very Safe,Auto Theft
Kingsway South (15),2023,Robbery,4,213,0.0188,731.46,90.7,41,Very Safe,Auto Theft
Kingsway South (15),2023,Theft Over,7,213,0.0329,731.46,90.7,41,Very Safe,Auto Theft
L'Amoreaux West (147),2023,Assault,108,254,0.4252,935.19,86.6,72,Very Safe,Assault
L'Amoreaux West (147),2023,Auto Theft,57,254,0.2244,935.19,86.6,72,Very Safe,Assault
L'Amoreaux West (147),2023,Break and Enter,27,254,0.1063,935.19,86.6,72,Very Safe,Assault
L'Amoreaux West (147),2023,NonMCI,46,254,0.1811,935.19,86.6,72,Very Safe,Assault
L'Amoreaux West (147),2023,Robbery,13,254,0.0512,935.19,86.6,72,Very Safe,Assault
L'Amoreaux West (147),2023,Theft Over,3,254,0.0118,935.19,86.6,72,Very Safe,Assault
Lambton Baby Point (114),2023,Assault,30,78,0.3846,292.33,99.6,2,Very Safe,Assault
Lambton Baby Point (114),2023,Auto Theft,19,78,0.2436,292.33,99.6,2,Very Safe,Assault
Lambton Baby Point (114),2023,Break and Enter,15,78,0.1923,292.33,99.6,2,Very Safe,Assault
Lambton Baby Point (114),2023,NonMCI,7,78,0.0897,292.33,99.6,2,Very Safe,Assault
Lambton Baby Point (114),2023,Robbery,5,78,0.0641,292.33,99.6,2,Very Safe,Assault
Lambton Baby Point (114),2023,Theft Over,2,78,0.0256,292.33,99.6,2,Very Safe,Assault
Lansing-Westgate (38),2023,Assault,82,321,0.2555,1063.91,84.0,90,Very Safe,Auto Theft
Lansing-Westgate (38),2023,Auto Theft,108,321,0.3364,1063.91,84.0,90,Very Safe,Auto Theft
Lansing-Westgate (38),2023,Break and Enter,53,321,0.1651,1063.91,84.0,90,Very Safe,Auto Theft
Lansing-Westgate (38),2023,NonMCI,52,321,0.162,1063.91,84.0,90,Very Safe,Auto Theft
Lansing-Westgate (38),2023,Robbery,18,321,0.0561,1063.91,84.0,90,Very Safe,Auto Theft
Lansing-Westgate (38),2023,Theft Over,8,321,0.0249,1063.91,84.0,90,Very Safe,Auto Theft
Lawrence Park North (105),2023,Assault,31,184,0.1685,558.31,94.2,19,Very Safe,Auto Theft
Lawrence Park North (105),2023,Auto Theft,80,184,0.4348,558.31,94.2,19,Very Safe,Auto Theft
Lawrence Park North (105),2023,Break and Enter,33,184,0.1793,558.31,94.2,19,Very Safe,Auto Theft
Lawrence Park North (105),2023,NonMCI,30,184,0.163,558.31,94.2,19,Very Safe,Auto Theft
Lawrence Park North (105),2023,Robbery,4,184,0.0217,558.31,94.2,19,Very Safe,Auto Theft
Lawrence Park North (105),2023,Theft Over,6,184,0.0326,558.31,94.2,19,Very Safe,Auto Theft
Lawrence Park South (103),2023,Assault,31,228,0.136,705.11,91.3,33,Very Safe,Auto Theft
Lawrence Park South (103),2023,Auto Theft,105,228,0.4605,705.11,91.3,33,Very Safe,Auto Theft
Lawrence Park South (103),2023,Break and Enter,59,228,0.2588,705.11,91.3,33,Very Safe,Auto Theft
Lawrence Park South (103),2023,NonMCI,21,228,0.0921,705.11,91.3,33,Very Safe,Auto Theft
Lawrence Park South (103),2023,Robbery,6,228,0.0263,705.11,91.3,33,Very Safe,Auto Theft
Lawrence Park South (103),2023,Theft Over,6,228,0.0263,705.11,91.3,33,Very Safe,Auto Theft
Leaside-Bennington (56),2023,Assault,36,257,0.1401,760.27,90.1,45,Very Safe,Auto Theft
Leaside-Bennington (56),2023,Auto Theft,109,257,0.4241,760.27,90.1,45,Very Safe,Auto Theft
Leaside-Bennington (56),2023,Break and Enter,49,257,0.1907,760.27,90.1,45,Very Safe,Auto Theft
Leaside-Bennington (56),2023,NonMCI,49,257,0.1907,760.27,90.1,45,Very Safe,Auto Theft
Leaside-Bennington (56),2023,Robbery,5,257,0.0195,760.27,90.1,45,Very Safe,Auto Theft
Leaside-Bennington (56),2023,Theft Over,9,257,0.035,760.27,90.1,45,Very Safe,Auto Theft
Little Portugal (84),2023,Assault,120,230,0.5217,908.86,87.1,65,Very Safe,Assault
Little Portugal (84),2023,Auto Theft,20,230,0.087,908.86,87.1,65,Very Safe,Assault
Little Portugal (84),2023,Break and Enter,32,230,0.1391,908.86,87.1,65,Very Safe,Assault
Little Portugal (84),2023,NonMCI,39,230,0.1696,908.86,87.1,65,Very Safe,Assault
Little Portugal (84),2023,Robbery,11,230,0.0478,908.86,87.1,65,Very Safe,Assault
Little Portugal (84),2023,Theft Over,8,230,0.0348,908.86,87.1,65,Very Safe,Assault
Long Branch (19),2023,Assault,88,178,0.4944,703.28,91.3,33,Very Safe,Assault
Long Branch (19),2023,Auto Theft,36,178,0.2022,703.28,91.3,33,Very Safe,Assault
Long Branch (19),2023,Break and Enter,27,178,0.1517,703.28,91.3,33,Very Safe,Assault
Long Branch (19),2023,NonMCI,17,178,0.0955,703.28,91.3,33,Very Safe,Assault
Long Branch (19),2023,Robbery,7,178,0.0393,703.28,91.3,33,Very Safe,Assault
Long Branch (19),2023,Theft Over,3,178,0.0169,703.28,91.3,33,Very Safe,Assault
Malvern East (146),2023,Assault,132,295,0.4475,1105.27,83.1,94,Very Safe,Assault
Malvern East (146),2023,Auto Theft,62,295,0.2102,1105.27,83.1,94,Very Safe,Assault
Malvern East (146),2023,Break and Enter,32,295,0.1085,1105.27,83.1,94,Very Safe,Assault
Malvern East (146),2023,NonMCI,53,295,0.1797,1105.27,83.1,94,Very Safe,Assault
Malvern East (146),2023,Robbery,16,295,0.0542,1105.27,83.1,94,Very Safe,Assault
Malvern East (146),2023,Theft Over,0,295,0.0,1105.27,83.1,94,Very Safe,Assault
Malvern West (145),2023,Assault,78,206,0.3786,724.4,90.9,38,Very Safe,Assault
Malvern West (145),2023,Auto Theft,54,206,0.2621,724.4,90.9,38,Very Safe,Assault
Malvern West (145),2023,Break and Enter,16,206,0.0777,724.4,90.9,38,Very Safe,Assault
Malvern West (145),2023,NonMCI,45,206,0.2184,724.4,90.9,38,Very Safe,Assault
Malvern West (145),2023,Robbery,12,206,0.0583,724.4,90.9,38,Very Safe,Assault
Malvern West (145),2023,Theft Over,1,206,0.0049,724.4,90.9,38,Very Safe,Assault
Maple Leaf (29),2023,Assault,48,132,0.3636,470.86,96.0,8,Very Safe,Assault
Maple Leaf (29),2023,Auto Theft,46,132,0.3485,470.86,96.0,8,Very Safe,Assault
Maple Leaf (29),2023,Break and Enter,16,132,0.1212,470.86,96.0,8,Very Safe,Assault
Maple Leaf (29),2023,NonMCI,16,132,0.1212,470.86,96.0,8,Very Safe,Assault
Maple Leaf (29),2023,Robbery,5,132,0.0379,470.86,96.0,8,Very Safe,Assault
Maple Leaf (29),2023,Theft Over,1,132,0.0076,470.86,96.0,8,Very Safe,Assault
Markland Wood (12),2023,Assault,39,123,0.3171,412.28,97.2,5,Very Safe,Auto Theft
Markland Wood (12),2023,Auto Theft,43,123,0.3496,412.28,97.2,5,Very Safe,Auto Theft
Markland Wood (12),2023,Break and Enter,14,123,0.1138,412.28,97.2,5,Very Safe,Auto Theft
Markland Wood (12),2023,NonMCI,23,123,0.187,412.28,97.2,5,Very Safe,Auto Theft
Markland Wood (12),2023,Robbery,3,123,0.0244,412.28,97.2,5,Very Safe,Auto Theft
Markland Wood (12),2023,Theft Over,1,123,0.0081,412.28,97.2,5,Very Safe,Auto Theft
Milliken (130),2023,Assault,80,563,0.1421,1707.53,70.9,128,Safe,Auto Theft
Milliken (130),2023,Auto Theft,274,563,0.4867,1707.53,70.9,128,Safe,Auto Theft
Milliken (130),2023,Break and Enter,78,563,0.1385,1707.53,70.9,128,Safe,Auto Theft
Milliken (130),2023,NonMCI,76,563,0.135,1707.53,70.9,128,Safe,Auto Theft
Milliken (130),2023,Robbery,33,563,0.0586,1707.53,70.9,128,Safe,Auto Theft
Milliken (130),2023,Theft Over,22,563,0.0391,1707.53,70.9,128,Safe,Auto Theft
Mimico-Queensway (160),2023,Assault,474,652,0.727,2893.72,46.7,149,Moderate,Assault
Mimico-Queensway (160),2023,Auto Theft,67,652,0.1028,2893.72,46.7,149,Moderate,Assault
Mimico-Queensway (160),2023,Break and Enter,34,652,0.0521,2893.72,46.7,149,Moderate,Assault
Mimico-Queensway (160),2023,NonMCI,45,652,0.069,2893.72,46.7,149,Moderate,Assault
Mimico-Queensway (160),2023,Robbery,7,652,0.0107,2893.72,46.7,149,Moderate,Assault
Mimico-Queensway (160),2023,Theft Over,25,652,0.0383,2893.72,46.7,149,Moderate,Assault
Morningside (135),2023,Assault,124,234,0.5299,888.96,87.5,62,Very Safe,Assault
Morningside (135),2023,Auto Theft,50,234,0.2137,888.96,87.5,62,Very Safe,Assault
Morningside (135),2023,Break and Enter,8,234,0.0342,888.96,87.5,62,Very Safe,Assault
Morningside (135),2023,NonMCI,47,234,0.2009,888.96,87.5,62,Very Safe,Assault
Morningside (135),2023,Robbery,3,234,0.0128,888.96,87.5,62,Very Safe,Assault
Morningside (135),2023,Theft Over,2,234,0.0085,888.96,87.5,62,Very Safe,Assault
Morningside Heights (144),2023,Assault,109,370,0.2946,1234.43,80.5,105,Very Safe,Auto Theft
Morningside Heights (144),2023,Auto Theft,134,370,0.3622,1234.43,80.5,105,Very Safe,Auto Theft
Morningside Heights (144),2023,Break and Enter,33,370,0.0892,1234.43,80.5,105,Very Safe,Auto Theft
Morningside Heights (144),2023,NonMCI,60,370,0.1622,1234.43,80.5,105,Very Safe,Auto Theft
Morningside Heights (144),2023,Robbery,19,370,0.0514,1234.43,80.5,105,Very Safe,Auto Theft
Morningside Heights (144),2023,Theft Over,15,370,0.0405,1234.43,80.5,105,Very Safe,Auto Theft
Moss Park (73),2023,Assault,569,939,0.606,3987.48,24.5,156,Risky,Assault
Moss Park (73),2023,Auto Theft,42,939,0.0447,3987.48,24.5,156,Risky,Assault
Moss Park (73),2023,Break and Enter,147,939,0.1565,3987.48,24.5,156,Risky,Assault
Moss Park (73),2023,NonMCI,102,939,0.1086,3987.48,24.5,156,Risky,Assault
Moss Park (73),2023,Robbery,53,939,0.0564,3987.48,24.5,156,Risky,Assault
Moss Park (73),2023,Theft Over,26,939,0.0277,3987.48,24.5,156,Risky,Assault
Mount Dennis (115),2023,Assault,106,226,0.469,864.5,88.0,61,Very Safe,Assault
Mount Dennis (115),2023,Auto Theft,48,226,0.2124,864.5,88.0,61,Very Safe,Assault
Mount Dennis (115),2023,Break and Enter,30,226,0.1327,864.5,88.0,61,Very Safe,Assault
Mount Dennis (115),2023,NonMCI,27,226,0.1195,864.5,88.0,61,Very Safe,Assault
Mount Dennis (115),2023,Robbery,7,226,0.031,864.5,88.0,61,Very Safe,Assault
Mount Dennis (115),2023,Theft Over,8,226,0.0354,864.5,88.0,61,Very Safe,Assault
Mount Olive-Silverstone-Jamestown (2),2023,Assault,266,605,0.4397,2224.26,60.4,140,Safe,Assault
Mount Olive-Silverstone-Jamestown (2),2023,Auto Theft,139,605,0.2298,2224.26,60.4,140,Safe,Assault
Mount Olive-Silverstone-Jamestown (2),2023,Break and Enter,24,605,0.0397,2224.26,60.4,140,Safe,Assault
Mount Olive-Silverstone-Jamestown (2),2023,NonMCI,120,605,0.1983,2224.26,60.4,140,Safe,Assault
Mount Olive-Silverstone-Jamestown (2),2023,Robbery,43,605,0.0711,2224.26,60.4,140,Safe,Assault
Mount Olive-Silverstone-Jamestown (2),2023,Theft Over,13,605,0.0215,2224.26,60.4,140,Safe,Assault
Mount Pleasant East (99),2023,Assault,65,171,0.3801,617.98,93.0,27,Very Safe,Assault
Mount Pleasant East (99),2023,Auto Theft,50,171,0.2924,617.98,93.0,27,Very Safe,Assault
Mount Pleasant East (99),2023,Break and Enter,21,171,0.1228,617.98,93.0,27,Very Safe,Assault
Mount Pleasant East (99),2023,NonMCI,21,171,0.1228,617.98,93.0,27,Very Safe,Assault
Mount Pleasant East (99),2023,Robbery,8,171,0.0468,617.98,93.0,27,Very Safe,Assault
Mount Pleasant East (99),2023,Theft Over,6,171,0.0351,617.98,93.0,27,Very Safe,Assault
New Toronto (18),2023,Assault,151,279,0.5412,1133.94,82.5,97,Very Safe,Assault
New Toronto (18),2023,Auto Theft,35,279,0.1254,1133.94,82.5,97,Very Safe,Assault
New Toronto (18),2023,Break and Enter,39,279,0.1398,1133.94,82.5,97,Very Safe,Assault
New Toronto (18),2023,NonMCI,32,279,0.1147,1133.94,82.5,97,Very Safe,Assault
New Toronto (18),2023,Robbery,15,279,0.0538,1133.94,82.5,97,Very Safe,Assault
New Toronto (18),2023,Theft Over,7,279,0.0251,1133.94,82.5,97,Very Safe,Assault
Newtonbrook East (50),2023,Assault,84,262,0.3206,918.38,86.9,67,Very Safe,Assault
Newtonbrook East (50),2023,Auto Theft,75,262,0.2863,918.38,86.9,67,Very Safe,Assault
Newtonbrook East (50),2023,Break and Enter,34,262,0.1298,918.38,86.9,67,Very Safe,Assault
Newtonbrook East (50),2023,NonMCI,35,262,0.1336,918.38,86.9,67,Very Safe,Assault
Newtonbrook East (50),2023,Robbery,19,262,0.0725,918.38,86.9,67,Very Safe,Assault
Newtonbrook East (50),2023,Theft Over,15,262,0.0573,918.38,86.9,67,Very Safe,Assault
Newtonbrook West (36),2023,Assault,186,614,0.3029,2023.35,64.4,137,Safe,Auto Theft
Newtonbrook West (36),2023,Auto Theft,195,614,0.3176,2023.35,64.4,137,Safe,Auto Theft
Newtonbrook West (36),2023,Break and Enter,53,614,0.0863,2023.35,64.4,137,Safe,Auto Theft
Newtonbrook West (36),2023,NonMCI,138,614,0.2248,2023.35,64.4,137,Safe,Auto Theft
Newtonbrook West (36),2023,Robbery,27,614,0.044,2023.35,64.4,137,Safe,Auto Theft
Newtonbrook West (36),2023,Theft Over,15,614,0.0244,2023.35,64.4,137,Safe,Auto Theft
North Riverdale (68),2023,Assault,72,157,0.4586,604.51,93.3,25,Very Safe,Assault
North Riverdale (68),2023,Auto Theft,24,157,0.1529,604.51,93.3,25,Very Safe,Assault
North Riverdale (68),2023,Break and Enter,31,157,0.1975,604.51,93.3,25,Very Safe,Assault
North Riverdale (68),2023,NonMCI,21,157,0.1338,604.51,93.3,25,Very Safe,Assault
North Riverdale (68),2023,Robbery,5,157,0.0318,604.51,93.3,25,Very Safe,Assault
North Riverdale (68),2023,Theft Over,4,157,0.0255,604.51,93.3,25,Very Safe,Assault
North St.James Town (74),2023,Assault,252,401,0.6284,1703.26,71.0,127,Safe,Assault
North St.James Town (74),2023,Auto Theft,10,401,0.0249,1703.26,71.0,127,Safe,Assault
North St.James Town (74),2023,Break and Enter,41,401,0.1022,1703.26,71.0,127,Safe,Assault
North St.James Town (74),2023,NonMCI,61,401,0.1521,1703.26,71.0,127,Safe,Assault
North St.James Town (74),2023,Robbery,27,401,0.0673,1703.26,71.0,127,Safe,Assault
North St.James Town (74),2023,Theft Over,10,401,0.0249,1703.26,71.0,127,Safe,Assault
North Toronto (173),2023,Assault,97,204,0.4755,784.33,89.6,49,Very Safe,Assault
North Toronto (173),2023,Auto Theft,19,204,0.0931,784.33,89.6,49,Very Safe,Assault
North Toronto (173),2023,Break and Enter,31,204,0.152,784.33,89.6,49,Very Safe,Assault
North Toronto (173),2023,NonMCI,38,204,0.1863,784.33,89.6,49,Very Safe,Assault
North Toronto (173),2023,Robbery,11,204,0.0539,784.33,89.6,49,Very Safe,Assault
North Toronto (173),2023,Theft Over,8,204,0.0392,784.33,89.6,49,Very Safe,Assault
O'Connor-Parkview (54),2023,Assault,121,271,0.4465,1013.5,85.0,86,Very Safe,Assault
O'Connor-Parkview (54),2023,Auto Theft,59,271,0.2177,1013.5,85.0,86,Very Safe,Assault
O'Connor-Parkview (54),2023,Break and Enter,43,271,0.1587,1013.5,85.0,86,Very Safe,Assault
O'Connor-Parkview (54),2023,NonMCI,38,271,0.1402,1013.5,85.0,86,Very Safe,Assault
O'Connor-Parkview (54),2023,Robbery,3,271,0.0111,1013.5,85.0,86,Very Safe,Assault
O'Connor-Parkview (54),2023,Theft Over,7,271,0.0258,1013.5,85.0,86,Very Safe,Assault
Oakdale-Beverley Heights (154),2023,Assault,403,758,0.5317,3039.46,43.8,150,Moderate,Assault
Oakdale-Beverley Heights (154),2023,Auto Theft,151,758,0.1992,3039.46,43.8,150,Moderate,Assault
Oakdale-Beverley Heights (154),2023,Break and Enter,85,758,0.1121,3039.46,43.8,150,Moderate,Assault
Oakdale-Beverley Heights (154),2023,NonMCI,70,758,0.0923,3039.46,43.8,150,Moderate,Assault
Oakdale-Beverley Heights (154),2023,Robbery,27,758,0.0356,3039.46,43.8,150,Moderate,Assault
Oakdale-Beverley Heights (154),2023,Theft Over,22,758,0.029,3039.46,43.8,150,Moderate,Assault
Oakridge (121),2023,Assault,204,330,0.6182,1376.75,77.6,111,Safe,Assault
Oakridge (121),2023,Auto Theft,22,330,0.0667,1376.75,77.6,111,Safe,Assault
Oakridge (121),2023,Break and Enter,31,330,0.0939,1376.75,77.6,111,Safe,Assault
Oakridge (121),2023,NonMCI,52,330,0.1576,1376.75,77.6,111,Safe,Assault
Oakridge (121),2023,Robbery,16,330,0.0485,1376.75,77.6,111,Safe,Assault
Oakridge (121),2023,Theft Over,5,330,0.0152,1376.75,77.6,111,Safe,Assault
Oakwood Village (107),2023,Assault,106,257,0.4125,943.72,86.4,74,Very Safe,Assault
Oakwood Village (107),2023,Auto Theft,55,257,0.214,943.72,86.4,74,Very Safe,Assault
Oakwood Village (107),2023,Break and Enter,36,257,0.1401,943.72,86.4,74,Very Safe,Assault
Oakwood Village (107),2023,NonMCI,45,257,0.1751,943.72,86.4,74,Very Safe,Assault
Oakwood Village (107),2023,Robbery,12,257,0.0467,943.72,86.4,74,Very Safe,Assault
Oakwood Village (107),2023,Theft Over,3,257,0.0117,943.72,86.4,74,Very Safe,Assault
Old East York (58),2023,Assault,62,131,0.4733,488.08,95.7,10,Very Safe,Assault
Old East York (58),2023,Auto Theft,28,131,0.2137,488.08,95.7,10,Very Safe,Assault
Old East York (58),2023,Break and Enter,6,131,0.0458,488.08,95.7,10,Very Safe,Assault
Old East York (58),2023,NonMCI,27,131,0.2061,488.08,95.7,10,Very Safe,Assault
Old East York (58),2023,Robbery,6,131,0.0458,488.08,95.7,10,Very Safe,Assault
Old East York (58),2023,Theft Over,2,131,0.0153,488.08,95.7,10,Very Safe,Assault
Palmerston-Little Italy (80),2023,Assault,68,169,0.4024,640.0,92.6,29,Very Safe,Assault
Palmerston-Little Italy (80),2023,Auto Theft,14,169,0.0828,640.0,92.6,29,Very Safe,Assault
Palmerston-Little Italy (80),2023,Break and Enter,35,169,0.2071,640.0,92.6,29,Very Safe,Assault
Palmerston-Little Italy (80),2023,NonMCI,28,169,0.1657,640.0,92.6,29,Very Safe,Assault
Palmerston-Little Italy (80),2023,Robbery,15,169,0.0888,640.0,92.6,29,Very Safe,Assault
Palmerston-Little Italy (80),2023,Theft Over,9,169,0.0533,640.0,92.6,29,Very Safe,Assault
Parkwoods-O'Connor Hills (149),2023,Assault,77,197,0.3909,724.45,90.9,38,Very Safe,Assault
Parkwoods-O'Connor Hills (149),2023,Auto Theft,49,197,0.2487,724.45,90.9,38,Very Safe,Assault
Parkwoods-O'Connor Hills (149),2023,Break and Enter,35,197,0.1777,724.45,90.9,38,Very Safe,Assault
Parkwoods-O'Connor Hills (149),2023,NonMCI,23,197,0.1168,724.45,90.9,38,Very Safe,Assault
Parkwoods-O'Connor Hills (149),2023,Robbery,6,197,0.0305,724.45,90.9,38,Very Safe,Assault
Parkwoods-O'Connor Hills (149),2023,Theft Over,7,197,0.0355,724.45,90.9,38,Very Safe,Assault
Pelmo Park-Humberlea (23),2023,Assault,95,255,0.3725,915.95,87.0,66,Very Safe,Assault
Pelmo Park-Humberlea (23),2023,Auto Theft,95,255,0.3725,915.95,87.0,66,Very Safe,Assault
Pelmo Park-Humberlea (23),2023,Break and Enter,23,255,0.0902,915.95,87.0,66,Very Safe,Assault
Pelmo Park-Humberlea (23),2023,NonMCI,24,255,0.0941,915.95,87.0,66,Very Safe,Assault
Pelmo Park-Humberlea (23),2023,Robbery,12,255,0.0471,915.95,87.0,66,Very Safe,Assault
Pelmo Park-Humberlea (23),2023,Theft Over,6,255,0.0235,915.95,87.0,66,Very Safe,Assault
Playter Estates-Danforth (67),2023,Assault,89,187,0.4759,737.07,90.6,42,Very Safe,Assault
Playter Estates-Danforth (67),2023,Auto Theft,27,187,0.1444,737.07,90.6,42,Very Safe,Assault
Playter Estates-Danforth (67),2023,Break and Enter,25,187,0.1337,737.07,90.6,42,Very Safe,Assault
Playter Estates-Danforth (67),2023,NonMCI,27,187,0.1444,737.07,90.6,42,Very Safe,Assault
Playter Estates-Danforth (67),2023,Robbery,19,187,0.1016,737.07,90.6,42,Very Safe,Assault
Playter Estates-Danforth (67),2023,Theft Over,0,187,0.0,737.07,90.6,42,Very Safe,Assault
Pleasant View (46),2023,Assault,43,150,0.2867,501.7,95.4,12,Very Safe,Assault
Pleasant View (46),2023,Auto Theft,41,150,0.2733,501.7,95.4,12,Very Safe,Assault
Pleasant View (46),2023,Break and Enter,17,150,0.1133,501.7,95.4,12,Very Safe,Assault
Pleasant View (46),2023,NonMCI,33,150,0.22,501.7,95.4,12,Very Safe,Assault
Pleasant View (46),2023,Robbery,12,150,0.08,501.7,95.4,12,Very Safe,Assault
Pleasant View (46),2023,Theft Over,4,150,0.0267,501.7,95.4,12,Very Safe,Assault
Princess-Rosethorn (10),2023,Assault,25,230,0.1087,713.32,91.1,36,Very Safe,Auto Theft
Princess-Rosethorn (10),2023,Auto Theft,109,230,0.4739,713.32,91.1,36,Very Safe,Auto Theft
Princess-Rosethorn (10),2023,Break and Enter,64,230,0.2783,713.32,91.1,36,Very Safe,Auto Theft
Princess-Rosethorn (10),2023,NonMCI,17,230,0.0739,713.32,91.1,36,Very Safe,Auto Theft
Princess-Rosethorn (10),2023,Robbery,10,230,0.0435,713.32,91.1,36,Very Safe,Auto Theft
Princess-Rosethorn (10),2023,Theft Over,5,230,0.0217,713.32,91.1,36,Very Safe,Auto Theft
Regent Park (72),2023,Assault,144,257,0.5603,1063.89,84.0,90,Very Safe,Assault
Regent Park (72),2023,Auto Theft,14,257,0.0545,1063.89,84.0,90,Very Safe,Assault
Regent Park (72),2023,Break and Enter,40,257,0.1556,1063.89,84.0,90,Very Safe,Assault
Regent Park (72),2023,NonMCI,34,257,0.1323,1063.89,84.0,90,Very Safe,Assault
Regent Park (72),2023,Robbery,18,257,0.07,1063.89,84.0,90,Very Safe,Assault
Regent Park (72),2023,Theft Over,7,257,0.0272,1063.89,84.0,90,Very Safe,Assault
Rexdale-Kipling (4),2023,Assault,72,227,0.3172,776.02,89.8,47,Very Safe,Assault
Rexdale-Kipling (4),2023,Auto Theft,69,227,0.304,776.02,89.8,47,Very Safe,Assault
Rexdale-Kipling (4),2023,Break and Enter,16,227,0.0705,776.02,89.8,47,Very Safe,Assault
Rexdale-Kipling (4),2023,NonMCI,45,227,0.1982,776.02,89.8,47,Very Safe,Assault
Rexdale-Kipling (4),2023,Robbery,21,227,0.0925,776.02,89.8,47,Very Safe,Assault
Rexdale-Kipling (4),2023,Theft Over,4,227,0.0176,776.02,89.8,47,Very Safe,Assault
Rockcliffe-Smythe (111),2023,Assault,172,415,0.4145,1503.55,75.0,120,Safe,Assault
Rockcliffe-Smythe (111),2023,Auto Theft,71,415,0.1711,1503.55,75.0,120,Safe,Assault
Rockcliffe-Smythe (111),2023,Break and Enter,54,415,0.1301,1503.55,75.0,120,Safe,Assault
Rockcliffe-Smythe (111),2023,NonMCI,91,415,0.2193,1503.55,75.0,120,Safe,Assault
Rockcliffe-Smythe (111),2023,Robbery,17,415,0.041,1503.55,75.0,120,Safe,Assault
Rockcliffe-Smythe (111),2023,Theft Over,10,415,0.0241,1503.55,75.0,120,Safe,Assault
Roncesvalles (86),2023,Assault,134,270,0.4963,1080.94,83.6,92,Very Safe,Assault
Roncesvalles (86),2023,Auto Theft,27,270,0.1,1080.94,83.6,92,Very Safe,Assault
Roncesvalles (86),2023,Break and Enter,50,270,0.1852,1080.94,83.6,92,Very Safe,Assault
Roncesvalles (86),2023,NonMCI,36,270,0.1333,1080.94,83.6,92,Very Safe,Assault
Roncesvalles (86),2023,Robbery,18,270,0.0667,1080.94,83.6,92,Very Safe,Assault
Roncesvalles (86),2023,Theft Over,5,270,0.0185,1080.94,83.6,92,Very Safe,Assault
Rosedale-Moore Park (98),2023,Assault,239,559,0.4275,2124.85,62.4,138,Safe,Assault
Rosedale-Moore Park (98),2023,Auto Theft,139,559,0.2487,2124.85,62.4,138,Safe,Assault
Rosedale-Moore Park (98),2023,Break and Enter,99,559,0.1771,2124.85,62.4,138,Safe,Assault
Rosedale-Moore Park (98),2023,NonMCI,41,559,0.0733,2124.85,62.4,138,Safe,Assault
Rosedale-Moore Park (98),2023,Robbery,19,559,0.034,2124.85,62.4,138,Safe,Assault
Rosedale-Moore Park (98),2023,Theft Over,22,559,0.0394,2124.85,62.4,138,Safe,Assault
Runnymede-Bloor West Village (89),2023,Assault,48,156,0.3077,558.92,94.2,19,Very Safe,Assault
Runnymede-Bloor West Village (89),2023,Auto Theft,38,156,0.2436,558.92,94.2,19,Very Safe,Assault
Runnymede-Bloor West Village (89),2023,Break and Enter,32,156,0.2051,558.92,94.2,19,Very Safe,Assault
Runnymede-Bloor West Village (89),2023,NonMCI,18,156,0.1154,558.92,94.2,19,Very Safe,Assault
Runnymede-Bloor West Village (89),2023,Robbery,14,156,0.0897,558.92,94.2,19,Very Safe,Assault
Runnymede-Bloor West Village (89),2023,Theft Over,6,156,0.0385,558.92,94.2,19,Very Safe,Assault
Rustic (28),2023,Assault,85,156,0.5449,628.03,92.8,28,Very Safe,Assault
Rustic (28),2023,Auto Theft,34,156,0.2179,628.03,92.8,28,Very Safe,Assault
Rustic (28),2023,Break and Enter,19,156,0.1218,628.03,92.8,28,Very Safe,Assault
Rustic (28),2023,NonMCI,13,156,0.0833,628.03,92.8,28,Very Safe,Assault
Rustic (28),2023,Robbery,3,156,0.0192,628.03,92.8,28,Very Safe,Assault
Rustic (28),2023,Theft Over,2,156,0.0128,628.03,92.8,28,Very Safe,Assault
Scarborough Village (139),2023,Assault,143,317,0.4511,1184.73,81.5,101,Very Safe,Assault
Scarborough Village (139),2023,Auto Theft,47,317,0.1483,1184.73,81.5,101,Very Safe,Assault
Scarborough Village (139),2023,Break and Enter,36,317,0.1136,1184.73,81.5,101,Very Safe,Assault
Scarborough Village (139),2023,NonMCI,68,317,0.2145,1184.73,81.5,101,Very Safe,Assault
Scarborough Village (139),2023,Robbery,18,317,0.0568,1184.73,81.5,101,Very Safe,Assault
Scarborough Village (139),2023,Theft Over,5,317,0.0158,1184.73,81.5,101,Very Safe,Assault
South Eglinton-Davisville (174),2023,Assault,100,208,0.4808,800.46,89.3,51,Very Safe,Assault
South Eglinton-Davisville (174),2023,Auto Theft,18,208,0.0865,800.46,89.3,51,Very Safe,Assault
South Eglinton-Davisville (174),2023,Break and Enter,43,208,0.2067,800.46,89.3,51,Very Safe,Assault
South Eglinton-Davisville (174),2023,NonMCI,36,208,0.1731,800.46,89.3,51,Very Safe,Assault
South Eglinton-Davisville (174),2023,Robbery,3,208,0.0144,800.46,89.3,51,Very Safe,Assault
South Eglinton-Davisville (174),2023,Theft Over,8,208,0.0385,800.46,89.3,51,Very Safe,Assault
South Parkdale (85),2023,Assault,291,466,0.6245,2005.73,64.8,136,Safe,Assault
South Parkdale (85),2023,Auto Theft,38,466,0.0815,2005.73,64.8,136,Safe,Assault
South Parkdale (85),2023,Break and Enter,64,466,0.1373,2005.73,64.8,136,Safe,Assault
South Parkdale (85),2023,NonMCI,32,466,0.0687,2005.73,64.8,136,Safe,Assault
South Parkdale (85),2023,Robbery,22,466,0.0472,2005.73,64.8,136,Safe,Assault
South Parkdale (85),2023,Theft Over,19,466,0.0408,2005.73,64.8,136,Safe,Assault
South Riverdale (70),2023,Assault,295,611,0.4828,2392.21,56.9,144,Moderate,Assault
South Riverdale (70),2023,Auto Theft,71,611,0.1162,2392.21,56.9,144,Moderate,Assault
South Riverdale (70),2023,Break and Enter,95,611,0.1555,2392.21,56.9,144,Moderate,Assault
South Riverdale (70),2023,NonMCI,85,611,0.1391,2392.21,56.9,144,Moderate,Assault
South Riverdale (70),2023,Robbery,38,611,0.0622,2392.21,56.9,144,Moderate,Assault
South Riverdale (70),2023,Theft Over,27,611,0.0442,2392.21,56.9,144,Moderate,Assault
St Lawrence-East Bayfront-The Islands (166),2023,Assault,365,662,0.5514,2690.22,50.9,146,Moderate,Assault
St Lawrence-East Bayfront-The Islands (166),2023,Auto Theft,41,662,0.0619,2690.22,50.9,146,Moderate,Assault
St Lawrence-East Bayfront-The Islands (166),2023,Break and Enter,95,662,0.1435,2690.22,50.9,146,Moderate,Assault
St Lawrence-East Bayfront-The Islands (166),2023,NonMCI,96,662,0.145,2690.22,50.9,146,Moderate,Assault
St Lawrence-East Bayfront-The Islands (166),2023,Robbery,35,662,0.0529,2690.22,50.9,146,Moderate,Assault
St Lawrence-East Bayfront-The Islands (166),2023,Theft Over,30,662,0.0453,2690.22,50.9,146,Moderate,Assault
St.Andrew-Windfields (40),2023,Assault,52,313,0.1661,1007.79,85.1,85,Very Safe,Auto Theft
St.Andrew-Windfields (40),2023,Auto Theft,113,313,0.361,1007.79,85.1,85,Very Safe,Auto Theft
St.Andrew-Windfields (40),2023,Break and Enter,92,313,0.2939,1007.79,85.1,85,Very Safe,Auto Theft
St.Andrew-Windfields (40),2023,NonMCI,33,313,0.1054,1007.79,85.1,85,Very Safe,Auto Theft
St.Andrew-Windfields (40),2023,Robbery,11,313,0.0351,1007.79,85.1,85,Very Safe,Auto Theft
St.Andrew-Windfields (40),2023,Theft Over,12,313,0.0383,1007.79,85.1,85,Very Safe,Auto Theft
Steeles (116),2023,Assault,47,159,0.2956,539.26,94.6,16,Very Safe,Auto Theft
Steeles (116),2023,Auto Theft,56,159,0.3522,539.26,94.6,16,Very Safe,Auto Theft
Steeles (116),2023,Break and Enter,27,159,0.1698,539.26,94.6,16,Very Safe,Auto Theft
Steeles (116),2023,NonMCI,24,159,0.1509,539.26,94.6,16,Very Safe,Auto Theft
Steeles (116),2023,Robbery,4,159,0.0252,539.26,94.6,16,Very Safe,Auto Theft
Steeles (116),2023,Theft Over,1,159,0.0063,539.26,94.6,16,Very Safe,Auto Theft
Stonegate-Queensway (16),2023,Assault,124,448,0.2768,1518.6,74.7,121,Safe,Auto Theft
Stonegate-Queensway (16),2023,Auto Theft,130,448,0.2902,1518.6,74.7,121,Safe,Auto Theft
Stonegate-Queensway (16),2023,Break and Enter,100,448,0.2232,1518.6,74.7,121,Safe,Auto Theft
Stonegate-Queensway (16),2023,NonMCI,68,448,0.1518,1518.6,74.7,121,Safe,Auto Theft
Stonegate-Queensway (16),2023,Robbery,16,448,0.0357,1518.6,74.7,121,Safe,Auto Theft
Stonegate-Queensway (16),2023,Theft Over,10,448,0.0223,1518.6,74.7,121,Safe,Auto Theft
Tam O'Shanter-Sullivan (118),2023,Assault,130,338,0.3846,1219.17,80.8,104,Very Safe,Assault
Tam O'Shanter-Sullivan (118),2023,Auto Theft,78,338,0.2308,1219.17,80.8,104,Very Safe,Assault
Tam O'Shanter-Sullivan (118),2023,Break and Enter,41,338,0.1213,1219.17,80.8,104,Very Safe,Assault
Tam O'Shanter-Sullivan (118),2023,NonMCI,63,338,0.1864,1219.17,80.8,104,Very Safe,Assault
Tam O'Shanter-Sullivan (118),2023,Robbery,21,338,0.0621,1219.17,80.8,104,Very Safe,Assault
Tam O'Shanter-Sullivan (118),2023,Theft Over,5,338,0.0148,1219.17,80.8,104,Very Safe,Assault
Taylor-Massey (61),2023,Assault,116,220,0.5273,895.19,87.4,63,Very Safe,Assault
Taylor-Massey (61),2023,Auto Theft,27,220,0.1227,895.19,87.4,63,Very Safe,Assault
Taylor-Massey (61),2023,Break and Enter,18,220,0.0818,895.19,87.4,63,Very Safe,Assault
Taylor-Massey (61),2023,NonMCI,30,220,0.1364,895.19,87.4,63,Very Safe,Assault
Taylor-Massey (61),2023,Robbery,27,220,0.1227,895.19,87.4,63,Very Safe,Assault
Taylor-Massey (61),2023,Theft Over,2,220,0.0091,895.19,87.4,63,Very Safe,Assault
The Beaches (63),2023,Assault,106,276,0.3841,994.43,85.4,81,Very Safe,Assault
The Beaches (63),2023,Auto Theft,55,276,0.1993,994.43,85.4,81,Very Safe,Assault
The Beaches (63),2023,Break and Enter,37,276,0.1341,994.43,85.4,81,Very Safe,Assault
The Beaches (63),2023,NonMCI,49,276,0.1775,994.43,85.4,81,Very Safe,Assault
The Beaches (63),2023,Robbery,15,276,0.0543,994.43,85.4,81,Very Safe,Assault
The Beaches (63),2023,Theft Over,14,276,0.0507,994.43,85.4,81,Very Safe,Assault
Thistletown-Beaumond Heights (3),2023,Assault,60,208,0.2885,684.5,91.7,32,Very Safe,Assault
Thistletown-Beaumond Heights (3),2023,Auto Theft,48,208,0.2308,684.5,91.7,32,Very Safe,Assault
Thistletown-Beaumond Heights (3),2023,Break and Enter,23,208,0.1106,684.5,91.7,32,Very Safe,Assault
Thistletown-Beaumond Heights (3),2023,NonMCI,51,208,0.2452,684.5,91.7,32,Very Safe,Assault
Thistletown-Beaumond Heights (3),2023,Robbery,12,208,0.0577,684.5,91.7,32,Very Safe,Assault
Thistletown-Beaumond Heights (3),2023,Theft Over,14,208,0.0673,684.5,91.7,32,Very Safe,Assault
Thorncliffe Park (55),2023,Assault,121,274,0.4416,1050.95,84.2,88,Very Safe,Assault
Thorncliffe Park (55),2023,Auto Theft,52,274,0.1898,1050.95,84.2,88,Very Safe,Assault
Thorncliffe Park (55),2023,Break and Enter,50,274,0.1825,1050.95,84.2,88,Very Safe,Assault
Thorncliffe Park (55),2023,NonMCI,33,274,0.1204,1050.95,84.2,88,Very Safe,Assault
Thorncliffe Park (55),2023,Robbery,12,274,0.0438,1050.95,84.2,88,Very Safe,Assault
Thorncliffe Park (55),2023,Theft Over,6,274,0.0219,1050.95,84.2,88,Very Safe,Assault
Trinity-Bellwoods (81),2023,Assault,127,294,0.432,1143.87,82.3,99,Very Safe,Assault
Trinity-Bellwoods (81),2023,Auto Theft,27,294,0.0918,1143.87,82.3,99,Very Safe,Assault
Trinity-Bellwoods (81),2023,Break and Enter,71,294,0.2415,1143.87,82.3,99,Very Safe,Assault
Trinity-Bellwoods (81),2023,NonMCI,39,294,0.1327,1143.87,82.3,99,Very Safe,Assault
Trinity-Bellwoods (81),2023,Robbery,22,294,0.0748,1143.87,82.3,99,Very Safe,Assault
Trinity-Bellwoods (81),2023,Theft Over,8,294,0.0272,1143.87,82.3,99,Very Safe,Assault
University (79),2023,Assault,111,236,0.4703,927.58,86.7,71,Very Safe,Assault
University (79),2023,Auto Theft,8,236,0.0339,927.58,86.7,71,Very Safe,Assault
University (79),2023,Break and Enter,52,236,0.2203,927.58,86.7,71,Very Safe,Assault
University (79),2023,NonMCI,39,236,0.1653,927.58,86.7,71,Very Safe,Assault
University (79),2023,Robbery,15,236,0.0636,927.58,86.7,71,Very Safe,Assault
University (79),2023,Theft Over,11,236,0.0466,927.58,86.7,71,Very Safe,Assault
Victoria Village (43),2023,Assault,116,268,0.4328,987.72,85.5,80,Very Safe,Assault
Victoria Village (43),2023,Auto Theft,54,268,0.2015,987.72,85.5,80,Very Safe,Assault
Victoria Village (43),2023,Break and Enter,26,268,0.097,987.72,85.5,80,Very Safe,Assault
Victoria Village (43),2023,NonMCI,50,268,0.1866,987.72,85.5,80,Very Safe,Assault
Victoria Village (43),2023,Robbery,14,268,0.0522,987.72,85.5,80,Very Safe,Assault
Victoria Village (43),2023,Theft Over,8,268,0.0299,987.72,85.5,80,Very Safe,Assault
Wellington Place (164),2023,Assault,386,760,0.5079,3058.89,43.4,152,Moderate,Assault
Wellington Place (164),2023,Auto Theft,69,760,0.0908,3058.89,43.4,152,Moderate,Assault
Wellington Place (164),2023,Break and Enter,147,760,0.1934,3058.89,43.4,152,Moderate,Assault
Wellington Place (164),2023,NonMCI,85,760,0.1118,3058.89,43.4,152,Moderate,Assault
Wellington Place (164),2023,Robbery,40,760,0.0526,3058.89,43.4,152,Moderate,Assault
Wellington Place (164),2023,Theft Over,33,760,0.0434,3058.89,43.4,152,Moderate,Assault
West Hill (136),2023,Assault,387,724,0.5345,2869.46,47.2,148,Moderate,Assault
West Hill (136),2023,Auto Theft,77,724,0.1064,2869.46,47.2,148,Moderate,Assault
West Hill (136),2023,Break and Enter,56,724,0.0773,2869.46,47.2,148,Moderate,Assault
West Hill (136),2023,NonMCI,135,724,0.1865,2869.46,47.2,148,Moderate,Assault
West Hill (136),2023,Robbery,50,724,0.0691,2869.46,47.2,148,Moderate,Assault
West Hill (136),2023,Theft Over,19,724,0.0262,2869.46,47.2,148,Moderate,Assault
West Humber-Clairville (1),2023,Assault,311,1695,0.1835,5191.51,0.0,158,Very Risky,Auto Theft
West Humber-Clairville (1),2023,Auto Theft,752,1695,0.4437,5191.51,0.0,158,Very Risky,Auto Theft
West Humber-Clairville (1),2023,Break and Enter,214,1695,0.1263,5191.51,0.0,158,Very Risky,Auto Theft
West Humber-Clairville (1),2023,NonMCI,278,1695,0.164,5191.51,0.0,158,Very Risky,Auto Theft
West Humber-Clairville (1),2023,Robbery,63,1695,0.0372,5191.51,0.0,158,Very Risky,Auto Theft
West Humber-Clairville (1),2023,Theft Over,77,1695,0.0454,5191.51,0.0,158,Very Risky,Auto Theft
West Queen West (162),2023,Assault,95,194,0.4897,766.23,90.0,46,Very Safe,Assault
West Queen West (162),2023,Auto Theft,13,194,0.067,766.23,90.0,46,Very Safe,Assault
West Queen West (162),2023,Break and Enter,43,194,0.2216,766.23,90.0,46,Very Safe,Assault
West Queen West (162),2023,NonMCI,30,194,0.1546,766.23,90.0,46,Very Safe,Assault
West Queen West (162),2023,Robbery,8,194,0.0412,766.23,90.0,46,Very Safe,Assault
West Queen West (162),2023,Theft Over,5,194,0.0258,766.23,90.0,46,Very Safe,Assault
West Rouge (143),2023,Assault,71,256,0.2773,856.81,88.2,58,Very Safe,Auto Theft
West Rouge (143),2023,Auto Theft,89,256,0.3477,856.81,88.2,58,Very Safe,Auto Theft
West Rouge (143),2023,Break and Enter,26,256,0.1016,856.81,88.2,58,Very Safe,Auto Theft
West Rouge (143),2023,NonMCI,45,256,0.1758,856.81,88.2,58,Very Safe,Auto Theft
West Rouge (143),2023,Robbery,20,256,0.0781,856.81,88.2,58,Very Safe,Auto Theft
West Rouge (143),2023,Theft Over,5,256,0.0195,856.81,88.2,58,Very Safe,Auto Theft
Westminster-Branson (35),2023,Assault,110,290,0.3793,1000.73,85.2,84,Very Safe,Assault
Westminster-Branson (35),2023,Auto Theft,79,290,0.2724,1000.73,85.2,84,Very Safe,Assault
Westminster-Branson (35),2023,Break and Enter,27,290,0.0931,1000.73,85.2,84,Very Safe,Assault
Westminster-Branson (35),2023,NonMCI,62,290,0.2138,1000.73,85.2,84,Very Safe,Assault
Westminster-Branson (35),2023,Robbery,4,290,0.0138,1000.73,85.2,84,Very Safe,Assault
Westminster-Branson (35),2023,Theft Over,8,290,0.0276,1000.73,85.2,84,Very Safe,Assault
Weston (113),2023,Assault,222,471,0.4713,1834.89,68.3,132,Safe,Assault
Weston (113),2023,Auto Theft,93,471,0.1975,1834.89,68.3,132,Safe,Assault
Weston (113),2023,Break and Enter,61,471,0.1295,1834.89,68.3,132,Safe,Assault
Weston (113),2023,NonMCI,57,471,0.121,1834.89,68.3,132,Safe,Assault
Weston (113),2023,Robbery,34,471,0.0722,1834.89,68.3,132,Safe,Assault
Weston (113),2023,Theft Over,4,471,0.0085,1834.89,68.3,132,Safe,Assault
Weston-Pelham Park (91),2023,Assault,107,187,0.5722,778.67,89.8,47,Very Safe,Assault
Weston-Pelham Park (91),2023,Auto Theft,19,187,0.1016,778.67,89.8,47,Very Safe,Assault
Weston-Pelham Park (91),2023,Break and Enter,37,187,0.1979,778.67,89.8,47,Very Safe,Assault
Weston-Pelham Park (91),2023,NonMCI,16,187,0.0856,778.67,89.8,47,Very Safe,Assault
Weston-Pelham Park (91),2023,Robbery,4,187,0.0214,778.67,89.8,47,Very Safe,Assault
Weston-Pelham Park (91),2023,Theft Over,4,187,0.0214,778.67,89.8,47,Very Safe,Assault
Wexford/Maryvale (119),2023,Assault,249,675,0.3689,2385.21,57.1,143,Moderate,Assault
Wexford/Maryvale (119),2023,Auto Theft,193,675,0.2859,2385.21,57.1,143,Moderate,Assault
Wexford/Maryvale (119),2023,Break and Enter,76,675,0.1126,2385.21,57.1,143,Moderate,Assault
Wexford/Maryvale (119),2023,NonMCI,110,675,0.163,2385.21,57.1,143,Moderate,Assault
Wexford/Maryvale (119),2023,Robbery,25,675,0.037,2385.21,57.1,143,Moderate,Assault
Wexford/Maryvale (119),2023,Theft Over,22,675,0.0326,2385.21,57.1,143,Moderate,Assault
Willowdale West (37),2023,Assault,108,274,0.3942,992.17,85.4,81,Very Safe,Assault
Willowdale West (37),2023,Auto Theft,56,274,0.2044,992.17,85.4,81,Very Safe,Assault
Willowdale West (37),2023,Break and Enter,37,274,0.135,992.17,85.4,81,Very Safe,Assault
Willowdale West (37),2023,NonMCI,48,274,0.1752,992.17,85.4,81,Very Safe,Assault
Willowdale West (37),2023,Robbery,14,274,0.0511,992.17,85.4,81,Very Safe,Assault
Willowdale West (37),2023,Theft Over,11,274,0.0401,992.17,85.4,81,Very Safe,Assault
Willowridge-Martingrove-Richview (7),2023,Assault,114,326,0.3497,1124.16,82.7,96,Very Safe,Assault
Willowridge-Martingrove-Richview (7),2023,Auto Theft,100,326,0.3067,1124.16,82.7,96,Very Safe,Assault
Willowridge-Martingrove-Richview (7),2023,Break and Enter,31,326,0.0951,1124.16,82.7,96,Very Safe,Assault
Willowridge-Martingrove-Richview (7),2023,NonMCI,62,326,0.1902,1124.16,82.7,96,Very Safe,Assault
Willowridge-Martingrove-Richview (7),2023,Robbery,15,326,0.046,1124.16,82.7,96,Very Safe,Assault
Willowridge-Martingrove-Richview (7),2023,Theft Over,4,326,0.0123,1124.16,82.7,96,Very Safe,Assault
Woburn North (142),2023,Assault,175,435,0.4023,1560.54,73.9,122,Safe,Assault
Woburn North (142),2023,Auto Theft,96,435,0.2207,1560.54,73.9,122,Safe,Assault
Woburn North (142),2023,Break and Enter,45,435,0.1034,1560.54,73.9,122,Safe,Assault
Woburn North (142),2023,NonMCI,88,435,0.2023,1560.54,73.9,122,Safe,Assault
Woburn North (142),2023,Robbery,19,435,0.0437,1560.54,73.9,122,Safe,Assault
Woburn North (142),2023,Theft Over,12,435,0.0276,1560.54,73.9,122,Safe,Assault
Woodbine Corridor (64),2023,Assault,92,191,0.4817,727.38,90.8,40,Very Safe,Assault
Woodbine Corridor (64),2023,Auto Theft,31,191,0.1623,727.38,90.8,40,Very Safe,Assault
Woodbine Corridor (64),2023,Break and Enter,25,191,0.1309,727.38,90.8,40,Very Safe,Assault
Woodbine Corridor (64),2023,NonMCI,33,191,0.1728,727.38,90.8,40,Very Safe,Assault
Woodbine Corridor (64),2023,Robbery,6,191,0.0314,727.38,90.8,40,Very Safe,Assault
Woodbine Corridor (64),2023,Theft Over,4,191,0.0209,727.38,90.8,40,Very Safe,Assault
Woodbine-Lumsden (60),2023,Assault,31,76,0.4079,275.06,100.0,1,Very Safe,Assault
Woodbine-Lumsden (60),2023,Auto Theft,17,76,0.2237,275.06,100.0,1,Very Safe,Assault
Woodbine-Lumsden (60),2023,Break and Enter,12,76,0.1579,275.06,100.0,1,Very Safe,Assault
Woodbine-Lumsden (60),2023,NonMCI,12,76,0.1579,275.06,100.0,1,Very Safe,Assault
Woodbine-Lumsden (60),2023,Robbery,0,76,0.0,275.06,100.0,1,Very Safe,Assault
Woodbine-Lumsden (60),2023,Theft Over,4,76,0.0526,275.06,100.0,1,Very Safe,Assault
Wychwood (94),2023,Assault,79,191,0.4136,748.84,90.4,43,Very Safe,Assault
Wychwood (94),2023,Auto Theft,24,191,0.1257,748.84,90.4,43,Very Safe,Assault
Wychwood (94),2023,Break and Enter,42,191,0.2199,748.84,90.4,43,Very Safe,Assault
Wychwood (94),2023,NonMCI,22,191,0.1152,748.84,90.4,43,Very Safe,Assault
Wychwood (94),2023,Robbery,23,191,0.1204,748.84,90.4,43,Very Safe,Assault
Wychwood (94),2023,Theft Over,1,191,0.0052,748.84,90.4,43,Very Safe,Assault
Yonge-Bay Corridor (170),2023,Assault,492,824,0.5971,3487.11,34.7,154,Risky,Assault
Yonge-Bay Corridor (170),2023,Auto Theft,46,824,0.0558,3487.11,34.7,154,Risky,Assault
Yonge-Bay Corridor (170),2023,Break and Enter,107,824,0.1299,3487.11,34.7,154,Risky,Assault
Yonge-Bay Corridor (170),2023,NonMCI,74,824,0.0898,3487.11,34.7,154,Risky,Assault
Yonge-Bay Corridor (170),2023,Robbery,52,824,0.0631,3487.11,34.7,154,Risky,Assault
Yonge-Bay Corridor (170),2023,Theft Over,53,824,0.0643,3487.11,34.7,154,Risky,Assault
Yonge-Doris (151),2023,Assault,91,314,0.2898,959.59,86.1,76,Very Safe,NonMCI
Yonge-Doris (151),2023,Auto Theft,43,314,0.1369,959.59,86.1,76,Very Safe,NonMCI
Yonge-Doris (151),2023,Break and Enter,16,314,0.051,959.59,86.1,76,Very Safe,NonMCI
Yonge-Doris (151),2023,NonMCI,130,314,0.414,959.59,86.1,76,Very Safe,NonMCI
Yonge-Doris (151),2023,Robbery,12,314,0.0382,959.59,86.1,76,Very Safe,NonMCI
Yonge-Doris (151),2023,Theft Over,22,314,0.0701,959.59,86.1,76,Very Safe,NonMCI
Yonge-Eglinton (100),2023,Assault,96,212,0.4528,821.57,88.9,55,Very Safe,Assault
Yonge-Eglinton (100),2023,Auto Theft,38,212,0.1792,821.57,88.9,55,Very Safe,Assault
Yonge-Eglinton (100),2023,Break and Enter,34,212,0.1604,821.57,88.9,55,Very Safe,Assault
Yonge-Eglinton (100),2023,NonMCI,15,212,0.0708,821.57,88.9,55,Very Safe,Assault
Yonge-Eglinton (100),2023,Robbery,10,212,0.0472,821.57,88.9,55,Very Safe,Assault
Yonge-Eglinton (100),2023,Theft Over,19,212,0.0896,821.57,88.9,55,Very Safe,Assault
Yonge-St.Clair (97),2023,Assault,34,131,0.2595,441.99,96.6,6,Very Safe,Auto Theft
Yonge-St.Clair (97),2023,Auto Theft,38,131,0.2901,441.99,96.6,6,Very Safe,Auto Theft
Yonge-St.Clair (97),2023,Break and Enter,36,131,0.2748,441.99,96.6,6,Very Safe,Auto Theft
Yonge-St.Clair (97),2023,NonMCI,19,131,0.145,441.99,96.6,6,Very Safe,Auto Theft
Yonge-St.Clair (97),2023,Robbery,2,131,0.0153,441.99,96.6,6,Very Safe,Auto Theft
Yonge-St.Clair (97),2023,Theft Over,2,131,0.0153,441.99,96.6,6,Very Safe,Auto Theft
York University Heights (27),2023,Assault,367,1099,0.3339,3941.45,25.4,155,Risky,Assault
York University Heights (27),2023,Auto Theft,227,1099,0.2066,3941.45,25.4,155,Risky,Assault
York University Heights (27),2023,Break and Enter,216,1099,0.1965,3941.45,25.4,155,Risky,Assault
York University Heights (27),2023,NonMCI,168,1099,0.1529,3941.45,25.4,155,Risky,Assault
York University Heights (27),2023,Robbery,81,1099,0.0737,3941.45,25.4,155,Risky,Assault
York University Heights (27),2023,Theft Over,40,1099,0.0364,3941.45,25.4,155,Risky,Assault
Yorkdale-Glen Park (31),2023,Assault,190,748,0.254,2551.28,53.7,145,Moderate,Assault
Yorkdale-Glen Park (31),2023,Auto Theft,188,748,0.2513,2551.28,53.7,145,Moderate,Assault
Yorkdale-Glen Park (31),2023,Break and Enter,152,748,0.2032,2551.28,53.7,145,Moderate,Assault
Yorkdale-Glen Park (31),2023,NonMCI,111,748,0.1484,2551.28,53.7,145,Moderate,Assault
Yorkdale-Glen Park (31),2023,Robbery,64,748,0.0856,2551.28,53.7,145,Moderate,Assault
Yorkdale-Glen Park (31),2023,Theft Over,43,748,0.0575,2551.28,53.7,145,Moderate,Assault
Agincourt North (129),2024,Assault,74,310,0.2387,1115.73,82.4,91,Very Safe,Auto Theft
Agincourt North (129),2024,Auto Theft,119,310,0.3839,1115.73,82.4,91,Very Safe,Auto Theft
Agincourt North (129),2024,Break and Enter,32,310,0.1032,1115.73,82.4,91,Very Safe,Auto Theft
Agincourt North (129),2024,NonMCI,38,310,0.1226,1115.73,82.4,91,Very Safe,Auto Theft
Agincourt North (129),2024,Robbery,37,310,0.1194,1115.73,82.4,91,Very Safe,Auto Theft
Agincourt North (129),2024,Theft Over,10,310,0.0323,1115.73,82.4,91,Very Safe,Auto Theft
Agincourt South-Malvern West (128),2024,Assault,163,401,0.4065,1596.5,72.0,125,Safe,Assault
Agincourt South-Malvern West (128),2024,Auto Theft,90,401,0.2244,1596.5,72.0,125,Safe,Assault
Agincourt South-Malvern West (128),2024,Break and Enter,58,401,0.1446,1596.5,72.0,125,Safe,Assault
Agincourt South-Malvern West (128),2024,NonMCI,53,401,0.1322,1596.5,72.0,125,Safe,Assault
Agincourt South-Malvern West (128),2024,Robbery,26,401,0.0648,1596.5,72.0,125,Safe,Assault
Agincourt South-Malvern West (128),2024,Theft Over,11,401,0.0274,1596.5,72.0,125,Safe,Assault
Alderwood (20),2024,Assault,52,160,0.325,596.54,93.6,28,Very Safe,Assault
Alderwood (20),2024,Auto Theft,45,160,0.2812,596.54,93.6,28,Very Safe,Assault
Alderwood (20),2024,Break and Enter,33,160,0.2062,596.54,93.6,28,Very Safe,Assault
Alderwood (20),2024,NonMCI,18,160,0.1125,596.54,93.6,28,Very Safe,Assault
Alderwood (20),2024,Robbery,1,160,0.0062,596.54,93.6,28,Very Safe,Assault
Alderwood (20),2024,Theft Over,11,160,0.0688,596.54,93.6,28,Very Safe,Assault
Annex (95),2024,Assault,385,813,0.4736,3374.57,33.8,151,Risky,Assault
Annex (95),2024,Auto Theft,60,813,0.0738,3374.57,33.8,151,Risky,Assault
Annex (95),2024,Break and Enter,148,813,0.182,3374.57,33.8,151,Risky,Assault
Annex (95),2024,NonMCI,113,813,0.139,3374.57,33.8,151,Risky,Assault
Annex (95),2024,Robbery,37,813,0.0455,3374.57,33.8,151,Risky,Assault
Annex (95),2024,Theft Over,70,813,0.0861,3374.57,33.8,151,Risky,Assault
Avondale (153),2024,Assault,51,118,0.4322,479.39,96.1,8,Very Safe,Assault
Avondale (153),2024,Auto Theft,15,118,0.1271,479.39,96.1,8,Very Safe,Assault
Avondale (153),2024,Break and Enter,20,118,0.1695,479.39,96.1,8,Very Safe,Assault
Avondale (153),2024,NonMCI,21,118,0.178,479.39,96.1,8,Very Safe,Assault
Avondale (153),2024,Robbery,9,118,0.0763,479.39,96.1,8,Very Safe,Assault
Avondale (153),2024,Theft Over,2,118,0.0169,479.39,96.1,8,Very Safe,Assault
Banbury-Don Mills (42),2024,Assault,128,411,0.3114,1523.43,73.6,119,Safe,Assault
Banbury-Don Mills (42),2024,Auto Theft,87,411,0.2117,1523.43,73.6,119,Safe,Assault
Banbury-Don Mills (42),2024,Break and Enter,85,411,0.2068,1523.43,73.6,119,Safe,Assault
Banbury-Don Mills (42),2024,NonMCI,72,411,0.1752,1523.43,73.6,119,Safe,Assault
Banbury-Don Mills (42),2024,Robbery,20,411,0.0487,1523.43,73.6,119,Safe,Assault
Banbury-Don Mills (42),2024,Theft Over,19,411,0.0462,1523.43,73.6,119,Safe,Assault
Bathurst Manor (34),2024,Assault,131,257,0.5097,1058.11,83.6,81,Very Safe,Assault
Bathurst Manor (34),2024,Auto Theft,47,257,0.1829,1058.11,83.6,81,Very Safe,Assault
Bathurst Manor (34),2024,Break and Enter,22,257,0.0856,1058.11,83.6,81,Very Safe,Assault
Bathurst Manor (34),2024,NonMCI,40,257,0.1556,1058.11,83.6,81,Very Safe,Assault
Bathurst Manor (34),2024,Robbery,6,257,0.0233,1058.11,83.6,81,Very Safe,Assault
Bathurst Manor (34),2024,Theft Over,11,257,0.0428,1058.11,83.6,81,Very Safe,Assault
Bay-Cloverhill (169),2024,Assault,108,284,0.3803,1107.78,82.6,88,Very Safe,Assault
Bay-Cloverhill (169),2024,Auto Theft,8,284,0.0282,1107.78,82.6,88,Very Safe,Assault
Bay-Cloverhill (169),2024,Break and Enter,69,284,0.243,1107.78,82.6,88,Very Safe,Assault
Bay-Cloverhill (169),2024,NonMCI,59,284,0.2077,1107.78,82.6,88,Very Safe,Assault
Bay-Cloverhill (169),2024,Robbery,14,284,0.0493,1107.78,82.6,88,Very Safe,Assault
Bay-Cloverhill (169),2024,Theft Over,26,284,0.0915,1107.78,82.6,88,Very Safe,Assault
Bayview Village (52),2024,Assault,110,318,0.3459,1239.32,79.7,101,Safe,Assault
Bayview Village (52),2024,Auto Theft,68,318,0.2138,1239.32,79.7,101,Safe,Assault
Bayview Village (52),2024,Break and Enter,62,318,0.195,1239.32,79.7,101,Safe,Assault
Bayview Village (52),2024,NonMCI,39,318,0.1226,1239.32,79.7,101,Safe,Assault
Bayview Village (52),2024,Robbery,26,318,0.0818,1239.32,79.7,101,Safe,Assault
Bayview Village (52),2024,Theft Over,13,318,0.0409,1239.32,79.7,101,Safe,Assault
Bayview Woods-Steeles (49),2024,Assault,35,131,0.2672,494.44,95.8,10,Very Safe,Break and Enter
Bayview Woods-Steeles (49),2024,Auto Theft,20,131,0.1527,494.44,95.8,10,Very Safe,Break and Enter
Bayview Woods-Steeles (49),2024,Break and Enter,52,131,0.3969,494.44,95.8,10,Very Safe,Break and Enter
Bayview Woods-Steeles (49),2024,NonMCI,14,131,0.1069,494.44,95.8,10,Very Safe,Break and Enter
Bayview Woods-Steeles (49),2024,Robbery,3,131,0.0229,494.44,95.8,10,Very Safe,Break and Enter
Bayview Woods-Steeles (49),2024,Theft Over,7,131,0.0534,494.44,95.8,10,Very Safe,Break and Enter
Bedford Park-Nortown (39),2024,Assault,62,322,0.1925,1164.83,81.3,96,Very Safe,Break and Enter
Bedford Park-Nortown (39),2024,Auto Theft,89,322,0.2764,1164.83,81.3,96,Very Safe,Break and Enter
Bedford Park-Nortown (39),2024,Break and Enter,95,322,0.295,1164.83,81.3,96,Very Safe,Break and Enter
Bedford Park-Nortown (39),2024,NonMCI,33,322,0.1025,1164.83,81.3,96,Very Safe,Break and Enter
Bedford Park-Nortown (39),2024,Robbery,33,322,0.1025,1164.83,81.3,96,Very Safe,Break and Enter
Bedford Park-Nortown (39),2024,Theft Over,10,322,0.0311,1164.83,81.3,96,Very Safe,Break and Enter
Beechborough-Greenbrook (112),2024,Assault,92,171,0.538,731.3,90.7,43,Very Safe,Assault
Beechborough-Greenbrook (112),2024,Auto Theft,30,171,0.1754,731.3,90.7,43,Very Safe,Assault
Beechborough-Greenbrook (112),2024,Break and Enter,16,171,0.0936,731.3,90.7,43,Very Safe,Assault
Beechborough-Greenbrook (112),2024,NonMCI,22,171,0.1287,731.3,90.7,43,Very Safe,Assault
Beechborough-Greenbrook (112),2024,Robbery,9,171,0.0526,731.3,90.7,43,Very Safe,Assault
Beechborough-Greenbrook (112),2024,Theft Over,2,171,0.0117,731.3,90.7,43,Very Safe,Assault
Bendale South (157),2024,Assault,64,131,0.4885,549.02,94.6,23,Very Safe,Assault
Bendale South (157),2024,Auto Theft,29,131,0.2214,549.02,94.6,23,Very Safe,Assault
Bendale South (157),2024,Break and Enter,14,131,0.1069,549.02,94.6,23,Very Safe,Assault
Bendale South (157),2024,NonMCI,14,131,0.1069,549.02,94.6,23,Very Safe,Assault
Bendale South (157),2024,Robbery,8,131,0.0611,549.02,94.6,23,Very Safe,Assault
Bendale South (157),2024,Theft Over,2,131,0.0153,549.02,94.6,23,Very Safe,Assault
Bendale-Glen Andrew (156),2024,Assault,179,445,0.4022,1759.36,68.5,130,Safe,Assault
Bendale-Glen Andrew (156),2024,Auto Theft,113,445,0.2539,1759.36,68.5,130,Safe,Assault
Bendale-Glen Andrew (156),2024,Break and Enter,23,445,0.0517,1759.36,68.5,130,Safe,Assault
Bendale-Glen Andrew (156),2024,NonMCI,67,445,0.1506,1759.36,68.5,130,Safe,Assault
Bendale-Glen Andrew (156),2024,Robbery,50,445,0.1124,1759.36,68.5,130,Safe,Assault
Bendale-Glen Andrew (156),2024,Theft Over,13,445,0.0292,1759.36,68.5,130,Safe,Assault
Birchcliffe-Cliffside (122),2024,Assault,144,307,0.4691,1256.35,79.4,104,Safe,Assault
Birchcliffe-Cliffside (122),2024,Auto Theft,66,307,0.215,1256.35,79.4,104,Safe,Assault
Birchcliffe-Cliffside (122),2024,Break and Enter,48,307,0.1564,1256.35,79.4,104,Safe,Assault
Birchcliffe-Cliffside (122),2024,NonMCI,35,307,0.114,1256.35,79.4,104,Safe,Assault
Birchcliffe-Cliffside (122),2024,Robbery,7,307,0.0228,1256.35,79.4,104,Safe,Assault
Birchcliffe-Cliffside (122),2024,Theft Over,7,307,0.0228,1256.35,79.4,104,Safe,Assault
Black Creek (24),2024,Assault,244,422,0.5782,1846.27,66.7,133,Safe,Assault
Black Creek (24),2024,Auto Theft,65,422,0.154,1846.27,66.7,133,Safe,Assault
Black Creek (24),2024,Break and Enter,21,422,0.0498,1846.27,66.7,133,Safe,Assault
Black Creek (24),2024,NonMCI,54,422,0.128,1846.27,66.7,133,Safe,Assault
Black Creek (24),2024,Robbery,27,422,0.064,1846.27,66.7,133,Safe,Assault
Black Creek (24),2024,Theft Over,11,422,0.0261,1846.27,66.7,133,Safe,Assault
Blake-Jones (69),2024,Assault,52,107,0.486,456.67,96.6,6,Very Safe,Assault
Blake-Jones (69),2024,Auto Theft,5,107,0.0467,456.67,96.6,6,Very Safe,Assault
Blake-Jones (69),2024,Break and Enter,13,107,0.1215,456.67,96.6,6,Very Safe,Assault
Blake-Jones (69),2024,NonMCI,19,107,0.1776,456.67,96.6,6,Very Safe,Assault
Blake-Jones (69),2024,Robbery,15,107,0.1402,456.67,96.6,6,Very Safe,Assault
Blake-Jones (69),2024,Theft Over,3,107,0.028,456.67,96.6,6,Very Safe,Assault
Briar Hill-Belgravia (108),2024,Assault,97,270,0.3593,1007.11,84.7,73,Very Safe,Assault
Briar Hill-Belgravia (108),2024,Auto Theft,43,270,0.1593,1007.11,84.7,73,Very Safe,Assault
Briar Hill-Belgravia (108),2024,Break and Enter,49,270,0.1815,1007.11,84.7,73,Very Safe,Assault
Briar Hill-Belgravia (108),2024,NonMCI,61,270,0.2259,1007.11,84.7,73,Very Safe,Assault
Briar Hill-Belgravia (108),2024,Robbery,7,270,0.0259,1007.11,84.7,73,Very Safe,Assault
Briar Hill-Belgravia (108),2024,Theft Over,13,270,0.0481,1007.11,84.7,73,Very Safe,Assault
Bridle Path-Sunnybrook-York Mills (41),2024,Assault,33,171,0.193,624.51,93.0,32,Very Safe,Break and Enter
Bridle Path-Sunnybrook-York Mills (41),2024,Auto Theft,32,171,0.1871,624.51,93.0,32,Very Safe,Break and Enter
Bridle Path-Sunnybrook-York Mills (41),2024,Break and Enter,71,171,0.4152,624.51,93.0,32,Very Safe,Break and Enter
Bridle Path-Sunnybrook-York Mills (41),2024,NonMCI,17,171,0.0994,624.51,93.0,32,Very Safe,Break and Enter
Bridle Path-Sunnybrook-York Mills (41),2024,Robbery,9,171,0.0526,624.51,93.0,32,Very Safe,Break and Enter
Bridle Path-Sunnybrook-York Mills (41),2024,Theft Over,9,171,0.0526,624.51,93.0,32,Very Safe,Break and Enter
Broadview North (57),2024,Assault,80,140,0.5714,608.47,93.3,30,Very Safe,Assault
Broadview North (57),2024,Auto Theft,13,140,0.0929,608.47,93.3,30,Very Safe,Assault
Broadview North (57),2024,Break and Enter,20,140,0.1429,608.47,93.3,30,Very Safe,Assault
Broadview North (57),2024,NonMCI,19,140,0.1357,608.47,93.3,30,Very Safe,Assault
Broadview North (57),2024,Robbery,3,140,0.0214,608.47,93.3,30,Very Safe,Assault
Broadview North (57),2024,Theft Over,5,140,0.0357,608.47,93.3,30,Very Safe,Assault
Brookhaven-Amesbury (30),2024,Assault,122,298,0.4094,1165.57,81.3,96,Very Safe,Assault
Brookhaven-Amesbury (30),2024,Auto Theft,51,298,0.1711,1165.57,81.3,96,Very Safe,Assault
Brookhaven-Amesbury (30),2024,Break and Enter,45,298,0.151,1165.57,81.3,96,Very Safe,Assault
Brookhaven-Amesbury (30),2024,NonMCI,57,298,0.1913,1165.57,81.3,96,Very Safe,Assault
Brookhaven-Amesbury (30),2024,Robbery,16,298,0.0537,1165.57,81.3,96,Very Safe,Assault
Brookhaven-Amesbury (30),2024,Theft Over,7,298,0.0235,1165.57,81.3,96,Very Safe,Assault
Cabbagetown-South St.James Town (71),2024,Assault,134,266,0.5038,1152.78,81.6,94,Very Safe,Assault
Cabbagetown-South St.James Town (71),2024,Auto Theft,13,266,0.0489,1152.78,81.6,94,Very Safe,Assault
Cabbagetown-South St.James Town (71),2024,Break and Enter,48,266,0.1805,1152.78,81.6,94,Very Safe,Assault
Cabbagetown-South St.James Town (71),2024,NonMCI,37,266,0.1391,1152.78,81.6,94,Very Safe,Assault
Cabbagetown-South St.James Town (71),2024,Robbery,26,266,0.0977,1152.78,81.6,94,Very Safe,Assault
Cabbagetown-South St.James Town (71),2024,Theft Over,8,266,0.0301,1152.78,81.6,94,Very Safe,Assault
Caledonia-Fairbank (109),2024,Assault,46,113,0.4071,429.49,97.2,4,Very Safe,Assault
Caledonia-Fairbank (109),2024,Auto Theft,26,113,0.2301,429.49,97.2,4,Very Safe,Assault
Caledonia-Fairbank (109),2024,Break and Enter,10,113,0.0885,429.49,97.2,4,Very Safe,Assault
Caledonia-Fairbank (109),2024,NonMCI,25,113,0.2212,429.49,97.2,4,Very Safe,Assault
Caledonia-Fairbank (109),2024,Robbery,5,113,0.0442,429.49,97.2,4,Very Safe,Assault
Caledonia-Fairbank (109),2024,Theft Over,1,113,0.0088,429.49,97.2,4,Very Safe,Assault
Casa Loma (96),2024,Assault,49,147,0.3333,577.78,94.0,26,Very Safe,Assault
Casa Loma (96),2024,Auto Theft,19,147,0.1293,577.78,94.0,26,Very Safe,Assault
Casa Loma (96),2024,Break and Enter,48,147,0.3265,577.78,94.0,26,Very Safe,Assault
Casa Loma (96),2024,NonMCI,18,147,0.1224,577.78,94.0,26,Very Safe,Assault
Casa Loma (96),2024,Robbery,8,147,0.0544,577.78,94.0,26,Very Safe,Assault
Casa Loma (96),2024,Theft Over,5,147,0.034,577.78,94.0,26,Very Safe,Assault
Centennial Scarborough (133),2024,Assault,44,134,0.3284,477.95,96.1,8,Very Safe,Assault
Centennial Scarborough (133),2024,Auto Theft,24,134,0.1791,477.95,96.1,8,Very Safe,Assault
Centennial Scarborough (133),2024,Break and Enter,17,134,0.1269,477.95,96.1,8,Very Safe,Assault
Centennial Scarborough (133),2024,NonMCI,37,134,0.2761,477.95,96.1,8,Very Safe,Assault
Centennial Scarborough (133),2024,Robbery,5,134,0.0373,477.95,96.1,8,Very Safe,Assault
Centennial Scarborough (133),2024,Theft Over,7,134,0.0522,477.95,96.1,8,Very Safe,Assault
Church-Wellesley (167),2024,Assault,335,544,0.6158,2468.31,53.3,142,Moderate,Assault
Church-Wellesley (167),2024,Auto Theft,20,544,0.0368,2468.31,53.3,142,Moderate,Assault
Church-Wellesley (167),2024,Break and Enter,60,544,0.1103,2468.31,53.3,142,Moderate,Assault
Church-Wellesley (167),2024,NonMCI,71,544,0.1305,2468.31,53.3,142,Moderate,Assault
Church-Wellesley (167),2024,Robbery,39,544,0.0717,2468.31,53.3,142,Moderate,Assault
Church-Wellesley (167),2024,Theft Over,19,544,0.0349,2468.31,53.3,142,Moderate,Assault
Clairlea-Birchmount (120),2024,Assault,330,616,0.5357,2590.31,50.6,144,Moderate,Assault
Clairlea-Birchmount (120),2024,Auto Theft,127,616,0.2062,2590.31,50.6,144,Moderate,Assault
Clairlea-Birchmount (120),2024,Break and Enter,57,616,0.0925,2590.31,50.6,144,Moderate,Assault
Clairlea-Birchmount (120),2024,NonMCI,81,616,0.1315,2590.31,50.6,144,Moderate,Assault
Clairlea-Birchmount (120),2024,Robbery,12,616,0.0195,2590.31,50.6,144,Moderate,Assault
Clairlea-Birchmount (120),2024,Theft Over,9,616,0.0146,2590.31,50.6,144,Moderate,Assault
Clanton Park (33),2024,Assault,126,341,0.3695,1302.36,78.4,108,Safe,Assault
Clanton Park (33),2024,Auto Theft,94,341,0.2757,1302.36,78.4,108,Safe,Assault
Clanton Park (33),2024,Break and Enter,43,341,0.1261,1302.36,78.4,108,Safe,Assault
Clanton Park (33),2024,NonMCI,46,341,0.1349,1302.36,78.4,108,Safe,Assault
Clanton Park (33),2024,Robbery,16,341,0.0469,1302.36,78.4,108,Safe,Assault
Clanton Park (33),2024,Theft Over,16,341,0.0469,1302.36,78.4,108,Safe,Assault
Cliffcrest (123),2024,Assault,146,285,0.5123,1189.85,80.8,98,Very Safe,Assault
Cliffcrest (123),2024,Auto Theft,63,285,0.2211,1189.85,80.8,98,Very Safe,Assault
Cliffcrest (123),2024,Break and Enter,26,285,0.0912,1189.85,80.8,98,Very Safe,Assault
Cliffcrest (123),2024,NonMCI,31,285,0.1088,1189.85,80.8,98,Very Safe,Assault
Cliffcrest (123),2024,Robbery,7,285,0.0246,1189.85,80.8,98,Very Safe,Assault
Cliffcrest (123),2024,Theft Over,12,285,0.0421,1189.85,80.8,98,Very Safe,Assault
Corso Italia-Davenport (92),2024,Assault,119,222,0.536,986.91,85.2,71,Very Safe,Assault
Corso Italia-Davenport (92),2024,Auto Theft,34,222,0.1532,986.91,85.2,71,Very Safe,Assault
Corso Italia-Davenport (92),2024,Break and Enter,30,222,0.1351,986.91,85.2,71,Very Safe,Assault
Corso Italia-Davenport (92),2024,NonMCI,11,222,0.0495,986.91,85.2,71,Very Safe,Assault
Corso Italia-Davenport (92),2024,Robbery,20,222,0.0901,986.91,85.2,71,Very Safe,Assault
Corso Italia-Davenport (92),2024,Theft Over,8,222,0.036,986.91,85.2,71,Very Safe,Assault
Danforth (66),2024,Assault,101,188,0.5372,811.65,88.9,50,Very Safe,Assault
Danforth (66),2024,Auto Theft,20,188,0.1064,811.65,88.9,50,Very Safe,Assault
Danforth (66),2024,Break and Enter,14,188,0.0745,811.65,88.9,50,Very Safe,Assault
Danforth (66),2024,NonMCI,29,188,0.1543,811.65,88.9,50,Very Safe,Assault
Danforth (66),2024,Robbery,19,188,0.1011,811.65,88.9,50,Very Safe,Assault
Danforth (66),2024,Theft Over,5,188,0.0266,811.65,88.9,50,Very Safe,Assault
Danforth East York (59),2024,Assault,74,178,0.4157,684.92,91.7,37,Very Safe,Assault
Danforth East York (59),2024,Auto Theft,37,178,0.2079,684.92,91.7,37,Very Safe,Assault
Danforth East York (59),2024,Break and Enter,19,178,0.1067,684.92,91.7,37,Very Safe,Assault
Danforth East York (59),2024,NonMCI,35,178,0.1966,684.92,91.7,37,Very Safe,Assault
Danforth East York (59),2024,Robbery,5,178,0.0281,684.92,91.7,37,Very Safe,Assault
Danforth East York (59),2024,Theft Over,8,178,0.0449,684.92,91.7,37,Very Safe,Assault
Don Valley Village (47),2024,Assault,150,424,0.3538,1615.34,71.6,126,Safe,Assault
Don Valley Village (47),2024,Auto Theft,129,424,0.3042,1615.34,71.6,126,Safe,Assault
Don Valley Village (47),2024,Break and Enter,46,424,0.1085,1615.34,71.6,126,Safe,Assault
Don Valley Village (47),2024,NonMCI,52,424,0.1226,1615.34,71.6,126,Safe,Assault
Don Valley Village (47),2024,Robbery,28,424,0.066,1615.34,71.6,126,Safe,Assault
Don Valley Village (47),2024,Theft Over,19,424,0.0448,1615.34,71.6,126,Safe,Assault
Dorset Park (126),2024,Assault,185,470,0.3936,1832.66,67.0,132,Safe,Assault
Dorset Park (126),2024,Auto Theft,106,470,0.2255,1832.66,67.0,132,Safe,Assault
Dorset Park (126),2024,Break and Enter,74,470,0.1574,1832.66,67.0,132,Safe,Assault
Dorset Park (126),2024,NonMCI,71,470,0.1511,1832.66,67.0,132,Safe,Assault
Dorset Park (126),2024,Robbery,20,470,0.0426,1832.66,67.0,132,Safe,Assault
Dorset Park (126),2024,Theft Over,14,470,0.0298,1832.66,67.0,132,Safe,Assault
Dovercourt Village (172),2024,Assault,103,219,0.4703,917.64,86.6,65,Very Safe,Assault
Dovercourt Village (172),2024,Auto Theft,34,219,0.1553,917.64,86.6,65,Very Safe,Assault
Dovercourt Village (172),2024,Break and Enter,42,219,0.1918,917.64,86.6,65,Very Safe,Assault
Dovercourt Village (172),2024,NonMCI,22,219,0.1005,917.64,86.6,65,Very Safe,Assault
Dovercourt Village (172),2024,Robbery,11,219,0.0502,917.64,86.6,65,Very Safe,Assault
Dovercourt Village (172),2024,Theft Over,7,219,0.032,917.64,86.6,65,Very Safe,Assault
Downsview (155),2024,Assault,195,380,0.5132,1592.2,72.1,123,Safe,Assault
Downsview (155),2024,Auto Theft,79,380,0.2079,1592.2,72.1,123,Safe,Assault
Downsview (155),2024,Break and Enter,28,380,0.0737,1592.2,72.1,123,Safe,Assault
Downsview (155),2024,NonMCI,45,380,0.1184,1592.2,72.1,123,Safe,Assault
Downsview (155),2024,Robbery,18,380,0.0474,1592.2,72.1,123,Safe,Assault
Downsview (155),2024,Theft Over,15,380,0.0395,1592.2,72.1,123,Safe,Assault
Downtown Yonge East (168),2024,Assault,537,961,0.5588,4224.17,15.5,156,Very Risky,Assault
Downtown Yonge East (168),2024,Auto Theft,43,961,0.0447,4224.17,15.5,156,Very Risky,Assault
Downtown Yonge East (168),2024,Break and Enter,88,961,0.0916,4224.17,15.5,156,Very Risky,Assault
Downtown Yonge East (168),2024,NonMCI,155,961,0.1613,4224.17,15.5,156,Very Risky,Assault
Downtown Yonge East (168),2024,Robbery,101,961,0.1051,4224.17,15.5,156,Very Risky,Assault
Downtown Yonge East (168),2024,Theft Over,37,961,0.0385,4224.17,15.5,156,Very Risky,Assault
Dufferin Grove (83),2024,Assault,165,283,0.583,1270.59,79.1,106,Safe,Assault
Dufferin Grove (83),2024,Auto Theft,16,283,0.0565,1270.59,79.1,106,Safe,Assault
Dufferin Grove (83),2024,Break and Enter,47,283,0.1661,1270.59,79.1,106,Safe,Assault
Dufferin Grove (83),2024,NonMCI,28,283,0.0989,1270.59,79.1,106,Safe,Assault
Dufferin Grove (83),2024,Robbery,16,283,0.0565,1270.59,79.1,106,Safe,Assault
Dufferin Grove (83),2024,Theft Over,11,283,0.0389,1270.59,79.1,106,Safe,Assault
East End-Danforth (62),2024,Assault,180,362,0.4972,1546.38,73.1,120,Safe,Assault
East End-Danforth (62),2024,Auto Theft,41,362,0.1133,1546.38,73.1,120,Safe,Assault
East End-Danforth (62),2024,Break and Enter,63,362,0.174,1546.38,73.1,120,Safe,Assault
East End-Danforth (62),2024,NonMCI,44,362,0.1215,1546.38,73.1,120,Safe,Assault
East End-Danforth (62),2024,Robbery,26,362,0.0718,1546.38,73.1,120,Safe,Assault
East End-Danforth (62),2024,Theft Over,8,362,0.0221,1546.38,73.1,120,Safe,Assault
East L'Amoreaux (148),2024,Assault,74,213,0.3474,798.94,89.2,49,Very Safe,Assault
East L'Amoreaux (148),2024,Auto Theft,65,213,0.3052,798.94,89.2,49,Very Safe,Assault
East L'Amoreaux (148),2024,Break and Enter,36,213,0.169,798.94,89.2,49,Very Safe,Assault
East L'Amoreaux (148),2024,NonMCI,31,213,0.1455,798.94,89.2,49,Very Safe,Assault
East L'Amoreaux (148),2024,Robbery,6,213,0.0282,798.94,89.2,49,Very Safe,Assault
East L'Amoreaux (148),2024,Theft Over,1,213,0.0047,798.94,89.2,49,Very Safe,Assault
East Willowdale (152),2024,Assault,66,238,0.2773,884.94,87.4,62,Very Safe,Assault
East Willowdale (152),2024,Auto Theft,38,238,0.1597,884.94,87.4,62,Very Safe,Assault
East Willowdale (152),2024,Break and Enter,53,238,0.2227,884.94,87.4,62,Very Safe,Assault
East Willowdale (152),2024,NonMCI,45,238,0.1891,884.94,87.4,62,Very Safe,Assault
East Willowdale (152),2024,Robbery,25,238,0.105,884.94,87.4,62,Very Safe,Assault
East Willowdale (152),2024,Theft Over,11,238,0.0462,884.94,87.4,62,Very Safe,Assault
Edenbridge-Humber Valley (9),2024,Assault,57,187,0.3048,705.13,91.2,40,Very Safe,Break and Enter
Edenbridge-Humber Valley (9),2024,Auto Theft,41,187,0.2193,705.13,91.2,40,Very Safe,Break and Enter
Edenbridge-Humber Valley (9),2024,Break and Enter,59,187,0.3155,705.13,91.2,40,Very Safe,Break and Enter
Edenbridge-Humber Valley (9),2024,NonMCI,21,187,0.1123,705.13,91.2,40,Very Safe,Break and Enter
Edenbridge-Humber Valley (9),2024,Robbery,2,187,0.0107,705.13,91.2,40,Very Safe,Break and Enter
Edenbridge-Humber Valley (9),2024,Theft Over,7,187,0.0374,705.13,91.2,40,Very Safe,Break and Enter
Eglinton East (138),2024,Assault,181,393,0.4606,1592.53,72.1,123,Safe,Assault
Eglinton East (138),2024,Auto Theft,61,393,0.1552,1592.53,72.1,123,Safe,Assault
Eglinton East (138),2024,Break and Enter,32,393,0.0814,1592.53,72.1,123,Safe,Assault
Eglinton East (138),2024,NonMCI,74,393,0.1883,1592.53,72.1,123,Safe,Assault
Eglinton East (138),2024,Robbery,32,393,0.0814,1592.53,72.1,123,Safe,Assault
Eglinton East (138),2024,Theft Over,13,393,0.0331,1592.53,72.1,123,Safe,Assault
Elms-Old Rexdale (5),2024,Assault,81,192,0.4219,759.55,90.1,45,Very Safe,Assault
Elms-Old Rexdale (5),2024,Auto Theft,44,192,0.2292,759.55,90.1,45,Very Safe,Assault
Elms-Old Rexdale (5),2024,Break and Enter,11,192,0.0573,759.55,90.1,45,Very Safe,Assault
Elms-Old Rexdale (5),2024,NonMCI,36,192,0.1875,759.55,90.1,45,Very Safe,Assault
Elms-Old Rexdale (5),2024,Robbery,18,192,0.0938,759.55,90.1,45,Very Safe,Assault
Elms-Old Rexdale (5),2024,Theft Over,2,192,0.0104,759.55,90.1,45,Very Safe,Assault
Englemount-Lawrence (32),2024,Assault,101,211,0.4787,877.49,87.5,59,Very Safe,Assault
Englemount-Lawrence (32),2024,Auto Theft,28,211,0.1327,877.49,87.5,59,Very Safe,Assault
Englemount-Lawrence (32),2024,Break and Enter,23,211,0.109,877.49,87.5,59,Very Safe,Assault
Englemount-Lawrence (32),2024,NonMCI,31,211,0.1469,877.49,87.5,59,Very Safe,Assault
Englemount-Lawrence (32),2024,Robbery,16,211,0.0758,877.49,87.5,59,Very Safe,Assault
Englemount-Lawrence (32),2024,Theft Over,12,211,0.0569,877.49,87.5,59,Very Safe,Assault
Eringate-Centennial-West Deane (11),2024,Assault,76,261,0.2912,914.67,86.7,64,Very Safe,Auto Theft
Eringate-Centennial-West Deane (11),2024,Auto Theft,88,261,0.3372,914.67,86.7,64,Very Safe,Auto Theft
Eringate-Centennial-West Deane (11),2024,Break and Enter,31,261,0.1188,914.67,86.7,64,Very Safe,Auto Theft
Eringate-Centennial-West Deane (11),2024,NonMCI,50,261,0.1916,914.67,86.7,64,Very Safe,Auto Theft
Eringate-Centennial-West Deane (11),2024,Robbery,6,261,0.023,914.67,86.7,64,Very Safe,Auto Theft
Eringate-Centennial-West Deane (11),2024,Theft Over,10,261,0.0383,914.67,86.7,64,Very Safe,Auto Theft
Etobicoke City Centre (159),2024,Assault,235,737,0.3189,2714.79,48.0,145,Moderate,Auto Theft
Etobicoke City Centre (159),2024,Auto Theft,236,737,0.3202,2714.79,48.0,145,Moderate,Auto Theft
Etobicoke City Centre (159),2024,Break and Enter,92,737,0.1248,2714.79,48.0,145,Moderate,Auto Theft
Etobicoke City Centre (159),2024,NonMCI,88,737,0.1194,2714.79,48.0,145,Moderate,Auto Theft
Etobicoke City Centre (159),2024,Robbery,30,737,0.0407,2714.79,48.0,145,Moderate,Auto Theft
Etobicoke City Centre (159),2024,Theft Over,56,737,0.076,2714.79,48.0,145,Moderate,Auto Theft
Etobicoke West Mall (13),2024,Assault,55,132,0.4167,504.84,95.5,15,Very Safe,Assault
Etobicoke West Mall (13),2024,Auto Theft,39,132,0.2955,504.84,95.5,15,Very Safe,Assault
Etobicoke West Mall (13),2024,Break and Enter,11,132,0.0833,504.84,95.5,15,Very Safe,Assault
Etobicoke West Mall (13),2024,NonMCI,21,132,0.1591,504.84,95.5,15,Very Safe,Assault
Etobicoke West Mall (13),2024,Robbery,2,132,0.0152,504.84,95.5,15,Very Safe,Assault
Etobicoke West Mall (13),2024,Theft Over,4,132,0.0303,504.84,95.5,15,Very Safe,Assault
Fenside-Parkwoods (150),2024,Assault,114,238,0.479,965.81,85.6,68,Very Safe,Assault
Fenside-Parkwoods (150),2024,Auto Theft,74,238,0.3109,965.81,85.6,68,Very Safe,Assault
Fenside-Parkwoods (150),2024,Break and Enter,9,238,0.0378,965.81,85.6,68,Very Safe,Assault
Fenside-Parkwoods (150),2024,NonMCI,28,238,0.1176,965.81,85.6,68,Very Safe,Assault
Fenside-Parkwoods (150),2024,Robbery,10,238,0.042,965.81,85.6,68,Very Safe,Assault
Fenside-Parkwoods (150),2024,Theft Over,3,238,0.0126,965.81,85.6,68,Very Safe,Assault
Flemingdon Park (44),2024,Assault,130,281,0.4626,1090.16,82.9,84,Very Safe,Assault
Flemingdon Park (44),2024,Auto Theft,51,281,0.1815,1090.16,82.9,84,Very Safe,Assault
Flemingdon Park (44),2024,Break and Enter,18,281,0.0641,1090.16,82.9,84,Very Safe,Assault
Flemingdon Park (44),2024,NonMCI,66,281,0.2349,1090.16,82.9,84,Very Safe,Assault
Flemingdon Park (44),2024,Robbery,6,281,0.0214,1090.16,82.9,84,Very Safe,Assault
Flemingdon Park (44),2024,Theft Over,10,281,0.0356,1090.16,82.9,84,Very Safe,Assault
Forest Hill North (102),2024,Assault,44,116,0.3793,454.61,96.6,6,Very Safe,Assault
Forest Hill North (102),2024,Auto Theft,14,116,0.1207,454.61,96.6,6,Very Safe,Assault
Forest Hill North (102),2024,Break and Enter,28,116,0.2414,454.61,96.6,6,Very Safe,Assault
Forest Hill North (102),2024,NonMCI,20,116,0.1724,454.61,96.6,6,Very Safe,Assault
Forest Hill North (102),2024,Robbery,6,116,0.0517,454.61,96.6,6,Very Safe,Assault
Forest Hill North (102),2024,Theft Over,4,116,0.0345,454.61,96.6,6,Very Safe,Assault
Forest Hill South (101),2024,Assault,32,140,0.2286,514.22,95.3,19,Very Safe,Break and Enter
Forest Hill South (101),2024,Auto Theft,24,140,0.1714,514.22,95.3,19,Very Safe,Break and Enter
Forest Hill South (101),2024,Break and Enter,52,140,0.3714,514.22,95.3,19,Very Safe,Break and Enter
Forest Hill South (101),2024,NonMCI,18,140,0.1286,514.22,95.3,19,Very Safe,Break and Enter
Forest Hill South (101),2024,Robbery,6,140,0.0429,514.22,95.3,19,Very Safe,Break and Enter
Forest Hill South (101),2024,Theft Over,8,140,0.0571,514.22,95.3,19,Very Safe,Break and Enter
Fort York-Liberty Village (163),2024,Assault,179,292,0.613,1315.99,78.1,109,Safe,Assault
Fort York-Liberty Village (163),2024,Auto Theft,21,292,0.0719,1315.99,78.1,109,Safe,Assault
Fort York-Liberty Village (163),2024,Break and Enter,29,292,0.0993,1315.99,78.1,109,Safe,Assault
Fort York-Liberty Village (163),2024,NonMCI,24,292,0.0822,1315.99,78.1,109,Safe,Assault
Fort York-Liberty Village (163),2024,Robbery,12,292,0.0411,1315.99,78.1,109,Safe,Assault
Fort York-Liberty Village (163),2024,Theft Over,27,292,0.0925,1315.99,78.1,109,Safe,Assault
Glenfield-Jane Heights (25),2024,Assault,335,570,0.5877,2500.05,52.6,143,Moderate,Assault
Glenfield-Jane Heights (25),2024,Auto Theft,98,570,0.1719,2500.05,52.6,143,Moderate,Assault
Glenfield-Jane Heights (25),2024,Break and Enter,36,570,0.0632,2500.05,52.6,143,Moderate,Assault
Glenfield-Jane Heights (25),2024,NonMCI,63,570,0.1105,2500.05,52.6,143,Moderate,Assault
Glenfield-Jane Heights (25),2024,Robbery,26,570,0.0456,2500.05,52.6,143,Moderate,Assault
Glenfield-Jane Heights (25),2024,Theft Over,12,570,0.0211,2500.05,52.6,143,Moderate,Assault
Golfdale-Cedarbrae-Woburn (141),2024,Assault,174,352,0.4943,1484.94,74.4,118,Safe,Assault
Golfdale-Cedarbrae-Woburn (141),2024,Auto Theft,57,352,0.1619,1484.94,74.4,118,Safe,Assault
Golfdale-Cedarbrae-Woburn (141),2024,Break and Enter,34,352,0.0966,1484.94,74.4,118,Safe,Assault
Golfdale-Cedarbrae-Woburn (141),2024,NonMCI,49,352,0.1392,1484.94,74.4,118,Safe,Assault
Golfdale-Cedarbrae-Woburn (141),2024,Robbery,31,352,0.0881,1484.94,74.4,118,Safe,Assault
Golfdale-Cedarbrae-Woburn (141),2024,Theft Over,7,352,0.0199,1484.94,74.4,118,Safe,Assault
Greenwood-Coxwell (65),2024,Assault,102,254,0.4016,991.14,85.1,72,Very Safe,Assault
Greenwood-Coxwell (65),2024,Auto Theft,44,254,0.1732,991.14,85.1,72,Very Safe,Assault
Greenwood-Coxwell (65),2024,Break and Enter,46,254,0.1811,991.14,85.1,72,Very Safe,Assault
Greenwood-Coxwell (65),2024,NonMCI,48,254,0.189,991.14,85.1,72,Very Safe,Assault
Greenwood-Coxwell (65),2024,Robbery,10,254,0.0394,991.14,85.1,72,Very Safe,Assault
Greenwood-Coxwell (65),2024,Theft Over,4,254,0.0157,991.14,85.1,72,Very Safe,Assault
Guildwood (140),2024,Assault,32,91,0.3516,341.68,99.0,2,Very Safe,Assault
Guildwood (140),2024,Auto Theft,16,91,0.1758,341.68,99.0,2,Very Safe,Assault
Guildwood (140),2024,Break and Enter,15,91,0.1648,341.68,99.0,2,Very Safe,Assault
Guildwood (140),2024,NonMCI,21,91,0.2308,341.68,99.0,2,Very Safe,Assault
Guildwood (140),2024,Robbery,6,91,0.0659,341.68,99.0,2,Very Safe,Assault
Guildwood (140),2024,Theft Over,1,91,0.011,341.68,99.0,2,Very Safe,Assault
Harbourfront-CityPlace (165),2024,Assault,237,387,0.6124,1723.15,69.3,128,Safe,Assault
Harbourfront-CityPlace (165),2024,Auto Theft,26,387,0.0672,1723.15,69.3,128,Safe,Assault
Harbourfront-CityPlace (165),2024,Break and Enter,33,387,0.0853,1723.15,69.3,128,Safe,Assault
Harbourfront-CityPlace (165),2024,NonMCI,55,387,0.1421,1723.15,69.3,128,Safe,Assault
Harbourfront-CityPlace (165),2024,Robbery,18,387,0.0465,1723.15,69.3,128,Safe,Assault
Harbourfront-CityPlace (165),2024,Theft Over,18,387,0.0465,1723.15,69.3,128,Safe,Assault
Henry Farm (53),2024,Assault,92,185,0.4973,756.9,90.1,45,Very Safe,Assault
Henry Farm (53),2024,Auto Theft,38,185,0.2054,756.9,90.1,45,Very Safe,Assault
Henry Farm (53),2024,Break and Enter,18,185,0.0973,756.9,90.1,45,Very Safe,Assault
Henry Farm (53),2024,NonMCI,24,185,0.1297,756.9,90.1,45,Very Safe,Assault
Henry Farm (53),2024,Robbery,3,185,0.0162,756.9,90.1,45,Very Safe,Assault
Henry Farm (53),2024,Theft Over,10,185,0.0541,756.9,90.1,45,Very Safe,Assault
High Park North (88),2024,Assault,153,313,0.4888,1328.17,77.8,111,Safe,Assault
High Park North (88),2024,Auto Theft,31,313,0.099,1328.17,77.8,111,Safe,Assault
High Park North (88),2024,Break and Enter,58,313,0.1853,1328.17,77.8,111,Safe,Assault
High Park North (88),2024,NonMCI,41,313,0.131,1328.17,77.8,111,Safe,Assault
High Park North (88),2024,Robbery,21,313,0.0671,1328.17,77.8,111,Safe,Assault
High Park North (88),2024,Theft Over,9,313,0.0288,1328.17,77.8,111,Safe,Assault
High Park-Swansea (87),2024,Assault,97,255,0.3804,978.25,85.3,70,Very Safe,Assault
High Park-Swansea (87),2024,Auto Theft,29,255,0.1137,978.25,85.3,70,Very Safe,Assault
High Park-Swansea (87),2024,Break and Enter,50,255,0.1961,978.25,85.3,70,Very Safe,Assault
High Park-Swansea (87),2024,NonMCI,55,255,0.2157,978.25,85.3,70,Very Safe,Assault
High Park-Swansea (87),2024,Robbery,11,255,0.0431,978.25,85.3,70,Very Safe,Assault
High Park-Swansea (87),2024,Theft Over,13,255,0.051,978.25,85.3,70,Very Safe,Assault
Highland Creek (134),2024,Assault,55,165,0.3333,611.9,93.2,31,Very Safe,Assault
Highland Creek (134),2024,Auto Theft,54,165,0.3273,611.9,93.2,31,Very Safe,Assault
Highland Creek (134),2024,Break and Enter,16,165,0.097,611.9,93.2,31,Very Safe,Assault
Highland Creek (134),2024,NonMCI,26,165,0.1576,611.9,93.2,31,Very Safe,Assault
Highland Creek (134),2024,Robbery,11,165,0.0667,611.9,93.2,31,Very Safe,Assault
Highland Creek (134),2024,Theft Over,3,165,0.0182,611.9,93.2,31,Very Safe,Assault
Hillcrest Village (48),2024,Assault,57,194,0.2938,738.44,90.5,44,Very Safe,Assault
Hillcrest Village (48),2024,Auto Theft,47,194,0.2423,738.44,90.5,44,Very Safe,Assault
Hillcrest Village (48),2024,Break and Enter,36,194,0.1856,738.44,90.5,44,Very Safe,Assault
Hillcrest Village (48),2024,NonMCI,25,194,0.1289,738.44,90.5,44,Very Safe,Assault
Hillcrest Village (48),2024,Robbery,23,194,0.1186,738.44,90.5,44,Very Safe,Assault
Hillcrest Village (48),2024,Theft Over,6,194,0.0309,738.44,90.5,44,Very Safe,Assault
Humber Bay Shores (161),2024,Assault,112,239,0.4686,965.97,85.6,68,Very Safe,Assault
Humber Bay Shores (161),2024,Auto Theft,32,239,0.1339,965.97,85.6,68,Very Safe,Assault
Humber Bay Shores (161),2024,Break and Enter,33,239,0.1381,965.97,85.6,68,Very Safe,Assault
Humber Bay Shores (161),2024,NonMCI,43,239,0.1799,965.97,85.6,68,Very Safe,Assault
Humber Bay Shores (161),2024,Robbery,8,239,0.0335,965.97,85.6,68,Very Safe,Assault
Humber Bay Shores (161),2024,Theft Over,11,239,0.046,965.97,85.6,68,Very Safe,Assault
Humber Heights-Westmount (8),2024,Assault,52,127,0.4094,514.08,95.3,19,Very Safe,Assault
Humber Heights-Westmount (8),2024,Auto Theft,27,127,0.2126,514.08,95.3,19,Very Safe,Assault
Humber Heights-Westmount (8),2024,Break and Enter,17,127,0.1339,514.08,95.3,19,Very Safe,Assault
Humber Heights-Westmount (8),2024,NonMCI,16,127,0.126,514.08,95.3,19,Very Safe,Assault
Humber Heights-Westmount (8),2024,Robbery,12,127,0.0945,514.08,95.3,19,Very Safe,Assault
Humber Heights-Westmount (8),2024,Theft Over,3,127,0.0236,514.08,95.3,19,Very Safe,Assault
Humber Summit (21),2024,Assault,121,364,0.3324,1362.78,77.1,113,Safe,Assault
Humber Summit (21),2024,Auto Theft,105,364,0.2885,1362.78,77.1,113,Safe,Assault
Humber Summit (21),2024,Break and Enter,45,364,0.1236,1362.78,77.1,113,Safe,Assault
Humber Summit (21),2024,NonMCI,53,364,0.1456,1362.78,77.1,113,Safe,Assault
Humber Summit (21),2024,Robbery,23,364,0.0632,1362.78,77.1,113,Safe,Assault
Humber Summit (21),2024,Theft Over,17,364,0.0467,1362.78,77.1,113,Safe,Assault
Humbermede (22),2024,Assault,162,346,0.4682,1402.34,76.2,115,Safe,Assault
Humbermede (22),2024,Auto Theft,105,346,0.3035,1402.34,76.2,115,Safe,Assault
Humbermede (22),2024,Break and Enter,23,346,0.0665,1402.34,76.2,115,Safe,Assault
Humbermede (22),2024,NonMCI,35,346,0.1012,1402.34,76.2,115,Safe,Assault
Humbermede (22),2024,Robbery,14,346,0.0405,1402.34,76.2,115,Safe,Assault
Humbermede (22),2024,Theft Over,7,346,0.0202,1402.34,76.2,115,Safe,Assault
Humewood-Cedarvale (106),2024,Assault,51,148,0.3446,550.12,94.6,23,Very Safe,Assault
Humewood-Cedarvale (106),2024,Auto Theft,31,148,0.2095,550.12,94.6,23,Very Safe,Assault
Humewood-Cedarvale (106),2024,Break and Enter,29,148,0.1959,550.12,94.6,23,Very Safe,Assault
Humewood-Cedarvale (106),2024,NonMCI,27,148,0.1824,550.12,94.6,23,Very Safe,Assault
Humewood-Cedarvale (106),2024,Robbery,2,148,0.0135,550.12,94.6,23,Very Safe,Assault
Humewood-Cedarvale (106),2024,Theft Over,8,148,0.0541,550.12,94.6,23,Very Safe,Assault
Ionview (125),2024,Assault,97,168,0.5774,726.72,90.8,42,Very Safe,Assault
Ionview (125),2024,Auto Theft,25,168,0.1488,726.72,90.8,42,Very Safe,Assault
Ionview (125),2024,Break and Enter,16,168,0.0952,726.72,90.8,42,Very Safe,Assault
Ionview (125),2024,NonMCI,20,168,0.119,726.72,90.8,42,Very Safe,Assault
Ionview (125),2024,Robbery,2,168,0.0119,726.72,90.8,42,Very Safe,Assault
Ionview (125),2024,Theft Over,8,168,0.0476,726.72,90.8,42,Very Safe,Assault
Islington (158),2024,Assault,126,366,0.3443,1419.01,75.9,117,Safe,Assault
Islington (158),2024,Auto Theft,78,366,0.2131,1419.01,75.9,117,Safe,Assault
Islington (158),2024,Break and Enter,92,366,0.2514,1419.01,75.9,117,Safe,Assault
Islington (158),2024,NonMCI,41,366,0.112,1419.01,75.9,117,Safe,Assault
Islington (158),2024,Robbery,16,366,0.0437,1419.01,75.9,117,Safe,Assault
Islington (158),2024,Theft Over,13,366,0.0355,1419.01,75.9,117,Safe,Assault
Junction Area (90),2024,Assault,145,346,0.4191,1371.56,76.9,114,Safe,Assault
Junction Area (90),2024,Auto Theft,61,346,0.1763,1371.56,76.9,114,Safe,Assault
Junction Area (90),2024,Break and Enter,65,346,0.1879,1371.56,76.9,114,Safe,Assault
Junction Area (90),2024,NonMCI,53,346,0.1532,1371.56,76.9,114,Safe,Assault
Junction Area (90),2024,Robbery,10,346,0.0289,1371.56,76.9,114,Safe,Assault
Junction Area (90),2024,Theft Over,12,346,0.0347,1371.56,76.9,114,Safe,Assault
Junction-Wallace Emerson (171),2024,Assault,179,384,0.4661,1571.19,72.6,122,Safe,Assault
Junction-Wallace Emerson (171),2024,Auto Theft,41,384,0.1068,1571.19,72.6,122,Safe,Assault
Junction-Wallace Emerson (171),2024,Break and Enter,76,384,0.1979,1571.19,72.6,122,Safe,Assault
Junction-Wallace Emerson (171),2024,NonMCI,65,384,0.1693,1571.19,72.6,122,Safe,Assault
Junction-Wallace Emerson (171),2024,Robbery,11,384,0.0286,1571.19,72.6,122,Safe,Assault
Junction-Wallace Emerson (171),2024,Theft Over,12,384,0.0312,1571.19,72.6,122,Safe,Assault
Keelesdale-Eglinton West (110),2024,Assault,81,176,0.4602,693.35,91.5,38,Very Safe,Assault
Keelesdale-Eglinton West (110),2024,Auto Theft,22,176,0.125,693.35,91.5,38,Very Safe,Assault
Keelesdale-Eglinton West (110),2024,Break and Enter,14,176,0.0795,693.35,91.5,38,Very Safe,Assault
Keelesdale-Eglinton West (110),2024,NonMCI,46,176,0.2614,693.35,91.5,38,Very Safe,Assault
Keelesdale-Eglinton West (110),2024,Robbery,9,176,0.0511,693.35,91.5,38,Very Safe,Assault
Keelesdale-Eglinton West (110),2024,Theft Over,4,176,0.0227,693.35,91.5,38,Very Safe,Assault
Kennedy Park (124),2024,Assault,246,412,0.5971,1818.18,67.3,131,Safe,Assault
Kennedy Park (124),2024,Auto Theft,46,412,0.1117,1818.18,67.3,131,Safe,Assault
Kennedy Park (124),2024,Break and Enter,28,412,0.068,1818.18,67.3,131,Safe,Assault
Kennedy Park (124),2024,NonMCI,57,412,0.1383,1818.18,67.3,131,Safe,Assault
Kennedy Park (124),2024,Robbery,23,412,0.0558,1818.18,67.3,131,Safe,Assault
Kennedy Park (124),2024,Theft Over,12,412,0.0291,1818.18,67.3,131,Safe,Assault
Kensington-Chinatown (78),2024,Assault,449,1006,0.4463,3966.42,21.0,154,Risky,Assault
Kensington-Chinatown (78),2024,Auto Theft,25,1006,0.0249,3966.42,21.0,154,Risky,Assault
Kensington-Chinatown (78),2024,Break and Enter,149,1006,0.1481,3966.42,21.0,154,Risky,Assault
Kensington-Chinatown (78),2024,NonMCI,268,1006,0.2664,3966.42,21.0,154,Risky,Assault
Kensington-Chinatown (78),2024,Robbery,53,1006,0.0527,3966.42,21.0,154,Risky,Assault
Kensington-Chinatown (78),2024,Theft Over,62,1006,0.0616,3966.42,21.0,154,Risky,Assault
Kingsview Village-The Westway (6),2024,Assault,137,327,0.419,1261.57,79.2,105,Safe,Assault
Kingsview Village-The Westway (6),2024,Auto Theft,71,327,0.2171,1261.57,79.2,105,Safe,Assault
Kingsview Village-The Westway (6),2024,Break and Enter,23,327,0.0703,1261.57,79.2,105,Safe,Assault
Kingsview Village-The Westway (6),2024,NonMCI,67,327,0.2049,1261.57,79.2,105,Safe,Assault
Kingsview Village-The Westway (6),2024,Robbery,18,327,0.055,1261.57,79.2,105,Safe,Assault
Kingsview Village-The Westway (6),2024,Theft Over,11,327,0.0336,1261.57,79.2,105,Safe,Assault
Kingsway South (15),2024,Assault,42,139,0.3022,514.54,95.3,19,Very Safe,Assault
Kingsway South (15),2024,Auto Theft,26,139,0.1871,514.54,95.3,19,Very Safe,Assault
Kingsway South (15),2024,Break and Enter,34,139,0.2446,514.54,95.3,19,Very Safe,Assault
Kingsway South (15),2024,NonMCI,24,139,0.1727,514.54,95.3,19,Very Safe,Assault
Kingsway South (15),2024,Robbery,6,139,0.0432,514.54,95.3,19,Very Safe,Assault
Kingsway South (15),2024,Theft Over,7,139,0.0504,514.54,95.3,19,Very Safe,Assault
L'Amoreaux West (147),2024,Assault,103,253,0.4071,1022.26,84.4,76,Very Safe,Assault
L'Amoreaux West (147),2024,Auto Theft,48,253,0.1897,1022.26,84.4,76,Very Safe,Assault
L'Amoreaux West (147),2024,Break and Enter,40,253,0.1581,1022.26,84.4,76,Very Safe,Assault
L'Amoreaux West (147),2024,NonMCI,32,253,0.1265,1022.26,84.4,76,Very Safe,Assault
L'Amoreaux West (147),2024,Robbery,23,253,0.0909,1022.26,84.4,76,Very Safe,Assault
L'Amoreaux West (147),2024,Theft Over,7,253,0.0277,1022.26,84.4,76,Very Safe,Assault
Lambton Baby Point (114),2024,Assault,35,70,0.5,297.27,100.0,1,Very Safe,Assault
Lambton Baby Point (114),2024,Auto Theft,6,70,0.0857,297.27,100.0,1,Very Safe,Assault
Lambton Baby Point (114),2024,Break and Enter,15,70,0.2143,297.27,100.0,1,Very Safe,Assault
Lambton Baby Point (114),2024,NonMCI,10,70,0.1429,297.27,100.0,1,Very Safe,Assault
Lambton Baby Point (114),2024,Robbery,3,70,0.0429,297.27,100.0,1,Very Safe,Assault
Lambton Baby Point (114),2024,Theft Over,1,70,0.0143,297.27,100.0,1,Very Safe,Assault
Lansing-Westgate (38),2024,Assault,94,220,0.4273,879.17,87.5,59,Very Safe,Assault
Lansing-Westgate (38),2024,Auto Theft,45,220,0.2045,879.17,87.5,59,Very Safe,Assault
Lansing-Westgate (38),2024,Break and Enter,26,220,0.1182,879.17,87.5,59,Very Safe,Assault
Lansing-Westgate (38),2024,NonMCI,30,220,0.1364,879.17,87.5,59,Very Safe,Assault
Lansing-Westgate (38),2024,Robbery,14,220,0.0636,879.17,87.5,59,Very Safe,Assault
Lansing-Westgate (38),2024,Theft Over,11,220,0.05,879.17,87.5,59,Very Safe,Assault
Lawrence Park North (105),2024,Assault,46,164,0.2805,598.15,93.5,29,Very Safe,Assault
Lawrence Park North (105),2024,Auto Theft,36,164,0.2195,598.15,93.5,29,Very Safe,Assault
Lawrence Park North (105),2024,Break and Enter,39,164,0.2378,598.15,93.5,29,Very Safe,Assault
Lawrence Park North (105),2024,NonMCI,27,164,0.1646,598.15,93.5,29,Very Safe,Assault
Lawrence Park North (105),2024,Robbery,7,164,0.0427,598.15,93.5,29,Very Safe,Assault
Lawrence Park North (105),2024,Theft Over,9,164,0.0549,598.15,93.5,29,Very Safe,Assault
Lawrence Park South (103),2024,Assault,28,169,0.1657,588.23,93.7,27,Very Safe,Break and Enter
Lawrence Park South (103),2024,Auto Theft,47,169,0.2781,588.23,93.7,27,Very Safe,Break and Enter
Lawrence Park South (103),2024,Break and Enter,56,169,0.3314,588.23,93.7,27,Very Safe,Break and Enter
Lawrence Park South (103),2024,NonMCI,17,169,0.1006,588.23,93.7,27,Very Safe,Break and Enter
Lawrence Park South (103),2024,Robbery,8,169,0.0473,588.23,93.7,27,Very Safe,Break and Enter
Lawrence Park South (103),2024,Theft Over,13,169,0.0769,588.23,93.7,27,Very Safe,Break and Enter
Leaside-Bennington (56),2024,Assault,21,159,0.1321,504.99,95.5,15,Very Safe,Auto Theft
Leaside-Bennington (56),2024,Auto Theft,74,159,0.4654,504.99,95.5,15,Very Safe,Auto Theft
Leaside-Bennington (56),2024,Break and Enter,30,159,0.1887,504.99,95.5,15,Very Safe,Auto Theft
Leaside-Bennington (56),2024,NonMCI,25,159,0.1572,504.99,95.5,15,Very Safe,Auto Theft
Leaside-Bennington (56),2024,Robbery,5,159,0.0314,504.99,95.5,15,Very Safe,Auto Theft
Leaside-Bennington (56),2024,Theft Over,4,159,0.0252,504.99,95.5,15,Very Safe,Auto Theft
Little Portugal (84),2024,Assault,147,286,0.514,1232.19,79.9,100,Safe,Assault
Little Portugal (84),2024,Auto Theft,20,286,0.0699,1232.19,79.9,100,Safe,Assault
Little Portugal (84),2024,Break and Enter,42,286,0.1469,1232.19,79.9,100,Safe,Assault
Little Portugal (84),2024,NonMCI,38,286,0.1329,1232.19,79.9,100,Safe,Assault
Little Portugal (84),2024,Robbery,22,286,0.0769,1232.19,79.9,100,Safe,Assault
Little Portugal (84),2024,Theft Over,17,286,0.0594,1232.19,79.9,100,Safe,Assault
Long Branch (19),2024,Assault,75,157,0.4777,642.43,92.6,34,Very Safe,Assault
Long Branch (19),2024,Auto Theft,29,157,0.1847,642.43,92.6,34,Very Safe,Assault
Long Branch (19),2024,Break and Enter,21,157,0.1338,642.43,92.6,34,Very Safe,Assault
Long Branch (19),2024,NonMCI,22,157,0.1401,642.43,92.6,34,Very Safe,Assault
Long Branch (19),2024,Robbery,5,157,0.0318,642.43,92.6,34,Very Safe,Assault
Long Branch (19),2024,Theft Over,5,157,0.0318,642.43,92.6,34,Very Safe,Assault
Malvern East (146),2024,Assault,128,267,0.4794,1093.18,82.9,84,Very Safe,Assault
Malvern East (146),2024,Auto Theft,65,267,0.2434,1093.18,82.9,84,Very Safe,Assault
Malvern East (146),2024,Break and Enter,15,267,0.0562,1093.18,82.9,84,Very Safe,Assault
Malvern East (146),2024,NonMCI,36,267,0.1348,1093.18,82.9,84,Very Safe,Assault
Malvern East (146),2024,Robbery,16,267,0.0599,1093.18,82.9,84,Very Safe,Assault
Malvern East (146),2024,Theft Over,7,267,0.0262,1093.18,82.9,84,Very Safe,Assault
Malvern West (145),2024,Assault,91,208,0.4375,836.74,88.4,54,Very Safe,Assault
Malvern West (145),2024,Auto Theft,56,208,0.2692,836.74,88.4,54,Very Safe,Assault
Malvern West (145),2024,Break and Enter,17,208,0.0817,836.74,88.4,54,Very Safe,Assault
Malvern West (145),2024,NonMCI,24,208,0.1154,836.74,88.4,54,Very Safe,Assault
Malvern West (145),2024,Robbery,14,208,0.0673,836.74,88.4,54,Very Safe,Assault
Malvern West (145),2024,Theft Over,6,208,0.0288,836.74,88.4,54,Very Safe,Assault
Maple Leaf (29),2024,Assault,44,118,0.3729,446.94,96.8,5,Very Safe,Assault
Maple Leaf (29),2024,Auto Theft,38,118,0.322,446.94,96.8,5,Very Safe,Assault
Maple Leaf (29),2024,Break and Enter,17,118,0.1441,446.94,96.8,5,Very Safe,Assault
Maple Leaf (29),2024,NonMCI,15,118,0.1271,446.94,96.8,5,Very Safe,Assault
Maple Leaf (29),2024,Robbery,2,118,0.0169,446.94,96.8,5,Very Safe,Assault
Maple Leaf (29),2024,Theft Over,2,118,0.0169,446.94,96.8,5,Very Safe,Assault
Markland Wood (12),2024,Assault,49,134,0.3657,507.0,95.5,15,Very Safe,Assault
Markland Wood (12),2024,Auto Theft,38,134,0.2836,507.0,95.5,15,Very Safe,Assault
Markland Wood (12),2024,Break and Enter,19,134,0.1418,507.0,95.5,15,Very Safe,Assault
Markland Wood (12),2024,NonMCI,21,134,0.1567,507.0,95.5,15,Very Safe,Assault
Markland Wood (12),2024,Robbery,4,134,0.0299,507.0,95.5,15,Very Safe,Assault
Markland Wood (12),2024,Theft Over,3,134,0.0224,507.0,95.5,15,Very Safe,Assault
Milliken (130),2024,Assault,100,505,0.198,1730.3,69.2,129,Safe,Auto Theft
Milliken (130),2024,Auto Theft,185,505,0.3663,1730.3,69.2,129,Safe,Auto Theft
Milliken (130),2024,Break and Enter,70,505,0.1386,1730.3,69.2,129,Safe,Auto Theft
Milliken (130),2024,NonMCI,80,505,0.1584,1730.3,69.2,129,Safe,Auto Theft
Milliken (130),2024,Robbery,48,505,0.095,1730.3,69.2,129,Safe,Auto Theft
Milliken (130),2024,Theft Over,22,505,0.0436,1730.3,69.2,129,Safe,Auto Theft
Mimico-Queensway (160),2024,Assault,807,986,0.8185,4943.43,0.0,158,Very Risky,Assault
Mimico-Queensway (160),2024,Auto Theft,63,986,0.0639,4943.43,0.0,158,Very Risky,Assault
Mimico-Queensway (160),2024,Break and Enter,48,986,0.0487,4943.43,0.0,158,Very Risky,Assault
Mimico-Queensway (160),2024,NonMCI,45,986,0.0456,4943.43,0.0,158,Very Risky,Assault
Mimico-Queensway (160),2024,Robbery,6,986,0.0061,4943.43,0.0,158,Very Risky,Assault
Mimico-Queensway (160),2024,Theft Over,17,986,0.0172,4943.43,0.0,158,Very Risky,Assault
Morningside (135),2024,Assault,134,249,0.5382,1034.88,84.1,78,Very Safe,Assault
Morningside (135),2024,Auto Theft,53,249,0.2129,1034.88,84.1,78,Very Safe,Assault
Morningside (135),2024,Break and Enter,9,249,0.0361,1034.88,84.1,78,Very Safe,Assault
Morningside (135),2024,NonMCI,41,249,0.1647,1034.88,84.1,78,Very Safe,Assault
Morningside (135),2024,Robbery,10,249,0.0402,1034.88,84.1,78,Very Safe,Assault
Morningside (135),2024,Theft Over,2,249,0.008,1034.88,84.1,78,Very Safe,Assault
Morningside Heights (144),2024,Assault,112,349,0.3209,1281.81,78.8,107,Safe,Auto Theft
Morningside Heights (144),2024,Auto Theft,123,349,0.3524,1281.81,78.8,107,Safe,Auto Theft
Morningside Heights (144),2024,Break and Enter,39,349,0.1117,1281.81,78.8,107,Safe,Auto Theft
Morningside Heights (144),2024,NonMCI,48,349,0.1375,1281.81,78.8,107,Safe,Auto Theft
Morningside Heights (144),2024,Robbery,17,349,0.0487,1281.81,78.8,107,Safe,Auto Theft
Morningside Heights (144),2024,Theft Over,10,349,0.0287,1281.81,78.8,107,Safe,Auto Theft
Moss Park (73),2024,Assault,540,880,0.6136,4041.64,19.4,155,Very Risky,Assault
Moss Park (73),2024,Auto Theft,32,880,0.0364,4041.64,19.4,155,Very Risky,Assault
Moss Park (73),2024,Break and Enter,123,880,0.1398,4041.64,19.4,155,Very Risky,Assault
Moss Park (73),2024,NonMCI,94,880,0.1068,4041.64,19.4,155,Very Risky,Assault
Moss Park (73),2024,Robbery,72,880,0.0818,4041.64,19.4,155,Very Risky,Assault
Moss Park (73),2024,Theft Over,19,880,0.0216,4041.64,19.4,155,Very Risky,Assault
Mount Dennis (115),2024,Assault,121,241,0.5021,1014.03,84.6,74,Very Safe,Assault
Mount Dennis (115),2024,Auto Theft,36,241,0.1494,1014.03,84.6,74,Very Safe,Assault
Mount Dennis (115),2024,Break and Enter,32,241,0.1328,1014.03,84.6,74,Very Safe,Assault
Mount Dennis (115),2024,NonMCI,33,241,0.1369,1014.03,84.6,74,Very Safe,Assault
Mount Dennis (115),2024,Robbery,14,241,0.0581,1014.03,84.6,74,Very Safe,Assault
Mount Dennis (115),2024,Theft Over,5,241,0.0207,1014.03,84.6,74,Very Safe,Assault
Mount Olive-Silverstone-Jamestown (2),2024,Assault,296,538,0.5502,2306.01,56.8,140,Moderate,Assault
Mount Olive-Silverstone-Jamestown (2),2024,Auto Theft,79,538,0.1468,2306.01,56.8,140,Moderate,Assault
Mount Olive-Silverstone-Jamestown (2),2024,Break and Enter,29,538,0.0539,2306.01,56.8,140,Moderate,Assault
Mount Olive-Silverstone-Jamestown (2),2024,NonMCI,84,538,0.1561,2306.01,56.8,140,Moderate,Assault
Mount Olive-Silverstone-Jamestown (2),2024,Robbery,39,538,0.0725,2306.01,56.8,140,Moderate,Assault
Mount Olive-Silverstone-Jamestown (2),2024,Theft Over,11,538,0.0204,2306.01,56.8,140,Moderate,Assault
Mount Pleasant East (99),2024,Assault,50,168,0.2976,631.99,92.8,33,Very Safe,Assault
Mount Pleasant East (99),2024,Auto Theft,43,168,0.256,631.99,92.8,33,Very Safe,Assault
Mount Pleasant East (99),2024,Break and Enter,47,168,0.2798,631.99,92.8,33,Very Safe,Assault
Mount Pleasant East (99),2024,NonMCI,18,168,0.1071,631.99,92.8,33,Very Safe,Assault
Mount Pleasant East (99),2024,Robbery,5,168,0.0298,631.99,92.8,33,Very Safe,Assault
Mount Pleasant East (99),2024,Theft Over,5,168,0.0298,631.99,92.8,33,Very Safe,Assault
New Toronto (18),2024,Assault,143,232,0.6164,1035.93,84.1,78,Very Safe,Assault
New Toronto (18),2024,Auto Theft,30,232,0.1293,1035.93,84.1,78,Very Safe,Assault
New Toronto (18),2024,Break and Enter,25,232,0.1078,1035.93,84.1,78,Very Safe,Assault
New Toronto (18),2024,NonMCI,24,232,0.1034,1035.93,84.1,78,Very Safe,Assault
New Toronto (18),2024,Robbery,4,232,0.0172,1035.93,84.1,78,Very Safe,Assault
New Toronto (18),2024,Theft Over,6,232,0.0259,1035.93,84.1,78,Very Safe,Assault
Newtonbrook East (50),2024,Assault,108,267,0.4045,1047.44,83.9,80,Very Safe,Assault
Newtonbrook East (50),2024,Auto Theft,53,267,0.1985,1047.44,83.9,80,Very Safe,Assault
Newtonbrook East (50),2024,Break and Enter,33,267,0.1236,1047.44,83.9,80,Very Safe,Assault
Newtonbrook East (50),2024,NonMCI,44,267,0.1648,1047.44,83.9,80,Very Safe,Assault
Newtonbrook East (50),2024,Robbery,17,267,0.0637,1047.44,83.9,80,Very Safe,Assault
Newtonbrook East (50),2024,Theft Over,12,267,0.0449,1047.44,83.9,80,Very Safe,Assault
Newtonbrook West (36),2024,Assault,218,478,0.4561,1929.72,64.9,135,Safe,Assault
Newtonbrook West (36),2024,Auto Theft,106,478,0.2218,1929.72,64.9,135,Safe,Assault
Newtonbrook West (36),2024,Break and Enter,30,478,0.0628,1929.72,64.9,135,Safe,Assault
Newtonbrook West (36),2024,NonMCI,71,478,0.1485,1929.72,64.9,135,Safe,Assault
Newtonbrook West (36),2024,Robbery,34,478,0.0711,1929.72,64.9,135,Safe,Assault
Newtonbrook West (36),2024,Theft Over,19,478,0.0397,1929.72,64.9,135,Safe,Assault
North Riverdale (68),2024,Assault,60,140,0.4286,559.89,94.3,25,Very Safe,Assault
North Riverdale (68),2024,Auto Theft,24,140,0.1714,559.89,94.3,25,Very Safe,Assault
North Riverdale (68),2024,Break and Enter,20,140,0.1429,559.89,94.3,25,Very Safe,Assault
North Riverdale (68),2024,NonMCI,24,140,0.1714,559.89,94.3,25,Very Safe,Assault
North Riverdale (68),2024,Robbery,8,140,0.0571,559.89,94.3,25,Very Safe,Assault
North Riverdale (68),2024,Theft Over,4,140,0.0286,559.89,94.3,25,Very Safe,Assault
North St.James Town (74),2024,Assault,252,415,0.6072,1867.47,66.2,134,Safe,Assault
North St.James Town (74),2024,Auto Theft,13,415,0.0313,1867.47,66.2,134,Safe,Assault
North St.James Town (74),2024,Break and Enter,46,415,0.1108,1867.47,66.2,134,Safe,Assault
North St.James Town (74),2024,NonMCI,58,415,0.1398,1867.47,66.2,134,Safe,Assault
North St.James Town (74),2024,Robbery,30,415,0.0723,1867.47,66.2,134,Safe,Assault
North St.James Town (74),2024,Theft Over,16,415,0.0386,1867.47,66.2,134,Safe,Assault
North Toronto (173),2024,Assault,120,185,0.6486,875.42,87.6,58,Very Safe,Assault
North Toronto (173),2024,Auto Theft,9,185,0.0486,875.42,87.6,58,Very Safe,Assault
North Toronto (173),2024,Break and Enter,25,185,0.1351,875.42,87.6,58,Very Safe,Assault
North Toronto (173),2024,NonMCI,11,185,0.0595,875.42,87.6,58,Very Safe,Assault
North Toronto (173),2024,Robbery,15,185,0.0811,875.42,87.6,58,Very Safe,Assault
North Toronto (173),2024,Theft Over,5,185,0.027,875.42,87.6,58,Very Safe,Assault
O'Connor-Parkview (54),2024,Assault,130,260,0.5,1065.45,83.5,82,Very Safe,Assault
O'Connor-Parkview (54),2024,Auto Theft,49,260,0.1885,1065.45,83.5,82,Very Safe,Assault
O'Connor-Parkview (54),2024,Break and Enter,29,260,0.1115,1065.45,83.5,82,Very Safe,Assault
O'Connor-Parkview (54),2024,NonMCI,39,260,0.15,1065.45,83.5,82,Very Safe,Assault
O'Connor-Parkview (54),2024,Robbery,6,260,0.0231,1065.45,83.5,82,Very Safe,Assault
O'Connor-Parkview (54),2024,Theft Over,7,260,0.0269,1065.45,83.5,82,Very Safe,Assault
Oakdale-Beverley Heights (154),2024,Assault,373,663,0.5626,2868.77,44.7,146,Moderate,Assault
Oakdale-Beverley Heights (154),2024,Auto Theft,93,663,0.1403,2868.77,44.7,146,Moderate,Assault
Oakdale-Beverley Heights (154),2024,Break and Enter,57,663,0.086,2868.77,44.7,146,Moderate,Assault
Oakdale-Beverley Heights (154),2024,NonMCI,91,663,0.1373,2868.77,44.7,146,Moderate,Assault
Oakdale-Beverley Heights (154),2024,Robbery,34,663,0.0513,2868.77,44.7,146,Moderate,Assault
Oakdale-Beverley Heights (154),2024,Theft Over,15,663,0.0226,2868.77,44.7,146,Moderate,Assault
Oakridge (121),2024,Assault,219,331,0.6616,1551.4,73.0,121,Safe,Assault
Oakridge (121),2024,Auto Theft,21,331,0.0634,1551.4,73.0,121,Safe,Assault
Oakridge (121),2024,Break and Enter,36,331,0.1088,1551.4,73.0,121,Safe,Assault
Oakridge (121),2024,NonMCI,24,331,0.0725,1551.4,73.0,121,Safe,Assault
Oakridge (121),2024,Robbery,20,331,0.0604,1551.4,73.0,121,Safe,Assault
Oakridge (121),2024,Theft Over,11,331,0.0332,1551.4,73.0,121,Safe,Assault
Oakwood Village (107),2024,Assault,128,267,0.4794,1125.14,82.2,92,Very Safe,Assault
Oakwood Village (107),2024,Auto Theft,44,267,0.1648,1125.14,82.2,92,Very Safe,Assault
Oakwood Village (107),2024,Break and Enter,47,267,0.176,1125.14,82.2,92,Very Safe,Assault
Oakwood Village (107),2024,NonMCI,25,267,0.0936,1125.14,82.2,92,Very Safe,Assault
Oakwood Village (107),2024,Robbery,14,267,0.0524,1125.14,82.2,92,Very Safe,Assault
Oakwood Village (107),2024,Theft Over,9,267,0.0337,1125.14,82.2,92,Very Safe,Assault
Old East York (58),2024,Assault,60,126,0.4762,508.2,95.5,15,Very Safe,Assault
Old East York (58),2024,Auto Theft,21,126,0.1667,508.2,95.5,15,Very Safe,Assault
Old East York (58),2024,Break and Enter,9,126,0.0714,508.2,95.5,15,Very Safe,Assault
Old East York (58),2024,NonMCI,26,126,0.2063,508.2,95.5,15,Very Safe,Assault
Old East York (58),2024,Robbery,7,126,0.0556,508.2,95.5,15,Very Safe,Assault
Old East York (58),2024,Theft Over,3,126,0.0238,508.2,95.5,15,Very Safe,Assault
Palmerston-Little Italy (80),2024,Assault,70,151,0.4636,645.18,92.5,35,Very Safe,Assault
Palmerston-Little Italy (80),2024,Auto Theft,15,151,0.0993,645.18,92.5,35,Very Safe,Assault
Palmerston-Little Italy (80),2024,Break and Enter,44,151,0.2914,645.18,92.5,35,Very Safe,Assault
Palmerston-Little Italy (80),2024,NonMCI,10,151,0.0662,645.18,92.5,35,Very Safe,Assault
Palmerston-Little Italy (80),2024,Robbery,6,151,0.0397,645.18,92.5,35,Very Safe,Assault
Palmerston-Little Italy (80),2024,Theft Over,6,151,0.0397,645.18,92.5,35,Very Safe,Assault
Parkwoods-O'Connor Hills (149),2024,Assault,57,191,0.2984,691.38,91.5,38,Very Safe,Auto Theft
Parkwoods-O'Connor Hills (149),2024,Auto Theft,59,191,0.3089,691.38,91.5,38,Very Safe,Auto Theft
Parkwoods-O'Connor Hills (149),2024,Break and Enter,30,191,0.1571,691.38,91.5,38,Very Safe,Auto Theft
Parkwoods-O'Connor Hills (149),2024,NonMCI,30,191,0.1571,691.38,91.5,38,Very Safe,Auto Theft
Parkwoods-O'Connor Hills (149),2024,Robbery,6,191,0.0314,691.38,91.5,38,Very Safe,Auto Theft
Parkwoods-O'Connor Hills (149),2024,Theft Over,9,191,0.0471,691.38,91.5,38,Very Safe,Auto Theft
Pelmo Park-Humberlea (23),2024,Assault,89,231,0.3853,879.07,87.5,59,Very Safe,Assault
Pelmo Park-Humberlea (23),2024,Auto Theft,60,231,0.2597,879.07,87.5,59,Very Safe,Assault
Pelmo Park-Humberlea (23),2024,Break and Enter,27,231,0.1169,879.07,87.5,59,Very Safe,Assault
Pelmo Park-Humberlea (23),2024,NonMCI,40,231,0.1732,879.07,87.5,59,Very Safe,Assault
Pelmo Park-Humberlea (23),2024,Robbery,8,231,0.0346,879.07,87.5,59,Very Safe,Assault
Pelmo Park-Humberlea (23),2024,Theft Over,7,231,0.0303,879.07,87.5,59,Very Safe,Assault
Playter Estates-Danforth (67),2024,Assault,95,197,0.4822,820.7,88.7,52,Very Safe,Assault
Playter Estates-Danforth (67),2024,Auto Theft,14,197,0.0711,820.7,88.7,52,Very Safe,Assault
Playter Estates-Danforth (67),2024,Break and Enter,41,197,0.2081,820.7,88.7,52,Very Safe,Assault
Playter Estates-Danforth (67),2024,NonMCI,36,197,0.1827,820.7,88.7,52,Very Safe,Assault
Playter Estates-Danforth (67),2024,Robbery,9,197,0.0457,820.7,88.7,52,Very Safe,Assault
Playter Estates-Danforth (67),2024,Theft Over,2,197,0.0102,820.7,88.7,52,Very Safe,Assault
Pleasant View (46),2024,Assault,47,133,0.3534,495.76,95.7,12,Very Safe,Assault
Pleasant View (46),2024,Auto Theft,37,133,0.2782,495.76,95.7,12,Very Safe,Assault
Pleasant View (46),2024,Break and Enter,13,133,0.0977,495.76,95.7,12,Very Safe,Assault
Pleasant View (46),2024,NonMCI,26,133,0.1955,495.76,95.7,12,Very Safe,Assault
Pleasant View (46),2024,Robbery,8,133,0.0602,495.76,95.7,12,Very Safe,Assault
Pleasant View (46),2024,Theft Over,2,133,0.015,495.76,95.7,12,Very Safe,Assault
Princess-Rosethorn (10),2024,Assault,29,145,0.2,491.6,95.8,10,Very Safe,Break and Enter
Princess-Rosethorn (10),2024,Auto Theft,37,145,0.2552,491.6,95.8,10,Very Safe,Break and Enter
Princess-Rosethorn (10),2024,Break and Enter,45,145,0.3103,491.6,95.8,10,Very Safe,Break and Enter
Princess-Rosethorn (10),2024,NonMCI,29,145,0.2,491.6,95.8,10,Very Safe,Break and Enter
Princess-Rosethorn (10),2024,Robbery,1,145,0.0069,491.6,95.8,10,Very Safe,Break and Enter
Princess-Rosethorn (10),2024,Theft Over,4,145,0.0276,491.6,95.8,10,Very Safe,Break and Enter
Regent Park (72),2024,Assault,152,234,0.6496,1104.82,82.6,88,Very Safe,Assault
Regent Park (72),2024,Auto Theft,12,234,0.0513,1104.82,82.6,88,Very Safe,Assault
Regent Park (72),2024,Break and Enter,28,234,0.1197,1104.82,82.6,88,Very Safe,Assault
Regent Park (72),2024,NonMCI,16,234,0.0684,1104.82,82.6,88,Very Safe,Assault
Regent Park (72),2024,Robbery,21,234,0.0897,1104.82,82.6,88,Very Safe,Assault
Regent Park (72),2024,Theft Over,5,234,0.0214,1104.82,82.6,88,Very Safe,Assault
Rexdale-Kipling (4),2024,Assault,87,205,0.4244,830.27,88.5,53,Very Safe,Assault
Rexdale-Kipling (4),2024,Auto Theft,40,205,0.1951,830.27,88.5,53,Very Safe,Assault
Rexdale-Kipling (4),2024,Break and Enter,24,205,0.1171,830.27,88.5,53,Very Safe,Assault
Rexdale-Kipling (4),2024,NonMCI,31,205,0.1512,830.27,88.5,53,Very Safe,Assault
Rexdale-Kipling (4),2024,Robbery,22,205,0.1073,830.27,88.5,53,Very Safe,Assault
Rexdale-Kipling (4),2024,Theft Over,1,205,0.0049,830.27,88.5,53,Very Safe,Assault
Rockcliffe-Smythe (111),2024,Assault,170,352,0.483,1405.13,76.2,115,Safe,Assault
Rockcliffe-Smythe (111),2024,Auto Theft,51,352,0.1449,1405.13,76.2,115,Safe,Assault
Rockcliffe-Smythe (111),2024,Break and Enter,35,352,0.0994,1405.13,76.2,115,Safe,Assault
Rockcliffe-Smythe (111),2024,NonMCI,79,352,0.2244,1405.13,76.2,115,Safe,Assault
Rockcliffe-Smythe (111),2024,Robbery,9,352,0.0256,1405.13,76.2,115,Safe,Assault
Rockcliffe-Smythe (111),2024,Theft Over,8,352,0.0227,1405.13,76.2,115,Safe,Assault
Roncesvalles (86),2024,Assault,155,282,0.5496,1248.81,79.5,103,Safe,Assault
Roncesvalles (86),2024,Auto Theft,16,282,0.0567,1248.81,79.5,103,Safe,Assault
Roncesvalles (86),2024,Break and Enter,70,282,0.2482,1248.81,79.5,103,Safe,Assault
Roncesvalles (86),2024,NonMCI,27,282,0.0957,1248.81,79.5,103,Safe,Assault
Roncesvalles (86),2024,Robbery,6,282,0.0213,1248.81,79.5,103,Safe,Assault
Roncesvalles (86),2024,Theft Over,8,282,0.0284,1248.81,79.5,103,Safe,Assault
Rosedale-Moore Park (98),2024,Assault,253,490,0.5163,2100.0,61.2,137,Safe,Assault
Rosedale-Moore Park (98),2024,Auto Theft,65,490,0.1327,2100.0,61.2,137,Safe,Assault
Rosedale-Moore Park (98),2024,Break and Enter,77,490,0.1571,2100.0,61.2,137,Safe,Assault
Rosedale-Moore Park (98),2024,NonMCI,52,490,0.1061,2100.0,61.2,137,Safe,Assault
Rosedale-Moore Park (98),2024,Robbery,23,490,0.0469,2100.0,61.2,137,Safe,Assault
Rosedale-Moore Park (98),2024,Theft Over,20,490,0.0408,2100.0,61.2,137,Safe,Assault
Runnymede-Bloor West Village (89),2024,Assault,48,125,0.384,495.92,95.7,12,Very Safe,Assault
Runnymede-Bloor West Village (89),2024,Auto Theft,24,125,0.192,495.92,95.7,12,Very Safe,Assault
Runnymede-Bloor West Village (89),2024,Break and Enter,29,125,0.232,495.92,95.7,12,Very Safe,Assault
Runnymede-Bloor West Village (89),2024,NonMCI,16,125,0.128,495.92,95.7,12,Very Safe,Assault
Runnymede-Bloor West Village (89),2024,Robbery,6,125,0.048,495.92,95.7,12,Very Safe,Assault
Runnymede-Bloor West Village (89),2024,Theft Over,2,125,0.016,495.92,95.7,12,Very Safe,Assault
Rustic (28),2024,Assault,99,188,0.5266,786.01,89.5,47,Very Safe,Assault
Rustic (28),2024,Auto Theft,27,188,0.1436,786.01,89.5,47,Very Safe,Assault
Rustic (28),2024,Break and Enter,14,188,0.0745,786.01,89.5,47,Very Safe,Assault
Rustic (28),2024,NonMCI,36,188,0.1915,786.01,89.5,47,Very Safe,Assault
Rustic (28),2024,Robbery,11,188,0.0585,786.01,89.5,47,Very Safe,Assault
Rustic (28),2024,Theft Over,1,188,0.0053,786.01,89.5,47,Very Safe,Assault
Scarborough Village (139),2024,Assault,128,298,0.4295,1194.22,80.7,99,Very Safe,Assault
Scarborough Village (139),2024,Auto Theft,62,298,0.2081,1194.22,80.7,99,Very Safe,Assault
Scarborough Village (139),2024,Break and Enter,28,298,0.094,1194.22,80.7,99,Very Safe,Assault
Scarborough Village (139),2024,NonMCI,47,298,0.1577,1194.22,80.7,99,Very Safe,Assault
Scarborough Village (139),2024,Robbery,26,298,0.0872,1194.22,80.7,99,Very Safe,Assault
Scarborough Village (139),2024,Theft Over,7,298,0.0235,1194.22,80.7,99,Very Safe,Assault
South Eglinton-Davisville (174),2024,Assault,108,222,0.4865,949.34,86.0,67,Very Safe,Assault
South Eglinton-Davisville (174),2024,Auto Theft,18,222,0.0811,949.34,86.0,67,Very Safe,Assault
South Eglinton-Davisville (174),2024,Break and Enter,51,222,0.2297,949.34,86.0,67,Very Safe,Assault
South Eglinton-Davisville (174),2024,NonMCI,25,222,0.1126,949.34,86.0,67,Very Safe,Assault
South Eglinton-Davisville (174),2024,Robbery,12,222,0.0541,949.34,86.0,67,Very Safe,Assault
South Eglinton-Davisville (174),2024,Theft Over,8,222,0.036,949.34,86.0,67,Very Safe,Assault
South Parkdale (85),2024,Assault,268,425,0.6306,1933.97,64.8,136,Safe,Assault
South Parkdale (85),2024,Auto Theft,42,425,0.0988,1933.97,64.8,136,Safe,Assault
South Parkdale (85),2024,Break and Enter,50,425,0.1176,1933.97,64.8,136,Safe,Assault
South Parkdale (85),2024,NonMCI,37,425,0.0871,1933.97,64.8,136,Safe,Assault
South Parkdale (85),2024,Robbery,14,425,0.0329,1933.97,64.8,136,Safe,Assault
South Parkdale (85),2024,Theft Over,14,425,0.0329,1933.97,64.8,136,Safe,Assault
South Riverdale (70),2024,Assault,260,598,0.4348,2398.49,54.8,141,Moderate,Assault
South Riverdale (70),2024,Auto Theft,82,598,0.1371,2398.49,54.8,141,Moderate,Assault
South Riverdale (70),2024,Break and Enter,95,598,0.1589,2398.49,54.8,141,Moderate,Assault
South Riverdale (70),2024,NonMCI,103,598,0.1722,2398.49,54.8,141,Moderate,Assault
South Riverdale (70),2024,Robbery,31,598,0.0518,2398.49,54.8,141,Moderate,Assault
South Riverdale (70),2024,Theft Over,27,598,0.0452,2398.49,54.8,141,Moderate,Assault
St Lawrence-East Bayfront-The Islands (166),2024,Assault,459,715,0.642,3311.04,35.1,150,Risky,Assault
St Lawrence-East Bayfront-The Islands (166),2024,Auto Theft,31,715,0.0434,3311.04,35.1,150,Risky,Assault
St Lawrence-East Bayfront-The Islands (166),2024,Break and Enter,105,715,0.1469,3311.04,35.1,150,Risky,Assault
St Lawrence-East Bayfront-The Islands (166),2024,NonMCI,56,715,0.0783,3311.04,35.1,150,Risky,Assault
St Lawrence-East Bayfront-The Islands (166),2024,Robbery,29,715,0.0406,3311.04,35.1,150,Risky,Assault
St Lawrence-East Bayfront-The Islands (166),2024,Theft Over,35,715,0.049,3311.04,35.1,150,Risky,Assault
St.Andrew-Windfields (40),2024,Assault,89,330,0.2697,1242.51,79.7,101,Safe,Break and Enter
St.Andrew-Windfields (40),2024,Auto Theft,77,330,0.2333,1242.51,79.7,101,Safe,Break and Enter
St.Andrew-Windfields (40),2024,Break and Enter,96,330,0.2909,1242.51,79.7,101,Safe,Break and Enter
St.Andrew-Windfields (40),2024,NonMCI,31,330,0.0939,1242.51,79.7,101,Safe,Break and Enter
St.Andrew-Windfields (40),2024,Robbery,21,330,0.0636,1242.51,79.7,101,Safe,Break and Enter
St.Andrew-Windfields (40),2024,Theft Over,16,330,0.0485,1242.51,79.7,101,Safe,Break and Enter
Steeles (116),2024,Assault,46,137,0.3358,526.23,95.1,22,Very Safe,Assault
Steeles (116),2024,Auto Theft,39,137,0.2847,526.23,95.1,22,Very Safe,Assault
Steeles (116),2024,Break and Enter,27,137,0.1971,526.23,95.1,22,Very Safe,Assault
Steeles (116),2024,NonMCI,14,137,0.1022,526.23,95.1,22,Very Safe,Assault
Steeles (116),2024,Robbery,7,137,0.0511,526.23,95.1,22,Very Safe,Assault
Steeles (116),2024,Theft Over,4,137,0.0292,526.23,95.1,22,Very Safe,Assault
Stonegate-Queensway (16),2024,Assault,116,347,0.3343,1319.36,78.0,110,Safe,Assault
Stonegate-Queensway (16),2024,Auto Theft,77,347,0.2219,1319.36,78.0,110,Safe,Assault
Stonegate-Queensway (16),2024,Break and Enter,87,347,0.2507,1319.36,78.0,110,Safe,Assault
Stonegate-Queensway (16),2024,NonMCI,45,347,0.1297,1319.36,78.0,110,Safe,Assault
Stonegate-Queensway (16),2024,Robbery,8,347,0.0231,1319.36,78.0,110,Safe,Assault
Stonegate-Queensway (16),2024,Theft Over,14,347,0.0403,1319.36,78.0,110,Safe,Assault
Tam O'Shanter-Sullivan (118),2024,Assault,98,297,0.33,1106.17,82.6,88,Very Safe,Assault
Tam O'Shanter-Sullivan (118),2024,Auto Theft,70,297,0.2357,1106.17,82.6,88,Very Safe,Assault
Tam O'Shanter-Sullivan (118),2024,Break and Enter,45,297,0.1515,1106.17,82.6,88,Very Safe,Assault
Tam O'Shanter-Sullivan (118),2024,NonMCI,56,297,0.1886,1106.17,82.6,88,Very Safe,Assault
Tam O'Shanter-Sullivan (118),2024,Robbery,21,297,0.0707,1106.17,82.6,88,Very Safe,Assault
Tam O'Shanter-Sullivan (118),2024,Theft Over,7,297,0.0236,1106.17,82.6,88,Very Safe,Assault
Taylor-Massey (61),2024,Assault,122,201,0.607,898.65,87.1,63,Very Safe,Assault
Taylor-Massey (61),2024,Auto Theft,12,201,0.0597,898.65,87.1,63,Very Safe,Assault
Taylor-Massey (61),2024,Break and Enter,20,201,0.0995,898.65,87.1,63,Very Safe,Assault
Taylor-Massey (61),2024,NonMCI,30,201,0.1493,898.65,87.1,63,Very Safe,Assault
Taylor-Massey (61),2024,Robbery,13,201,0.0647,898.65,87.1,63,Very Safe,Assault
Taylor-Massey (61),2024,Theft Over,4,201,0.0199,898.65,87.1,63,Very Safe,Assault
The Beaches (63),2024,Assault,121,251,0.4821,1032.6,84.2,77,Very Safe,Assault
The Beaches (63),2024,Auto Theft,53,251,0.2112,1032.6,84.2,77,Very Safe,Assault
The Beaches (63),2024,Break and Enter,31,251,0.1235,1032.6,84.2,77,Very Safe,Assault
The Beaches (63),2024,NonMCI,33,251,0.1315,1032.6,84.2,77,Very Safe,Assault
The Beaches (63),2024,Robbery,10,251,0.0398,1032.6,84.2,77,Very Safe,Assault
The Beaches (63),2024,Theft Over,3,251,0.012,1032.6,84.2,77,Very Safe,Assault
Thistletown-Beaumond Heights (3),2024,Assault,70,178,0.3933,676.45,91.8,36,Very Safe,Assault
Thistletown-Beaumond Heights (3),2024,Auto Theft,34,178,0.191,676.45,91.8,36,Very Safe,Assault
Thistletown-Beaumond Heights (3),2024,Break and Enter,21,178,0.118,676.45,91.8,36,Very Safe,Assault
Thistletown-Beaumond Heights (3),2024,NonMCI,41,178,0.2303,676.45,91.8,36,Very Safe,Assault
Thistletown-Beaumond Heights (3),2024,Robbery,9,178,0.0506,676.45,91.8,36,Very Safe,Assault
Thistletown-Beaumond Heights (3),2024,Theft Over,3,178,0.0169,676.45,91.8,36,Very Safe,Assault
Thorncliffe Park (55),2024,Assault,127,295,0.4305,1158.47,81.5,95,Very Safe,Assault
Thorncliffe Park (55),2024,Auto Theft,49,295,0.1661,1158.47,81.5,95,Very Safe,Assault
Thorncliffe Park (55),2024,Break and Enter,46,295,0.1559,1158.47,81.5,95,Very Safe,Assault
Thorncliffe Park (55),2024,NonMCI,55,295,0.1864,1158.47,81.5,95,Very Safe,Assault
Thorncliffe Park (55),2024,Robbery,8,295,0.0271,1158.47,81.5,95,Very Safe,Assault
Thorncliffe Park (55),2024,Theft Over,10,295,0.0339,1158.47,81.5,95,Very Safe,Assault
Trinity-Bellwoods (81),2024,Assault,154,326,0.4724,1354.25,77.3,112,Safe,Assault
Trinity-Bellwoods (81),2024,Auto Theft,25,326,0.0767,1354.25,77.3,112,Safe,Assault
Trinity-Bellwoods (81),2024,Break and Enter,78,326,0.2393,1354.25,77.3,112,Safe,Assault
Trinity-Bellwoods (81),2024,NonMCI,48,326,0.1472,1354.25,77.3,112,Safe,Assault
Trinity-Bellwoods (81),2024,Robbery,7,326,0.0215,1354.25,77.3,112,Safe,Assault
Trinity-Bellwoods (81),2024,Theft Over,14,326,0.0429,1354.25,77.3,112,Safe,Assault
University (79),2024,Assault,135,263,0.5133,1138.23,81.9,93,Very Safe,Assault
University (79),2024,Auto Theft,12,263,0.0456,1138.23,81.9,93,Very Safe,Assault
University (79),2024,Break and Enter,53,263,0.2015,1138.23,81.9,93,Very Safe,Assault
University (79),2024,NonMCI,36,263,0.1369,1138.23,81.9,93,Very Safe,Assault
University (79),2024,Robbery,17,263,0.0646,1138.23,81.9,93,Very Safe,Assault
University (79),2024,Theft Over,10,263,0.038,1138.23,81.9,93,Very Safe,Assault
Victoria Village (43),2024,Assault,109,257,0.4241,1013.06,84.6,74,Very Safe,Assault
Victoria Village (43),2024,Auto Theft,75,257,0.2918,1013.06,84.6,74,Very Safe,Assault
Victoria Village (43),2024,Break and Enter,26,257,0.1012,1013.06,84.6,74,Very Safe,Assault
Victoria Village (43),2024,NonMCI,28,257,0.1089,1013.06,84.6,74,Very Safe,Assault
Victoria Village (43),2024,Robbery,6,257,0.0233,1013.06,84.6,74,Very Safe,Assault
Victoria Village (43),2024,Theft Over,13,257,0.0506,1013.06,84.6,74,Very Safe,Assault
Wellington Place (164),2024,Assault,404,713,0.5666,3133.25,39.0,149,Risky,Assault
Wellington Place (164),2024,Auto Theft,58,713,0.0813,3133.25,39.0,149,Risky,Assault
Wellington Place (164),2024,Break and Enter,107,713,0.1501,3133.25,39.0,149,Risky,Assault
Wellington Place (164),2024,NonMCI,83,713,0.1164,3133.25,39.0,149,Risky,Assault
Wellington Place (164),2024,Robbery,31,713,0.0435,3133.25,39.0,149,Risky,Assault
Wellington Place (164),2024,Theft Over,30,713,0.0421,3133.25,39.0,149,Risky,Assault
West Hill (136),2024,Assault,368,669,0.5501,2880.72,44.4,147,Moderate,Assault
West Hill (136),2024,Auto Theft,76,669,0.1136,2880.72,44.4,147,Moderate,Assault
West Hill (136),2024,Break and Enter,68,669,0.1016,2880.72,44.4,147,Moderate,Assault
West Hill (136),2024,NonMCI,102,669,0.1525,2880.72,44.4,147,Moderate,Assault
West Hill (136),2024,Robbery,39,669,0.0583,2880.72,44.4,147,Moderate,Assault
West Hill (136),2024,Theft Over,16,669,0.0239,2880.72,44.4,147,Moderate,Assault
West Humber-Clairville (1),2024,Assault,316,1433,0.2205,4802.45,3.0,157,Very Risky,Auto Theft
West Humber-Clairville (1),2024,Auto Theft,582,1433,0.4061,4802.45,3.0,157,Very Risky,Auto Theft
West Humber-Clairville (1),2024,Break and Enter,155,1433,0.1082,4802.45,3.0,157,Very Risky,Auto Theft
West Humber-Clairville (1),2024,NonMCI,250,1433,0.1745,4802.45,3.0,157,Very Risky,Auto Theft
West Humber-Clairville (1),2024,Robbery,57,1433,0.0398,4802.45,3.0,157,Very Risky,Auto Theft
West Humber-Clairville (1),2024,Theft Over,73,1433,0.0509,4802.45,3.0,157,Very Risky,Auto Theft
West Queen West (162),2024,Assault,107,199,0.5377,869.55,87.7,57,Very Safe,Assault
West Queen West (162),2024,Auto Theft,13,199,0.0653,869.55,87.7,57,Very Safe,Assault
West Queen West (162),2024,Break and Enter,41,199,0.206,869.55,87.7,57,Very Safe,Assault
West Queen West (162),2024,NonMCI,23,199,0.1156,869.55,87.7,57,Very Safe,Assault
West Queen West (162),2024,Robbery,8,199,0.0402,869.55,87.7,57,Very Safe,Assault
West Queen West (162),2024,Theft Over,7,199,0.0352,869.55,87.7,57,Very Safe,Assault
West Rouge (143),2024,Assault,70,224,0.3125,818.38,88.8,51,Very Safe,Auto Theft
West Rouge (143),2024,Auto Theft,75,224,0.3348,818.38,88.8,51,Very Safe,Auto Theft
West Rouge (143),2024,Break and Enter,21,224,0.0938,818.38,88.8,51,Very Safe,Auto Theft
West Rouge (143),2024,NonMCI,39,224,0.1741,818.38,88.8,51,Very Safe,Auto Theft
West Rouge (143),2024,Robbery,16,224,0.0714,818.38,88.8,51,Very Safe,Auto Theft
West Rouge (143),2024,Theft Over,3,224,0.0134,818.38,88.8,51,Very Safe,Auto Theft
Westminster-Branson (35),2024,Assault,130,266,0.4887,1077.86,83.2,83,Very Safe,Assault
Westminster-Branson (35),2024,Auto Theft,55,266,0.2068,1077.86,83.2,83,Very Safe,Assault
Westminster-Branson (35),2024,Break and Enter,18,266,0.0677,1077.86,83.2,83,Very Safe,Assault
Westminster-Branson (35),2024,NonMCI,41,266,0.1541,1077.86,83.2,83,Very Safe,Assault
Westminster-Branson (35),2024,Robbery,10,266,0.0376,1077.86,83.2,83,Very Safe,Assault
Westminster-Branson (35),2024,Theft Over,12,266,0.0451,1077.86,83.2,83,Very Safe,Assault
Weston (113),2024,Assault,240,501,0.479,2098.46,61.2,137,Safe,Assault
Weston (113),2024,Auto Theft,83,501,0.1657,2098.46,61.2,137,Safe,Assault
Weston (113),2024,Break and Enter,54,501,0.1078,2098.46,61.2,137,Safe,Assault
Weston (113),2024,NonMCI,68,501,0.1357,2098.46,61.2,137,Safe,Assault
Weston (113),2024,Robbery,48,501,0.0958,2098.46,61.2,137,Safe,Assault
Weston (113),2024,Theft Over,8,501,0.016,2098.46,61.2,137,Safe,Assault
Weston-Pelham Park (91),2024,Assault,120,215,0.5581,923.03,86.5,66,Very Safe,Assault
Weston-Pelham Park (91),2024,Auto Theft,22,215,0.1023,923.03,86.5,66,Very Safe,Assault
Weston-Pelham Park (91),2024,Break and Enter,28,215,0.1302,923.03,86.5,66,Very Safe,Assault
Weston-Pelham Park (91),2024,NonMCI,35,215,0.1628,923.03,86.5,66,Very Safe,Assault
Weston-Pelham Park (91),2024,Robbery,7,215,0.0326,923.03,86.5,66,Very Safe,Assault
Weston-Pelham Park (91),2024,Theft Over,3,215,0.014,923.03,86.5,66,Very Safe,Assault
Wexford/Maryvale (119),2024,Assault,325,742,0.438,2947.46,43.0,148,Moderate,Assault
Wexford/Maryvale (119),2024,Auto Theft,169,742,0.2278,2947.46,43.0,148,Moderate,Assault
Wexford/Maryvale (119),2024,Break and Enter,68,742,0.0916,2947.46,43.0,148,Moderate,Assault
Wexford/Maryvale (119),2024,NonMCI,118,742,0.159,2947.46,43.0,148,Moderate,Assault
Wexford/Maryvale (119),2024,Robbery,39,742,0.0526,2947.46,43.0,148,Moderate,Assault
Wexford/Maryvale (119),2024,Theft Over,23,742,0.031,2947.46,43.0,148,Moderate,Assault
Willowdale West (37),2024,Assault,100,209,0.4785,864.61,87.8,56,Very Safe,Assault
Willowdale West (37),2024,Auto Theft,27,209,0.1292,864.61,87.8,56,Very Safe,Assault
Willowdale West (37),2024,Break and Enter,21,209,0.1005,864.61,87.8,56,Very Safe,Assault
Willowdale West (37),2024,NonMCI,34,209,0.1627,864.61,87.8,56,Very Safe,Assault
Willowdale West (37),2024,Robbery,17,209,0.0813,864.61,87.8,56,Very Safe,Assault
Willowdale West (37),2024,Theft Over,10,209,0.0478,864.61,87.8,56,Very Safe,Assault
Willowridge-Martingrove-Richview (7),2024,Assault,98,301,0.3256,1093.59,82.9,84,Very Safe,Assault
Willowridge-Martingrove-Richview (7),2024,Auto Theft,79,301,0.2625,1093.59,82.9,84,Very Safe,Assault
Willowridge-Martingrove-Richview (7),2024,Break and Enter,42,301,0.1395,1093.59,82.9,84,Very Safe,Assault
Willowridge-Martingrove-Richview (7),2024,NonMCI,60,301,0.1993,1093.59,82.9,84,Very Safe,Assault
Willowridge-Martingrove-Richview (7),2024,Robbery,12,301,0.0399,1093.59,82.9,84,Very Safe,Assault
Willowridge-Martingrove-Richview (7),2024,Theft Over,10,301,0.0332,1093.59,82.9,84,Very Safe,Assault
Woburn North (142),2024,Assault,191,420,0.4548,1658.44,70.7,127,Safe,Assault
Woburn North (142),2024,Auto Theft,80,420,0.1905,1658.44,70.7,127,Safe,Assault
Woburn North (142),2024,Break and Enter,27,420,0.0643,1658.44,70.7,127,Safe,Assault
Woburn North (142),2024,NonMCI,90,420,0.2143,1658.44,70.7,127,Safe,Assault
Woburn North (142),2024,Robbery,24,420,0.0571,1658.44,70.7,127,Safe,Assault
Woburn North (142),2024,Theft Over,8,420,0.019,1658.44,70.7,127,Safe,Assault
Woodbine Corridor (64),2024,Assault,95,162,0.5864,716.28,91.0,41,Very Safe,Assault
Woodbine Corridor (64),2024,Auto Theft,22,162,0.1358,716.28,91.0,41,Very Safe,Assault
Woodbine Corridor (64),2024,Break and Enter,21,162,0.1296,716.28,91.0,41,Very Safe,Assault
Woodbine Corridor (64),2024,NonMCI,18,162,0.1111,716.28,91.0,41,Very Safe,Assault
Woodbine Corridor (64),2024,Robbery,5,162,0.0309,716.28,91.0,41,Very Safe,Assault
Woodbine Corridor (64),2024,Theft Over,1,162,0.0062,716.28,91.0,41,Very Safe,Assault
Woodbine-Lumsden (60),2024,Assault,42,86,0.4884,348.24,98.9,3,Very Safe,Assault
Woodbine-Lumsden (60),2024,Auto Theft,9,86,0.1047,348.24,98.9,3,Very Safe,Assault
Woodbine-Lumsden (60),2024,Break and Enter,11,86,0.1279,348.24,98.9,3,Very Safe,Assault
Woodbine-Lumsden (60),2024,NonMCI,20,86,0.2326,348.24,98.9,3,Very Safe,Assault
Woodbine-Lumsden (60),2024,Robbery,3,86,0.0349,348.24,98.9,3,Very Safe,Assault
Woodbine-Lumsden (60),2024,Theft Over,1,86,0.0116,348.24,98.9,3,Very Safe,Assault
Wychwood (94),2024,Assault,91,189,0.4815,791.53,89.4,48,Very Safe,Assault
Wychwood (94),2024,Auto Theft,31,189,0.164,791.53,89.4,48,Very Safe,Assault
Wychwood (94),2024,Break and Enter,35,189,0.1852,791.53,89.4,48,Very Safe,Assault
Wychwood (94),2024,NonMCI,19,189,0.1005,791.53,89.4,48,Very Safe,Assault
Wychwood (94),2024,Robbery,6,189,0.0317,791.53,89.4,48,Very Safe,Assault
Wychwood (94),2024,Theft Over,7,189,0.037,791.53,89.4,48,Very Safe,Assault
Yonge-Bay Corridor (170),2024,Assault,478,781,0.612,3576.63,29.4,152,Risky,Assault
Yonge-Bay Corridor (170),2024,Auto Theft,32,781,0.041,3576.63,29.4,152,Risky,Assault
Yonge-Bay Corridor (170),2024,Break and Enter,94,781,0.1204,3576.63,29.4,152,Risky,Assault
Yonge-Bay Corridor (170),2024,NonMCI,71,781,0.0909,3576.63,29.4,152,Risky,Assault
Yonge-Bay Corridor (170),2024,Robbery,57,781,0.073,3576.63,29.4,152,Risky,Assault
Yonge-Bay Corridor (170),2024,Theft Over,49,781,0.0627,3576.63,29.4,152,Risky,Assault
Yonge-Doris (151),2024,Assault,93,220,0.4227,860.5,87.9,55,Very Safe,Assault
Yonge-Doris (151),2024,Auto Theft,29,220,0.1318,860.5,87.9,55,Very Safe,Assault
Yonge-Doris (151),2024,Break and Enter,17,220,0.0773,860.5,87.9,55,Very Safe,Assault
Yonge-Doris (151),2024,NonMCI,48,220,0.2182,860.5,87.9,55,Very Safe,Assault
Yonge-Doris (151),2024,Robbery,19,220,0.0864,860.5,87.9,55,Very Safe,Assault
Yonge-Doris (151),2024,Theft Over,14,220,0.0636,860.5,87.9,55,Very Safe,Assault
Yonge-Eglinton (100),2024,Assault,138,249,0.5542,1102.03,82.7,87,Very Safe,Assault
Yonge-Eglinton (100),2024,Auto Theft,25,249,0.1004,1102.03,82.7,87,Very Safe,Assault
Yonge-Eglinton (100),2024,Break and Enter,34,249,0.1365,1102.03,82.7,87,Very Safe,Assault
Yonge-Eglinton (100),2024,NonMCI,19,249,0.0763,1102.03,82.7,87,Very Safe,Assault
Yonge-Eglinton (100),2024,Robbery,16,249,0.0643,1102.03,82.7,87,Very Safe,Assault
Yonge-Eglinton (100),2024,Theft Over,17,249,0.0683,1102.03,82.7,87,Very Safe,Assault
Yonge-St.Clair (97),2024,Assault,53,119,0.4454,496.41,95.7,12,Very Safe,Assault
Yonge-St.Clair (97),2024,Auto Theft,16,119,0.1345,496.41,95.7,12,Very Safe,Assault
Yonge-St.Clair (97),2024,Break and Enter,34,119,0.2857,496.41,95.7,12,Very Safe,Assault
Yonge-St.Clair (97),2024,NonMCI,10,119,0.084,496.41,95.7,12,Very Safe,Assault
Yonge-St.Clair (97),2024,Robbery,1,119,0.0084,496.41,95.7,12,Very Safe,Assault
Yonge-St.Clair (97),2024,Theft Over,5,119,0.042,496.41,95.7,12,Very Safe,Assault
York University Heights (27),2024,Assault,360,948,0.3797,3660.79,27.6,153,Risky,Assault
York University Heights (27),2024,Auto Theft,208,948,0.2194,3660.79,27.6,153,Risky,Assault
York University Heights (27),2024,Break and Enter,130,948,0.1371,3660.79,27.6,153,Risky,Assault
York University Heights (27),2024,NonMCI,153,948,0.1614,3660.79,27.6,153,Risky,Assault
York University Heights (27),2024,Robbery,57,948,0.0601,3660.79,27.6,153,Risky,Assault
York University Heights (27),2024,Theft Over,40,948,0.0422,3660.79,27.6,153,Risky,Assault
Yorkdale-Glen Park (31),2024,Assault,190,575,0.3304,2180.71,59.5,139,Moderate,Assault
Yorkdale-Glen Park (31),2024,Auto Theft,111,575,0.193,2180.71,59.5,139,Moderate,Assault
Yorkdale-Glen Park (31),2024,Break and Enter,71,575,0.1235,2180.71,59.5,139,Moderate,Assault
Yorkdale-Glen Park (31),2024,NonMCI,88,575,0.153,2180.71,59.5,139,Moderate,Assault
Yorkdale-Glen Park (31),2024,Robbery,57,575,0.0991,2180.71,59.5,139,Moderate,Assault
Yorkdale-Glen Park (31),2024,Theft Over,58,575,0.1009,2180.71,59.5,139,Moderate,Assault
Agincourt North (129),2025,Assault,68,254,0.2677,981.03,86.0,79,Very Safe,Auto Theft
Agincourt North (129),2025,Auto Theft,88,254,0.3465,981.03,86.0,79,Very Safe,Auto Theft
Agincourt North (129),2025,Break and Enter,28,254,0.1102,981.03,86.0,79,Very Safe,Auto Theft
Agincourt North (129),2025,NonMCI,31,254,0.122,981.03,86.0,79,Very Safe,Auto Theft
Agincourt North (129),2025,Robbery,23,254,0.0906,981.03,86.0,79,Very Safe,Auto Theft
Agincourt North (129),2025,Theft Over,16,254,0.063,981.03,86.0,79,Very Safe,Auto Theft
Agincourt South-Malvern West (128),2025,Assault,116,343,0.3382,1385.03,78.9,117,Safe,Assault
Agincourt South-Malvern West (128),2025,Auto Theft,59,343,0.172,1385.03,78.9,117,Safe,Assault
Agincourt South-Malvern West (128),2025,Break and Enter,64,343,0.1866,1385.03,78.9,117,Safe,Assault
Agincourt South-Malvern West (128),2025,NonMCI,66,343,0.1924,1385.03,78.9,117,Safe,Assault
Agincourt South-Malvern West (128),2025,Robbery,27,343,0.0787,1385.03,78.9,117,Safe,Assault
Agincourt South-Malvern West (128),2025,Theft Over,11,343,0.0321,1385.03,78.9,117,Safe,Assault
Alderwood (20),2025,Assault,58,151,0.3841,630.88,92.1,34,Very Safe,Assault
Alderwood (20),2025,Auto Theft,28,151,0.1854,630.88,92.1,34,Very Safe,Assault
Alderwood (20),2025,Break and Enter,27,151,0.1788,630.88,92.1,34,Very Safe,Assault
Alderwood (20),2025,NonMCI,17,151,0.1126,630.88,92.1,34,Very Safe,Assault
Alderwood (20),2025,Robbery,7,151,0.0464,630.88,92.1,34,Very Safe,Assault
Alderwood (20),2025,Theft Over,14,151,0.0927,630.88,92.1,34,Very Safe,Assault
Annex (95),2025,Assault,371,713,0.5203,3289.65,45.6,151,Moderate,Assault
Annex (95),2025,Auto Theft,43,713,0.0603,3289.65,45.6,151,Moderate,Assault
Annex (95),2025,Break and Enter,149,713,0.209,3289.65,45.6,151,Moderate,Assault
Annex (95),2025,NonMCI,78,713,0.1094,3289.65,45.6,151,Moderate,Assault
Annex (95),2025,Robbery,29,713,0.0407,3289.65,45.6,151,Moderate,Assault
Annex (95),2025,Theft Over,43,713,0.0603,3289.65,45.6,151,Moderate,Assault
Avondale (153),2025,Assault,66,118,0.5593,548.15,93.5,25,Very Safe,Assault
Avondale (153),2025,Auto Theft,10,118,0.0847,548.15,93.5,25,Very Safe,Assault
Avondale (153),2025,Break and Enter,18,118,0.1525,548.15,93.5,25,Very Safe,Assault
Avondale (153),2025,NonMCI,16,118,0.1356,548.15,93.5,25,Very Safe,Assault
Avondale (153),2025,Robbery,5,118,0.0424,548.15,93.5,25,Very Safe,Assault
Avondale (153),2025,Theft Over,3,118,0.0254,548.15,93.5,25,Very Safe,Assault
Banbury-Don Mills (42),2025,Assault,111,350,0.3171,1398.68,78.7,119,Safe,Assault
Banbury-Don Mills (42),2025,Auto Theft,61,350,0.1743,1398.68,78.7,119,Safe,Assault
Banbury-Don Mills (42),2025,Break and Enter,77,350,0.22,1398.68,78.7,119,Safe,Assault
Banbury-Don Mills (42),2025,NonMCI,61,350,0.1743,1398.68,78.7,119,Safe,Assault
Banbury-Don Mills (42),2025,Robbery,22,350,0.0629,1398.68,78.7,119,Safe,Assault
Banbury-Don Mills (42),2025,Theft Over,18,350,0.0514,1398.68,78.7,119,Safe,Assault
Bathurst Manor (34),2025,Assault,69,161,0.4286,690.97,91.0,49,Very Safe,Assault
Bathurst Manor (34),2025,Auto Theft,23,161,0.1429,690.97,91.0,49,Very Safe,Assault
Bathurst Manor (34),2025,Break and Enter,20,161,0.1242,690.97,91.0,49,Very Safe,Assault
Bathurst Manor (34),2025,NonMCI,26,161,0.1615,690.97,91.0,49,Very Safe,Assault
Bathurst Manor (34),2025,Robbery,13,161,0.0807,690.97,91.0,49,Very Safe,Assault
Bathurst Manor (34),2025,Theft Over,10,161,0.0621,690.97,91.0,49,Very Safe,Assault
Bay-Cloverhill (169),2025,Assault,122,259,0.471,1178.11,82.5,105,Very Safe,Assault
Bay-Cloverhill (169),2025,Auto Theft,4,259,0.0154,1178.11,82.5,105,Very Safe,Assault
Bay-Cloverhill (169),2025,Break and Enter,68,259,0.2625,1178.11,82.5,105,Very Safe,Assault
Bay-Cloverhill (169),2025,NonMCI,29,259,0.112,1178.11,82.5,105,Very Safe,Assault
Bay-Cloverhill (169),2025,Robbery,16,259,0.0618,1178.11,82.5,105,Very Safe,Assault
Bay-Cloverhill (169),2025,Theft Over,20,259,0.0772,1178.11,82.5,105,Very Safe,Assault
Bayview Village (52),2025,Assault,105,267,0.3933,1115.08,83.6,98,Very Safe,Assault
Bayview Village (52),2025,Auto Theft,34,267,0.1273,1115.08,83.6,98,Very Safe,Assault
Bayview Village (52),2025,Break and Enter,51,267,0.191,1115.08,83.6,98,Very Safe,Assault
Bayview Village (52),2025,NonMCI,47,267,0.176,1115.08,83.6,98,Very Safe,Assault
Bayview Village (52),2025,Robbery,16,267,0.0599,1115.08,83.6,98,Very Safe,Assault
Bayview Village (52),2025,Theft Over,14,267,0.0524,1115.08,83.6,98,Very Safe,Assault
Bayview Woods-Steeles (49),2025,Assault,37,122,0.3033,478.72,94.7,14,Very Safe,Assault
Bayview Woods-Steeles (49),2025,Auto Theft,17,122,0.1393,478.72,94.7,14,Very Safe,Assault
Bayview Woods-Steeles (49),2025,Break and Enter,31,122,0.2541,478.72,94.7,14,Very Safe,Assault
Bayview Woods-Steeles (49),2025,NonMCI,27,122,0.2213,478.72,94.7,14,Very Safe,Assault
Bayview Woods-Steeles (49),2025,Robbery,6,122,0.0492,478.72,94.7,14,Very Safe,Assault
Bayview Woods-Steeles (49),2025,Theft Over,4,122,0.0328,478.72,94.7,14,Very Safe,Assault
Bedford Park-Nortown (39),2025,Assault,50,215,0.2326,807.69,89.0,59,Very Safe,Break and Enter
Bedford Park-Nortown (39),2025,Auto Theft,33,215,0.1535,807.69,89.0,59,Very Safe,Break and Enter
Bedford Park-Nortown (39),2025,Break and Enter,62,215,0.2884,807.69,89.0,59,Very Safe,Break and Enter
Bedford Park-Nortown (39),2025,NonMCI,45,215,0.2093,807.69,89.0,59,Very Safe,Break and Enter
Bedford Park-Nortown (39),2025,Robbery,11,215,0.0512,807.69,89.0,59,Very Safe,Break and Enter
Bedford Park-Nortown (39),2025,Theft Over,14,215,0.0651,807.69,89.0,59,Very Safe,Break and Enter
Beechborough-Greenbrook (112),2025,Assault,45,90,0.5,402.85,96.1,7,Very Safe,Assault
Beechborough-Greenbrook (112),2025,Auto Theft,18,90,0.2,402.85,96.1,7,Very Safe,Assault
Beechborough-Greenbrook (112),2025,Break and Enter,7,90,0.0778,402.85,96.1,7,Very Safe,Assault
Beechborough-Greenbrook (112),2025,NonMCI,10,90,0.1111,402.85,96.1,7,Very Safe,Assault
Beechborough-Greenbrook (112),2025,Robbery,7,90,0.0778,402.85,96.1,7,Very Safe,Assault
Beechborough-Greenbrook (112),2025,Theft Over,3,90,0.0333,402.85,96.1,7,Very Safe,Assault
Bendale South (157),2025,Assault,71,161,0.441,669.01,91.4,41,Very Safe,Assault
Bendale South (157),2025,Auto Theft,31,161,0.1925,669.01,91.4,41,Very Safe,Assault
Bendale South (157),2025,Break and Enter,9,161,0.0559,669.01,91.4,41,Very Safe,Assault
Bendale South (157),2025,NonMCI,38,161,0.236,669.01,91.4,41,Very Safe,Assault
Bendale South (157),2025,Robbery,11,161,0.0683,669.01,91.4,41,Very Safe,Assault
Bendale South (157),2025,Theft Over,1,161,0.0062,669.01,91.4,41,Very Safe,Assault
Bendale-Glen Andrew (156),2025,Assault,160,382,0.4188,1627.45,74.7,128,Safe,Assault
Bendale-Glen Andrew (156),2025,Auto Theft,83,382,0.2173,1627.45,74.7,128,Safe,Assault
Bendale-Glen Andrew (156),2025,Break and Enter,29,382,0.0759,1627.45,74.7,128,Safe,Assault
Bendale-Glen Andrew (156),2025,NonMCI,56,382,0.1466,1627.45,74.7,128,Safe,Assault
Bendale-Glen Andrew (156),2025,Robbery,38,382,0.0995,1627.45,74.7,128,Safe,Assault
Bendale-Glen Andrew (156),2025,Theft Over,16,382,0.0419,1627.45,74.7,128,Safe,Assault
Birchcliffe-Cliffside (122),2025,Assault,150,342,0.4386,1446.56,77.8,121,Safe,Assault
Birchcliffe-Cliffside (122),2025,Auto Theft,56,342,0.1637,1446.56,77.8,121,Safe,Assault
Birchcliffe-Cliffside (122),2025,Break and Enter,46,342,0.1345,1446.56,77.8,121,Safe,Assault
Birchcliffe-Cliffside (122),2025,NonMCI,67,342,0.1959,1446.56,77.8,121,Safe,Assault
Birchcliffe-Cliffside (122),2025,Robbery,16,342,0.0468,1446.56,77.8,121,Safe,Assault
Birchcliffe-Cliffside (122),2025,Theft Over,7,342,0.0205,1446.56,77.8,121,Safe,Assault
Black Creek (24),2025,Assault,234,369,0.6341,1764.08,72.3,131,Safe,Assault
Black Creek (24),2025,Auto Theft,54,369,0.1463,1764.08,72.3,131,Safe,Assault
Black Creek (24),2025,Break and Enter,22,369,0.0596,1764.08,72.3,131,Safe,Assault
Black Creek (24),2025,NonMCI,38,369,0.103,1764.08,72.3,131,Safe,Assault
Black Creek (24),2025,Robbery,11,369,0.0298,1764.08,72.3,131,Safe,Assault
Black Creek (24),2025,Theft Over,10,369,0.0271,1764.08,72.3,131,Safe,Assault
Blake-Jones (69),2025,Assault,44,72,0.6111,346.56,97.1,3,Very Safe,Assault
Blake-Jones (69),2025,Auto Theft,10,72,0.1389,346.56,97.1,3,Very Safe,Assault
Blake-Jones (69),2025,Break and Enter,8,72,0.1111,346.56,97.1,3,Very Safe,Assault
Blake-Jones (69),2025,NonMCI,3,72,0.0417,346.56,97.1,3,Very Safe,Assault
Blake-Jones (69),2025,Robbery,3,72,0.0417,346.56,97.1,3,Very Safe,Assault
Blake-Jones (69),2025,Theft Over,4,72,0.0556,346.56,97.1,3,Very Safe,Assault
Briar Hill-Belgravia (108),2025,Assault,95,203,0.468,898.85,87.4,69,Very Safe,Assault
Briar Hill-Belgravia (108),2025,Auto Theft,35,203,0.1724,898.85,87.4,69,Very Safe,Assault
Briar Hill-Belgravia (108),2025,Break and Enter,31,203,0.1527,898.85,87.4,69,Very Safe,Assault
Briar Hill-Belgravia (108),2025,NonMCI,23,203,0.1133,898.85,87.4,69,Very Safe,Assault
Briar Hill-Belgravia (108),2025,Robbery,12,203,0.0591,898.85,87.4,69,Very Safe,Assault
Briar Hill-Belgravia (108),2025,Theft Over,7,203,0.0345,898.85,87.4,69,Very Safe,Assault
Bridle Path-Sunnybrook-York Mills (41),2025,Assault,23,118,0.1949,450.22,95.2,11,Very Safe,Break and Enter
Bridle Path-Sunnybrook-York Mills (41),2025,Auto Theft,22,118,0.1864,450.22,95.2,11,Very Safe,Break and Enter
Bridle Path-Sunnybrook-York Mills (41),2025,Break and Enter,47,118,0.3983,450.22,95.2,11,Very Safe,Break and Enter
Bridle Path-Sunnybrook-York Mills (41),2025,NonMCI,17,118,0.1441,450.22,95.2,11,Very Safe,Break and Enter
Bridle Path-Sunnybrook-York Mills (41),2025,Robbery,6,118,0.0508,450.22,95.2,11,Very Safe,Break and Enter
Bridle Path-Sunnybrook-York Mills (41),2025,Theft Over,3,118,0.0254,450.22,95.2,11,Very Safe,Break and Enter
Broadview North (57),2025,Assault,63,110,0.5727,506.12,94.3,19,Very Safe,Assault
Broadview North (57),2025,Auto Theft,18,110,0.1636,506.12,94.3,19,Very Safe,Assault
Broadview North (57),2025,Break and Enter,12,110,0.1091,506.12,94.3,19,Very Safe,Assault
Broadview North (57),2025,NonMCI,13,110,0.1182,506.12,94.3,19,Very Safe,Assault
Broadview North (57),2025,Robbery,1,110,0.0091,506.12,94.3,19,Very Safe,Assault
Broadview North (57),2025,Theft Over,3,110,0.0273,506.12,94.3,19,Very Safe,Assault
Brookhaven-Amesbury (30),2025,Assault,104,220,0.4727,966.39,86.2,77,Very Safe,Assault
Brookhaven-Amesbury (30),2025,Auto Theft,34,220,0.1545,966.39,86.2,77,Very Safe,Assault
Brookhaven-Amesbury (30),2025,Break and Enter,32,220,0.1455,966.39,86.2,77,Very Safe,Assault
Brookhaven-Amesbury (30),2025,NonMCI,30,220,0.1364,966.39,86.2,77,Very Safe,Assault
Brookhaven-Amesbury (30),2025,Robbery,11,220,0.05,966.39,86.2,77,Very Safe,Assault
Brookhaven-Amesbury (30),2025,Theft Over,9,220,0.0409,966.39,86.2,77,Very Safe,Assault
Cabbagetown-South St.James Town (71),2025,Assault,123,221,0.5566,1045.91,84.8,88,Very Safe,Assault
Cabbagetown-South St.James Town (71),2025,Auto Theft,11,221,0.0498,1045.91,84.8,88,Very Safe,Assault
Cabbagetown-South St.James Town (71),2025,Break and Enter,42,221,0.19,1045.91,84.8,88,Very Safe,Assault
Cabbagetown-South St.James Town (71),2025,NonMCI,27,221,0.1222,1045.91,84.8,88,Very Safe,Assault
Cabbagetown-South St.James Town (71),2025,Robbery,15,221,0.0679,1045.91,84.8,88,Very Safe,Assault
Cabbagetown-South St.James Town (71),2025,Theft Over,3,221,0.0136,1045.91,84.8,88,Very Safe,Assault
Caledonia-Fairbank (109),2025,Assault,55,117,0.4701,511.32,94.2,20,Very Safe,Assault
Caledonia-Fairbank (109),2025,Auto Theft,25,117,0.2137,511.32,94.2,20,Very Safe,Assault
Caledonia-Fairbank (109),2025,Break and Enter,13,117,0.1111,511.32,94.2,20,Very Safe,Assault
Caledonia-Fairbank (109),2025,NonMCI,16,117,0.1368,511.32,94.2,20,Very Safe,Assault
Caledonia-Fairbank (109),2025,Robbery,7,117,0.0598,511.32,94.2,20,Very Safe,Assault
Caledonia-Fairbank (109),2025,Theft Over,1,117,0.0085,511.32,94.2,20,Very Safe,Assault
Casa Loma (96),2025,Assault,73,146,0.5,669.45,91.4,41,Very Safe,Assault
Casa Loma (96),2025,Auto Theft,9,146,0.0616,669.45,91.4,41,Very Safe,Assault
Casa Loma (96),2025,Break and Enter,43,146,0.2945,669.45,91.4,41,Very Safe,Assault
Casa Loma (96),2025,NonMCI,14,146,0.0959,669.45,91.4,41,Very Safe,Assault
Casa Loma (96),2025,Robbery,3,146,0.0205,669.45,91.4,41,Very Safe,Assault
Casa Loma (96),2025,Theft Over,4,146,0.0274,669.45,91.4,41,Very Safe,Assault
Centennial Scarborough (133),2025,Assault,42,107,0.3925,452.56,95.2,11,Very Safe,Assault
Centennial Scarborough (133),2025,Auto Theft,20,107,0.1869,452.56,95.2,11,Very Safe,Assault
Centennial Scarborough (133),2025,Break and Enter,26,107,0.243,452.56,95.2,11,Very Safe,Assault
Centennial Scarborough (133),2025,NonMCI,13,107,0.1215,452.56,95.2,11,Very Safe,Assault
Centennial Scarborough (133),2025,Robbery,3,107,0.028,452.56,95.2,11,Very Safe,Assault
Centennial Scarborough (133),2025,Theft Over,3,107,0.028,452.56,95.2,11,Very Safe,Assault
Church-Wellesley (167),2025,Assault,336,503,0.668,2488.15,59.6,144,Moderate,Assault
Church-Wellesley (167),2025,Auto Theft,12,503,0.0239,2488.15,59.6,144,Moderate,Assault
Church-Wellesley (167),2025,Break and Enter,44,503,0.0875,2488.15,59.6,144,Moderate,Assault
Church-Wellesley (167),2025,NonMCI,53,503,0.1054,2488.15,59.6,144,Moderate,Assault
Church-Wellesley (167),2025,Robbery,26,503,0.0517,2488.15,59.6,144,Moderate,Assault
Church-Wellesley (167),2025,Theft Over,32,503,0.0636,2488.15,59.6,144,Moderate,Assault
Clairlea-Birchmount (120),2025,Assault,352,604,0.5828,2789.25,54.3,146,Moderate,Assault
Clairlea-Birchmount (120),2025,Auto Theft,74,604,0.1225,2789.25,54.3,146,Moderate,Assault
Clairlea-Birchmount (120),2025,Break and Enter,58,604,0.096,2789.25,54.3,146,Moderate,Assault
Clairlea-Birchmount (120),2025,NonMCI,81,604,0.1341,2789.25,54.3,146,Moderate,Assault
Clairlea-Birchmount (120),2025,Robbery,14,604,0.0232,2789.25,54.3,146,Moderate,Assault
Clairlea-Birchmount (120),2025,Theft Over,25,604,0.0414,2789.25,54.3,146,Moderate,Assault
Clanton Park (33),2025,Assault,109,245,0.4449,1054.37,84.7,90,Very Safe,Assault
Clanton Park (33),2025,Auto Theft,36,245,0.1469,1054.37,84.7,90,Very Safe,Assault
Clanton Park (33),2025,Break and Enter,28,245,0.1143,1054.37,84.7,90,Very Safe,Assault
Clanton Park (33),2025,NonMCI,38,245,0.1551,1054.37,84.7,90,Very Safe,Assault
Clanton Park (33),2025,Robbery,17,245,0.0694,1054.37,84.7,90,Very Safe,Assault
Clanton Park (33),2025,Theft Over,17,245,0.0694,1054.37,84.7,90,Very Safe,Assault
Cliffcrest (123),2025,Assault,112,290,0.3862,1150.83,83.0,100,Very Safe,Assault
Cliffcrest (123),2025,Auto Theft,43,290,0.1483,1150.83,83.0,100,Very Safe,Assault
Cliffcrest (123),2025,Break and Enter,30,290,0.1034,1150.83,83.0,100,Very Safe,Assault
Cliffcrest (123),2025,NonMCI,83,290,0.2862,1150.83,83.0,100,Very Safe,Assault
Cliffcrest (123),2025,Robbery,16,290,0.0552,1150.83,83.0,100,Very Safe,Assault
Cliffcrest (123),2025,Theft Over,6,290,0.0207,1150.83,83.0,100,Very Safe,Assault
Corso Italia-Davenport (92),2025,Assault,124,235,0.5277,1052.5,84.7,90,Very Safe,Assault
Corso Italia-Davenport (92),2025,Auto Theft,25,235,0.1064,1052.5,84.7,90,Very Safe,Assault
Corso Italia-Davenport (92),2025,Break and Enter,27,235,0.1149,1052.5,84.7,90,Very Safe,Assault
Corso Italia-Davenport (92),2025,NonMCI,43,235,0.183,1052.5,84.7,90,Very Safe,Assault
Corso Italia-Davenport (92),2025,Robbery,11,235,0.0468,1052.5,84.7,90,Very Safe,Assault
Corso Italia-Davenport (92),2025,Theft Over,5,235,0.0213,1052.5,84.7,90,Very Safe,Assault
Danforth (66),2025,Assault,142,219,0.6484,1047.02,84.8,88,Very Safe,Assault
Danforth (66),2025,Auto Theft,22,219,0.1005,1047.02,84.8,88,Very Safe,Assault
Danforth (66),2025,Break and Enter,18,219,0.0822,1047.02,84.8,88,Very Safe,Assault
Danforth (66),2025,NonMCI,32,219,0.1461,1047.02,84.8,88,Very Safe,Assault
Danforth (66),2025,Robbery,5,219,0.0228,1047.02,84.8,88,Very Safe,Assault
Danforth (66),2025,Theft Over,0,219,0.0,1047.02,84.8,88,Very Safe,Assault
Danforth East York (59),2025,Assault,73,168,0.4345,679.49,91.2,46,Very Safe,Assault
Danforth East York (59),2025,Auto Theft,29,168,0.1726,679.49,91.2,46,Very Safe,Assault
Danforth East York (59),2025,Break and Enter,16,168,0.0952,679.49,91.2,46,Very Safe,Assault
Danforth East York (59),2025,NonMCI,44,168,0.2619,679.49,91.2,46,Very Safe,Assault
Danforth East York (59),2025,Robbery,2,168,0.0119,679.49,91.2,46,Very Safe,Assault
Danforth East York (59),2025,Theft Over,4,168,0.0238,679.49,91.2,46,Very Safe,Assault
Don Valley Village (47),2025,Assault,150,317,0.4732,1391.07,78.8,118,Safe,Assault
Don Valley Village (47),2025,Auto Theft,56,317,0.1767,1391.07,78.8,118,Safe,Assault
Don Valley Village (47),2025,Break and Enter,28,317,0.0883,1391.07,78.8,118,Safe,Assault
Don Valley Village (47),2025,NonMCI,45,317,0.142,1391.07,78.8,118,Safe,Assault
Don Valley Village (47),2025,Robbery,25,317,0.0789,1391.07,78.8,118,Safe,Assault
Don Valley Village (47),2025,Theft Over,13,317,0.041,1391.07,78.8,118,Safe,Assault
Dorset Park (126),2025,Assault,149,409,0.3643,1641.13,74.4,129,Safe,Assault
Dorset Park (126),2025,Auto Theft,79,409,0.1932,1641.13,74.4,129,Safe,Assault
Dorset Park (126),2025,Break and Enter,52,409,0.1271,1641.13,74.4,129,Safe,Assault
Dorset Park (126),2025,NonMCI,86,409,0.2103,1641.13,74.4,129,Safe,Assault
Dorset Park (126),2025,Robbery,25,409,0.0611,1641.13,74.4,129,Safe,Assault
Dorset Park (126),2025,Theft Over,18,409,0.044,1641.13,74.4,129,Safe,Assault
Dovercourt Village (172),2025,Assault,119,193,0.6166,941.52,86.6,73,Very Safe,Assault
Dovercourt Village (172),2025,Auto Theft,17,193,0.0881,941.52,86.6,73,Very Safe,Assault
Dovercourt Village (172),2025,Break and Enter,30,193,0.1554,941.52,86.6,73,Very Safe,Assault
Dovercourt Village (172),2025,NonMCI,15,193,0.0777,941.52,86.6,73,Very Safe,Assault
Dovercourt Village (172),2025,Robbery,9,193,0.0466,941.52,86.6,73,Very Safe,Assault
Dovercourt Village (172),2025,Theft Over,3,193,0.0155,941.52,86.6,73,Very Safe,Assault
Downsview (155),2025,Assault,162,353,0.4589,1539.9,76.2,125,Safe,Assault
Downsview (155),2025,Auto Theft,71,353,0.2011,1539.9,76.2,125,Safe,Assault
Downsview (155),2025,Break and Enter,38,353,0.1076,1539.9,76.2,125,Safe,Assault
Downsview (155),2025,NonMCI,42,353,0.119,1539.9,76.2,125,Safe,Assault
Downsview (155),2025,Robbery,22,353,0.0623,1539.9,76.2,125,Safe,Assault
Downsview (155),2025,Theft Over,18,353,0.051,1539.9,76.2,125,Safe,Assault
Downtown Yonge East (168),2025,Assault,535,765,0.6993,3823.55,36.3,155,Risky,Assault
Downtown Yonge East (168),2025,Auto Theft,18,765,0.0235,3823.55,36.3,155,Risky,Assault
Downtown Yonge East (168),2025,Break and Enter,66,765,0.0863,3823.55,36.3,155,Risky,Assault
Downtown Yonge East (168),2025,NonMCI,92,765,0.1203,3823.55,36.3,155,Risky,Assault
Downtown Yonge East (168),2025,Robbery,31,765,0.0405,3823.55,36.3,155,Risky,Assault
Downtown Yonge East (168),2025,Theft Over,23,765,0.0301,3823.55,36.3,155,Risky,Assault
Dufferin Grove (83),2025,Assault,135,230,0.587,1096.77,83.9,95,Very Safe,Assault
Dufferin Grove (83),2025,Auto Theft,11,230,0.0478,1096.77,83.9,95,Very Safe,Assault
Dufferin Grove (83),2025,Break and Enter,34,230,0.1478,1096.77,83.9,95,Very Safe,Assault
Dufferin Grove (83),2025,NonMCI,27,230,0.1174,1096.77,83.9,95,Very Safe,Assault
Dufferin Grove (83),2025,Robbery,14,230,0.0609,1096.77,83.9,95,Very Safe,Assault
Dufferin Grove (83),2025,Theft Over,9,230,0.0391,1096.77,83.9,95,Very Safe,Assault
East End-Danforth (62),2025,Assault,177,327,0.5413,1492.37,77.0,123,Safe,Assault
East End-Danforth (62),2025,Auto Theft,33,327,0.1009,1492.37,77.0,123,Safe,Assault
East End-Danforth (62),2025,Break and Enter,46,327,0.1407,1492.37,77.0,123,Safe,Assault
East End-Danforth (62),2025,NonMCI,48,327,0.1468,1492.37,77.0,123,Safe,Assault
East End-Danforth (62),2025,Robbery,13,327,0.0398,1492.37,77.0,123,Safe,Assault
East End-Danforth (62),2025,Theft Over,10,327,0.0306,1492.37,77.0,123,Safe,Assault
East L'Amoreaux (148),2025,Assault,65,189,0.3439,803.03,89.1,57,Very Safe,Assault
East L'Amoreaux (148),2025,Auto Theft,33,189,0.1746,803.03,89.1,57,Very Safe,Assault
East L'Amoreaux (148),2025,Break and Enter,54,189,0.2857,803.03,89.1,57,Very Safe,Assault
East L'Amoreaux (148),2025,NonMCI,18,189,0.0952,803.03,89.1,57,Very Safe,Assault
East L'Amoreaux (148),2025,Robbery,15,189,0.0794,803.03,89.1,57,Very Safe,Assault
East L'Amoreaux (148),2025,Theft Over,4,189,0.0212,803.03,89.1,57,Very Safe,Assault
East Willowdale (152),2025,Assault,50,156,0.3205,616.15,92.3,32,Very Safe,Assault
East Willowdale (152),2025,Auto Theft,25,156,0.1603,616.15,92.3,32,Very Safe,Assault
East Willowdale (152),2025,Break and Enter,34,156,0.2179,616.15,92.3,32,Very Safe,Assault
East Willowdale (152),2025,NonMCI,31,156,0.1987,616.15,92.3,32,Very Safe,Assault
East Willowdale (152),2025,Robbery,7,156,0.0449,616.15,92.3,32,Very Safe,Assault
East Willowdale (152),2025,Theft Over,9,156,0.0577,616.15,92.3,32,Very Safe,Assault
Edenbridge-Humber Valley (9),2025,Assault,46,156,0.2949,636.54,92.0,36,Very Safe,Assault
Edenbridge-Humber Valley (9),2025,Auto Theft,38,156,0.2436,636.54,92.0,36,Very Safe,Assault
Edenbridge-Humber Valley (9),2025,Break and Enter,44,156,0.2821,636.54,92.0,36,Very Safe,Assault
Edenbridge-Humber Valley (9),2025,NonMCI,11,156,0.0705,636.54,92.0,36,Very Safe,Assault
Edenbridge-Humber Valley (9),2025,Robbery,9,156,0.0577,636.54,92.0,36,Very Safe,Assault
Edenbridge-Humber Valley (9),2025,Theft Over,8,156,0.0513,636.54,92.0,36,Very Safe,Assault
Eglinton East (138),2025,Assault,185,453,0.4084,1797.92,71.7,133,Safe,Assault
Eglinton East (138),2025,Auto Theft,62,453,0.1369,1797.92,71.7,133,Safe,Assault
Eglinton East (138),2025,Break and Enter,39,453,0.0861,1797.92,71.7,133,Safe,Assault
Eglinton East (138),2025,NonMCI,137,453,0.3024,1797.92,71.7,133,Safe,Assault
Eglinton East (138),2025,Robbery,16,453,0.0353,1797.92,71.7,133,Safe,Assault
Eglinton East (138),2025,Theft Over,14,453,0.0309,1797.92,71.7,133,Safe,Assault
Elms-Old Rexdale (5),2025,Assault,67,156,0.4295,674.27,91.3,44,Very Safe,Assault
Elms-Old Rexdale (5),2025,Auto Theft,41,156,0.2628,674.27,91.3,44,Very Safe,Assault
Elms-Old Rexdale (5),2025,Break and Enter,15,156,0.0962,674.27,91.3,44,Very Safe,Assault
Elms-Old Rexdale (5),2025,NonMCI,16,156,0.1026,674.27,91.3,44,Very Safe,Assault
Elms-Old Rexdale (5),2025,Robbery,13,156,0.0833,674.27,91.3,44,Very Safe,Assault
Elms-Old Rexdale (5),2025,Theft Over,4,156,0.0256,674.27,91.3,44,Very Safe,Assault
Englemount-Lawrence (32),2025,Assault,105,232,0.4526,985.5,85.9,80,Very Safe,Assault
Englemount-Lawrence (32),2025,Auto Theft,34,232,0.1466,985.5,85.9,80,Very Safe,Assault
Englemount-Lawrence (32),2025,Break and Enter,33,232,0.1422,985.5,85.9,80,Very Safe,Assault
Englemount-Lawrence (32),2025,NonMCI,46,232,0.1983,985.5,85.9,80,Very Safe,Assault
Englemount-Lawrence (32),2025,Robbery,9,232,0.0388,985.5,85.9,80,Very Safe,Assault
Englemount-Lawrence (32),2025,Theft Over,5,232,0.0216,985.5,85.9,80,Very Safe,Assault
Eringate-Centennial-West Deane (11),2025,Assault,66,159,0.4151,663.78,91.5,39,Very Safe,Assault
Eringate-Centennial-West Deane (11),2025,Auto Theft,38,159,0.239,663.78,91.5,39,Very Safe,Assault
Eringate-Centennial-West Deane (11),2025,Break and Enter,22,159,0.1384,663.78,91.5,39,Very Safe,Assault
Eringate-Centennial-West Deane (11),2025,NonMCI,23,159,0.1447,663.78,91.5,39,Very Safe,Assault
Eringate-Centennial-West Deane (11),2025,Robbery,5,159,0.0314,663.78,91.5,39,Very Safe,Assault
Eringate-Centennial-West Deane (11),2025,Theft Over,5,159,0.0314,663.78,91.5,39,Very Safe,Assault
Etobicoke City Centre (159),2025,Assault,227,633,0.3586,2585.56,57.9,145,Moderate,Assault
Etobicoke City Centre (159),2025,Auto Theft,160,633,0.2528,2585.56,57.9,145,Moderate,Assault
Etobicoke City Centre (159),2025,Break and Enter,62,633,0.0979,2585.56,57.9,145,Moderate,Assault
Etobicoke City Centre (159),2025,NonMCI,78,633,0.1232,2585.56,57.9,145,Moderate,Assault
Etobicoke City Centre (159),2025,Robbery,48,633,0.0758,2585.56,57.9,145,Moderate,Assault
Etobicoke City Centre (159),2025,Theft Over,58,633,0.0916,2585.56,57.9,145,Moderate,Assault
Etobicoke West Mall (13),2025,Assault,52,125,0.416,514.39,94.1,21,Very Safe,Assault
Etobicoke West Mall (13),2025,Auto Theft,26,125,0.208,514.39,94.1,21,Very Safe,Assault
Etobicoke West Mall (13),2025,Break and Enter,15,125,0.12,514.39,94.1,21,Very Safe,Assault
Etobicoke West Mall (13),2025,NonMCI,26,125,0.208,514.39,94.1,21,Very Safe,Assault
Etobicoke West Mall (13),2025,Robbery,4,125,0.032,514.39,94.1,21,Very Safe,Assault
Etobicoke West Mall (13),2025,Theft Over,2,125,0.016,514.39,94.1,21,Very Safe,Assault
Fenside-Parkwoods (150),2025,Assault,109,227,0.4802,986.82,85.9,80,Very Safe,Assault
Fenside-Parkwoods (150),2025,Auto Theft,46,227,0.2026,986.82,85.9,80,Very Safe,Assault
Fenside-Parkwoods (150),2025,Break and Enter,28,227,0.1233,986.82,85.9,80,Very Safe,Assault
Fenside-Parkwoods (150),2025,NonMCI,32,227,0.141,986.82,85.9,80,Very Safe,Assault
Fenside-Parkwoods (150),2025,Robbery,6,227,0.0264,986.82,85.9,80,Very Safe,Assault
Fenside-Parkwoods (150),2025,Theft Over,6,227,0.0264,986.82,85.9,80,Very Safe,Assault
Flemingdon Park (44),2025,Assault,125,256,0.4883,1096.51,83.9,95,Very Safe,Assault
Flemingdon Park (44),2025,Auto Theft,54,256,0.2109,1096.51,83.9,95,Very Safe,Assault
Flemingdon Park (44),2025,Break and Enter,16,256,0.0625,1096.51,83.9,95,Very Safe,Assault
Flemingdon Park (44),2025,NonMCI,46,256,0.1797,1096.51,83.9,95,Very Safe,Assault
Flemingdon Park (44),2025,Robbery,8,256,0.0312,1096.51,83.9,95,Very Safe,Assault
Flemingdon Park (44),2025,Theft Over,7,256,0.0273,1096.51,83.9,95,Very Safe,Assault
Forest Hill North (102),2025,Assault,52,102,0.5098,462.19,95.0,13,Very Safe,Assault
Forest Hill North (102),2025,Auto Theft,10,102,0.098,462.19,95.0,13,Very Safe,Assault
Forest Hill North (102),2025,Break and Enter,22,102,0.2157,462.19,95.0,13,Very Safe,Assault
Forest Hill North (102),2025,NonMCI,11,102,0.1078,462.19,95.0,13,Very Safe,Assault
Forest Hill North (102),2025,Robbery,1,102,0.0098,462.19,95.0,13,Very Safe,Assault
Forest Hill North (102),2025,Theft Over,6,102,0.0588,462.19,95.0,13,Very Safe,Assault
Forest Hill South (101),2025,Assault,23,97,0.2371,377.94,96.5,4,Very Safe,Break and Enter
Forest Hill South (101),2025,Auto Theft,10,97,0.1031,377.94,96.5,4,Very Safe,Break and Enter
Forest Hill South (101),2025,Break and Enter,39,97,0.4021,377.94,96.5,4,Very Safe,Break and Enter
Forest Hill South (101),2025,NonMCI,15,97,0.1546,377.94,96.5,4,Very Safe,Break and Enter
Forest Hill South (101),2025,Robbery,3,97,0.0309,377.94,96.5,4,Very Safe,Break and Enter
Forest Hill South (101),2025,Theft Over,7,97,0.0722,377.94,96.5,4,Very Safe,Break and Enter
Fort York-Liberty Village (163),2025,Assault,164,255,0.6431,1234.08,81.5,106,Very Safe,Assault
Fort York-Liberty Village (163),2025,Auto Theft,11,255,0.0431,1234.08,81.5,106,Very Safe,Assault
Fort York-Liberty Village (163),2025,Break and Enter,31,255,0.1216,1234.08,81.5,106,Very Safe,Assault
Fort York-Liberty Village (163),2025,NonMCI,29,255,0.1137,1234.08,81.5,106,Very Safe,Assault
Fort York-Liberty Village (163),2025,Robbery,6,255,0.0235,1234.08,81.5,106,Very Safe,Assault
Fort York-Liberty Village (163),2025,Theft Over,14,255,0.0549,1234.08,81.5,106,Very Safe,Assault
Glenfield-Jane Heights (25),2025,Assault,294,483,0.6087,2347.97,62.1,143,Safe,Assault
Glenfield-Jane Heights (25),2025,Auto Theft,66,483,0.1366,2347.97,62.1,143,Safe,Assault
Glenfield-Jane Heights (25),2025,Break and Enter,35,483,0.0725,2347.97,62.1,143,Safe,Assault
Glenfield-Jane Heights (25),2025,NonMCI,29,483,0.06,2347.97,62.1,143,Safe,Assault
Glenfield-Jane Heights (25),2025,Robbery,40,483,0.0828,2347.97,62.1,143,Safe,Assault
Glenfield-Jane Heights (25),2025,Theft Over,19,483,0.0393,2347.97,62.1,143,Safe,Assault
Golfdale-Cedarbrae-Woburn (141),2025,Assault,160,347,0.4611,1510.25,76.7,124,Safe,Assault
Golfdale-Cedarbrae-Woburn (141),2025,Auto Theft,66,347,0.1902,1510.25,76.7,124,Safe,Assault
Golfdale-Cedarbrae-Woburn (141),2025,Break and Enter,27,347,0.0778,1510.25,76.7,124,Safe,Assault
Golfdale-Cedarbrae-Woburn (141),2025,NonMCI,51,347,0.147,1510.25,76.7,124,Safe,Assault
Golfdale-Cedarbrae-Woburn (141),2025,Robbery,29,347,0.0836,1510.25,76.7,124,Safe,Assault
Golfdale-Cedarbrae-Woburn (141),2025,Theft Over,14,347,0.0403,1510.25,76.7,124,Safe,Assault
Greenwood-Coxwell (65),2025,Assault,88,175,0.5029,770.58,89.6,55,Very Safe,Assault
Greenwood-Coxwell (65),2025,Auto Theft,19,175,0.1086,770.58,89.6,55,Very Safe,Assault
Greenwood-Coxwell (65),2025,Break and Enter,20,175,0.1143,770.58,89.6,55,Very Safe,Assault
Greenwood-Coxwell (65),2025,NonMCI,35,175,0.2,770.58,89.6,55,Very Safe,Assault
Greenwood-Coxwell (65),2025,Robbery,9,175,0.0514,770.58,89.6,55,Very Safe,Assault
Greenwood-Coxwell (65),2025,Theft Over,4,175,0.0229,770.58,89.6,55,Very Safe,Assault
Guildwood (140),2025,Assault,32,76,0.4211,308.23,97.7,2,Very Safe,Assault
Guildwood (140),2025,Auto Theft,8,76,0.1053,308.23,97.7,2,Very Safe,Assault
Guildwood (140),2025,Break and Enter,6,76,0.0789,308.23,97.7,2,Very Safe,Assault
Guildwood (140),2025,NonMCI,22,76,0.2895,308.23,97.7,2,Very Safe,Assault
Guildwood (140),2025,Robbery,5,76,0.0658,308.23,97.7,2,Very Safe,Assault
Guildwood (140),2025,Theft Over,3,76,0.0395,308.23,97.7,2,Very Safe,Assault
Harbourfront-CityPlace (165),2025,Assault,258,392,0.6582,1924.35,69.5,135,Safe,Assault
Harbourfront-CityPlace (165),2025,Auto Theft,16,392,0.0408,1924.35,69.5,135,Safe,Assault
Harbourfront-CityPlace (165),2025,Break and Enter,48,392,0.1224,1924.35,69.5,135,Safe,Assault
Harbourfront-CityPlace (165),2025,NonMCI,39,392,0.0995,1924.35,69.5,135,Safe,Assault
Harbourfront-CityPlace (165),2025,Robbery,13,392,0.0332,1924.35,69.5,135,Safe,Assault
Harbourfront-CityPlace (165),2025,Theft Over,18,392,0.0459,1924.35,69.5,135,Safe,Assault
Henry Farm (53),2025,Assault,62,150,0.4133,633.54,92.0,36,Very Safe,Assault
Henry Farm (53),2025,Auto Theft,38,150,0.2533,633.54,92.0,36,Very Safe,Assault
Henry Farm (53),2025,Break and Enter,14,150,0.0933,633.54,92.0,36,Very Safe,Assault
Henry Farm (53),2025,NonMCI,20,150,0.1333,633.54,92.0,36,Very Safe,Assault
Henry Farm (53),2025,Robbery,11,150,0.0733,633.54,92.0,36,Very Safe,Assault
Henry Farm (53),2025,Theft Over,5,150,0.0333,633.54,92.0,36,Very Safe,Assault
High Park North (88),2025,Assault,156,263,0.5932,1238.29,81.5,106,Very Safe,Assault
High Park North (88),2025,Auto Theft,17,263,0.0646,1238.29,81.5,106,Very Safe,Assault
High Park North (88),2025,Break and Enter,34,263,0.1293,1238.29,81.5,106,Very Safe,Assault
High Park North (88),2025,NonMCI,38,263,0.1445,1238.29,81.5,106,Very Safe,Assault
High Park North (88),2025,Robbery,11,263,0.0418,1238.29,81.5,106,Very Safe,Assault
High Park North (88),2025,Theft Over,7,263,0.0266,1238.29,81.5,106,Very Safe,Assault
High Park-Swansea (87),2025,Assault,100,229,0.4367,1003.46,85.6,84,Very Safe,Assault
High Park-Swansea (87),2025,Auto Theft,22,229,0.0961,1003.46,85.6,84,Very Safe,Assault
High Park-Swansea (87),2025,Break and Enter,59,229,0.2576,1003.46,85.6,84,Very Safe,Assault
High Park-Swansea (87),2025,NonMCI,31,229,0.1354,1003.46,85.6,84,Very Safe,Assault
High Park-Swansea (87),2025,Robbery,11,229,0.048,1003.46,85.6,84,Very Safe,Assault
High Park-Swansea (87),2025,Theft Over,6,229,0.0262,1003.46,85.6,84,Very Safe,Assault
Highland Creek (134),2025,Assault,62,149,0.4161,614.47,92.4,30,Very Safe,Assault
Highland Creek (134),2025,Auto Theft,28,149,0.1879,614.47,92.4,30,Very Safe,Assault
Highland Creek (134),2025,Break and Enter,16,149,0.1074,614.47,92.4,30,Very Safe,Assault
Highland Creek (134),2025,NonMCI,26,149,0.1745,614.47,92.4,30,Very Safe,Assault
Highland Creek (134),2025,Robbery,5,149,0.0336,614.47,92.4,30,Very Safe,Assault
Highland Creek (134),2025,Theft Over,12,149,0.0805,614.47,92.4,30,Very Safe,Assault
Hillcrest Village (48),2025,Assault,74,189,0.3915,807.49,89.0,59,Very Safe,Assault
Hillcrest Village (48),2025,Auto Theft,20,189,0.1058,807.49,89.0,59,Very Safe,Assault
Hillcrest Village (48),2025,Break and Enter,36,189,0.1905,807.49,89.0,59,Very Safe,Assault
Hillcrest Village (48),2025,NonMCI,28,189,0.1481,807.49,89.0,59,Very Safe,Assault
Hillcrest Village (48),2025,Robbery,17,189,0.0899,807.49,89.0,59,Very Safe,Assault
Hillcrest Village (48),2025,Theft Over,14,189,0.0741,807.49,89.0,59,Very Safe,Assault
Humber Bay Shores (161),2025,Assault,97,198,0.4899,876.96,87.8,64,Very Safe,Assault
Humber Bay Shores (161),2025,Auto Theft,44,198,0.2222,876.96,87.8,64,Very Safe,Assault
Humber Bay Shores (161),2025,Break and Enter,25,198,0.1263,876.96,87.8,64,Very Safe,Assault
Humber Bay Shores (161),2025,NonMCI,17,198,0.0859,876.96,87.8,64,Very Safe,Assault
Humber Bay Shores (161),2025,Robbery,4,198,0.0202,876.96,87.8,64,Very Safe,Assault
Humber Bay Shores (161),2025,Theft Over,11,198,0.0556,876.96,87.8,64,Very Safe,Assault
Humber Heights-Westmount (8),2025,Assault,37,92,0.4022,394.26,96.2,6,Very Safe,Assault
Humber Heights-Westmount (8),2025,Auto Theft,21,92,0.2283,394.26,96.2,6,Very Safe,Assault
Humber Heights-Westmount (8),2025,Break and Enter,13,92,0.1413,394.26,96.2,6,Very Safe,Assault
Humber Heights-Westmount (8),2025,NonMCI,10,92,0.1087,394.26,96.2,6,Very Safe,Assault
Humber Heights-Westmount (8),2025,Robbery,7,92,0.0761,394.26,96.2,6,Very Safe,Assault
Humber Heights-Westmount (8),2025,Theft Over,4,92,0.0435,394.26,96.2,6,Very Safe,Assault
Humber Summit (21),2025,Assault,125,337,0.3709,1404.27,78.6,120,Safe,Assault
Humber Summit (21),2025,Auto Theft,80,337,0.2374,1404.27,78.6,120,Safe,Assault
Humber Summit (21),2025,Break and Enter,52,337,0.1543,1404.27,78.6,120,Safe,Assault
Humber Summit (21),2025,NonMCI,33,337,0.0979,1404.27,78.6,120,Safe,Assault
Humber Summit (21),2025,Robbery,22,337,0.0653,1404.27,78.6,120,Safe,Assault
Humber Summit (21),2025,Theft Over,25,337,0.0742,1404.27,78.6,120,Safe,Assault
Humbermede (22),2025,Assault,166,319,0.5204,1445.16,77.8,121,Safe,Assault
Humbermede (22),2025,Auto Theft,78,319,0.2445,1445.16,77.8,121,Safe,Assault
Humbermede (22),2025,Break and Enter,32,319,0.1003,1445.16,77.8,121,Safe,Assault
Humbermede (22),2025,NonMCI,20,319,0.0627,1445.16,77.8,121,Safe,Assault
Humbermede (22),2025,Robbery,10,319,0.0313,1445.16,77.8,121,Safe,Assault
Humbermede (22),2025,Theft Over,13,319,0.0408,1445.16,77.8,121,Safe,Assault
Humewood-Cedarvale (106),2025,Assault,61,139,0.4388,608.89,92.5,29,Very Safe,Assault
Humewood-Cedarvale (106),2025,Auto Theft,18,139,0.1295,608.89,92.5,29,Very Safe,Assault
Humewood-Cedarvale (106),2025,Break and Enter,35,139,0.2518,608.89,92.5,29,Very Safe,Assault
Humewood-Cedarvale (106),2025,NonMCI,17,139,0.1223,608.89,92.5,29,Very Safe,Assault
Humewood-Cedarvale (106),2025,Robbery,5,139,0.036,608.89,92.5,29,Very Safe,Assault
Humewood-Cedarvale (106),2025,Theft Over,3,139,0.0216,608.89,92.5,29,Very Safe,Assault
Ionview (125),2025,Assault,95,167,0.5689,769.08,89.7,52,Very Safe,Assault
Ionview (125),2025,Auto Theft,17,167,0.1018,769.08,89.7,52,Very Safe,Assault
Ionview (125),2025,Break and Enter,13,167,0.0778,769.08,89.7,52,Very Safe,Assault
Ionview (125),2025,NonMCI,27,167,0.1617,769.08,89.7,52,Very Safe,Assault
Ionview (125),2025,Robbery,11,167,0.0659,769.08,89.7,52,Very Safe,Assault
Ionview (125),2025,Theft Over,4,167,0.024,769.08,89.7,52,Very Safe,Assault
Islington (158),2025,Assault,94,283,0.3322,1154.24,82.9,101,Very Safe,Assault
Islington (158),2025,Auto Theft,45,283,0.159,1154.24,82.9,101,Very Safe,Assault
Islington (158),2025,Break and Enter,78,283,0.2756,1154.24,82.9,101,Very Safe,Assault
Islington (158),2025,NonMCI,40,283,0.1413,1154.24,82.9,101,Very Safe,Assault
Islington (158),2025,Robbery,11,283,0.0389,1154.24,82.9,101,Very Safe,Assault
Islington (158),2025,Theft Over,15,283,0.053,1154.24,82.9,101,Very Safe,Assault
Junction Area (90),2025,Assault,128,321,0.3988,1292.91,80.5,110,Very Safe,Assault
Junction Area (90),2025,Auto Theft,35,321,0.109,1292.91,80.5,110,Very Safe,Assault
Junction Area (90),2025,Break and Enter,49,321,0.1526,1292.91,80.5,110,Very Safe,Assault
Junction Area (90),2025,NonMCI,85,321,0.2648,1292.91,80.5,110,Very Safe,Assault
Junction Area (90),2025,Robbery,10,321,0.0312,1292.91,80.5,110,Very Safe,Assault
Junction Area (90),2025,Theft Over,14,321,0.0436,1292.91,80.5,110,Very Safe,Assault
Junction-Wallace Emerson (171),2025,Assault,183,344,0.532,1561.38,75.8,127,Safe,Assault
Junction-Wallace Emerson (171),2025,Auto Theft,24,344,0.0698,1561.38,75.8,127,Safe,Assault
Junction-Wallace Emerson (171),2025,Break and Enter,63,344,0.1831,1561.38,75.8,127,Safe,Assault
Junction-Wallace Emerson (171),2025,NonMCI,55,344,0.1599,1561.38,75.8,127,Safe,Assault
Junction-Wallace Emerson (171),2025,Robbery,10,344,0.0291,1561.38,75.8,127,Safe,Assault
Junction-Wallace Emerson (171),2025,Theft Over,9,344,0.0262,1561.38,75.8,127,Safe,Assault
Keelesdale-Eglinton West (110),2025,Assault,39,114,0.3421,447.11,95.3,10,Very Safe,Assault
Keelesdale-Eglinton West (110),2025,Auto Theft,19,114,0.1667,447.11,95.3,10,Very Safe,Assault
Keelesdale-Eglinton West (110),2025,Break and Enter,14,114,0.1228,447.11,95.3,10,Very Safe,Assault
Keelesdale-Eglinton West (110),2025,NonMCI,30,114,0.2632,447.11,95.3,10,Very Safe,Assault
Keelesdale-Eglinton West (110),2025,Robbery,9,114,0.0789,447.11,95.3,10,Very Safe,Assault
Keelesdale-Eglinton West (110),2025,Theft Over,3,114,0.0263,447.11,95.3,10,Very Safe,Assault
Kennedy Park (124),2025,Assault,245,417,0.5875,1925.46,69.4,136,Safe,Assault
Kennedy Park (124),2025,Auto Theft,34,417,0.0815,1925.46,69.4,136,Safe,Assault
Kennedy Park (124),2025,Break and Enter,30,417,0.0719,1925.46,69.4,136,Safe,Assault
Kennedy Park (124),2025,NonMCI,73,417,0.1751,1925.46,69.4,136,Safe,Assault
Kennedy Park (124),2025,Robbery,20,417,0.048,1925.46,69.4,136,Safe,Assault
Kennedy Park (124),2025,Theft Over,15,417,0.036,1925.46,69.4,136,Safe,Assault
Kensington-Chinatown (78),2025,Assault,410,797,0.5144,3530.65,41.4,152,Moderate,Assault
Kensington-Chinatown (78),2025,Auto Theft,26,797,0.0326,3530.65,41.4,152,Moderate,Assault
Kensington-Chinatown (78),2025,Break and Enter,101,797,0.1267,3530.65,41.4,152,Moderate,Assault
Kensington-Chinatown (78),2025,NonMCI,168,797,0.2108,3530.65,41.4,152,Moderate,Assault
Kensington-Chinatown (78),2025,Robbery,42,797,0.0527,3530.65,41.4,152,Moderate,Assault
Kensington-Chinatown (78),2025,Theft Over,50,797,0.0627,3530.65,41.4,152,Moderate,Assault
Kingsview Village-The Westway (6),2025,Assault,131,269,0.487,1174.58,82.6,104,Very Safe,Assault
Kingsview Village-The Westway (6),2025,Auto Theft,64,269,0.2379,1174.58,82.6,104,Very Safe,Assault
Kingsview Village-The Westway (6),2025,Break and Enter,28,269,0.1041,1174.58,82.6,104,Very Safe,Assault
Kingsview Village-The Westway (6),2025,NonMCI,33,269,0.1227,1174.58,82.6,104,Very Safe,Assault
Kingsview Village-The Westway (6),2025,Robbery,8,269,0.0297,1174.58,82.6,104,Very Safe,Assault
Kingsview Village-The Westway (6),2025,Theft Over,5,269,0.0186,1174.58,82.6,104,Very Safe,Assault
Kingsway South (15),2025,Assault,45,98,0.4592,443.96,95.4,9,Very Safe,Assault
Kingsway South (15),2025,Auto Theft,12,98,0.1224,443.96,95.4,9,Very Safe,Assault
Kingsway South (15),2025,Break and Enter,27,98,0.2755,443.96,95.4,9,Very Safe,Assault
Kingsway South (15),2025,NonMCI,5,98,0.051,443.96,95.4,9,Very Safe,Assault
Kingsway South (15),2025,Robbery,3,98,0.0306,443.96,95.4,9,Very Safe,Assault
Kingsway South (15),2025,Theft Over,6,98,0.0612,443.96,95.4,9,Very Safe,Assault
L'Amoreaux West (147),2025,Assault,86,232,0.3707,975.44,86.1,78,Very Safe,Assault
L'Amoreaux West (147),2025,Auto Theft,48,232,0.2069,975.44,86.1,78,Very Safe,Assault
L'Amoreaux West (147),2025,Break and Enter,38,232,0.1638,975.44,86.1,78,Very Safe,Assault
L'Amoreaux West (147),2025,NonMCI,30,232,0.1293,975.44,86.1,78,Very Safe,Assault
L'Amoreaux West (147),2025,Robbery,20,232,0.0862,975.44,86.1,78,Very Safe,Assault
L'Amoreaux West (147),2025,Theft Over,10,232,0.0431,975.44,86.1,78,Very Safe,Assault
Lambton Baby Point (114),2025,Assault,19,39,0.4872,178.06,100.0,1,Very Safe,Assault
Lambton Baby Point (114),2025,Auto Theft,7,39,0.1795,178.06,100.0,1,Very Safe,Assault
Lambton Baby Point (114),2025,Break and Enter,3,39,0.0769,178.06,100.0,1,Very Safe,Assault
Lambton Baby Point (114),2025,NonMCI,4,39,0.1026,178.06,100.0,1,Very Safe,Assault
Lambton Baby Point (114),2025,Robbery,5,39,0.1282,178.06,100.0,1,Very Safe,Assault
Lambton Baby Point (114),2025,Theft Over,1,39,0.0256,178.06,100.0,1,Very Safe,Assault
Lansing-Westgate (38),2025,Assault,91,191,0.4764,818.64,88.8,61,Very Safe,Assault
Lansing-Westgate (38),2025,Auto Theft,38,191,0.199,818.64,88.8,61,Very Safe,Assault
Lansing-Westgate (38),2025,Break and Enter,18,191,0.0942,818.64,88.8,61,Very Safe,Assault
Lansing-Westgate (38),2025,NonMCI,32,191,0.1675,818.64,88.8,61,Very Safe,Assault
Lansing-Westgate (38),2025,Robbery,5,191,0.0262,818.64,88.8,61,Very Safe,Assault
Lansing-Westgate (38),2025,Theft Over,7,191,0.0366,818.64,88.8,61,Very Safe,Assault
Lawrence Park North (105),2025,Assault,37,124,0.2984,484.92,94.6,16,Very Safe,Assault
Lawrence Park North (105),2025,Auto Theft,15,124,0.121,484.92,94.6,16,Very Safe,Assault
Lawrence Park North (105),2025,Break and Enter,34,124,0.2742,484.92,94.6,16,Very Safe,Assault
Lawrence Park North (105),2025,NonMCI,29,124,0.2339,484.92,94.6,16,Very Safe,Assault
Lawrence Park North (105),2025,Robbery,6,124,0.0484,484.92,94.6,16,Very Safe,Assault
Lawrence Park North (105),2025,Theft Over,3,124,0.0242,484.92,94.6,16,Very Safe,Assault
Lawrence Park South (103),2025,Assault,30,127,0.2362,499.99,94.4,18,Very Safe,Break and Enter
Lawrence Park South (103),2025,Auto Theft,24,127,0.189,499.99,94.4,18,Very Safe,Break and Enter
Lawrence Park South (103),2025,Break and Enter,48,127,0.378,499.99,94.4,18,Very Safe,Break and Enter
Lawrence Park South (103),2025,NonMCI,14,127,0.1102,499.99,94.4,18,Very Safe,Break and Enter
Lawrence Park South (103),2025,Robbery,5,127,0.0394,499.99,94.4,18,Very Safe,Break and Enter
Lawrence Park South (103),2025,Theft Over,6,127,0.0472,499.99,94.4,18,Very Safe,Break and Enter
Leaside-Bennington (56),2025,Assault,38,174,0.2184,614.39,92.4,30,Very Safe,Auto Theft
Leaside-Bennington (56),2025,Auto Theft,50,174,0.2874,614.39,92.4,30,Very Safe,Auto Theft
Leaside-Bennington (56),2025,Break and Enter,34,174,0.1954,614.39,92.4,30,Very Safe,Auto Theft
Leaside-Bennington (56),2025,NonMCI,41,174,0.2356,614.39,92.4,30,Very Safe,Auto Theft
Leaside-Bennington (56),2025,Robbery,2,174,0.0115,614.39,92.4,30,Very Safe,Auto Theft
Leaside-Bennington (56),2025,Theft Over,9,174,0.0517,614.39,92.4,30,Very Safe,Auto Theft
Little Portugal (84),2025,Assault,117,217,0.5392,986.25,85.9,80,Very Safe,Assault
Little Portugal (84),2025,Auto Theft,20,217,0.0922,986.25,85.9,80,Very Safe,Assault
Little Portugal (84),2025,Break and Enter,33,217,0.1521,986.25,85.9,80,Very Safe,Assault
Little Portugal (84),2025,NonMCI,33,217,0.1521,986.25,85.9,80,Very Safe,Assault
Little Portugal (84),2025,Robbery,6,217,0.0276,986.25,85.9,80,Very Safe,Assault
Little Portugal (84),2025,Theft Over,8,217,0.0369,986.25,85.9,80,Very Safe,Assault
Long Branch (19),2025,Assault,65,134,0.4851,595.87,92.7,28,Very Safe,Assault
Long Branch (19),2025,Auto Theft,20,134,0.1493,595.87,92.7,28,Very Safe,Assault
Long Branch (19),2025,Break and Enter,24,134,0.1791,595.87,92.7,28,Very Safe,Assault
Long Branch (19),2025,NonMCI,17,134,0.1269,595.87,92.7,28,Very Safe,Assault
Long Branch (19),2025,Robbery,5,134,0.0373,595.87,92.7,28,Very Safe,Assault
Long Branch (19),2025,Theft Over,3,134,0.0224,595.87,92.7,28,Very Safe,Assault
Malvern East (146),2025,Assault,116,270,0.4296,1133.3,83.3,99,Very Safe,Assault
Malvern East (146),2025,Auto Theft,52,270,0.1926,1133.3,83.3,99,Very Safe,Assault
Malvern East (146),2025,Break and Enter,22,270,0.0815,1133.3,83.3,99,Very Safe,Assault
Malvern East (146),2025,NonMCI,51,270,0.1889,1133.3,83.3,99,Very Safe,Assault
Malvern East (146),2025,Robbery,19,270,0.0704,1133.3,83.3,99,Very Safe,Assault
Malvern East (146),2025,Theft Over,10,270,0.037,1133.3,83.3,99,Very Safe,Assault
Malvern West (145),2025,Assault,100,236,0.4237,997.01,85.7,83,Very Safe,Assault
Malvern West (145),2025,Auto Theft,59,236,0.25,997.01,85.7,83,Very Safe,Assault
Malvern West (145),2025,Break and Enter,8,236,0.0339,997.01,85.7,83,Very Safe,Assault
Malvern West (145),2025,NonMCI,36,236,0.1525,997.01,85.7,83,Very Safe,Assault
Malvern West (145),2025,Robbery,22,236,0.0932,997.01,85.7,83,Very Safe,Assault
Malvern West (145),2025,Theft Over,11,236,0.0466,997.01,85.7,83,Very Safe,Assault
Maple Leaf (29),2025,Assault,39,110,0.3545,427.04,95.6,8,Very Safe,Assault
Maple Leaf (29),2025,Auto Theft,30,110,0.2727,427.04,95.6,8,Very Safe,Assault
Maple Leaf (29),2025,Break and Enter,9,110,0.0818,427.04,95.6,8,Very Safe,Assault
Maple Leaf (29),2025,NonMCI,23,110,0.2091,427.04,95.6,8,Very Safe,Assault
Maple Leaf (29),2025,Robbery,3,110,0.0273,427.04,95.6,8,Very Safe,Assault
Maple Leaf (29),2025,Theft Over,6,110,0.0545,427.04,95.6,8,Very Safe,Assault
Markland Wood (12),2025,Assault,33,123,0.2683,480.32,94.7,14,Very Safe,Assault
Markland Wood (12),2025,Auto Theft,17,123,0.1382,480.32,94.7,14,Very Safe,Assault
Markland Wood (12),2025,Break and Enter,28,123,0.2276,480.32,94.7,14,Very Safe,Assault
Markland Wood (12),2025,NonMCI,23,123,0.187,480.32,94.7,14,Very Safe,Assault
Markland Wood (12),2025,Robbery,11,123,0.0894,480.32,94.7,14,Very Safe,Assault
Markland Wood (12),2025,Theft Over,11,123,0.0894,480.32,94.7,14,Very Safe,Assault
Milliken (130),2025,Assault,70,443,0.158,1558.18,75.9,126,Safe,Auto Theft
Milliken (130),2025,Auto Theft,143,443,0.3228,1558.18,75.9,126,Safe,Auto Theft
Milliken (130),2025,Break and Enter,65,443,0.1467,1558.18,75.9,126,Safe,Auto Theft
Milliken (130),2025,NonMCI,90,443,0.2032,1558.18,75.9,126,Safe,Auto Theft
Milliken (130),2025,Robbery,44,443,0.0993,1558.18,75.9,126,Safe,Auto Theft
Milliken (130),2025,Theft Over,31,443,0.07,1558.18,75.9,126,Safe,Auto Theft
Mimico-Queensway (160),2025,Assault,946,1069,0.8849,5896.75,0.0,158,Very Risky,Assault
Mimico-Queensway (160),2025,Auto Theft,49,1069,0.0458,5896.75,0.0,158,Very Risky,Assault
Mimico-Queensway (160),2025,Break and Enter,32,1069,0.0299,5896.75,0.0,158,Very Risky,Assault
Mimico-Queensway (160),2025,NonMCI,19,1069,0.0178,5896.75,0.0,158,Very Risky,Assault
Mimico-Queensway (160),2025,Robbery,9,1069,0.0084,5896.75,0.0,158,Very Risky,Assault
Mimico-Queensway (160),2025,Theft Over,14,1069,0.0131,5896.75,0.0,158,Very Risky,Assault
Morningside (135),2025,Assault,107,194,0.5515,889.73,87.6,67,Very Safe,Assault
Morningside (135),2025,Auto Theft,37,194,0.1907,889.73,87.6,67,Very Safe,Assault
Morningside (135),2025,Break and Enter,15,194,0.0773,889.73,87.6,67,Very Safe,Assault
Morningside (135),2025,NonMCI,20,194,0.1031,889.73,87.6,67,Very Safe,Assault
Morningside (135),2025,Robbery,10,194,0.0515,889.73,87.6,67,Very Safe,Assault
Morningside (135),2025,Theft Over,5,194,0.0258,889.73,87.6,67,Very Safe,Assault
Morningside Heights (144),2025,Assault,106,340,0.3118,1345.67,79.6,116,Safe,Assault
Morningside Heights (144),2025,Auto Theft,88,340,0.2588,1345.67,79.6,116,Safe,Assault
Morningside Heights (144),2025,Break and Enter,39,340,0.1147,1345.67,79.6,116,Safe,Assault
Morningside Heights (144),2025,NonMCI,56,340,0.1647,1345.67,79.6,116,Safe,Assault
Morningside Heights (144),2025,Robbery,33,340,0.0971,1345.67,79.6,116,Safe,Assault
Morningside Heights (144),2025,Theft Over,18,340,0.0529,1345.67,79.6,116,Safe,Assault
Moss Park (73),2025,Assault,593,860,0.6895,4350.72,27.0,157,Risky,Assault
Moss Park (73),2025,Auto Theft,23,860,0.0267,4350.72,27.0,157,Risky,Assault
Moss Park (73),2025,Break and Enter,103,860,0.1198,4350.72,27.0,157,Risky,Assault
Moss Park (73),2025,NonMCI,76,860,0.0884,4350.72,27.0,157,Risky,Assault
Moss Park (73),2025,Robbery,47,860,0.0547,4350.72,27.0,157,Risky,Assault
Moss Park (73),2025,Theft Over,18,860,0.0209,4350.72,27.0,157,Risky,Assault
Mount Dennis (115),2025,Assault,67,142,0.4718,622.2,92.2,33,Very Safe,Assault
Mount Dennis (115),2025,Auto Theft,20,142,0.1408,622.2,92.2,33,Very Safe,Assault
Mount Dennis (115),2025,Break and Enter,17,142,0.1197,622.2,92.2,33,Very Safe,Assault
Mount Dennis (115),2025,NonMCI,25,142,0.1761,622.2,92.2,33,Very Safe,Assault
Mount Dennis (115),2025,Robbery,11,142,0.0775,622.2,92.2,33,Very Safe,Assault
Mount Dennis (115),2025,Theft Over,2,142,0.0141,622.2,92.2,33,Very Safe,Assault
Mount Olive-Silverstone-Jamestown (2),2025,Assault,221,410,0.539,1876.26,70.3,134,Safe,Assault
Mount Olive-Silverstone-Jamestown (2),2025,Auto Theft,88,410,0.2146,1876.26,70.3,134,Safe,Assault
Mount Olive-Silverstone-Jamestown (2),2025,Break and Enter,18,410,0.0439,1876.26,70.3,134,Safe,Assault
Mount Olive-Silverstone-Jamestown (2),2025,NonMCI,43,410,0.1049,1876.26,70.3,134,Safe,Assault
Mount Olive-Silverstone-Jamestown (2),2025,Robbery,32,410,0.078,1876.26,70.3,134,Safe,Assault
Mount Olive-Silverstone-Jamestown (2),2025,Theft Over,8,410,0.0195,1876.26,70.3,134,Safe,Assault
Mount Pleasant East (99),2025,Assault,54,158,0.3418,641.68,91.9,38,Very Safe,Assault
Mount Pleasant East (99),2025,Auto Theft,36,158,0.2278,641.68,91.9,38,Very Safe,Assault
Mount Pleasant East (99),2025,Break and Enter,39,158,0.2468,641.68,91.9,38,Very Safe,Assault
Mount Pleasant East (99),2025,NonMCI,19,158,0.1203,641.68,91.9,38,Very Safe,Assault
Mount Pleasant East (99),2025,Robbery,2,158,0.0127,641.68,91.9,38,Very Safe,Assault
Mount Pleasant East (99),2025,Theft Over,8,158,0.0506,641.68,91.9,38,Very Safe,Assault
New Toronto (18),2025,Assault,108,199,0.5427,905.34,87.3,70,Very Safe,Assault
New Toronto (18),2025,Auto Theft,17,199,0.0854,905.34,87.3,70,Very Safe,Assault
New Toronto (18),2025,Break and Enter,23,199,0.1156,905.34,87.3,70,Very Safe,Assault
New Toronto (18),2025,NonMCI,30,199,0.1508,905.34,87.3,70,Very Safe,Assault
New Toronto (18),2025,Robbery,9,199,0.0452,905.34,87.3,70,Very Safe,Assault
New Toronto (18),2025,Theft Over,12,199,0.0603,905.34,87.3,70,Very Safe,Assault
Newtonbrook East (50),2025,Assault,80,196,0.4082,820.97,88.8,61,Very Safe,Assault
Newtonbrook East (50),2025,Auto Theft,38,196,0.1939,820.97,88.8,61,Very Safe,Assault
Newtonbrook East (50),2025,Break and Enter,30,196,0.1531,820.97,88.8,61,Very Safe,Assault
Newtonbrook East (50),2025,NonMCI,30,196,0.1531,820.97,88.8,61,Very Safe,Assault
Newtonbrook East (50),2025,Robbery,9,196,0.0459,820.97,88.8,61,Very Safe,Assault
Newtonbrook East (50),2025,Theft Over,9,196,0.0459,820.97,88.8,61,Very Safe,Assault
Newtonbrook West (36),2025,Assault,164,422,0.3886,1739.98,72.7,130,Safe,Assault
Newtonbrook West (36),2025,Auto Theft,106,422,0.2512,1739.98,72.7,130,Safe,Assault
Newtonbrook West (36),2025,Break and Enter,51,422,0.1209,1739.98,72.7,130,Safe,Assault
Newtonbrook West (36),2025,NonMCI,58,422,0.1374,1739.98,72.7,130,Safe,Assault
Newtonbrook West (36),2025,Robbery,23,422,0.0545,1739.98,72.7,130,Safe,Assault
Newtonbrook West (36),2025,Theft Over,20,422,0.0474,1739.98,72.7,130,Safe,Assault
North Riverdale (68),2025,Assault,70,158,0.443,677.41,91.3,44,Very Safe,Assault
North Riverdale (68),2025,Auto Theft,11,158,0.0696,677.41,91.3,44,Very Safe,Assault
North Riverdale (68),2025,Break and Enter,36,158,0.2278,677.41,91.3,44,Very Safe,Assault
North Riverdale (68),2025,NonMCI,33,158,0.2089,677.41,91.3,44,Very Safe,Assault
North Riverdale (68),2025,Robbery,5,158,0.0316,677.41,91.3,44,Very Safe,Assault
North Riverdale (68),2025,Theft Over,3,158,0.019,677.41,91.3,44,Very Safe,Assault
North St.James Town (74),2025,Assault,272,378,0.7196,1930.67,69.4,136,Safe,Assault
North St.James Town (74),2025,Auto Theft,16,378,0.0423,1930.67,69.4,136,Safe,Assault
North St.James Town (74),2025,Break and Enter,35,378,0.0926,1930.67,69.4,136,Safe,Assault
North St.James Town (74),2025,NonMCI,31,378,0.082,1930.67,69.4,136,Safe,Assault
North St.James Town (74),2025,Robbery,16,378,0.0423,1930.67,69.4,136,Safe,Assault
North St.James Town (74),2025,Theft Over,8,378,0.0212,1930.67,69.4,136,Safe,Assault
North Toronto (173),2025,Assault,116,192,0.6042,942.31,86.6,73,Very Safe,Assault
North Toronto (173),2025,Auto Theft,13,192,0.0677,942.31,86.6,73,Very Safe,Assault
North Toronto (173),2025,Break and Enter,35,192,0.1823,942.31,86.6,73,Very Safe,Assault
North Toronto (173),2025,NonMCI,13,192,0.0677,942.31,86.6,73,Very Safe,Assault
North Toronto (173),2025,Robbery,11,192,0.0573,942.31,86.6,73,Very Safe,Assault
North Toronto (173),2025,Theft Over,4,192,0.0208,942.31,86.6,73,Very Safe,Assault
O'Connor-Parkview (54),2025,Assault,131,227,0.5771,1032.35,85.1,86,Very Safe,Assault
O'Connor-Parkview (54),2025,Auto Theft,28,227,0.1233,1032.35,85.1,86,Very Safe,Assault
O'Connor-Parkview (54),2025,Break and Enter,16,227,0.0705,1032.35,85.1,86,Very Safe,Assault
O'Connor-Parkview (54),2025,NonMCI,38,227,0.1674,1032.35,85.1,86,Very Safe,Assault
O'Connor-Parkview (54),2025,Robbery,6,227,0.0264,1032.35,85.1,86,Very Safe,Assault
O'Connor-Parkview (54),2025,Theft Over,8,227,0.0352,1032.35,85.1,86,Very Safe,Assault
Oakdale-Beverley Heights (154),2025,Assault,246,489,0.5031,2189.48,64.8,140,Safe,Assault
Oakdale-Beverley Heights (154),2025,Auto Theft,92,489,0.1881,2189.48,64.8,140,Safe,Assault
Oakdale-Beverley Heights (154),2025,Break and Enter,38,489,0.0777,2189.48,64.8,140,Safe,Assault
Oakdale-Beverley Heights (154),2025,NonMCI,59,489,0.1207,2189.48,64.8,140,Safe,Assault
Oakdale-Beverley Heights (154),2025,Robbery,35,489,0.0716,2189.48,64.8,140,Safe,Assault
Oakdale-Beverley Heights (154),2025,Theft Over,19,489,0.0389,2189.48,64.8,140,Safe,Assault
Oakridge (121),2025,Assault,172,272,0.6324,1311.61,80.2,112,Very Safe,Assault
Oakridge (121),2025,Auto Theft,21,272,0.0772,1311.61,80.2,112,Very Safe,Assault
Oakridge (121),2025,Break and Enter,36,272,0.1324,1311.61,80.2,112,Very Safe,Assault
Oakridge (121),2025,NonMCI,31,272,0.114,1311.61,80.2,112,Very Safe,Assault
Oakridge (121),2025,Robbery,7,272,0.0257,1311.61,80.2,112,Very Safe,Assault
Oakridge (121),2025,Theft Over,5,272,0.0184,1311.61,80.2,112,Very Safe,Assault
Oakwood Village (107),2025,Assault,134,233,0.5751,1071.41,84.4,92,Very Safe,Assault
Oakwood Village (107),2025,Auto Theft,36,233,0.1545,1071.41,84.4,92,Very Safe,Assault
Oakwood Village (107),2025,Break and Enter,25,233,0.1073,1071.41,84.4,92,Very Safe,Assault
Oakwood Village (107),2025,NonMCI,32,233,0.1373,1071.41,84.4,92,Very Safe,Assault
Oakwood Village (107),2025,Robbery,3,233,0.0129,1071.41,84.4,92,Very Safe,Assault
Oakwood Village (107),2025,Theft Over,3,233,0.0129,1071.41,84.4,92,Very Safe,Assault
Old East York (58),2025,Assault,64,129,0.4961,558.46,93.3,26,Very Safe,Assault
Old East York (58),2025,Auto Theft,20,129,0.155,558.46,93.3,26,Very Safe,Assault
Old East York (58),2025,Break and Enter,10,129,0.0775,558.46,93.3,26,Very Safe,Assault
Old East York (58),2025,NonMCI,25,129,0.1938,558.46,93.3,26,Very Safe,Assault
Old East York (58),2025,Robbery,6,129,0.0465,558.46,93.3,26,Very Safe,Assault
Old East York (58),2025,Theft Over,4,129,0.031,558.46,93.3,26,Very Safe,Assault
Palmerston-Little Italy (80),2025,Assault,82,168,0.4881,767.79,89.7,52,Very Safe,Assault
Palmerston-Little Italy (80),2025,Auto Theft,16,168,0.0952,767.79,89.7,52,Very Safe,Assault
Palmerston-Little Italy (80),2025,Break and Enter,36,168,0.2143,767.79,89.7,52,Very Safe,Assault
Palmerston-Little Italy (80),2025,NonMCI,19,168,0.1131,767.79,89.7,52,Very Safe,Assault
Palmerston-Little Italy (80),2025,Robbery,12,168,0.0714,767.79,89.7,52,Very Safe,Assault
Palmerston-Little Italy (80),2025,Theft Over,3,168,0.0179,767.79,89.7,52,Very Safe,Assault
Parkwoods-O'Connor Hills (149),2025,Assault,62,177,0.3503,713.44,90.6,51,Very Safe,Assault
Parkwoods-O'Connor Hills (149),2025,Auto Theft,39,177,0.2203,713.44,90.6,51,Very Safe,Assault
Parkwoods-O'Connor Hills (149),2025,Break and Enter,30,177,0.1695,713.44,90.6,51,Very Safe,Assault
Parkwoods-O'Connor Hills (149),2025,NonMCI,30,177,0.1695,713.44,90.6,51,Very Safe,Assault
Parkwoods-O'Connor Hills (149),2025,Robbery,9,177,0.0508,713.44,90.6,51,Very Safe,Assault
Parkwoods-O'Connor Hills (149),2025,Theft Over,7,177,0.0395,713.44,90.6,51,Very Safe,Assault
Pelmo Park-Humberlea (23),2025,Assault,68,171,0.3977,700.05,90.9,50,Very Safe,Assault
Pelmo Park-Humberlea (23),2025,Auto Theft,40,171,0.2339,700.05,90.9,50,Very Safe,Assault
Pelmo Park-Humberlea (23),2025,Break and Enter,15,171,0.0877,700.05,90.9,50,Very Safe,Assault
Pelmo Park-Humberlea (23),2025,NonMCI,28,171,0.1637,700.05,90.9,50,Very Safe,Assault
Pelmo Park-Humberlea (23),2025,Robbery,9,171,0.0526,700.05,90.9,50,Very Safe,Assault
Pelmo Park-Humberlea (23),2025,Theft Over,11,171,0.0643,700.05,90.9,50,Very Safe,Assault
Playter Estates-Danforth (67),2025,Assault,105,210,0.5,892.36,87.5,68,Very Safe,Assault
Playter Estates-Danforth (67),2025,Auto Theft,19,210,0.0905,892.36,87.5,68,Very Safe,Assault
Playter Estates-Danforth (67),2025,Break and Enter,20,210,0.0952,892.36,87.5,68,Very Safe,Assault
Playter Estates-Danforth (67),2025,NonMCI,58,210,0.2762,892.36,87.5,68,Very Safe,Assault
Playter Estates-Danforth (67),2025,Robbery,5,210,0.0238,892.36,87.5,68,Very Safe,Assault
Playter Estates-Danforth (67),2025,Theft Over,3,210,0.0143,892.36,87.5,68,Very Safe,Assault
Pleasant View (46),2025,Assault,52,130,0.4,531.89,93.8,22,Very Safe,Assault
Pleasant View (46),2025,Auto Theft,19,130,0.1462,531.89,93.8,22,Very Safe,Assault
Pleasant View (46),2025,Break and Enter,15,130,0.1154,531.89,93.8,22,Very Safe,Assault
Pleasant View (46),2025,NonMCI,27,130,0.2077,531.89,93.8,22,Very Safe,Assault
Pleasant View (46),2025,Robbery,7,130,0.0538,531.89,93.8,22,Very Safe,Assault
Pleasant View (46),2025,Theft Over,10,130,0.0769,531.89,93.8,22,Very Safe,Assault
Princess-Rosethorn (10),2025,Assault,27,126,0.2143,494.83,94.5,17,Very Safe,Break and Enter
Princess-Rosethorn (10),2025,Auto Theft,19,126,0.1508,494.83,94.5,17,Very Safe,Break and Enter
Princess-Rosethorn (10),2025,Break and Enter,48,126,0.381,494.83,94.5,17,Very Safe,Break and Enter
Princess-Rosethorn (10),2025,NonMCI,13,126,0.1032,494.83,94.5,17,Very Safe,Break and Enter
Princess-Rosethorn (10),2025,Robbery,8,126,0.0635,494.83,94.5,17,Very Safe,Break and Enter
Princess-Rosethorn (10),2025,Theft Over,11,126,0.0873,494.83,94.5,17,Very Safe,Break and Enter
Regent Park (72),2025,Assault,144,219,0.6575,1085.8,84.1,94,Very Safe,Assault
Regent Park (72),2025,Auto Theft,15,219,0.0685,1085.8,84.1,94,Very Safe,Assault
Regent Park (72),2025,Break and Enter,26,219,0.1187,1085.8,84.1,94,Very Safe,Assault
Regent Park (72),2025,NonMCI,20,219,0.0913,1085.8,84.1,94,Very Safe,Assault
Regent Park (72),2025,Robbery,13,219,0.0594,1085.8,84.1,94,Very Safe,Assault
Regent Park (72),2025,Theft Over,1,219,0.0046,1085.8,84.1,94,Very Safe,Assault
Rexdale-Kipling (4),2025,Assault,66,159,0.4151,678.82,91.2,46,Very Safe,Assault
Rexdale-Kipling (4),2025,Auto Theft,34,159,0.2138,678.82,91.2,46,Very Safe,Assault
Rexdale-Kipling (4),2025,Break and Enter,19,159,0.1195,678.82,91.2,46,Very Safe,Assault
Rexdale-Kipling (4),2025,NonMCI,20,159,0.1258,678.82,91.2,46,Very Safe,Assault
Rexdale-Kipling (4),2025,Robbery,13,159,0.0818,678.82,91.2,46,Very Safe,Assault
Rexdale-Kipling (4),2025,Theft Over,7,159,0.044,678.82,91.2,46,Very Safe,Assault
Rockcliffe-Smythe (111),2025,Assault,156,293,0.5324,1321.54,80.0,113,Safe,Assault
Rockcliffe-Smythe (111),2025,Auto Theft,33,293,0.1126,1321.54,80.0,113,Safe,Assault
Rockcliffe-Smythe (111),2025,Break and Enter,31,293,0.1058,1321.54,80.0,113,Safe,Assault
Rockcliffe-Smythe (111),2025,NonMCI,48,293,0.1638,1321.54,80.0,113,Safe,Assault
Rockcliffe-Smythe (111),2025,Robbery,17,293,0.058,1321.54,80.0,113,Safe,Assault
Rockcliffe-Smythe (111),2025,Theft Over,8,293,0.0273,1321.54,80.0,113,Safe,Assault
Roncesvalles (86),2025,Assault,135,231,0.5844,1102.49,83.8,97,Very Safe,Assault
Roncesvalles (86),2025,Auto Theft,17,231,0.0736,1102.49,83.8,97,Very Safe,Assault
Roncesvalles (86),2025,Break and Enter,42,231,0.1818,1102.49,83.8,97,Very Safe,Assault
Roncesvalles (86),2025,NonMCI,25,231,0.1082,1102.49,83.8,97,Very Safe,Assault
Roncesvalles (86),2025,Robbery,11,231,0.0476,1102.49,83.8,97,Very Safe,Assault
Roncesvalles (86),2025,Theft Over,1,231,0.0043,1102.49,83.8,97,Very Safe,Assault
Rosedale-Moore Park (98),2025,Assault,218,427,0.5105,1981.33,68.5,138,Safe,Assault
Rosedale-Moore Park (98),2025,Auto Theft,40,427,0.0937,1981.33,68.5,138,Safe,Assault
Rosedale-Moore Park (98),2025,Break and Enter,102,427,0.2389,1981.33,68.5,138,Safe,Assault
Rosedale-Moore Park (98),2025,NonMCI,37,427,0.0867,1981.33,68.5,138,Safe,Assault
Rosedale-Moore Park (98),2025,Robbery,19,427,0.0445,1981.33,68.5,138,Safe,Assault
Rosedale-Moore Park (98),2025,Theft Over,11,427,0.0258,1981.33,68.5,138,Safe,Assault
Runnymede-Bloor West Village (89),2025,Assault,56,133,0.4211,558.64,93.3,26,Very Safe,Assault
Runnymede-Bloor West Village (89),2025,Auto Theft,29,133,0.218,558.64,93.3,26,Very Safe,Assault
Runnymede-Bloor West Village (89),2025,Break and Enter,12,133,0.0902,558.64,93.3,26,Very Safe,Assault
Runnymede-Bloor West Village (89),2025,NonMCI,22,133,0.1654,558.64,93.3,26,Very Safe,Assault
Runnymede-Bloor West Village (89),2025,Robbery,9,133,0.0677,558.64,93.3,26,Very Safe,Assault
Runnymede-Bloor West Village (89),2025,Theft Over,5,133,0.0376,558.64,93.3,26,Very Safe,Assault
Rustic (28),2025,Assault,91,137,0.6642,666.66,91.5,39,Very Safe,Assault
Rustic (28),2025,Auto Theft,21,137,0.1533,666.66,91.5,39,Very Safe,Assault
Rustic (28),2025,Break and Enter,9,137,0.0657,666.66,91.5,39,Very Safe,Assault
Rustic (28),2025,NonMCI,11,137,0.0803,666.66,91.5,39,Very Safe,Assault
Rustic (28),2025,Robbery,2,137,0.0146,666.66,91.5,39,Very Safe,Assault
Rustic (28),2025,Theft Over,3,137,0.0219,666.66,91.5,39,Very Safe,Assault
Scarborough Village (139),2025,Assault,112,280,0.4,1169.17,82.7,102,Very Safe,Assault
Scarborough Village (139),2025,Auto Theft,48,280,0.1714,1169.17,82.7,102,Very Safe,Assault
Scarborough Village (139),2025,Break and Enter,45,280,0.1607,1169.17,82.7,102,Very Safe,Assault
Scarborough Village (139),2025,NonMCI,53,280,0.1893,1169.17,82.7,102,Very Safe,Assault
Scarborough Village (139),2025,Robbery,18,280,0.0643,1169.17,82.7,102,Very Safe,Assault
Scarborough Village (139),2025,Theft Over,4,280,0.0143,1169.17,82.7,102,Very Safe,Assault
South Eglinton-Davisville (174),2025,Assault,104,191,0.5445,883.54,87.7,65,Very Safe,Assault
South Eglinton-Davisville (174),2025,Auto Theft,15,191,0.0785,883.54,87.7,65,Very Safe,Assault
South Eglinton-Davisville (174),2025,Break and Enter,37,191,0.1937,883.54,87.7,65,Very Safe,Assault
South Eglinton-Davisville (174),2025,NonMCI,25,191,0.1309,883.54,87.7,65,Very Safe,Assault
South Eglinton-Davisville (174),2025,Robbery,6,191,0.0314,883.54,87.7,65,Very Safe,Assault
South Eglinton-Davisville (174),2025,Theft Over,4,191,0.0209,883.54,87.7,65,Very Safe,Assault
South Parkdale (85),2025,Assault,259,409,0.6333,1985.75,68.4,139,Safe,Assault
South Parkdale (85),2025,Auto Theft,17,409,0.0416,1985.75,68.4,139,Safe,Assault
South Parkdale (85),2025,Break and Enter,61,409,0.1491,1985.75,68.4,139,Safe,Assault
South Parkdale (85),2025,NonMCI,49,409,0.1198,1985.75,68.4,139,Safe,Assault
South Parkdale (85),2025,Robbery,15,409,0.0367,1985.75,68.4,139,Safe,Assault
South Parkdale (85),2025,Theft Over,8,409,0.0196,1985.75,68.4,139,Safe,Assault
South Riverdale (70),2025,Assault,229,522,0.4387,2207.53,64.5,141,Safe,Assault
South Riverdale (70),2025,Auto Theft,61,522,0.1169,2207.53,64.5,141,Safe,Assault
South Riverdale (70),2025,Break and Enter,82,522,0.1571,2207.53,64.5,141,Safe,Assault
South Riverdale (70),2025,NonMCI,104,522,0.1992,2207.53,64.5,141,Safe,Assault
South Riverdale (70),2025,Robbery,20,522,0.0383,2207.53,64.5,141,Safe,Assault
South Riverdale (70),2025,Theft Over,26,522,0.0498,2207.53,64.5,141,Safe,Assault
St Lawrence-East Bayfront-The Islands (166),2025,Assault,413,629,0.6566,3101.22,48.9,149,Moderate,Assault
St Lawrence-East Bayfront-The Islands (166),2025,Auto Theft,9,629,0.0143,3101.22,48.9,149,Moderate,Assault
St Lawrence-East Bayfront-The Islands (166),2025,Break and Enter,70,629,0.1113,3101.22,48.9,149,Moderate,Assault
St Lawrence-East Bayfront-The Islands (166),2025,NonMCI,67,629,0.1065,3101.22,48.9,149,Moderate,Assault
St Lawrence-East Bayfront-The Islands (166),2025,Robbery,37,629,0.0588,3101.22,48.9,149,Moderate,Assault
St Lawrence-East Bayfront-The Islands (166),2025,Theft Over,33,629,0.0525,3101.22,48.9,149,Moderate,Assault
St.Andrew-Windfields (40),2025,Assault,94,254,0.3701,1069.78,84.4,92,Very Safe,Assault
St.Andrew-Windfields (40),2025,Auto Theft,31,254,0.122,1069.78,84.4,92,Very Safe,Assault
St.Andrew-Windfields (40),2025,Break and Enter,69,254,0.2717,1069.78,84.4,92,Very Safe,Assault
St.Andrew-Windfields (40),2025,NonMCI,39,254,0.1535,1069.78,84.4,92,Very Safe,Assault
St.Andrew-Windfields (40),2025,Robbery,15,254,0.0591,1069.78,84.4,92,Very Safe,Assault
St.Andrew-Windfields (40),2025,Theft Over,6,254,0.0236,1069.78,84.4,92,Very Safe,Assault
Steeles (116),2025,Assault,46,174,0.2644,682.89,91.2,46,Very Safe,Assault
Steeles (116),2025,Auto Theft,34,174,0.1954,682.89,91.2,46,Very Safe,Assault
Steeles (116),2025,Break and Enter,46,174,0.2644,682.89,91.2,46,Very Safe,Assault
Steeles (116),2025,NonMCI,29,174,0.1667,682.89,91.2,46,Very Safe,Assault
Steeles (116),2025,Robbery,13,174,0.0747,682.89,91.2,46,Very Safe,Assault
Steeles (116),2025,Theft Over,6,174,0.0345,682.89,91.2,46,Very Safe,Assault
Stonegate-Queensway (16),2025,Assault,120,297,0.404,1259.4,81.1,109,Very Safe,Assault
Stonegate-Queensway (16),2025,Auto Theft,51,297,0.1717,1259.4,81.1,109,Very Safe,Assault
Stonegate-Queensway (16),2025,Break and Enter,63,297,0.2121,1259.4,81.1,109,Very Safe,Assault
Stonegate-Queensway (16),2025,NonMCI,35,297,0.1178,1259.4,81.1,109,Very Safe,Assault
Stonegate-Queensway (16),2025,Robbery,10,297,0.0337,1259.4,81.1,109,Very Safe,Assault
Stonegate-Queensway (16),2025,Theft Over,18,297,0.0606,1259.4,81.1,109,Very Safe,Assault
Tam O'Shanter-Sullivan (118),2025,Assault,120,333,0.3604,1332.8,79.8,115,Safe,Assault
Tam O'Shanter-Sullivan (118),2025,Auto Theft,59,333,0.1772,1332.8,79.8,115,Safe,Assault
Tam O'Shanter-Sullivan (118),2025,Break and Enter,39,333,0.1171,1332.8,79.8,115,Safe,Assault
Tam O'Shanter-Sullivan (118),2025,NonMCI,78,333,0.2342,1332.8,79.8,115,Safe,Assault
Tam O'Shanter-Sullivan (118),2025,Robbery,26,333,0.0781,1332.8,79.8,115,Safe,Assault
Tam O'Shanter-Sullivan (118),2025,Theft Over,11,333,0.033,1332.8,79.8,115,Safe,Assault
Taylor-Massey (61),2025,Assault,110,207,0.5314,935.65,86.8,72,Very Safe,Assault
Taylor-Massey (61),2025,Auto Theft,26,207,0.1256,935.65,86.8,72,Very Safe,Assault
Taylor-Massey (61),2025,Break and Enter,24,207,0.1159,935.65,86.8,72,Very Safe,Assault
Taylor-Massey (61),2025,NonMCI,33,207,0.1594,935.65,86.8,72,Very Safe,Assault
Taylor-Massey (61),2025,Robbery,10,207,0.0483,935.65,86.8,72,Very Safe,Assault
Taylor-Massey (61),2025,Theft Over,4,207,0.0193,935.65,86.8,72,Very Safe,Assault
The Beaches (63),2025,Assault,109,243,0.4486,1017.13,85.3,85,Very Safe,Assault
The Beaches (63),2025,Auto Theft,32,243,0.1317,1017.13,85.3,85,Very Safe,Assault
The Beaches (63),2025,Break and Enter,35,243,0.144,1017.13,85.3,85,Very Safe,Assault
The Beaches (63),2025,NonMCI,51,243,0.2099,1017.13,85.3,85,Very Safe,Assault
The Beaches (63),2025,Robbery,4,243,0.0165,1017.13,85.3,85,Very Safe,Assault
The Beaches (63),2025,Theft Over,12,243,0.0494,1017.13,85.3,85,Very Safe,Assault
Thistletown-Beaumond Heights (3),2025,Assault,54,126,0.4286,543.12,93.6,24,Very Safe,Assault
Thistletown-Beaumond Heights (3),2025,Auto Theft,31,126,0.246,543.12,93.6,24,Very Safe,Assault
Thistletown-Beaumond Heights (3),2025,Break and Enter,11,126,0.0873,543.12,93.6,24,Very Safe,Assault
Thistletown-Beaumond Heights (3),2025,NonMCI,15,126,0.119,543.12,93.6,24,Very Safe,Assault
Thistletown-Beaumond Heights (3),2025,Robbery,11,126,0.0873,543.12,93.6,24,Very Safe,Assault
Thistletown-Beaumond Heights (3),2025,Theft Over,4,126,0.0317,543.12,93.6,24,Very Safe,Assault
Thorncliffe Park (55),2025,Assault,123,301,0.4086,1246.74,81.3,108,Very Safe,Assault
Thorncliffe Park (55),2025,Auto Theft,75,301,0.2492,1246.74,81.3,108,Very Safe,Assault
Thorncliffe Park (55),2025,Break and Enter,25,301,0.0831,1246.74,81.3,108,Very Safe,Assault
Thorncliffe Park (55),2025,NonMCI,49,301,0.1628,1246.74,81.3,108,Very Safe,Assault
Thorncliffe Park (55),2025,Robbery,18,301,0.0598,1246.74,81.3,108,Very Safe,Assault
Thorncliffe Park (55),2025,Theft Over,11,301,0.0365,1246.74,81.3,108,Very Safe,Assault
Trinity-Bellwoods (81),2025,Assault,147,286,0.514,1295.67,80.5,110,Very Safe,Assault
Trinity-Bellwoods (81),2025,Auto Theft,12,286,0.042,1295.67,80.5,110,Very Safe,Assault
Trinity-Bellwoods (81),2025,Break and Enter,60,286,0.2098,1295.67,80.5,110,Very Safe,Assault
Trinity-Bellwoods (81),2025,NonMCI,45,286,0.1573,1295.67,80.5,110,Very Safe,Assault
Trinity-Bellwoods (81),2025,Robbery,10,286,0.035,1295.67,80.5,110,Very Safe,Assault
Trinity-Bellwoods (81),2025,Theft Over,12,286,0.042,1295.67,80.5,110,Very Safe,Assault
University (79),2025,Assault,133,250,0.532,1166.52,82.7,102,Very Safe,Assault
University (79),2025,Auto Theft,14,250,0.056,1166.52,82.7,102,Very Safe,Assault
University (79),2025,Break and Enter,58,250,0.232,1166.52,82.7,102,Very Safe,Assault
University (79),2025,NonMCI,26,250,0.104,1166.52,82.7,102,Very Safe,Assault
University (79),2025,Robbery,10,250,0.04,1166.52,82.7,102,Very Safe,Assault
University (79),2025,Theft Over,9,250,0.036,1166.52,82.7,102,Very Safe,Assault
Victoria Village (43),2025,Assault,98,223,0.4395,951.86,86.5,75,Very Safe,Assault
Victoria Village (43),2025,Auto Theft,42,223,0.1883,951.86,86.5,75,Very Safe,Assault
Victoria Village (43),2025,Break and Enter,41,223,0.1839,951.86,86.5,75,Very Safe,Assault
Victoria Village (43),2025,NonMCI,32,223,0.1435,951.86,86.5,75,Very Safe,Assault
Victoria Village (43),2025,Robbery,4,223,0.0179,951.86,86.5,75,Very Safe,Assault
Victoria Village (43),2025,Theft Over,6,223,0.0269,951.86,86.5,75,Very Safe,Assault
Wellington Place (164),2025,Assault,390,666,0.5856,3162.7,47.8,150,Moderate,Assault
Wellington Place (164),2025,Auto Theft,35,666,0.0526,3162.7,47.8,150,Moderate,Assault
Wellington Place (164),2025,Break and Enter,109,666,0.1637,3162.7,47.8,150,Moderate,Assault
Wellington Place (164),2025,NonMCI,73,666,0.1096,3162.7,47.8,150,Moderate,Assault
Wellington Place (164),2025,Robbery,28,666,0.042,3162.7,47.8,150,Moderate,Assault
Wellington Place (164),2025,Theft Over,31,666,0.0465,3162.7,47.8,150,Moderate,Assault
West Hill (136),2025,Assault,357,615,0.5805,2831.2,53.6,147,Moderate,Assault
West Hill (136),2025,Auto Theft,41,615,0.0667,2831.2,53.6,147,Moderate,Assault
West Hill (136),2025,Break and Enter,58,615,0.0943,2831.2,53.6,147,Moderate,Assault
West Hill (136),2025,NonMCI,112,615,0.1821,2831.2,53.6,147,Moderate,Assault
West Hill (136),2025,Robbery,27,615,0.0439,2831.2,53.6,147,Moderate,Assault
West Hill (136),2025,Theft Over,20,615,0.0325,2831.2,53.6,147,Moderate,Assault
West Humber-Clairville (1),2025,Assault,301,1181,0.2549,4348.27,27.1,156,Risky,Auto Theft
West Humber-Clairville (1),2025,Auto Theft,433,1181,0.3666,4348.27,27.1,156,Risky,Auto Theft
West Humber-Clairville (1),2025,Break and Enter,126,1181,0.1067,4348.27,27.1,156,Risky,Auto Theft
West Humber-Clairville (1),2025,NonMCI,185,1181,0.1566,4348.27,27.1,156,Risky,Auto Theft
West Humber-Clairville (1),2025,Robbery,48,1181,0.0406,4348.27,27.1,156,Risky,Auto Theft
West Humber-Clairville (1),2025,Theft Over,88,1181,0.0745,4348.27,27.1,156,Risky,Auto Theft
West Queen West (162),2025,Assault,85,173,0.4913,776.63,89.5,56,Very Safe,Assault
West Queen West (162),2025,Auto Theft,12,173,0.0694,776.63,89.5,56,Very Safe,Assault
West Queen West (162),2025,Break and Enter,39,173,0.2254,776.63,89.5,56,Very Safe,Assault
West Queen West (162),2025,NonMCI,27,173,0.1561,776.63,89.5,56,Very Safe,Assault
West Queen West (162),2025,Robbery,7,173,0.0405,776.63,89.5,56,Very Safe,Assault
West Queen West (162),2025,Theft Over,3,173,0.0173,776.63,89.5,56,Very Safe,Assault
West Rouge (143),2025,Assault,55,208,0.2644,767.85,89.7,52,Very Safe,Auto Theft
West Rouge (143),2025,Auto Theft,83,208,0.399,767.85,89.7,52,Very Safe,Auto Theft
West Rouge (143),2025,Break and Enter,17,208,0.0817,767.85,89.7,52,Very Safe,Auto Theft
West Rouge (143),2025,NonMCI,34,208,0.1635,767.85,89.7,52,Very Safe,Auto Theft
West Rouge (143),2025,Robbery,9,208,0.0433,767.85,89.7,52,Very Safe,Auto Theft
West Rouge (143),2025,Theft Over,10,208,0.0481,767.85,89.7,52,Very Safe,Auto Theft
Westminster-Branson (35),2025,Assault,123,234,0.5256,1040.49,84.9,87,Very Safe,Assault
Westminster-Branson (35),2025,Auto Theft,45,234,0.1923,1040.49,84.9,87,Very Safe,Assault
Westminster-Branson (35),2025,Break and Enter,17,234,0.0726,1040.49,84.9,87,Very Safe,Assault
Westminster-Branson (35),2025,NonMCI,33,234,0.141,1040.49,84.9,87,Very Safe,Assault
Westminster-Branson (35),2025,Robbery,9,234,0.0385,1040.49,84.9,87,Very Safe,Assault
Westminster-Branson (35),2025,Theft Over,7,234,0.0299,1040.49,84.9,87,Very Safe,Assault
Weston (113),2025,Assault,162,284,0.5704,1324.23,80.0,113,Safe,Assault
Weston (113),2025,Auto Theft,43,284,0.1514,1324.23,80.0,113,Safe,Assault
Weston (113),2025,Break and Enter,39,284,0.1373,1324.23,80.0,113,Safe,Assault
Weston (113),2025,NonMCI,26,284,0.0915,1324.23,80.0,113,Safe,Assault
Weston (113),2025,Robbery,7,284,0.0246,1324.23,80.0,113,Safe,Assault
Weston (113),2025,Theft Over,7,284,0.0246,1324.23,80.0,113,Safe,Assault
Weston-Pelham Park (91),2025,Assault,63,157,0.4013,630.79,92.1,34,Very Safe,Assault
Weston-Pelham Park (91),2025,Auto Theft,14,157,0.0892,630.79,92.1,34,Very Safe,Assault
Weston-Pelham Park (91),2025,Break and Enter,23,157,0.1465,630.79,92.1,34,Very Safe,Assault
Weston-Pelham Park (91),2025,NonMCI,47,157,0.2994,630.79,92.1,34,Very Safe,Assault
Weston-Pelham Park (91),2025,Robbery,7,157,0.0446,630.79,92.1,34,Very Safe,Assault
Weston-Pelham Park (91),2025,Theft Over,3,157,0.0191,630.79,92.1,34,Very Safe,Assault
Wexford/Maryvale (119),2025,Assault,303,679,0.4462,2870.82,52.9,148,Moderate,Assault
Wexford/Maryvale (119),2025,Auto Theft,118,679,0.1738,2870.82,52.9,148,Moderate,Assault
Wexford/Maryvale (119),2025,Break and Enter,75,679,0.1105,2870.82,52.9,148,Moderate,Assault
Wexford/Maryvale (119),2025,NonMCI,128,679,0.1885,2870.82,52.9,148,Moderate,Assault
Wexford/Maryvale (119),2025,Robbery,32,679,0.0471,2870.82,52.9,148,Moderate,Assault
Wexford/Maryvale (119),2025,Theft Over,23,679,0.0339,2870.82,52.9,148,Moderate,Assault
Willowdale West (37),2025,Assault,104,187,0.5561,863.1,88.0,63,Very Safe,Assault
Willowdale West (37),2025,Auto Theft,18,187,0.0963,863.1,88.0,63,Very Safe,Assault
Willowdale West (37),2025,Break and Enter,21,187,0.1123,863.1,88.0,63,Very Safe,Assault
Willowdale West (37),2025,NonMCI,26,187,0.139,863.1,88.0,63,Very Safe,Assault
Willowdale West (37),2025,Robbery,10,187,0.0535,863.1,88.0,63,Very Safe,Assault
Willowdale West (37),2025,Theft Over,8,187,0.0428,863.1,88.0,63,Very Safe,Assault
Willowridge-Martingrove-Richview (7),2025,Assault,77,244,0.3156,953.05,86.4,76,Very Safe,Assault
Willowridge-Martingrove-Richview (7),2025,Auto Theft,74,244,0.3033,953.05,86.4,76,Very Safe,Assault
Willowridge-Martingrove-Richview (7),2025,Break and Enter,31,244,0.127,953.05,86.4,76,Very Safe,Assault
Willowridge-Martingrove-Richview (7),2025,NonMCI,32,244,0.1311,953.05,86.4,76,Very Safe,Assault
Willowridge-Martingrove-Richview (7),2025,Robbery,11,244,0.0451,953.05,86.4,76,Very Safe,Assault
Willowridge-Martingrove-Richview (7),2025,Theft Over,19,244,0.0779,953.05,86.4,76,Very Safe,Assault
Woburn North (142),2025,Assault,179,422,0.4242,1766.68,72.2,132,Safe,Assault
Woburn North (142),2025,Auto Theft,81,422,0.1919,1766.68,72.2,132,Safe,Assault
Woburn North (142),2025,Break and Enter,50,422,0.1185,1766.68,72.2,132,Safe,Assault
Woburn North (142),2025,NonMCI,75,422,0.1777,1766.68,72.2,132,Safe,Assault
Woburn North (142),2025,Robbery,20,422,0.0474,1766.68,72.2,132,Safe,Assault
Woburn North (142),2025,Theft Over,17,422,0.0403,1766.68,72.2,132,Safe,Assault
Woodbine Corridor (64),2025,Assault,89,138,0.6449,667.9,91.4,41,Very Safe,Assault
Woodbine Corridor (64),2025,Auto Theft,8,138,0.058,667.9,91.4,41,Very Safe,Assault
Woodbine Corridor (64),2025,Break and Enter,16,138,0.1159,667.9,91.4,41,Very Safe,Assault
Woodbine Corridor (64),2025,NonMCI,16,138,0.1159,667.9,91.4,41,Very Safe,Assault
Woodbine Corridor (64),2025,Robbery,3,138,0.0217,667.9,91.4,41,Very Safe,Assault
Woodbine Corridor (64),2025,Theft Over,6,138,0.0435,667.9,91.4,41,Very Safe,Assault
Woodbine-Lumsden (60),2025,Assault,46,91,0.5055,388.46,96.3,5,Very Safe,Assault
Woodbine-Lumsden (60),2025,Auto Theft,15,91,0.1648,388.46,96.3,5,Very Safe,Assault
Woodbine-Lumsden (60),2025,Break and Enter,6,91,0.0659,388.46,96.3,5,Very Safe,Assault
Woodbine-Lumsden (60),2025,NonMCI,19,91,0.2088,388.46,96.3,5,Very Safe,Assault
Woodbine-Lumsden (60),2025,Robbery,1,91,0.011,388.46,96.3,5,Very Safe,Assault
Woodbine-Lumsden (60),2025,Theft Over,4,91,0.044,388.46,96.3,5,Very Safe,Assault
Wychwood (94),2025,Assault,103,190,0.5421,878.69,87.7,65,Very Safe,Assault
Wychwood (94),2025,Auto Theft,22,190,0.1158,878.69,87.7,65,Very Safe,Assault
Wychwood (94),2025,Break and Enter,36,190,0.1895,878.69,87.7,65,Very Safe,Assault
Wychwood (94),2025,NonMCI,20,190,0.1053,878.69,87.7,65,Very Safe,Assault
Wychwood (94),2025,Robbery,4,190,0.0211,878.69,87.7,65,Very Safe,Assault
Wychwood (94),2025,Theft Over,5,190,0.0263,878.69,87.7,65,Very Safe,Assault
Yonge-Bay Corridor (170),2025,Assault,497,751,0.6618,3748.51,37.6,154,Risky,Assault
Yonge-Bay Corridor (170),2025,Auto Theft,26,751,0.0346,3748.51,37.6,154,Risky,Assault
Yonge-Bay Corridor (170),2025,Break and Enter,90,751,0.1198,3748.51,37.6,154,Risky,Assault
Yonge-Bay Corridor (170),2025,NonMCI,61,751,0.0812,3748.51,37.6,154,Risky,Assault
Yonge-Bay Corridor (170),2025,Robbery,46,751,0.0613,3748.51,37.6,154,Risky,Assault
Yonge-Bay Corridor (170),2025,Theft Over,31,751,0.0413,3748.51,37.6,154,Risky,Assault
Yonge-Doris (151),2025,Assault,103,216,0.4769,927.59,86.9,71,Very Safe,Assault
Yonge-Doris (151),2025,Auto Theft,22,216,0.1019,927.59,86.9,71,Very Safe,Assault
Yonge-Doris (151),2025,Break and Enter,14,216,0.0648,927.59,86.9,71,Very Safe,Assault
Yonge-Doris (151),2025,NonMCI,48,216,0.2222,927.59,86.9,71,Very Safe,Assault
Yonge-Doris (151),2025,Robbery,16,216,0.0741,927.59,86.9,71,Very Safe,Assault
Yonge-Doris (151),2025,Theft Over,13,216,0.0602,927.59,86.9,71,Very Safe,Assault
Yonge-Eglinton (100),2025,Assault,96,167,0.5749,801.76,89.1,57,Very Safe,Assault
Yonge-Eglinton (100),2025,Auto Theft,16,167,0.0958,801.76,89.1,57,Very Safe,Assault
Yonge-Eglinton (100),2025,Break and Enter,20,167,0.1198,801.76,89.1,57,Very Safe,Assault
Yonge-Eglinton (100),2025,NonMCI,8,167,0.0479,801.76,89.1,57,Very Safe,Assault
Yonge-Eglinton (100),2025,Robbery,13,167,0.0778,801.76,89.1,57,Very Safe,Assault
Yonge-Eglinton (100),2025,Theft Over,14,167,0.0838,801.76,89.1,57,Very Safe,Assault
Yonge-St.Clair (97),2025,Assault,38,131,0.2901,537.02,93.7,23,Very Safe,Break and Enter
Yonge-St.Clair (97),2025,Auto Theft,10,131,0.0763,537.02,93.7,23,Very Safe,Break and Enter
Yonge-St.Clair (97),2025,Break and Enter,57,131,0.4351,537.02,93.7,23,Very Safe,Break and Enter
Yonge-St.Clair (97),2025,NonMCI,18,131,0.1374,537.02,93.7,23,Very Safe,Break and Enter
Yonge-St.Clair (97),2025,Robbery,3,131,0.0229,537.02,93.7,23,Very Safe,Break and Enter
Yonge-St.Clair (97),2025,Theft Over,5,131,0.0382,537.02,93.7,23,Very Safe,Break and Enter
York University Heights (27),2025,Assault,375,869,0.4315,3716.09,38.1,153,Risky,Assault
York University Heights (27),2025,Auto Theft,181,869,0.2083,3716.09,38.1,153,Risky,Assault
York University Heights (27),2025,Break and Enter,125,869,0.1438,3716.09,38.1,153,Risky,Assault
York University Heights (27),2025,NonMCI,95,869,0.1093,3716.09,38.1,153,Risky,Assault
York University Heights (27),2025,Robbery,35,869,0.0403,3716.09,38.1,153,Risky,Assault
York University Heights (27),2025,Theft Over,58,869,0.0667,3716.09,38.1,153,Risky,Assault
Yorkdale-Glen Park (31),2025,Assault,218,525,0.4152,2223.03,64.2,142,Safe,Assault
Yorkdale-Glen Park (31),2025,Auto Theft,96,525,0.1829,2223.03,64.2,142,Safe,Assault
Yorkdale-Glen Park (31),2025,Break and Enter,70,525,0.1333,2223.03,64.2,142,Safe,Assault
Yorkdale-Glen Park (31),2025,NonMCI,64,525,0.1219,2223.03,64.2,142,Safe,Assault
Yorkdale-Glen Park (31),2025,Robbery,27,525,0.0514,2223.03,64.2,142,Safe,Assault
Yorkdale-Glen Park (31),2025,Theft Over,50,525,0.0952,2223.03,64.2,142,Safe,Assault
