EVENT_UNIQUE_ID,OCC_DATE,NEIGHBOURHOOD_158,CSI_CATEGORY,OFFENCE,DEATH,INJURIES,EVENT_TYPE,PREMISE_TYPE
GO-2004133803,1/1/2004 5:00:00 AM,Pelmo Park-Humberlea (23),NA,NA,0,1,Shooting,NA
GO-2004120070,1/3/2004 5:00:00 AM,NSA,NA,NA,0,0,Firearm Discharge,NA
GO-2004135509,1/4/2004 5:00:00 AM,Kensington-Chinatown (78),NA,NA,0,2,Shooting,NA
GO-2004126451,1/5/2004 5:00:00 AM,Kennedy Park (124),NA,NA,0,1,Shooting,NA
GO-2004136310,1/6/2004 5:00:00 AM,Malvern East (146),NA,NA,0,0,Firearm Discharge,NA
GO-2004139160,1/6/2004 5:00:00 AM,Malvern East (146),NA,NA,0,0,Firearm Discharge,NA
GO-2004136086,1/8/2004 5:00:00 AM,Rustic (28),NA,NA,1,0,Shooting,NA
GO-2004125755,1/8/2004 5:00:00 AM,Woburn North (142),NA,NA,1,0,Shooting,NA
GO-2004147495,1/13/2004 5:00:00 AM,Malvern West (145),NA,NA,0,1,Shooting,NA
GO-2004147139,1/18/2004 5:00:00 AM,Newtonbrook East (50),NA,NA,0,1,Shooting,NA
GO-2004150454,1/19/2004 5:00:00 AM,Danforth East York (59),NA,NA,0,0,Firearm Discharge,NA
GO-2004149554,1/19/2004 5:00:00 AM,Morningside Heights (144),NA,NA,0,0,Firearm Discharge,NA
GO-2004149400,1/21/2004 5:00:00 AM,Malvern East (146),NA,NA,0,0,Firearm Discharge,NA
GO-2004153438,1/23/2004 5:00:00 AM,Morningside (135),NA,NA,0,1,Shooting,NA
GO-2004153417,1/24/2004 5:00:00 AM,Rustic (28),NA,NA,0,1,Shooting,NA
GO-2004156017,1/24/2004 5:00:00 AM,Woburn North (142),NA,NA,0,0,Firearm Discharge,NA
GO-2004153036,1/24/2004 5:00:00 AM,East L'Amoreaux (148),NA,NA,0,0,Firearm Discharge,NA
GO-2004148619,1/25/2004 5:00:00 AM,Morningside Heights (144),NA,NA,1,0,Shooting,NA
GO-2004148623,1/25/2004 5:00:00 AM,Junction-Wallace Emerson (171),NA,NA,1,0,Shooting,NA
GO-2004157000,1/26/2004 5:00:00 AM,Malvern East (146),NA,NA,0,0,Firearm Discharge,NA
GO-2004170771,1/31/2004 5:00:00 AM,Yorkdale-Glen Park (31),NA,NA,0,0,Firearm Discharge,NA
GO-2004187244,2/12/2004 5:00:00 AM,Dorset Park (126),NA,NA,0,0,Firearm Discharge,NA
GO-2004172092,2/21/2004 5:00:00 AM,Oakwood Village (107),NA,NA,1,0,Shooting,NA
GO-2004195761,2/21/2004 5:00:00 AM,North Toronto (173),NA,NA,0,0,Firearm Discharge,NA
GO-2004194940,2/26/2004 5:00:00 AM,Agincourt South-Malvern West (128),NA,NA,0,1,Shooting,NA
GO-2004218803,3/3/2004 5:00:00 AM,West Hill (136),NA,NA,1,1,Shooting,NA
GO-2004218585,3/3/2004 5:00:00 AM,Rustic (28),NA,NA,1,0,Shooting,NA
GO-2004200779,3/4/2004 5:00:00 AM,Clairlea-Birchmount (120),NA,NA,1,0,Shooting,NA
GO-2004224089,3/7/2004 5:00:00 AM,Elms-Old Rexdale (5),NA,NA,0,1,Shooting,NA
GO-2004233515,3/10/2004 5:00:00 AM,Woburn North (142),NA,NA,0,2,Shooting,NA
GO-2004232446,3/13/2004 5:00:00 AM,Kennedy Park (124),NA,NA,0,0,Firearm Discharge,NA
GO-2004237217,3/13/2004 5:00:00 AM,Oakdale-Beverley Heights (154),NA,NA,0,0,Firearm Discharge,NA
GO-2004232800,3/14/2004 5:00:00 AM,Black Creek (24),NA,NA,0,1,Shooting,NA
GO-2004235315,3/14/2004 5:00:00 AM,West Humber-Clairville (1),NA,NA,0,1,Shooting,NA
GO-2004213938,3/14/2004 5:00:00 AM,Fenside-Parkwoods (150),NA,NA,0,0,Firearm Discharge,NA
GO-2004239294,3/19/2004 5:00:00 AM,Scarborough Village (139),NA,NA,0,1,Shooting,NA
GO-2004252448,3/20/2004 5:00:00 AM,Woburn North (142),NA,NA,0,1,Shooting,NA
GO-2004239286,3/20/2004 5:00:00 AM,Briar Hill-Belgravia (108),NA,NA,0,1,Shooting,NA
GO-2004251775,3/29/2004 5:00:00 AM,Golfdale-Cedarbrae-Woburn (141),NA,NA,0,0,Firearm Discharge,NA
GO-2004255020,3/29/2004 5:00:00 AM,Eglinton East (138),NA,NA,0,0,Firearm Discharge,NA
GO-2004268947,3/29/2004 5:00:00 AM,Bendale-Glen Andrew (156),NA,NA,0,1,Shooting,NA
GO-2004255502,3/29/2004 5:00:00 AM,Black Creek (24),NA,NA,0,0,Firearm Discharge,NA
GO-2004259451,4/5/2004 4:00:00 AM,Humber Heights-Westmount (8),NA,NA,0,1,Shooting,NA
GO-2004263733,4/5/2004 4:00:00 AM,East L'Amoreaux (148),NA,NA,0,0,Firearm Discharge,NA
GO-2004262735,4/5/2004 4:00:00 AM,East L'Amoreaux (148),NA,NA,0,0,Firearm Discharge,NA
GO-2004303360,4/11/2004 4:00:00 AM,Kensington-Chinatown (78),NA,NA,0,1,Shooting,NA
GO-2004303455,4/12/2004 4:00:00 AM,Malvern East (146),NA,NA,0,0,Firearm Discharge,NA
GO-2004250857,4/13/2004 4:00:00 AM,Elms-Old Rexdale (5),NA,NA,1,0,Shooting,NA
GO-2004764704,4/14/2004 4:00:00 AM,South Parkdale (85),NA,NA,0,0,Firearm Discharge,NA
GO-2004304903,4/14/2004 4:00:00 AM,East L'Amoreaux (148),NA,NA,0,1,Shooting,NA
GO-2004310859,4/15/2004 4:00:00 AM,Glenfield-Jane Heights (25),NA,NA,0,2,Shooting,NA
GO-2004295496,4/16/2004 4:00:00 AM,Wellington Place (164),NA,NA,0,1,Shooting,NA
GO-2004314373,4/17/2004 4:00:00 AM,Little Portugal (84),NA,NA,0,1,Shooting,NA
GO-2004315641,4/17/2004 4:00:00 AM,Black Creek (24),NA,NA,0,0,Firearm Discharge,NA
GO-2004341984,4/19/2004 4:00:00 AM,High Park-Swansea (87),NA,NA,0,2,Shooting,NA
GO-2004348492,4/19/2004 4:00:00 AM,Yonge-Bay Corridor (170),NA,NA,0,0,Firearm Discharge,NA
GO-2004239848,4/21/2004 4:00:00 AM,York University Heights (27),NA,NA,0,1,Shooting,NA
GO-2004339280,4/23/2004 4:00:00 AM,West Hill (136),NA,NA,0,0,Firearm Discharge,NA
GO-2004333885,4/23/2004 4:00:00 AM,West Hill (136),NA,NA,0,1,Shooting,NA
GO-2004390743,4/26/2004 4:00:00 AM,Brookhaven-Amesbury (30),NA,NA,0,0,Firearm Discharge,NA
GO-2004417251,5/1/2004 4:00:00 AM,O'Connor-Parkview (54),NA,NA,0,0,Firearm Discharge,NA
GO-2004350484,5/1/2004 4:00:00 AM,Mount Olive-Silverstone-Jamestown (2),NA,NA,1,0,Shooting,NA
GO-2004301868,5/2/2004 4:00:00 AM,Old East York (58),NA,NA,1,0,Shooting,NA
GO-2004388577,5/12/2004 4:00:00 AM,Glenfield-Jane Heights (25),NA,NA,0,0,Firearm Discharge,NA
GO-2004387646,5/13/2004 4:00:00 AM,Glenfield-Jane Heights (25),NA,NA,0,0,Firearm Discharge,NA
GO-2004354521,5/13/2004 4:00:00 AM,Kensington-Chinatown (78),NA,NA,0,0,Firearm Discharge,NA
GO-2004311851,5/14/2004 4:00:00 AM,Black Creek (24),NA,NA,1,1,Shooting,NA
GO-2004591388,5/14/2004 4:00:00 AM,Weston (113),NA,NA,0,0,Firearm Discharge,NA
GO-2004392487,5/14/2004 4:00:00 AM,Black Creek (24),NA,NA,0,1,Shooting,NA
GO-2004397105,5/15/2004 4:00:00 AM,Woburn North (142),NA,NA,0,0,Firearm Discharge,NA
GO-2004394774,5/19/2004 4:00:00 AM,Mimico-Queensway (160),NA,NA,0,0,Firearm Discharge,NA
GO-2004408691,5/20/2004 4:00:00 AM,Mount Olive-Silverstone-Jamestown (2),NA,NA,0,0,Firearm Discharge,NA
GO-2004406517,5/20/2004 4:00:00 AM,Rockcliffe-Smythe (111),NA,NA,0,2,Shooting,NA
GO-2004387719,5/20/2004 4:00:00 AM,Downtown Yonge East (168),NA,NA,0,0,Firearm Discharge,NA
GO-2004408131,5/20/2004 4:00:00 AM,Dufferin Grove (83),NA,NA,0,1,Shooting,NA
GO-2004374867,5/21/2004 4:00:00 AM,Regent Park (72),NA,NA,1,0,Shooting,NA
GO-2004308782,5/22/2004 4:00:00 AM,Maple Leaf (29),NA,NA,1,0,Shooting,NA
GO-2004409444,5/23/2004 4:00:00 AM,West Humber-Clairville (1),NA,NA,0,0,Firearm Discharge,NA
GO-2004414391,5/24/2004 4:00:00 AM,West Humber-Clairville (1),NA,NA,0,0,Firearm Discharge,NA
GO-2004423639,5/25/2004 4:00:00 AM,Rockcliffe-Smythe (111),NA,NA,0,0,Firearm Discharge,NA
GO-2004482932,5/27/2004 4:00:00 AM,Moss Park (73),NA,NA,0,1,Shooting,NA
GO-2004421259,5/28/2004 4:00:00 AM,Mount Olive-Silverstone-Jamestown (2),NA,NA,0,0,Firearm Discharge,NA
GO-2004437150,5/28/2004 4:00:00 AM,Keelesdale-Eglinton West (110),NA,NA,0,1,Shooting,NA
GO-2004455760,5/29/2004 4:00:00 AM,NSA,NA,NA,0,1,Shooting,NA
GO-2004413914,5/30/2004 4:00:00 AM,Etobicoke West Mall (13),NA,NA,0,1,Shooting,NA
GO-2004455137,6/1/2004 4:00:00 AM,South Parkdale (85),NA,NA,1,0,Shooting,NA
GO-2004484856,6/3/2004 4:00:00 AM,NSA,NA,NA,0,1,Shooting,NA
GO-20041053840,6/3/2004 4:00:00 AM,Rockcliffe-Smythe (111),NA,NA,0,0,Firearm Discharge,NA
GO-2004457239,6/4/2004 4:00:00 AM,Golfdale-Cedarbrae-Woburn (141),NA,NA,0,0,Firearm Discharge,NA
GO-2004487997,6/4/2004 4:00:00 AM,Tam O'Shanter-Sullivan (118),NA,NA,0,1,Shooting,NA
GO-2004510279,6/8/2004 4:00:00 AM,Mount Olive-Silverstone-Jamestown (2),NA,NA,0,0,Firearm Discharge,NA
GO-2004515049,6/10/2004 4:00:00 AM,West Hill (136),NA,NA,0,1,Shooting,NA
GO-2004525248,6/11/2004 4:00:00 AM,Wellington Place (164),NA,NA,0,1,Shooting,NA
GO-2004521591,6/12/2004 4:00:00 AM,Dovercourt Village (172),NA,NA,0,1,Shooting,NA
GO-2004518544,6/12/2004 4:00:00 AM,Rustic (28),NA,NA,0,0,Firearm Discharge,NA
GO-2004513214,6/13/2004 4:00:00 AM,Moss Park (73),NA,NA,0,1,Shooting,NA
GO-2004511158,6/13/2004 4:00:00 AM,Humber Bay Shores (161),NA,NA,0,0,Firearm Discharge,NA
GO-2004513218,6/14/2004 4:00:00 AM,Stonegate-Queensway (16),NA,NA,0,0,Firearm Discharge,NA
GO-2004650414,6/15/2004 4:00:00 AM,Stonegate-Queensway (16),NA,NA,0,0,Firearm Discharge,NA
GO-2004505020,6/17/2004 4:00:00 AM,Malvern East (146),NA,NA,0,0,Firearm Discharge,NA
GO-2004510813,6/19/2004 4:00:00 AM,Pelmo Park-Humberlea (23),NA,NA,1,0,Shooting,NA
GO-2004536122,6/21/2004 4:00:00 AM,L'Amoreaux West (147),NA,NA,0,1,Shooting,NA
GO-2004564223,7/1/2004 4:00:00 AM,Black Creek (24),NA,NA,1,0,Shooting,NA
GO-2004598521,7/2/2004 4:00:00 AM,Malvern West (145),NA,NA,0,0,Firearm Discharge,NA
GO-2004574277,7/5/2004 4:00:00 AM,Islington (158),NA,NA,0,1,Shooting,NA
GO-2004499572,7/5/2004 4:00:00 AM,Oakdale-Beverley Heights (154),NA,NA,0,1,Shooting,NA
GO-2004515430,7/8/2004 4:00:00 AM,Junction-Wallace Emerson (171),NA,NA,0,1,Shooting,NA
GO-2004577384,7/9/2004 4:00:00 AM,NSA,NA,NA,0,0,Firearm Discharge,NA
GO-2004432295,7/10/2004 4:00:00 AM,Runnymede-Bloor West Village (89),NA,NA,0,0,Firearm Discharge,NA
GO-2004602734,7/13/2004 4:00:00 AM,Glenfield-Jane Heights (25),NA,NA,0,1,Shooting,NA
GO-2004592201,7/21/2004 4:00:00 AM,Hillcrest Village (48),NA,NA,1,0,Shooting,NA
GO-2004594159,7/24/2004 4:00:00 AM,Moss Park (73),NA,NA,1,0,Shooting,NA
GO-2004600109,7/26/2004 4:00:00 AM,West Humber-Clairville (1),NA,NA,0,0,Firearm Discharge,NA
GO-2004612791,7/29/2004 4:00:00 AM,West Humber-Clairville (1),NA,NA,0,1,Shooting,NA
GO-2004556110,7/30/2004 4:00:00 AM,Clairlea-Birchmount (120),NA,NA,0,0,Firearm Discharge,NA
GO-2004608027,8/1/2004 4:00:00 AM,Weston (113),NA,NA,0,0,Firearm Discharge,NA
GO-2004607150,8/1/2004 4:00:00 AM,L'Amoreaux West (147),NA,NA,0,0,Firearm Discharge,NA
GO-2004717029,8/10/2004 4:00:00 AM,Elms-Old Rexdale (5),NA,NA,0,1,Shooting,NA
GO-2004629203,8/17/2004 4:00:00 AM,New Toronto (18),NA,NA,0,1,Shooting,NA
GO-2004629200,8/17/2004 4:00:00 AM,Glenfield-Jane Heights (25),NA,NA,0,1,Shooting,NA
GO-2004630187,8/19/2004 4:00:00 AM,Downtown Yonge East (168),NA,NA,0,1,Shooting,NA
GO-2004974875,8/25/2004 4:00:00 AM,St Lawrence-East Bayfront-The Islands (166),NA,NA,0,0,Firearm Discharge,NA
GO-2004702788,8/25/2004 4:00:00 AM,Dovercourt Village (172),NA,NA,0,2,Shooting,NA
GO-2004637632,8/25/2004 4:00:00 AM,West Hill (136),NA,NA,0,1,Shooting,NA
GO-2004637474,8/25/2004 4:00:00 AM,Yonge-Bay Corridor (170),NA,NA,0,0,Firearm Discharge,NA
GO-2004642019,8/27/2004 4:00:00 AM,York University Heights (27),NA,NA,0,0,Firearm Discharge,NA
GO-2004641880,8/27/2004 4:00:00 AM,Rockcliffe-Smythe (111),NA,NA,0,0,Firearm Discharge,NA
GO-2004642018,8/27/2004 4:00:00 AM,Weston (113),NA,NA,0,0,Firearm Discharge,NA
GO-2004637844,8/27/2004 4:00:00 AM,Mount Olive-Silverstone-Jamestown (2),NA,NA,0,1,Shooting,NA
GO-2004640940,8/28/2004 4:00:00 AM,Tam O'Shanter-Sullivan (118),NA,NA,0,0,Firearm Discharge,NA
GO-2004597291,8/28/2004 4:00:00 AM,Weston (113),NA,NA,0,0,Firearm Discharge,NA
GO-2004637869,8/29/2004 4:00:00 AM,Victoria Village (43),NA,NA,0,0,Firearm Discharge,NA
GO-2004592255,8/30/2004 4:00:00 AM,Highland Creek (134),NA,NA,1,0,Shooting,NA
GO-2004642752,8/31/2004 4:00:00 AM,Oakridge (121),NA,NA,0,1,Shooting,NA
GO-2004599316,9/1/2004 4:00:00 AM,Weston (113),NA,NA,0,1,Shooting,NA
GO-2004647837,9/1/2004 4:00:00 AM,Junction-Wallace Emerson (171),NA,NA,0,1,Shooting,NA
GO-2004591518,9/3/2004 4:00:00 AM,NSA,NA,NA,0,1,Shooting,NA
GO-2004642110,9/5/2004 4:00:00 AM,NSA,NA,NA,1,0,Shooting,NA
GO-2004645696,9/5/2004 4:00:00 AM,Black Creek (24),NA,NA,0,0,Firearm Discharge,NA
GO-2004641371,9/6/2004 4:00:00 AM,Mount Olive-Silverstone-Jamestown (2),NA,NA,0,0,Firearm Discharge,NA
GO-2004646393,9/8/2004 4:00:00 AM,Mount Olive-Silverstone-Jamestown (2),NA,NA,0,0,Firearm Discharge,NA
GO-2004649788,9/11/2004 4:00:00 AM,Downtown Yonge East (168),NA,NA,0,0,Firearm Discharge,NA
GO-2004654954,9/11/2004 4:00:00 AM,West Hill (136),NA,NA,0,1,Shooting,NA
GO-2004654953,9/12/2004 4:00:00 AM,Downtown Yonge East (168),NA,NA,0,1,Shooting,NA
GO-2004658110,9/17/2004 4:00:00 AM,East L'Amoreaux (148),NA,NA,0,1,Shooting,NA
GO-2004663715,9/18/2004 4:00:00 AM,Mimico-Queensway (160),NA,NA,0,1,Shooting,NA
GO-2004658416,9/20/2004 4:00:00 AM,Moss Park (73),NA,NA,0,1,Shooting,NA
GO-2004650681,9/21/2004 4:00:00 AM,West Humber-Clairville (1),NA,NA,1,0,Shooting,NA
GO-2004668846,9/24/2004 4:00:00 AM,South Riverdale (70),NA,NA,0,1,Shooting,NA
GO-2004669350,9/26/2004 4:00:00 AM,Rustic (28),NA,NA,0,0,Firearm Discharge,NA
GO-2004676605,9/29/2004 4:00:00 AM,North St.James Town (74),NA,NA,0,0,Firearm Discharge,NA
GO-2004497549,9/30/2004 4:00:00 AM,East L'Amoreaux (148),NA,NA,0,1,Shooting,NA
GO-2004676793,10/9/2004 4:00:00 AM,Rockcliffe-Smythe (111),NA,NA,0,1,Shooting,NA
GO-2004685734,10/14/2004 4:00:00 AM,Fenside-Parkwoods (150),NA,NA,0,0,Firearm Discharge,NA
GO-2004683174,10/15/2004 4:00:00 AM,NSA,NA,NA,1,0,Shooting,NA
GO-20041036512,10/15/2004 4:00:00 AM,Eglinton East (138),NA,NA,0,0,Firearm Discharge,NA
GO-2004687286,10/17/2004 4:00:00 AM,Dufferin Grove (83),NA,NA,0,0,Firearm Discharge,NA
GO-2004480388,10/19/2004 4:00:00 AM,West Humber-Clairville (1),NA,NA,0,2,Shooting,NA
GO-2004684041,10/20/2004 4:00:00 AM,Corso Italia-Davenport (92),NA,NA,0,1,Shooting,NA
GO-2004692390,10/23/2004 4:00:00 AM,NSA,NA,NA,0,1,Shooting,NA
GO-2004619258,10/27/2004 4:00:00 AM,Fenside-Parkwoods (150),NA,NA,0,1,Shooting,NA
GO-2004439509,10/30/2004 4:00:00 AM,Oakdale-Beverley Heights (154),NA,NA,0,2,Shooting,NA
GO-2004695551,10/31/2004 4:00:00 AM,Weston (113),NA,NA,0,0,Firearm Discharge,NA
GO-2004676368,11/4/2004 5:00:00 AM,Englemount-Lawrence (32),NA,NA,0,1,Shooting,NA
GO-2004707339,11/5/2004 5:00:00 AM,Oakwood Village (107),NA,NA,0,0,Firearm Discharge,NA
GO-2004704991,11/7/2004 5:00:00 AM,Wellington Place (164),NA,NA,0,0,Firearm Discharge,NA
GO-2004704992,11/7/2004 5:00:00 AM,East L'Amoreaux (148),NA,NA,0,0,Firearm Discharge,NA
GO-2004491397,11/10/2004 5:00:00 AM,Tam O'Shanter-Sullivan (118),NA,NA,0,2,Shooting,NA
GO-2004691183,11/14/2004 5:00:00 AM,Oakdale-Beverley Heights (154),NA,NA,0,1,Shooting,NA
GO-2004696934,11/15/2004 5:00:00 AM,Mount Olive-Silverstone-Jamestown (2),NA,NA,0,1,Shooting,NA
GO-2004710040,11/15/2004 5:00:00 AM,Islington (158),NA,NA,0,0,Firearm Discharge,NA
GO-2004715205,11/16/2004 5:00:00 AM,Mount Olive-Silverstone-Jamestown (2),NA,NA,0,1,Shooting,NA
GO-2004431138,11/21/2004 5:00:00 AM,Rockcliffe-Smythe (111),NA,NA,0,2,Shooting,NA
GO-2004696937,11/25/2004 5:00:00 AM,Rexdale-Kipling (4),NA,NA,0,1,Shooting,NA
GO-2004741422,11/27/2004 5:00:00 AM,South Parkdale (85),NA,NA,0,1,Shooting,NA
GO-2004734427,11/28/2004 5:00:00 AM,East L'Amoreaux (148),NA,NA,0,0,Firearm Discharge,NA
GO-2004734100,11/28/2004 5:00:00 AM,Oakdale-Beverley Heights (154),NA,NA,0,2,Shooting,NA
GO-2004790656,12/3/2004 5:00:00 AM,Regent Park (72),NA,NA,0,1,Shooting,NA
GO-2004756919,12/9/2004 5:00:00 AM,Briar Hill-Belgravia (108),NA,NA,0,1,Shooting,NA
GO-2004732104,12/9/2004 5:00:00 AM,Fenside-Parkwoods (150),NA,NA,0,0,Firearm Discharge,NA
GO-2004768032,12/13/2004 5:00:00 AM,Milliken (130),NA,NA,0,1,Shooting,NA
GO-2004773793,12/15/2004 5:00:00 AM,East L'Amoreaux (148),NA,NA,0,1,Shooting,NA
GO-2004811677,12/19/2004 5:00:00 AM,Kennedy Park (124),NA,NA,1,0,Shooting,NA
GO-2004736004,12/19/2004 5:00:00 AM,Downtown Yonge East (168),NA,NA,1,0,Shooting,NA
GO-2004730003,12/20/2004 5:00:00 AM,Flemingdon Park (44),NA,NA,1,0,Shooting,NA
GO-2004750027,12/21/2004 5:00:00 AM,Weston (113),NA,NA,0,1,Shooting,NA
GO-2004823002,12/25/2004 5:00:00 AM,Agincourt South-Malvern West (128),NA,NA,0,1,Shooting,NA
GO-2004861470,12/29/2004 5:00:00 AM,St.Andrew-Windfields (40),NA,NA,0,0,Firearm Discharge,NA
GO-2004710035,12/29/2004 5:00:00 AM,East L'Amoreaux (148),NA,NA,0,0,Firearm Discharge,NA
GO-2004773806,12/29/2004 5:00:00 AM,East L'Amoreaux (148),NA,NA,0,0,Firearm Discharge,NA
GO-2004774602,12/30/2004 5:00:00 AM,High Park North (88),NA,NA,0,0,Firearm Discharge,NA
GO-2005860182,1/1/2005 5:00:00 AM,Junction Area (90),NA,NA,0,0,Firearm Discharge,NA
GO-2005776512,1/3/2005 5:00:00 AM,Wexford/Maryvale (119),NA,NA,0,0,Firearm Discharge,NA
GO-2005736236,1/3/2005 5:00:00 AM,Ionview (125),NA,NA,0,0,Firearm Discharge,NA
GO-2005773453,1/9/2005 5:00:00 AM,Wellington Place (164),NA,NA,0,1,Shooting,NA
GO-2005774710,1/9/2005 5:00:00 AM,Yonge-St.Clair (97),NA,NA,0,1,Shooting,NA
GO-2005999284,1/9/2005 5:00:00 AM,Wellington Place (164),NA,NA,0,0,Firearm Discharge,NA
GO-2005866828,1/11/2005 5:00:00 AM,Golfdale-Cedarbrae-Woburn (141),NA,NA,0,1,Shooting,NA
GO-20051443627,1/19/2005 5:00:00 AM,Stonegate-Queensway (16),NA,NA,0,0,Firearm Discharge,NA
GO-2005920738,1/21/2005 5:00:00 AM,West Queen West (162),NA,NA,2,0,Shooting,NA
GO-2005774900,1/21/2005 5:00:00 AM,Glenfield-Jane Heights (25),NA,NA,0,1,Shooting,NA
GO-2005873262,1/26/2005 5:00:00 AM,Steeles (116),NA,NA,0,1,Shooting,NA
GO-2005772582,1/26/2005 5:00:00 AM,Glenfield-Jane Heights (25),NA,NA,0,1,Shooting,NA
GO-2005883036,1/28/2005 5:00:00 AM,Etobicoke West Mall (13),NA,NA,0,0,Firearm Discharge,NA
GO-2005896053,1/29/2005 5:00:00 AM,Don Valley Village (47),NA,NA,0,2,Shooting,NA
GO-2005919556,1/30/2005 5:00:00 AM,Weston (113),NA,NA,0,0,Firearm Discharge,NA
GO-20051064463,2/1/2005 5:00:00 AM,Dorset Park (126),NA,NA,0,1,Shooting,NA
GO-2005732268,2/1/2005 5:00:00 AM,Glenfield-Jane Heights (25),NA,NA,0,0,Firearm Discharge,NA
GO-2005901779,2/6/2005 5:00:00 AM,Scarborough Village (139),NA,NA,0,0,Firearm Discharge,NA
GO-2005928264,2/7/2005 5:00:00 AM,Newtonbrook East (50),NA,NA,0,1,Shooting,NA
GO-2005832576,2/9/2005 5:00:00 AM,Moss Park (73),NA,NA,0,1,Shooting,NA
GO-2005901792,2/11/2005 5:00:00 AM,West Hill (136),NA,NA,0,1,Shooting,NA
GO-2005951634,2/11/2005 5:00:00 AM,Bay-Cloverhill (169),NA,NA,1,0,Shooting,NA
GO-2005787630,2/12/2005 5:00:00 AM,Kensington-Chinatown (78),NA,NA,0,2,Shooting,NA
GO-2005736672,2/12/2005 5:00:00 AM,Mount Olive-Silverstone-Jamestown (2),NA,NA,1,0,Shooting,NA
GO-2005955160,2/13/2005 5:00:00 AM,Thistletown-Beaumond Heights (3),NA,NA,0,0,Firearm Discharge,NA
GO-2005768554,2/15/2005 5:00:00 AM,NSA,NA,NA,1,0,Shooting,NA
GO-2005918414,2/15/2005 5:00:00 AM,North St.James Town (74),NA,NA,1,0,Shooting,NA
GO-2005955718,2/20/2005 5:00:00 AM,Wellington Place (164),NA,NA,0,1,Shooting,NA
GO-2005943518,2/21/2005 5:00:00 AM,South Riverdale (70),NA,NA,0,1,Shooting,NA
GO-2005943440,2/26/2005 5:00:00 AM,Eglinton East (138),NA,NA,0,2,Shooting,NA
GO-2005776194,2/27/2005 5:00:00 AM,Woburn North (142),NA,NA,0,1,Shooting,NA
GO-2005969241,2/28/2005 5:00:00 AM,Newtonbrook West (36),NA,NA,1,0,Shooting,NA
GO-2005953782,3/4/2005 5:00:00 AM,Parkwoods-O'Connor Hills (149),NA,NA,0,1,Shooting,NA
GO-2005968835,3/5/2005 5:00:00 AM,East L'Amoreaux (148),NA,NA,0,0,Firearm Discharge,NA
GO-2005953786,3/5/2005 5:00:00 AM,Banbury-Don Mills (42),NA,NA,1,0,Shooting,NA
GO-2005949471,3/6/2005 5:00:00 AM,Golfdale-Cedarbrae-Woburn (141),NA,NA,0,0,Firearm Discharge,NA
GO-2005743293,3/12/2005 5:00:00 AM,Wellington Place (164),NA,NA,0,1,Shooting,NA
GO-2005986104,3/13/2005 5:00:00 AM,Agincourt South-Malvern West (128),NA,NA,0,1,Shooting,NA
GO-2005773526,3/15/2005 5:00:00 AM,Broadview North (57),NA,NA,0,1,Shooting,NA
GO-2005993468,3/16/2005 5:00:00 AM,Cliffcrest (123),NA,NA,0,1,Shooting,NA
GO-20051030464,3/17/2005 5:00:00 AM,Moss Park (73),NA,NA,0,0,Firearm Discharge,NA
GO-2005946945,3/20/2005 5:00:00 AM,Black Creek (24),NA,NA,0,1,Shooting,NA
GO-20051016691,3/21/2005 5:00:00 AM,Yorkdale-Glen Park (31),NA,NA,0,1,Shooting,NA
GO-20051017308,3/23/2005 5:00:00 AM,Steeles (116),NA,NA,0,1,Shooting,NA
GO-20051017403,3/25/2005 5:00:00 AM,Humber Summit (21),NA,NA,0,1,Shooting,NA
GO-2005761483,3/25/2005 5:00:00 AM,Old East York (58),NA,NA,0,1,Shooting,NA
GO-2005758325,3/25/2005 5:00:00 AM,Downtown Yonge East (168),NA,NA,1,0,Shooting,NA
GO-2005743823,3/27/2005 5:00:00 AM,Black Creek (24),NA,NA,0,1,Shooting,NA
GO-2005961606,3/30/2005 5:00:00 AM,Dufferin Grove (83),NA,NA,0,0,Firearm Discharge,NA
GO-20051013463,3/31/2005 5:00:00 AM,West Humber-Clairville (1),NA,NA,0,0,Firearm Discharge,NA
GO-2005771937,3/31/2005 5:00:00 AM,Willowridge-Martingrove-Richview (7),NA,NA,0,1,Shooting,NA
GO-2005777302,4/1/2005 5:00:00 AM,Rosedale-Moore Park (98),NA,NA,0,2,Shooting,NA
GO-2005782484,4/2/2005 5:00:00 AM,Yonge-Bay Corridor (170),NA,NA,0,1,Shooting,NA
GO-2005799672,4/7/2005 4:00:00 AM,Humber Bay Shores (161),NA,NA,0,1,Shooting,NA
GO-20051008036,4/8/2005 4:00:00 AM,East L'Amoreaux (148),NA,NA,0,1,Shooting,NA
GO-20051018414,4/9/2005 4:00:00 AM,West Humber-Clairville (1),NA,NA,0,1,Shooting,NA
GO-2005743298,4/10/2005 4:00:00 AM,Moss Park (73),NA,NA,0,3,Shooting,NA
GO-2005884190,4/13/2005 4:00:00 AM,Birchcliffe-Cliffside (122),NA,NA,1,0,Shooting,NA
GO-2005809873,4/15/2005 4:00:00 AM,NSA,NA,NA,0,0,Firearm Discharge,NA
GO-2005954900,4/15/2005 4:00:00 AM,Morningside (135),NA,NA,0,1,Shooting,NA
GO-2005843089,4/17/2005 4:00:00 AM,Cabbagetown-South St.James Town (71),NA,NA,0,1,Shooting,NA
GO-2005838233,4/17/2005 4:00:00 AM,Malvern East (146),NA,NA,0,1,Shooting,NA
GO-20051052948,4/18/2005 4:00:00 AM,South Parkdale (85),NA,NA,1,0,Shooting,NA
GO-20051061840,4/19/2005 4:00:00 AM,Annex (95),NA,NA,0,1,Shooting,NA
GO-2005893223,4/22/2005 4:00:00 AM,West Hill (136),NA,NA,0,0,Firearm Discharge,NA
GO-20051017873,4/24/2005 4:00:00 AM,Kensington-Chinatown (78),NA,NA,0,1,Shooting,NA
GO-20051023674,4/24/2005 4:00:00 AM,Henry Farm (53),NA,NA,0,1,Shooting,NA
GO-2005739652,4/24/2005 4:00:00 AM,Humber Summit (21),NA,NA,1,0,Shooting,NA
GO-2005734608,4/26/2005 4:00:00 AM,Regent Park (72),NA,NA,0,0,Firearm Discharge,NA
GO-2005772597,4/28/2005 4:00:00 AM,Glenfield-Jane Heights (25),NA,NA,0,1,Shooting,NA
GO-20051056629,5/2/2005 4:00:00 AM,Lansing-Westgate (38),NA,NA,0,1,Shooting,NA
GO-20051017468,5/2/2005 4:00:00 AM,Glenfield-Jane Heights (25),NA,NA,0,0,Firearm Discharge,NA
GO-2005791408,5/4/2005 4:00:00 AM,NSA,NA,NA,0,1,Shooting,NA
GO-2005868853,5/5/2005 4:00:00 AM,Eringate-Centennial-West Deane (11),NA,NA,0,1,Shooting,NA
GO-2005761194,5/5/2005 4:00:00 AM,Weston (113),NA,NA,0,2,Shooting,NA
GO-2005739574,5/5/2005 4:00:00 AM,Junction-Wallace Emerson (171),NA,NA,1,1,Shooting,NA
GO-2005736703,5/6/2005 4:00:00 AM,Willowridge-Martingrove-Richview (7),NA,NA,0,1,Shooting,NA
GO-2005805940,5/7/2005 4:00:00 AM,Glenfield-Jane Heights (25),NA,NA,0,1,Shooting,NA
GO-2005770056,5/7/2005 4:00:00 AM,Blake-Jones (69),NA,NA,0,0,Firearm Discharge,NA
GO-2005800470,5/7/2005 4:00:00 AM,East Willowdale (152),NA,NA,0,1,Shooting,NA
GO-2005997256,5/8/2005 4:00:00 AM,East L'Amoreaux (148),NA,NA,0,0,Firearm Discharge,NA
GO-2005756176,5/8/2005 4:00:00 AM,Danforth (66),NA,NA,1,0,Shooting,NA
GO-20051001532,5/14/2005 4:00:00 AM,Church-Wellesley (167),NA,NA,1,0,Shooting,NA
GO-2005863844,5/15/2005 4:00:00 AM,Agincourt South-Malvern West (128),NA,NA,1,0,Shooting,NA
GO-2005975202,5/17/2005 4:00:00 AM,Oakdale-Beverley Heights (154),NA,NA,0,0,Firearm Discharge,NA
GO-20051084815,5/18/2005 4:00:00 AM,Oakdale-Beverley Heights (154),NA,NA,0,1,Shooting,NA
GO-2005988453,5/18/2005 4:00:00 AM,West Hill (136),NA,NA,1,0,Shooting,NA
GO-20051017486,5/19/2005 4:00:00 AM,NSA,NA,NA,0,1,Shooting,NA
GO-2005963484,5/20/2005 4:00:00 AM,Golfdale-Cedarbrae-Woburn (141),NA,NA,0,0,Firearm Discharge,NA
GO-20051054082,5/22/2005 4:00:00 AM,Glenfield-Jane Heights (25),NA,NA,0,1,Shooting,NA
GO-20051094038,5/23/2005 4:00:00 AM,Mount Dennis (115),NA,NA,0,0,Firearm Discharge,NA
GO-20051050162,5/23/2005 4:00:00 AM,York University Heights (27),NA,NA,0,1,Shooting,NA
GO-2005780476,5/25/2005 4:00:00 AM,NSA,NA,NA,0,1,Shooting,NA
GO-2005970809,5/25/2005 4:00:00 AM,York University Heights (27),NA,NA,0,0,Firearm Discharge,NA
GO-2005746522,5/27/2005 4:00:00 AM,Yorkdale-Glen Park (31),NA,NA,0,1,Shooting,NA
GO-20051001211,5/28/2005 4:00:00 AM,Humbermede (22),NA,NA,0,0,Firearm Discharge,NA
GO-2005985784,6/1/2005 4:00:00 AM,West Humber-Clairville (1),NA,NA,0,2,Shooting,NA
GO-2005795107,6/1/2005 4:00:00 AM,Yorkdale-Glen Park (31),NA,NA,0,2,Shooting,NA
GO-2005974161,6/5/2005 4:00:00 AM,Black Creek (24),NA,NA,0,0,Firearm Discharge,NA
GO-20051040265,6/7/2005 4:00:00 AM,Mount Olive-Silverstone-Jamestown (2),NA,NA,0,0,Firearm Discharge,NA
GO-20051094669,6/8/2005 4:00:00 AM,Milliken (130),NA,NA,0,1,Shooting,NA
GO-20051057010,6/8/2005 4:00:00 AM,Humber Summit (21),NA,NA,0,0,Firearm Discharge,NA
GO-2005761112,6/11/2005 4:00:00 AM,Glenfield-Jane Heights (25),NA,NA,0,2,Shooting,NA
GO-2005958231,6/11/2005 4:00:00 AM,West Humber-Clairville (1),NA,NA,0,1,Shooting,NA
GO-2005941352,6/12/2005 4:00:00 AM,Kingsview Village-The Westway (6),NA,NA,0,3,Shooting,NA
GO-2005760646,6/12/2005 4:00:00 AM,East End-Danforth (62),NA,NA,1,0,Shooting,NA
GO-20051028610,6/12/2005 4:00:00 AM,Rustic (28),NA,NA,0,1,Shooting,NA
GO-20051050591,6/14/2005 4:00:00 AM,Humbermede (22),NA,NA,0,0,Firearm Discharge,NA
GO-20051094687,6/14/2005 4:00:00 AM,East L'Amoreaux (148),NA,NA,0,1,Shooting,NA
GO-2005794639,6/15/2005 4:00:00 AM,Danforth (66),NA,NA,0,1,Shooting,NA
GO-20051079989,6/16/2005 4:00:00 AM,Wellington Place (164),NA,NA,0,1,Shooting,NA
GO-20051226905,6/16/2005 4:00:00 AM,Mount Olive-Silverstone-Jamestown (2),NA,NA,0,0,Firearm Discharge,NA
GO-20051036999,6/17/2005 4:00:00 AM,NSA,NA,NA,0,1,Shooting,NA
GO-2005774096,6/17/2005 4:00:00 AM,Dorset Park (126),NA,NA,0,0,Firearm Discharge,NA
GO-20051042368,6/18/2005 4:00:00 AM,Junction-Wallace Emerson (171),NA,NA,0,1,Shooting,NA
GO-2005952369,6/18/2005 4:00:00 AM,Black Creek (24),NA,NA,0,1,Shooting,NA
GO-2005744588,6/18/2005 4:00:00 AM,Stonegate-Queensway (16),NA,NA,0,1,Shooting,NA
GO-20051072297,6/19/2005 4:00:00 AM,Downtown Yonge East (168),NA,NA,0,1,Shooting,NA
GO-2005955520,6/22/2005 4:00:00 AM,Tam O'Shanter-Sullivan (118),NA,NA,0,1,Shooting,NA
GO-20051000509,6/24/2005 4:00:00 AM,Black Creek (24),NA,NA,1,0,Shooting,NA
GO-20051083309,6/24/2005 4:00:00 AM,Markland Wood (12),NA,NA,0,0,Firearm Discharge,NA
GO-20051059938,6/25/2005 4:00:00 AM,Keelesdale-Eglinton West (110),NA,NA,0,1,Shooting,NA
GO-2005815617,6/26/2005 4:00:00 AM,Junction-Wallace Emerson (171),NA,NA,0,0,Firearm Discharge,NA
GO-20051038563,6/26/2005 4:00:00 AM,East L'Amoreaux (148),NA,NA,0,1,Shooting,NA
GO-2005740332,6/27/2005 4:00:00 AM,NSA,NA,NA,0,0,Firearm Discharge,NA
GO-20051055377,6/28/2005 4:00:00 AM,Rustic (28),NA,NA,0,1,Shooting,NA
GO-20051086009,6/29/2005 4:00:00 AM,Dovercourt Village (172),NA,NA,1,0,Shooting,NA
GO-2005847703,7/2/2005 4:00:00 AM,Mount Olive-Silverstone-Jamestown (2),NA,NA,0,1,Shooting,NA
GO-2005743846,7/4/2005 4:00:00 AM,Black Creek (24),NA,NA,0,1,Shooting,NA
GO-2005858628,7/5/2005 4:00:00 AM,Regent Park (72),NA,NA,0,0,Firearm Discharge,NA
GO-20051024235,7/6/2005 4:00:00 AM,Downtown Yonge East (168),NA,NA,0,1,Shooting,NA
GO-2005884293,7/6/2005 4:00:00 AM,Humbermede (22),NA,NA,1,0,Shooting,NA
GO-2005974984,7/7/2005 4:00:00 AM,West Humber-Clairville (1),NA,NA,0,1,Shooting,NA
GO-20051034499,7/7/2005 4:00:00 AM,Clairlea-Birchmount (120),NA,NA,0,0,Firearm Discharge,NA
GO-20051051617,7/8/2005 4:00:00 AM,Glenfield-Jane Heights (25),NA,NA,0,1,Shooting,NA
GO-20051141661,7/8/2005 4:00:00 AM,Yonge-Bay Corridor (170),NA,NA,0,0,Firearm Discharge,NA
GO-2005813080,7/11/2005 4:00:00 AM,Weston-Pelham Park (91),NA,NA,0,1,Shooting,NA
GO-20051110621,7/12/2005 4:00:00 AM,L'Amoreaux West (147),NA,NA,0,1,Shooting,NA
GO-20051154125,7/12/2005 4:00:00 AM,Tam O'Shanter-Sullivan (118),NA,NA,0,0,Firearm Discharge,NA
GO-2005840492,7/14/2005 4:00:00 AM,Flemingdon Park (44),NA,NA,0,0,Firearm Discharge,NA
GO-2005985803,7/14/2005 4:00:00 AM,Mount Olive-Silverstone-Jamestown (2),NA,NA,0,1,Shooting,NA
GO-20051231037,7/15/2005 4:00:00 AM,Oakdale-Beverley Heights (154),NA,NA,0,0,Firearm Discharge,NA
GO-20051135577,7/15/2005 4:00:00 AM,Eglinton East (138),NA,NA,0,1,Shooting,NA
GO-20051119487,7/18/2005 4:00:00 AM,Caledonia-Fairbank (109),NA,NA,0,0,Firearm Discharge,NA
GO-20051000234,7/19/2005 4:00:00 AM,Glenfield-Jane Heights (25),NA,NA,0,1,Shooting,NA
GO-20051059962,7/19/2005 4:00:00 AM,Rockcliffe-Smythe (111),NA,NA,1,1,Shooting,NA
GO-20051085328,7/24/2005 4:00:00 AM,Englemount-Lawrence (32),NA,NA,0,1,Shooting,NA
GO-20051092479,7/25/2005 4:00:00 AM,East L'Amoreaux (148),NA,NA,0,1,Shooting,NA
GO-2005791447,7/25/2005 4:00:00 AM,Downtown Yonge East (168),NA,NA,0,1,Shooting,NA
GO-20051070044,7/25/2005 4:00:00 AM,New Toronto (18),NA,NA,0,1,Shooting,NA
GO-2005812215,7/25/2005 4:00:00 AM,Humbermede (22),NA,NA,0,2,Shooting,NA
GO-20051134984,7/25/2005 4:00:00 AM,NSA,NA,NA,0,1,Shooting,NA
GO-2005847166,7/26/2005 4:00:00 AM,Malvern East (146),NA,NA,0,0,Firearm Discharge,NA
GO-20051150832,7/27/2005 4:00:00 AM,Oakridge (121),NA,NA,0,0,Firearm Discharge,NA
GO-20051172430,7/27/2005 4:00:00 AM,Pelmo Park-Humberlea (23),NA,NA,0,0,Firearm Discharge,NA
GO-20051033500,7/28/2005 4:00:00 AM,Tam O'Shanter-Sullivan (118),NA,NA,0,1,Shooting,NA
GO-20051033503,7/30/2005 4:00:00 AM,East L'Amoreaux (148),NA,NA,1,0,Shooting,NA
GO-20051135001,7/30/2005 4:00:00 AM,Englemount-Lawrence (32),NA,NA,1,0,Shooting,NA
GO-20051167602,7/30/2005 4:00:00 AM,Glenfield-Jane Heights (25),NA,NA,0,1,Shooting,NA
GO-20051148137,7/31/2005 4:00:00 AM,Downtown Yonge East (168),NA,NA,1,0,Shooting,NA
GO-2005812216,8/2/2005 4:00:00 AM,Glenfield-Jane Heights (25),NA,NA,0,0,Firearm Discharge,NA
GO-20051180813,8/3/2005 4:00:00 AM,Black Creek (24),NA,NA,0,4,Shooting,NA
GO-20051096487,8/3/2005 4:00:00 AM,Glenfield-Jane Heights (25),NA,NA,0,0,Firearm Discharge,NA
GO-20051041793,8/3/2005 4:00:00 AM,Mount Olive-Silverstone-Jamestown (2),NA,NA,1,1,Shooting,NA
GO-20051102449,8/5/2005 4:00:00 AM,L'Amoreaux West (147),NA,NA,1,0,Shooting,NA
GO-2005962362,8/6/2005 4:00:00 AM,Bendale South (157),NA,NA,0,0,Firearm Discharge,NA
GO-2005776261,8/7/2005 4:00:00 AM,Scarborough Village (139),NA,NA,0,2,Shooting,NA
GO-20051068304,8/8/2005 4:00:00 AM,Rosedale-Moore Park (98),NA,NA,2,1,Shooting,NA
GO-20051064930,8/11/2005 4:00:00 AM,North St.James Town (74),NA,NA,0,1,Shooting,NA
GO-20051185571,8/12/2005 4:00:00 AM,Glenfield-Jane Heights (25),NA,NA,0,0,Firearm Discharge,NA
GO-20051079673,8/13/2005 4:00:00 AM,Malvern East (146),NA,NA,0,2,Shooting,NA
GO-2005985817,8/13/2005 4:00:00 AM,Humber Heights-Westmount (8),NA,NA,1,0,Shooting,NA
GO-20051059987,8/14/2005 4:00:00 AM,Brookhaven-Amesbury (30),NA,NA,0,0,Firearm Discharge,NA
GO-2005736154,8/14/2005 4:00:00 AM,West Hill (136),NA,NA,0,1,Shooting,NA
GO-20051166826,8/15/2005 4:00:00 AM,Rockcliffe-Smythe (111),NA,NA,0,1,Shooting,NA
GO-20051156816,8/15/2005 4:00:00 AM,Cabbagetown-South St.James Town (71),NA,NA,1,0,Shooting,NA
GO-20051072514,8/16/2005 4:00:00 AM,Flemingdon Park (44),NA,NA,1,0,Shooting,NA
GO-20051166679,8/17/2005 4:00:00 AM,New Toronto (18),NA,NA,0,0,Firearm Discharge,NA
GO-20051196223,8/20/2005 4:00:00 AM,Rustic (28),NA,NA,0,0,Firearm Discharge,NA
GO-20051098230,8/20/2005 4:00:00 AM,Wellington Place (164),NA,NA,0,1,Shooting,NA
GO-20051117819,8/21/2005 4:00:00 AM,Glenfield-Jane Heights (25),NA,NA,0,1,Shooting,NA
GO-20051189864,8/25/2005 4:00:00 AM,Scarborough Village (139),NA,NA,1,0,Shooting,NA
GO-20051008718,8/26/2005 4:00:00 AM,O'Connor-Parkview (54),NA,NA,0,1,Shooting,NA
GO-2005776264,8/26/2005 4:00:00 AM,L'Amoreaux West (147),NA,NA,0,1,Shooting,NA
GO-20051172399,8/28/2005 4:00:00 AM,Kensington-Chinatown (78),NA,NA,0,0,Firearm Discharge,NA
GO-20051108904,8/29/2005 4:00:00 AM,Taylor-Massey (61),NA,NA,0,1,Shooting,NA
GO-2005739592,8/29/2005 4:00:00 AM,Kensington-Chinatown (78),NA,NA,0,1,Shooting,NA
GO-2005761120,8/30/2005 4:00:00 AM,Glenfield-Jane Heights (25),NA,NA,1,0,Shooting,NA
GO-2005795636,8/30/2005 4:00:00 AM,Junction-Wallace Emerson (171),NA,NA,0,1,Shooting,NA
GO-2005940171,8/30/2005 4:00:00 AM,Brookhaven-Amesbury (30),NA,NA,0,1,Shooting,NA
GO-2005739593,8/31/2005 4:00:00 AM,West Queen West (162),NA,NA,0,1,Shooting,NA
GO-2005823741,9/5/2005 4:00:00 AM,West Humber-Clairville (1),NA,NA,0,0,Firearm Discharge,NA
GO-20051101797,9/8/2005 4:00:00 AM,Yonge-Bay Corridor (170),NA,NA,1,0,Shooting,NA
GO-20051194486,9/9/2005 4:00:00 AM,NSA,NA,NA,0,1,Shooting,NA
GO-20051186522,9/9/2005 4:00:00 AM,Oakdale-Beverley Heights (154),NA,NA,0,1,Shooting,NA
GO-2005783530,9/9/2005 4:00:00 AM,New Toronto (18),NA,NA,0,1,Shooting,NA
GO-2005739598,9/9/2005 4:00:00 AM,Fort York-Liberty Village (163),NA,NA,1,0,Shooting,NA
GO-20051096519,9/10/2005 4:00:00 AM,Black Creek (24),NA,NA,1,0,Shooting,NA
GO-2005755933,9/12/2005 4:00:00 AM,Little Portugal (84),NA,NA,0,1,Shooting,NA
GO-20051203047,9/13/2005 4:00:00 AM,Glenfield-Jane Heights (25),NA,NA,1,0,Shooting,NA
GO-20051166412,9/14/2005 4:00:00 AM,Maple Leaf (29),NA,NA,0,1,Shooting,NA
GO-20051156513,9/16/2005 4:00:00 AM,Elms-Old Rexdale (5),NA,NA,3,0,Shooting,NA
GO-20051095265,9/16/2005 4:00:00 AM,Cliffcrest (123),NA,NA,0,1,Shooting,NA
GO-20051139553,9/16/2005 4:00:00 AM,South Parkdale (85),NA,NA,1,0,Shooting,NA
GO-20051217216,9/18/2005 4:00:00 AM,Yonge-Bay Corridor (170),NA,NA,0,0,Firearm Discharge,NA
GO-2005805999,9/21/2005 4:00:00 AM,Glenfield-Jane Heights (25),NA,NA,0,0,Firearm Discharge,NA
GO-20051234246,9/23/2005 4:00:00 AM,Malvern West (145),NA,NA,0,2,Shooting,NA
GO-2005744320,9/26/2005 4:00:00 AM,Keelesdale-Eglinton West (110),NA,NA,0,0,Firearm Discharge,NA
GO-20051223946,9/27/2005 4:00:00 AM,Black Creek (24),NA,NA,0,0,Firearm Discharge,NA
GO-20051132167,9/27/2005 4:00:00 AM,Woburn North (142),NA,NA,0,0,Firearm Discharge,NA
GO-20051168188,10/2/2005 4:00:00 AM,Malvern East (146),NA,NA,0,0,Firearm Discharge,NA
GO-20051266664,10/5/2005 4:00:00 AM,Humbermede (22),NA,NA,0,1,Shooting,NA
GO-20051245771,10/7/2005 4:00:00 AM,NSA,NA,NA,0,1,Shooting,NA
GO-20051263131,10/7/2005 4:00:00 AM,Golfdale-Cedarbrae-Woburn (141),NA,NA,0,1,Shooting,NA
GO-2005795645,10/9/2005 4:00:00 AM,Trinity-Bellwoods (81),NA,NA,0,1,Shooting,NA
GO-20051290605,10/14/2005 4:00:00 AM,O'Connor-Parkview (54),NA,NA,0,2,Shooting,NA
GO-20051259947,10/15/2005 4:00:00 AM,Morningside Heights (144),NA,NA,0,1,Shooting,NA
GO-20051297374,10/15/2005 4:00:00 AM,Pelmo Park-Humberlea (23),NA,NA,0,0,Firearm Discharge,NA
GO-20051259958,10/22/2005 4:00:00 AM,Malvern East (146),NA,NA,0,0,Firearm Discharge,NA
GO-20051325246,10/22/2005 4:00:00 AM,Mount Olive-Silverstone-Jamestown (2),NA,NA,1,0,Shooting,NA
GO-20051265274,10/23/2005 4:00:00 AM,Mount Olive-Silverstone-Jamestown (2),NA,NA,2,0,Shooting,NA
GO-20051297377,10/24/2005 4:00:00 AM,Glenfield-Jane Heights (25),NA,NA,0,1,Shooting,NA
GO-20051170440,10/24/2005 4:00:00 AM,Wellington Place (164),NA,NA,0,2,Shooting,NA
GO-20051261119,10/24/2005 4:00:00 AM,L'Amoreaux West (147),NA,NA,0,1,Shooting,NA
GO-20051293131,10/25/2005 4:00:00 AM,Flemingdon Park (44),NA,NA,0,1,Shooting,NA
GO-20051354230,10/29/2005 4:00:00 AM,Wellington Place (164),NA,NA,0,1,Shooting,NA
GO-20051372613,10/31/2005 5:00:00 AM,Don Valley Village (47),NA,NA,0,1,Shooting,NA
GO-20051317338,11/1/2005 5:00:00 AM,L'Amoreaux West (147),NA,NA,1,0,Shooting,NA
GO-20051172520,11/1/2005 5:00:00 AM,Humber Summit (21),NA,NA,0,0,Firearm Discharge,NA
GO-20051242536,11/2/2005 5:00:00 AM,Don Valley Village (47),NA,NA,0,1,Shooting,NA
GO-20051297290,11/5/2005 5:00:00 AM,Flemingdon Park (44),NA,NA,0,1,Shooting,NA
GO-20051299785,11/8/2005 5:00:00 AM,West Hill (136),NA,NA,0,1,Shooting,NA
GO-20051268235,11/8/2005 5:00:00 AM,West Hill (136),NA,NA,0,1,Shooting,NA
GO-20051345445,11/9/2005 5:00:00 AM,Briar Hill-Belgravia (108),NA,NA,1,0,Shooting,NA
GO-20051271765,11/9/2005 5:00:00 AM,Clairlea-Birchmount (120),NA,NA,0,1,Shooting,NA
GO-20051322417,11/14/2005 5:00:00 AM,Humbermede (22),NA,NA,1,2,Shooting,NA
GO-20051241153,11/14/2005 5:00:00 AM,Black Creek (24),NA,NA,0,1,Shooting,NA
GO-20051258191,11/18/2005 5:00:00 AM,Mount Olive-Silverstone-Jamestown (2),NA,NA,1,0,Shooting,NA
GO-20051260443,11/18/2005 5:00:00 AM,West Humber-Clairville (1),NA,NA,0,0,Firearm Discharge,NA
GO-20051339285,11/18/2005 5:00:00 AM,Greenwood-Coxwell (65),NA,NA,0,0,Firearm Discharge,NA
GO-20051203108,11/19/2005 5:00:00 AM,Glenfield-Jane Heights (25),NA,NA,0,1,Shooting,NA
GO-20051366538,11/20/2005 5:00:00 AM,Scarborough Village (139),NA,NA,0,0,Firearm Discharge,NA
GO-20051356100,11/22/2005 5:00:00 AM,Fenside-Parkwoods (150),NA,NA,0,1,Shooting,NA
GO-20051421294,11/23/2005 5:00:00 AM,Etobicoke City Centre (159),NA,NA,0,1,Shooting,NA
GO-20051335349,11/23/2005 5:00:00 AM,Moss Park (73),NA,NA,0,1,Shooting,NA
GO-20051438767,11/27/2005 5:00:00 AM,West Humber-Clairville (1),NA,NA,0,1,Shooting,NA
GO-20051428567,11/29/2005 5:00:00 AM,Junction-Wallace Emerson (171),NA,NA,1,0,Shooting,NA
GO-20051440086,12/1/2005 5:00:00 AM,NSA,NA,NA,1,0,Shooting,NA
GO-20051453225,12/4/2005 5:00:00 AM,Yonge-Bay Corridor (170),NA,NA,0,1,Shooting,NA
GO-20051514521,12/11/2005 5:00:00 AM,Black Creek (24),NA,NA,0,1,Shooting,NA
GO-20051268625,12/16/2005 5:00:00 AM,Rockcliffe-Smythe (111),NA,NA,0,1,Shooting,NA
GO-20051532878,12/17/2005 5:00:00 AM,Yonge-Bay Corridor (170),NA,NA,0,1,Shooting,NA
GO-20051402217,12/17/2005 5:00:00 AM,Corso Italia-Davenport (92),NA,NA,0,1,Shooting,NA
GO-20051414850,12/22/2005 5:00:00 AM,Oakdale-Beverley Heights (154),NA,NA,0,1,Shooting,NA
GO-20051460790,12/22/2005 5:00:00 AM,West Hill (136),NA,NA,0,1,Shooting,NA
GO-20051443414,12/23/2005 5:00:00 AM,Glenfield-Jane Heights (25),NA,NA,1,0,Shooting,NA
GO-20051238536,12/25/2005 5:00:00 AM,Eglinton East (138),NA,NA,0,0,Firearm Discharge,NA
GO-20051437673,12/26/2005 5:00:00 AM,Wexford/Maryvale (119),NA,NA,0,1,Shooting,NA
GO-20051229258,12/26/2005 5:00:00 AM,Yonge-Bay Corridor (170),NA,NA,1,6,Shooting,NA
GO-20051555800,12/26/2005 5:00:00 AM,Wellington Place (164),NA,NA,0,0,Firearm Discharge,NA
GO-20051492210,12/27/2005 5:00:00 AM,Eglinton East (138),NA,NA,0,1,Shooting,NA
GO-20051442304,12/28/2005 5:00:00 AM,Malvern East (146),NA,NA,0,0,Firearm Discharge,NA
GO-20061491289,1/1/2006 5:00:00 AM,Mount Dennis (115),NA,NA,0,0,Firearm Discharge,NA
GO-20061426456,1/1/2006 5:00:00 AM,Briar Hill-Belgravia (108),NA,NA,1,0,Shooting,NA
GO-20061540890,1/5/2006 5:00:00 AM,East L'Amoreaux (148),NA,NA,0,1,Shooting,NA
GO-20061288462,1/9/2006 5:00:00 AM,Oakdale-Beverley Heights (154),NA,NA,0,1,Shooting,NA
GO-20061241208,1/9/2006 5:00:00 AM,Humbermede (22),NA,NA,0,1,Shooting,NA
GO-20061617290,1/13/2006 5:00:00 AM,Scarborough Village (139),NA,NA,0,1,Shooting,NA
GO-20061556880,1/13/2006 5:00:00 AM,Birchcliffe-Cliffside (122),NA,NA,0,0,Firearm Discharge,NA
GO-20061565095,1/14/2006 5:00:00 AM,Regent Park (72),NA,NA,0,0,Firearm Discharge,NA
GO-20061301570,1/14/2006 5:00:00 AM,North Toronto (173),NA,NA,0,1,Shooting,NA
GO-20061442230,1/17/2006 5:00:00 AM,Rexdale-Kipling (4),NA,NA,0,1,Shooting,NA
GO-20061286647,1/20/2006 5:00:00 AM,Fenside-Parkwoods (150),NA,NA,0,1,Shooting,NA
GO-20061589467,1/21/2006 5:00:00 AM,Woburn North (142),NA,NA,0,1,Shooting,NA
GO-20061538912,1/23/2006 5:00:00 AM,Moss Park (73),NA,NA,0,1,Shooting,NA
GO-20061457262,1/26/2006 5:00:00 AM,Clairlea-Birchmount (120),NA,NA,0,1,Shooting,NA
GO-20061460802,1/27/2006 5:00:00 AM,Black Creek (24),NA,NA,0,1,Shooting,NA
GO-20061560574,1/28/2006 5:00:00 AM,Corso Italia-Davenport (92),NA,NA,0,1,Shooting,NA
GO-20061492410,1/30/2006 5:00:00 AM,Malvern East (146),NA,NA,0,0,Firearm Discharge,NA
GO-20061540967,2/1/2006 5:00:00 AM,Clairlea-Birchmount (120),NA,NA,0,1,Shooting,NA
GO-20061426470,2/2/2006 5:00:00 AM,Oakwood Village (107),NA,NA,0,3,Shooting,NA
GO-20061518676,2/2/2006 5:00:00 AM,Black Creek (24),NA,NA,0,0,Firearm Discharge,NA
GO-20061623908,2/6/2006 5:00:00 AM,Malvern East (146),NA,NA,0,0,Firearm Discharge,NA
GO-20061615548,2/6/2006 5:00:00 AM,Malvern East (146),NA,NA,0,0,Firearm Discharge,NA
GO-20061361475,2/6/2006 5:00:00 AM,Glenfield-Jane Heights (25),NA,NA,1,1,Shooting,NA
GO-20061345276,2/7/2006 5:00:00 AM,Dufferin Grove (83),NA,NA,0,0,Firearm Discharge,NA
GO-20061589495,2/7/2006 5:00:00 AM,Golfdale-Cedarbrae-Woburn (141),NA,NA,0,1,Shooting,NA
GO-20061560776,2/7/2006 5:00:00 AM,Dufferin Grove (83),NA,NA,0,1,Shooting,NA
GO-20061479032,2/9/2006 5:00:00 AM,Malvern East (146),NA,NA,0,0,Firearm Discharge,NA
GO-20061605836,2/10/2006 5:00:00 AM,Regent Park (72),NA,NA,0,0,Firearm Discharge,NA
GO-20061475840,2/11/2006 5:00:00 AM,Regent Park (72),NA,NA,0,1,Shooting,NA
GO-20061600578,2/11/2006 5:00:00 AM,Regent Park (72),NA,NA,0,0,Firearm Discharge,NA
GO-20061498576,2/16/2006 5:00:00 AM,NSA,NA,NA,0,1,Shooting,NA
GO-20061590950,2/24/2006 5:00:00 AM,East End-Danforth (62),NA,NA,0,1,Shooting,NA
GO-20061465428,2/25/2006 5:00:00 AM,Palmerston-Little Italy (80),NA,NA,0,1,Shooting,NA
GO-20061558918,3/1/2006 5:00:00 AM,Glenfield-Jane Heights (25),NA,NA,0,1,Shooting,NA
GO-20061289155,3/5/2006 5:00:00 AM,Long Branch (19),NA,NA,0,2,Shooting,NA
GO-20061460806,3/6/2006 5:00:00 AM,Glenfield-Jane Heights (25),NA,NA,0,2,Shooting,NA
GO-20061436454,3/8/2006 5:00:00 AM,L'Amoreaux West (147),NA,NA,0,1,Shooting,NA
GO-20061557834,3/8/2006 5:00:00 AM,Yorkdale-Glen Park (31),NA,NA,0,0,Firearm Discharge,NA
GO-20061581722,3/10/2006 5:00:00 AM,Glenfield-Jane Heights (25),NA,NA,0,1,Shooting,NA
GO-20061640987,3/12/2006 5:00:00 AM,Humbermede (22),NA,NA,1,0,Shooting,NA
GO-20061591256,3/14/2006 5:00:00 AM,Scarborough Village (139),NA,NA,1,0,Shooting,NA
GO-20061566461,3/17/2006 5:00:00 AM,Ionview (125),NA,NA,0,1,Shooting,NA
GO-20061503827,3/18/2006 5:00:00 AM,Glenfield-Jane Heights (25),NA,NA,0,1,Shooting,NA
GO-20061581735,3/19/2006 5:00:00 AM,Maple Leaf (29),NA,NA,0,1,Shooting,NA
GO-20061506856,3/19/2006 5:00:00 AM,Malvern East (146),NA,NA,0,1,Shooting,NA
GO-20061482108,3/19/2006 5:00:00 AM,Malvern East (146),NA,NA,0,0,Firearm Discharge,NA
GO-20061479234,3/20/2006 5:00:00 AM,North St.James Town (74),NA,NA,1,0,Shooting,NA
GO-20061674500,3/26/2006 5:00:00 AM,Kensington-Chinatown (78),NA,NA,0,1,Shooting,NA
GO-20061648367,3/26/2006 5:00:00 AM,Corso Italia-Davenport (92),NA,NA,0,1,Shooting,NA
GO-20061555924,3/26/2006 5:00:00 AM,Yonge-Bay Corridor (170),NA,NA,0,1,Shooting,NA
GO-20061230753,3/27/2006 5:00:00 AM,Flemingdon Park (44),NA,NA,0,1,Shooting,NA
GO-20061570672,3/27/2006 5:00:00 AM,Mount Dennis (115),NA,NA,1,2,Shooting,NA
GO-20061671071,3/27/2006 5:00:00 AM,Glenfield-Jane Heights (25),NA,NA,1,0,Shooting,NA
GO-20061567854,4/1/2006 5:00:00 AM,West Humber-Clairville (1),NA,NA,0,1,Shooting,NA
GO-20061464384,4/5/2006 4:00:00 AM,Bendale-Glen Andrew (156),NA,NA,0,0,Firearm Discharge,NA
GO-20061597263,4/6/2006 4:00:00 AM,Morningside (135),NA,NA,0,1,Shooting,NA
GO-20061674726,4/12/2006 4:00:00 AM,West Humber-Clairville (1),NA,NA,0,1,Shooting,NA
GO-20061545335,4/13/2006 4:00:00 AM,Clairlea-Birchmount (120),NA,NA,0,4,Shooting,NA
GO-20061585311,4/14/2006 4:00:00 AM,Malvern West (145),NA,NA,0,1,Shooting,NA
GO-20061567864,4/15/2006 4:00:00 AM,NSA,NA,NA,0,1,Shooting,NA
GO-20061464651,4/16/2006 4:00:00 AM,Humbermede (22),NA,NA,0,2,Shooting,NA
GO-20061608281,4/20/2006 4:00:00 AM,Malvern East (146),NA,NA,0,1,Shooting,NA
GO-20061654964,4/25/2006 4:00:00 AM,L'Amoreaux West (147),NA,NA,0,1,Shooting,NA
GO-20061656460,4/26/2006 4:00:00 AM,Parkwoods-O'Connor Hills (149),NA,NA,0,1,Shooting,NA
GO-20061536067,4/27/2006 4:00:00 AM,Milliken (130),NA,NA,0,0,Firearm Discharge,NA
GO-20061537207,4/28/2006 4:00:00 AM,Malvern West (145),NA,NA,0,0,Firearm Discharge,NA
GO-20061462430,4/28/2006 4:00:00 AM,L'Amoreaux West (147),NA,NA,0,1,Shooting,NA
GO-20061473434,4/29/2006 4:00:00 AM,Flemingdon Park (44),NA,NA,1,0,Shooting,NA
GO-20061719753,4/30/2006 4:00:00 AM,Glenfield-Jane Heights (25),NA,NA,0,0,Firearm Discharge,NA
GO-20061438819,4/30/2006 4:00:00 AM,Black Creek (24),NA,NA,0,1,Shooting,NA
GO-20061438820,5/3/2006 4:00:00 AM,West Humber-Clairville (1),NA,NA,0,1,Shooting,NA
GO-20061622418,5/4/2006 4:00:00 AM,Mount Olive-Silverstone-Jamestown (2),NA,NA,0,1,Shooting,NA
GO-20061512556,5/4/2006 4:00:00 AM,Cliffcrest (123),NA,NA,0,1,Shooting,NA
GO-20061736755,5/5/2006 4:00:00 AM,Kingsview Village-The Westway (6),NA,NA,0,0,Firearm Discharge,NA
GO-20061704920,5/7/2006 4:00:00 AM,Oakdale-Beverley Heights (154),NA,NA,0,1,Shooting,NA
GO-20061265435,5/10/2006 4:00:00 AM,Junction-Wallace Emerson (171),NA,NA,0,1,Shooting,NA
GO-20061631778,5/12/2006 4:00:00 AM,Roncesvalles (86),NA,NA,0,1,Shooting,NA
GO-20061614172,5/12/2006 4:00:00 AM,NSA,NA,NA,0,1,Shooting,NA
GO-20061544878,5/13/2006 4:00:00 AM,Dorset Park (126),NA,NA,0,2,Shooting,NA
GO-20061473246,5/13/2006 4:00:00 AM,O'Connor-Parkview (54),NA,NA,0,1,Shooting,NA
GO-20061622437,5/15/2006 4:00:00 AM,Kingsview Village-The Westway (6),NA,NA,0,0,Firearm Discharge,NA
GO-20061705027,5/16/2006 4:00:00 AM,Rustic (28),NA,NA,0,0,Firearm Discharge,NA
GO-20061276301,5/18/2006 4:00:00 AM,Briar Hill-Belgravia (108),NA,NA,0,0,Firearm Discharge,NA
GO-20061671392,5/19/2006 4:00:00 AM,Agincourt South-Malvern West (128),NA,NA,0,1,Shooting,NA
GO-20061701311,5/20/2006 4:00:00 AM,Rockcliffe-Smythe (111),NA,NA,0,1,Shooting,NA
GO-20061689319,5/22/2006 4:00:00 AM,NSA,NA,NA,0,1,Shooting,NA
GO-20061655001,5/23/2006 4:00:00 AM,East L'Amoreaux (148),NA,NA,0,0,Firearm Discharge,NA
GO-20061713914,5/27/2006 4:00:00 AM,Beechborough-Greenbrook (112),NA,NA,0,1,Shooting,NA
GO-20061752723,5/28/2006 4:00:00 AM,O'Connor-Parkview (54),NA,NA,0,0,Firearm Discharge,NA
GO-20061630473,5/28/2006 4:00:00 AM,Golfdale-Cedarbrae-Woburn (141),NA,NA,1,0,Shooting,NA
GO-20061664262,5/28/2006 4:00:00 AM,Oakdale-Beverley Heights (154),NA,NA,0,0,Firearm Discharge,NA
GO-20061248371,5/28/2006 4:00:00 AM,York University Heights (27),NA,NA,0,0,Firearm Discharge,NA
GO-20061613805,5/30/2006 4:00:00 AM,West Hill (136),NA,NA,0,1,Shooting,NA
GO-20061441432,6/3/2006 4:00:00 AM,Weston (113),NA,NA,1,0,Shooting,NA
GO-20061709982,6/4/2006 4:00:00 AM,Rockcliffe-Smythe (111),NA,NA,0,1,Shooting,NA
GO-20061614702,6/6/2006 4:00:00 AM,St Lawrence-East Bayfront-The Islands (166),NA,NA,1,0,Shooting,NA
GO-20061765093,6/11/2006 4:00:00 AM,Cliffcrest (123),NA,NA,0,2,Shooting,NA
GO-20061433643,6/12/2006 4:00:00 AM,Rustic (28),NA,NA,1,1,Shooting,NA
GO-20061467670,6/15/2006 4:00:00 AM,Mount Olive-Silverstone-Jamestown (2),NA,NA,0,0,Firearm Discharge,NA
GO-20061645824,6/16/2006 4:00:00 AM,West Humber-Clairville (1),NA,NA,0,0,Firearm Discharge,NA
GO-20061304222,6/17/2006 4:00:00 AM,New Toronto (18),NA,NA,0,1,Shooting,NA
GO-20061725727,6/17/2006 4:00:00 AM,NSA,NA,NA,0,1,Shooting,NA
GO-20061644539,6/18/2006 4:00:00 AM,Malvern West (145),NA,NA,0,1,Shooting,NA
GO-20061313170,6/19/2006 4:00:00 AM,Willowridge-Martingrove-Richview (7),NA,NA,0,0,Firearm Discharge,NA
GO-20061633415,6/19/2006 4:00:00 AM,Old East York (58),NA,NA,0,1,Shooting,NA
GO-20061777505,6/19/2006 4:00:00 AM,Mount Olive-Silverstone-Jamestown (2),NA,NA,0,0,Firearm Discharge,NA
GO-20061730459,6/19/2006 4:00:00 AM,Downsview (155),NA,NA,0,1,Shooting,NA
GO-20061978022,6/20/2006 4:00:00 AM,Milliken (130),NA,NA,0,0,Firearm Discharge,NA
GO-20061453824,6/20/2006 4:00:00 AM,Milliken (130),NA,NA,0,1,Shooting,NA
GO-20061776282,6/21/2006 4:00:00 AM,Keelesdale-Eglinton West (110),NA,NA,0,1,Shooting,NA
GO-20061523520,6/23/2006 4:00:00 AM,Malvern West (145),NA,NA,1,0,Shooting,NA
GO-20061662909,6/24/2006 4:00:00 AM,Downtown Yonge East (168),NA,NA,0,1,Shooting,NA
GO-20061640731,6/25/2006 4:00:00 AM,University (79),NA,NA,0,2,Shooting,NA
GO-20061538659,6/26/2006 4:00:00 AM,Moss Park (73),NA,NA,0,1,Shooting,NA
GO-20061753615,6/26/2006 4:00:00 AM,Old East York (58),NA,NA,0,1,Shooting,NA
GO-20061536022,6/28/2006 4:00:00 AM,Malvern East (146),NA,NA,0,2,Shooting,NA
GO-20061782419,6/29/2006 4:00:00 AM,Malvern East (146),NA,NA,0,1,Shooting,NA
GO-20061463015,6/29/2006 4:00:00 AM,Moss Park (73),NA,NA,0,1,Shooting,NA
GO-20061972077,6/29/2006 4:00:00 AM,Regent Park (72),NA,NA,0,0,Firearm Discharge,NA
GO-20061463143,7/2/2006 4:00:00 AM,Humbermede (22),NA,NA,1,1,Shooting,NA
GO-20061489285,7/3/2006 4:00:00 AM,St Lawrence-East Bayfront-The Islands (166),NA,NA,0,1,Shooting,NA
GO-20061436777,7/5/2006 4:00:00 AM,Alderwood (20),NA,NA,1,1,Shooting,NA
GO-20061706624,7/8/2006 4:00:00 AM,Scarborough Village (139),NA,NA,0,1,Shooting,NA
GO-20061691483,7/9/2006 4:00:00 AM,NSA,NA,NA,0,0,Firearm Discharge,NA
GO-20061760396,7/9/2006 4:00:00 AM,Oakdale-Beverley Heights (154),NA,NA,0,1,Shooting,NA
GO-20061680741,7/11/2006 4:00:00 AM,Downtown Yonge East (168),NA,NA,1,0,Shooting,NA
GO-20061482034,7/12/2006 4:00:00 AM,Mount Dennis (115),NA,NA,1,0,Shooting,NA
GO-20061789165,7/12/2006 4:00:00 AM,Morningside Heights (144),NA,NA,2,0,Shooting,NA
GO-20061436568,7/17/2006 4:00:00 AM,Wellington Place (164),NA,NA,1,2,Shooting,NA
GO-20061730222,7/20/2006 4:00:00 AM,Downsview (155),NA,NA,0,0,Firearm Discharge,NA
GO-20061614049,7/22/2006 4:00:00 AM,Golfdale-Cedarbrae-Woburn (141),NA,NA,0,1,Shooting,NA
GO-20061405804,7/24/2006 4:00:00 AM,Eglinton East (138),NA,NA,0,1,Shooting,NA
GO-20061730238,7/27/2006 4:00:00 AM,Black Creek (24),NA,NA,0,1,Shooting,NA
GO-20061758795,7/27/2006 4:00:00 AM,Hillcrest Village (48),NA,NA,0,0,Firearm Discharge,NA
GO-20061603149,7/31/2006 4:00:00 AM,Thorncliffe Park (55),NA,NA,0,1,Shooting,NA
GO-20061768144,8/1/2006 4:00:00 AM,West Hill (136),NA,NA,0,1,Shooting,NA
GO-20061734940,8/10/2006 4:00:00 AM,York University Heights (27),NA,NA,0,1,Shooting,NA
GO-20061798672,8/13/2006 4:00:00 AM,Glenfield-Jane Heights (25),NA,NA,0,0,Firearm Discharge,NA
GO-20061756328,8/14/2006 4:00:00 AM,Clairlea-Birchmount (120),NA,NA,0,1,Shooting,NA
GO-20061722617,8/20/2006 4:00:00 AM,Roncesvalles (86),NA,NA,0,0,Firearm Discharge,NA
GO-20061740852,8/23/2006 4:00:00 AM,Humber Summit (21),NA,NA,0,2,Shooting,NA
GO-20061682689,8/28/2006 4:00:00 AM,NSA,NA,NA,0,1,Shooting,NA
GO-20061817049,9/2/2006 4:00:00 AM,Wexford/Maryvale (119),NA,NA,0,0,Firearm Discharge,NA
GO-20061760748,9/3/2006 4:00:00 AM,Don Valley Village (47),NA,NA,0,1,Shooting,NA
GO-20061751588,9/4/2006 4:00:00 AM,Eglinton East (138),NA,NA,0,1,Shooting,NA
GO-20061361664,9/6/2006 4:00:00 AM,Henry Farm (53),NA,NA,0,1,Shooting,NA
GO-20061671914,9/6/2006 4:00:00 AM,Beechborough-Greenbrook (112),NA,NA,0,0,Firearm Discharge,NA
GO-20061711124,9/7/2006 4:00:00 AM,Morningside (135),NA,NA,0,1,Shooting,NA
GO-20061795299,9/8/2006 4:00:00 AM,Junction-Wallace Emerson (171),NA,NA,0,1,Shooting,NA
GO-20061671159,9/9/2006 4:00:00 AM,Humbermede (22),NA,NA,0,1,Shooting,NA
GO-20061798737,9/11/2006 4:00:00 AM,Flemingdon Park (44),NA,NA,0,1,Shooting,NA
GO-20061807162,9/11/2006 4:00:00 AM,Rockcliffe-Smythe (111),NA,NA,0,0,Firearm Discharge,NA
GO-20061442534,9/14/2006 4:00:00 AM,East L'Amoreaux (148),NA,NA,1,0,Shooting,NA
GO-20061873074,9/17/2006 4:00:00 AM,South Parkdale (85),NA,NA,1,0,Shooting,NA
GO-20061688173,9/22/2006 4:00:00 AM,Regent Park (72),NA,NA,0,1,Shooting,NA
GO-20061598789,9/22/2006 4:00:00 AM,Woburn North (142),NA,NA,0,1,Shooting,NA
GO-20061874685,9/25/2006 4:00:00 AM,York University Heights (27),NA,NA,0,1,Shooting,NA
GO-20061710058,9/25/2006 4:00:00 AM,Humber Summit (21),NA,NA,1,0,Shooting,NA
GO-20061746208,9/29/2006 4:00:00 AM,Broadview North (57),NA,NA,0,0,Firearm Discharge,NA
GO-20061893321,9/30/2006 4:00:00 AM,South Parkdale (85),NA,NA,0,1,Shooting,NA
GO-20061837351,10/1/2006 4:00:00 AM,Wexford/Maryvale (119),NA,NA,0,1,Shooting,NA
GO-20061504937,10/1/2006 4:00:00 AM,Yorkdale-Glen Park (31),NA,NA,0,0,Firearm Discharge,NA
GO-20061688455,10/4/2006 4:00:00 AM,Islington (158),NA,NA,0,2,Shooting,NA
GO-20061474546,10/6/2006 4:00:00 AM,Oakdale-Beverley Heights (154),NA,NA,0,2,Shooting,NA
GO-20061741338,10/7/2006 4:00:00 AM,North Riverdale (68),NA,NA,0,2,Shooting,NA
GO-20061851962,10/8/2006 4:00:00 AM,Oakdale-Beverley Heights (154),NA,NA,0,1,Shooting,NA
GO-20061905589,10/9/2006 4:00:00 AM,Victoria Village (43),NA,NA,1,1,Shooting,NA
GO-20061761402,10/9/2006 4:00:00 AM,Flemingdon Park (44),NA,NA,0,1,Shooting,NA
GO-20061633445,10/9/2006 4:00:00 AM,Flemingdon Park (44),NA,NA,0,1,Shooting,NA
GO-20061815540,10/11/2006 4:00:00 AM,Bendale-Glen Andrew (156),NA,NA,0,2,Shooting,NA
GO-20061472265,10/14/2006 4:00:00 AM,Oakwood Village (107),NA,NA,0,2,Shooting,NA
GO-20061782494,10/15/2006 4:00:00 AM,Humbermede (22),NA,NA,0,0,Firearm Discharge,NA
GO-20061875096,10/17/2006 4:00:00 AM,Wellington Place (164),NA,NA,0,1,Shooting,NA
GO-20061770981,10/17/2006 4:00:00 AM,South Riverdale (70),NA,NA,0,1,Shooting,NA
GO-20061250620,10/19/2006 4:00:00 AM,Regent Park (72),NA,NA,0,0,Firearm Discharge,NA
GO-20061876421,10/23/2006 4:00:00 AM,Rockcliffe-Smythe (111),NA,NA,0,0,Firearm Discharge,NA
GO-20061843644,10/24/2006 4:00:00 AM,Highland Creek (134),NA,NA,0,1,Shooting,NA
GO-20061787320,10/27/2006 4:00:00 AM,Wellington Place (164),NA,NA,1,0,Shooting,NA
GO-20061820393,10/29/2006 4:00:00 AM,Regent Park (72),NA,NA,0,2,Shooting,NA
GO-20061927249,10/29/2006 4:00:00 AM,Highland Creek (134),NA,NA,0,0,Firearm Discharge,NA
GO-20061815563,10/31/2006 5:00:00 AM,Eglinton East (138),NA,NA,0,1,Shooting,NA
GO-20061644280,11/1/2006 5:00:00 AM,Rockcliffe-Smythe (111),NA,NA,0,0,Firearm Discharge,NA
GO-20061910882,11/8/2006 5:00:00 AM,Englemount-Lawrence (32),NA,NA,0,1,Shooting,NA
GO-20061791836,11/9/2006 5:00:00 AM,Mount Olive-Silverstone-Jamestown (2),NA,NA,0,1,Shooting,NA
GO-20061939525,11/11/2006 5:00:00 AM,Wellington Place (164),NA,NA,0,4,Shooting,NA
GO-20061782519,11/12/2006 5:00:00 AM,York University Heights (27),NA,NA,0,1,Shooting,NA
GO-20061448992,11/14/2006 5:00:00 AM,Malvern West (145),NA,NA,1,0,Shooting,NA
GO-20061478649,11/14/2006 5:00:00 AM,Regent Park (72),NA,NA,0,1,Shooting,NA
GO-20061866557,11/14/2006 5:00:00 AM,Glenfield-Jane Heights (25),NA,NA,0,1,Shooting,NA
GO-20061479945,11/18/2006 5:00:00 AM,West Humber-Clairville (1),NA,NA,0,1,Shooting,NA
GO-20061867769,11/18/2006 5:00:00 AM,Corso Italia-Davenport (92),NA,NA,0,0,Firearm Discharge,NA
GO-20061489389,11/21/2006 5:00:00 AM,Downtown Yonge East (168),NA,NA,0,0,Firearm Discharge,NA
GO-20061478293,11/21/2006 5:00:00 AM,Rustic (28),NA,NA,0,0,Firearm Discharge,NA
GO-20061910911,11/22/2006 5:00:00 AM,Humber Bay Shores (161),NA,NA,0,2,Shooting,NA
GO-20061505156,11/22/2006 5:00:00 AM,Wellington Place (164),NA,NA,0,1,Shooting,NA
GO-20061863102,11/26/2006 5:00:00 AM,Malvern West (145),NA,NA,0,1,Shooting,NA
GO-20061875024,11/27/2006 5:00:00 AM,Clairlea-Birchmount (120),NA,NA,0,1,Shooting,NA
GO-20061820732,12/3/2006 5:00:00 AM,Don Valley Village (47),NA,NA,0,0,Firearm Discharge,NA
GO-20061796411,12/3/2006 5:00:00 AM,Harbourfront-CityPlace (165),NA,NA,1,0,Shooting,NA
GO-20061819420,12/4/2006 5:00:00 AM,Malvern East (146),NA,NA,0,1,Shooting,NA
GO-20061842553,12/8/2006 5:00:00 AM,Oakdale-Beverley Heights (154),NA,NA,0,1,Shooting,NA
GO-20061589728,12/9/2006 5:00:00 AM,Morningside Heights (144),NA,NA,0,1,Shooting,NA
GO-20061945284,12/15/2006 5:00:00 AM,Glenfield-Jane Heights (25),NA,NA,0,2,Shooting,NA
GO-20061482121,12/16/2006 5:00:00 AM,East L'Amoreaux (148),NA,NA,0,1,Shooting,NA
GO-20061617738,12/22/2006 5:00:00 AM,Morningside (135),NA,NA,0,0,Firearm Discharge,NA
GO-20061902668,12/23/2006 5:00:00 AM,Morningside (135),NA,NA,0,2,Shooting,NA
GO-20061961023,12/24/2006 5:00:00 AM,Wellington Place (164),NA,NA,0,2,Shooting,NA
GO-20061501929,12/24/2006 5:00:00 AM,Yonge-Bay Corridor (170),NA,NA,1,0,Shooting,NA
GO-20061490523,12/26/2006 5:00:00 AM,Rexdale-Kipling (4),NA,NA,0,1,Shooting,NA
GO-20061876931,12/26/2006 5:00:00 AM,Black Creek (24),NA,NA,0,1,Shooting,NA
GO-20061932560,12/27/2006 5:00:00 AM,Black Creek (24),NA,NA,1,0,Shooting,NA
GO-20061956337,12/27/2006 5:00:00 AM,Humber Heights-Westmount (8),NA,NA,0,1,Shooting,NA
GO-20061951585,12/27/2006 5:00:00 AM,Glenfield-Jane Heights (25),NA,NA,0,1,Shooting,NA
GO-20061441750,12/29/2006 5:00:00 AM,Kennedy Park (124),NA,NA,0,2,Shooting,NA
GO-20061923873,12/30/2006 5:00:00 AM,Downtown Yonge East (168),NA,NA,0,2,Shooting,NA
GO-20071879886,1/1/2007 5:00:00 AM,West Humber-Clairville (1),NA,NA,0,1,Shooting,NA
GO-20071875060,1/1/2007 5:00:00 AM,Malvern West (145),NA,NA,1,0,Shooting,NA
GO-20071985587,1/1/2007 5:00:00 AM,Weston (113),NA,NA,0,1,Shooting,NA
GO-20071906119,1/1/2007 5:00:00 AM,Golfdale-Cedarbrae-Woburn (141),NA,NA,0,1,Shooting,NA
GO-20071989942,1/2/2007 5:00:00 AM,St Lawrence-East Bayfront-The Islands (166),NA,NA,0,1,Shooting,NA
GO-20071984583,1/4/2007 5:00:00 AM,York University Heights (27),NA,NA,0,1,Shooting,NA
GO-20071480153,1/8/2007 5:00:00 AM,West Humber-Clairville (1),NA,NA,0,1,Shooting,NA
GO-20071527461,1/10/2007 5:00:00 AM,Regent Park (72),NA,NA,0,1,Shooting,NA
GO-20071763040,1/11/2007 5:00:00 AM,Flemingdon Park (44),NA,NA,1,1,Shooting,NA
GO-20072004875,1/13/2007 5:00:00 AM,NSA,NA,NA,0,0,Firearm Discharge,NA
GO-20072001589,1/13/2007 5:00:00 AM,NSA,NA,NA,0,0,Firearm Discharge,NA
GO-20071437232,1/14/2007 5:00:00 AM,Wellington Place (164),NA,NA,0,2,Shooting,NA
GO-20071993783,1/14/2007 5:00:00 AM,Agincourt South-Malvern West (128),NA,NA,1,0,Shooting,NA
GO-20071747094,1/15/2007 5:00:00 AM,Regent Park (72),NA,NA,0,0,Firearm Discharge,NA
GO-20071598504,1/15/2007 5:00:00 AM,West Hill (136),NA,NA,0,0,Firearm Discharge,NA
GO-20071946264,1/16/2007 5:00:00 AM,Humber Summit (21),NA,NA,0,1,Shooting,NA
GO-20071955306,1/19/2007 5:00:00 AM,Clairlea-Birchmount (120),NA,NA,0,1,Shooting,NA
GO-20071967038,1/29/2007 5:00:00 AM,Malvern East (146),NA,NA,0,1,Shooting,NA
GO-20071925141,2/4/2007 5:00:00 AM,Cliffcrest (123),NA,NA,1,2,Shooting,NA
GO-20071901732,2/8/2007 5:00:00 AM,Humewood-Cedarvale (106),NA,NA,0,1,Shooting,NA
GO-20071457888,2/12/2007 5:00:00 AM,Cliffcrest (123),NA,NA,0,1,Shooting,NA
GO-20072045443,2/15/2007 5:00:00 AM,West Hill (136),NA,NA,0,0,Firearm Discharge,NA
GO-20071991053,2/28/2007 5:00:00 AM,Bridle Path-Sunnybrook-York Mills (41),NA,NA,0,0,Firearm Discharge,NA
GO-20071965132,3/3/2007 5:00:00 AM,South Parkdale (85),NA,NA,0,1,Shooting,NA
GO-20071719955,3/3/2007 5:00:00 AM,Moss Park (73),NA,NA,0,1,Shooting,NA
GO-20072067933,3/3/2007 5:00:00 AM,Oakwood Village (107),NA,NA,0,0,Firearm Discharge,NA
GO-20071954097,3/10/2007 5:00:00 AM,East End-Danforth (62),NA,NA,0,1,Shooting,NA
GO-20072016211,3/11/2007 5:00:00 AM,Humber Summit (21),NA,NA,0,1,Shooting,NA
GO-20071589759,3/13/2007 4:00:00 AM,Agincourt North (129),NA,NA,0,0,Firearm Discharge,NA
GO-20071903538,3/15/2007 4:00:00 AM,West Hill (136),NA,NA,0,1,Shooting,NA
GO-20072065992,3/15/2007 4:00:00 AM,Humbermede (22),NA,NA,1,0,Shooting,NA
GO-20071998263,3/17/2007 4:00:00 AM,Tam O'Shanter-Sullivan (118),NA,NA,0,1,Shooting,NA
GO-20071564750,3/17/2007 4:00:00 AM,Briar Hill-Belgravia (108),NA,NA,1,1,Shooting,NA
GO-20071957569,3/25/2007 4:00:00 AM,Oakdale-Beverley Heights (154),NA,NA,0,0,Firearm Discharge,NA
GO-20071871438,3/27/2007 4:00:00 AM,Thorncliffe Park (55),NA,NA,0,1,Shooting,NA
GO-20072041988,3/28/2007 4:00:00 AM,Glenfield-Jane Heights (25),NA,NA,0,1,Shooting,NA
GO-20072084132,3/31/2007 4:00:00 AM,Yonge-Bay Corridor (170),NA,NA,0,1,Shooting,NA
GO-20071887975,4/3/2007 4:00:00 AM,Roncesvalles (86),NA,NA,0,1,Shooting,NA
GO-20072072766,4/3/2007 4:00:00 AM,Cabbagetown-South St.James Town (71),NA,NA,1,0,Shooting,NA
GO-20071447527,4/5/2007 4:00:00 AM,Mount Olive-Silverstone-Jamestown (2),NA,NA,1,0,Shooting,NA
GO-20071324655,4/7/2007 4:00:00 AM,Humbermede (22),NA,NA,0,1,Shooting,NA
GO-20071447025,4/7/2007 4:00:00 AM,New Toronto (18),NA,NA,0,1,Shooting,NA
GO-20072072142,4/7/2007 4:00:00 AM,Glenfield-Jane Heights (25),NA,NA,0,0,Firearm Discharge,NA
GO-20072046936,4/8/2007 4:00:00 AM,Oakdale-Beverley Heights (154),NA,NA,0,0,Firearm Discharge,NA
GO-20072083666,4/11/2007 4:00:00 AM,Glenfield-Jane Heights (25),NA,NA,0,1,Shooting,NA
GO-20071842715,4/12/2007 4:00:00 AM,North Riverdale (68),NA,NA,1,0,Shooting,NA
GO-20072124457,4/17/2007 4:00:00 AM,Danforth East York (59),NA,NA,0,1,Shooting,NA
GO-20072178693,4/21/2007 4:00:00 AM,Oakdale-Beverley Heights (154),NA,NA,1,0,Shooting,NA
GO-20072112340,4/24/2007 4:00:00 AM,West Humber-Clairville (1),NA,NA,0,1,Shooting,NA
GO-20072323169,4/26/2007 4:00:00 AM,Glenfield-Jane Heights (25),NA,NA,0,0,Firearm Discharge,NA
GO-20072099833,4/29/2007 4:00:00 AM,Rustic (28),NA,NA,0,1,Shooting,NA
GO-20072056197,4/30/2007 4:00:00 AM,Glenfield-Jane Heights (25),NA,NA,0,1,Shooting,NA
GO-20071992423,5/3/2007 4:00:00 AM,Black Creek (24),NA,NA,0,2,Shooting,NA
GO-20072056204,5/4/2007 4:00:00 AM,Glenfield-Jane Heights (25),NA,NA,0,2,Shooting,NA
GO-20072056205,5/5/2007 4:00:00 AM,Weston (113),NA,NA,0,1,Shooting,NA
GO-20072043990,5/6/2007 4:00:00 AM,Humbermede (22),NA,NA,0,1,Shooting,NA
GO-20071994735,5/7/2007 4:00:00 AM,Black Creek (24),NA,NA,0,1,Shooting,NA
GO-20072051946,5/7/2007 4:00:00 AM,Morningside Heights (144),NA,NA,0,0,Firearm Discharge,NA
GO-20072198590,5/9/2007 4:00:00 AM,West Rouge (143),NA,NA,1,0,Shooting,NA
GO-20071954136,5/12/2007 4:00:00 AM,Woodbine Corridor (64),NA,NA,0,0,Firearm Discharge,NA
GO-20072191939,5/13/2007 4:00:00 AM,Kensington-Chinatown (78),NA,NA,0,1,Shooting,NA
GO-20072134262,5/14/2007 4:00:00 AM,Regent Park (72),NA,NA,0,1,Shooting,NA
GO-20072163954,5/18/2007 4:00:00 AM,Mount Pleasant East (99),NA,NA,1,0,Shooting,NA
GO-20072151831,5/20/2007 4:00:00 AM,Kensington-Chinatown (78),NA,NA,1,0,Shooting,NA
GO-20071994745,5/21/2007 4:00:00 AM,Black Creek (24),NA,NA,0,0,Firearm Discharge,NA
GO-20072044021,5/21/2007 4:00:00 AM,Humbermede (22),NA,NA,1,1,Shooting,NA
GO-20071902458,5/23/2007 4:00:00 AM,Black Creek (24),NA,NA,1,0,Shooting,NA
GO-20072255448,5/28/2007 4:00:00 AM,Banbury-Don Mills (42),NA,NA,0,1,Shooting,NA
GO-20072098904,5/30/2007 4:00:00 AM,Black Creek (24),NA,NA,0,0,Firearm Discharge,NA
GO-20072158497,5/30/2007 4:00:00 AM,Regent Park (72),NA,NA,0,1,Shooting,NA
GO-20072233336,5/31/2007 4:00:00 AM,Black Creek (24),NA,NA,0,0,Firearm Discharge,NA
GO-20072206691,6/1/2007 4:00:00 AM,Steeles (116),NA,NA,0,1,Shooting,NA
GO-20072180944,6/2/2007 4:00:00 AM,Rockcliffe-Smythe (111),NA,NA,0,1,Shooting,NA
GO-20072066535,6/2/2007 4:00:00 AM,NSA,NA,NA,0,1,Shooting,NA
GO-20072086841,6/5/2007 4:00:00 AM,Yorkdale-Glen Park (31),NA,NA,0,1,Shooting,NA
GO-20072146577,6/6/2007 4:00:00 AM,Black Creek (24),NA,NA,0,0,Firearm Discharge,NA
GO-20072066379,6/9/2007 4:00:00 AM,Yonge-Bay Corridor (170),NA,NA,1,3,Shooting,NA
GO-20072221116,6/10/2007 4:00:00 AM,Morningside (135),NA,NA,0,1,Shooting,NA
GO-20072323158,6/13/2007 4:00:00 AM,Black Creek (24),NA,NA,0,0,Firearm Discharge,NA
GO-20071741038,6/17/2007 4:00:00 AM,Willowridge-Martingrove-Richview (7),NA,NA,0,0,Firearm Discharge,NA
GO-20072287075,6/18/2007 4:00:00 AM,Glenfield-Jane Heights (25),NA,NA,0,2,Shooting,NA
GO-20072160430,6/24/2007 4:00:00 AM,Mount Dennis (115),NA,NA,0,1,Shooting,NA
GO-20071985462,6/24/2007 4:00:00 AM,Yonge-Bay Corridor (170),NA,NA,0,1,Shooting,NA
GO-20072288585,6/24/2007 4:00:00 AM,Glenfield-Jane Heights (25),NA,NA,0,1,Shooting,NA
GO-20072052006,6/27/2007 4:00:00 AM,Malvern East (146),NA,NA,0,0,Firearm Discharge,NA
GO-20072011305,6/29/2007 4:00:00 AM,Morningside Heights (144),NA,NA,0,1,Shooting,NA
GO-20072050178,7/2/2007 4:00:00 AM,Greenwood-Coxwell (65),NA,NA,0,1,Shooting,NA
GO-20072294775,7/2/2007 4:00:00 AM,Eglinton East (138),NA,NA,0,0,Firearm Discharge,NA
GO-20072300618,7/2/2007 4:00:00 AM,Glenfield-Jane Heights (25),NA,NA,0,1,Shooting,NA
GO-20072433615,7/2/2007 4:00:00 AM,York University Heights (27),NA,NA,0,0,Firearm Discharge,NA
GO-20071790579,7/3/2007 4:00:00 AM,O'Connor-Parkview (54),NA,NA,0,1,Shooting,NA
GO-20072077324,7/3/2007 4:00:00 AM,Ionview (125),NA,NA,0,0,Firearm Discharge,NA
GO-20072271012,7/4/2007 4:00:00 AM,South Riverdale (70),NA,NA,0,1,Shooting,NA
GO-20072122523,7/4/2007 4:00:00 AM,West Rouge (143),NA,NA,2,0,Shooting,NA
GO-20072312117,7/5/2007 4:00:00 AM,Tam O'Shanter-Sullivan (118),NA,NA,0,1,Shooting,NA
GO-20072002015,7/7/2007 4:00:00 AM,East End-Danforth (62),NA,NA,0,1,Shooting,NA
GO-20072116765,7/7/2007 4:00:00 AM,Bayview Woods-Steeles (49),NA,NA,0,0,Firearm Discharge,NA
GO-20072304950,7/13/2007 4:00:00 AM,Yorkdale-Glen Park (31),NA,NA,1,0,Shooting,NA
GO-20072094874,7/16/2007 4:00:00 AM,North St.James Town (74),NA,NA,0,1,Shooting,NA
GO-20072226971,7/21/2007 4:00:00 AM,Oakwood Village (107),NA,NA,1,1,Shooting,NA
GO-20072330839,7/21/2007 4:00:00 AM,Yorkdale-Glen Park (31),NA,NA,0,2,Shooting,NA
GO-20072162156,7/22/2007 4:00:00 AM,York University Heights (27),NA,NA,1,0,Shooting,NA
GO-20072096282,7/22/2007 4:00:00 AM,Moss Park (73),NA,NA,1,0,Shooting,NA
GO-20072338377,7/22/2007 4:00:00 AM,Downtown Yonge East (168),NA,NA,0,1,Shooting,NA
GO-20072253925,7/22/2007 4:00:00 AM,Wellington Place (164),NA,NA,1,1,Shooting,NA
GO-20072134268,7/23/2007 4:00:00 AM,Moss Park (73),NA,NA,0,1,Shooting,NA
GO-20072346489,7/27/2007 4:00:00 AM,Oakdale-Beverley Heights (154),NA,NA,0,0,Firearm Discharge,NA
GO-20072227076,7/29/2007 4:00:00 AM,Malvern West (145),NA,NA,0,1,Shooting,NA
GO-20072330884,7/29/2007 4:00:00 AM,Dovercourt Village (172),NA,NA,0,0,Firearm Discharge,NA
GO-20072105997,7/29/2007 4:00:00 AM,Rockcliffe-Smythe (111),NA,NA,0,1,Shooting,NA
GO-20072314144,7/29/2007 4:00:00 AM,Morningside Heights (144),NA,NA,1,0,Shooting,NA
GO-20072177286,7/30/2007 4:00:00 AM,West Humber-Clairville (1),NA,NA,1,0,Shooting,NA
GO-20072125402,8/2/2007 4:00:00 AM,Malvern East (146),NA,NA,0,1,Shooting,NA
GO-20072300655,8/2/2007 4:00:00 AM,Humber Summit (21),NA,NA,0,0,Firearm Discharge,NA
GO-20072173861,8/4/2007 4:00:00 AM,Downsview (155),NA,NA,0,0,Firearm Discharge,NA
GO-20072082431,8/4/2007 4:00:00 AM,Regent Park (72),NA,NA,1,0,Shooting,NA
GO-20072262593,8/4/2007 4:00:00 AM,Regent Park (72),NA,NA,0,1,Shooting,NA
GO-20072082433,8/4/2007 4:00:00 AM,Regent Park (72),NA,NA,0,1,Shooting,NA
GO-20072042815,8/4/2007 4:00:00 AM,South Riverdale (70),NA,NA,0,1,Shooting,NA
GO-20072356065,8/4/2007 4:00:00 AM,Harbourfront-CityPlace (165),NA,NA,0,0,Firearm Discharge,NA
GO-20072177189,8/5/2007 4:00:00 AM,Church-Wellesley (167),NA,NA,0,1,Shooting,NA
GO-20072317695,8/7/2007 4:00:00 AM,Yorkdale-Glen Park (31),NA,NA,0,0,Firearm Discharge,NA
GO-20072026821,8/13/2007 4:00:00 AM,Danforth (66),NA,NA,0,1,Shooting,NA
GO-20072141098,8/13/2007 4:00:00 AM,West Humber-Clairville (1),NA,NA,0,1,Shooting,NA
GO-20072426042,8/16/2007 4:00:00 AM,Black Creek (24),NA,NA,1,0,Shooting,NA
GO-20072302823,8/17/2007 4:00:00 AM,Morningside (135),NA,NA,0,1,Shooting,NA
GO-20072373536,8/19/2007 4:00:00 AM,Black Creek (24),NA,NA,0,0,Firearm Discharge,NA
GO-20072077377,8/26/2007 4:00:00 AM,Oakridge (121),NA,NA,1,0,Shooting,NA
GO-20072357884,8/27/2007 4:00:00 AM,Eglinton East (138),NA,NA,0,1,Shooting,NA
GO-20072355350,8/27/2007 4:00:00 AM,Black Creek (24),NA,NA,0,1,Shooting,NA
GO-20072374452,8/31/2007 4:00:00 AM,York University Heights (27),NA,NA,0,1,Shooting,NA
GO-20072347810,9/1/2007 4:00:00 AM,York University Heights (27),NA,NA,0,1,Shooting,NA
GO-20072309927,9/5/2007 4:00:00 AM,Rockcliffe-Smythe (111),NA,NA,0,0,Firearm Discharge,NA
GO-20072412813,9/7/2007 4:00:00 AM,Morningside (135),NA,NA,0,0,Firearm Discharge,NA
GO-20072474840,9/8/2007 4:00:00 AM,Don Valley Village (47),NA,NA,0,1,Shooting,NA
GO-20072384443,9/8/2007 4:00:00 AM,Keelesdale-Eglinton West (110),NA,NA,0,1,Shooting,NA
GO-20072474843,9/9/2007 4:00:00 AM,Bayview Woods-Steeles (49),NA,NA,0,1,Shooting,NA
GO-20072372128,9/12/2007 4:00:00 AM,Yorkdale-Glen Park (31),NA,NA,0,1,Shooting,NA
GO-20072275810,9/15/2007 4:00:00 AM,Humber Summit (21),NA,NA,0,0,Firearm Discharge,NA
GO-20072424032,9/19/2007 4:00:00 AM,Dorset Park (126),NA,NA,0,0,Firearm Discharge,NA
GO-20072304687,9/19/2007 4:00:00 AM,Downtown Yonge East (168),NA,NA,1,0,Shooting,NA
GO-20072436557,9/21/2007 4:00:00 AM,Victoria Village (43),NA,NA,0,1,Shooting,NA
GO-20072468195,9/25/2007 4:00:00 AM,Mount Olive-Silverstone-Jamestown (2),NA,NA,0,1,Shooting,NA
GO-20072373602,9/28/2007 4:00:00 AM,Glenfield-Jane Heights (25),NA,NA,1,0,Shooting,NA
GO-20072384245,9/29/2007 4:00:00 AM,Eglinton East (138),NA,NA,0,1,Shooting,NA
GO-20072380204,9/29/2007 4:00:00 AM,Eringate-Centennial-West Deane (11),NA,NA,0,1,Shooting,NA
GO-20072434638,9/30/2007 4:00:00 AM,Rustic (28),NA,NA,0,0,Firearm Discharge,NA
GO-20072492727,9/30/2007 4:00:00 AM,Kingsview Village-The Westway (6),NA,NA,0,0,Firearm Discharge,NA
GO-20072385687,10/1/2007 4:00:00 AM,West Humber-Clairville (1),NA,NA,0,0,Firearm Discharge,NA
GO-20072397722,10/1/2007 4:00:00 AM,Wexford/Maryvale (119),NA,NA,0,1,Shooting,NA
GO-20072412820,10/4/2007 4:00:00 AM,Woburn North (142),NA,NA,0,2,Shooting,NA
GO-20072360612,10/6/2007 4:00:00 AM,Woodbine-Lumsden (60),NA,NA,0,1,Shooting,NA
GO-20072432106,10/6/2007 4:00:00 AM,Yonge-Bay Corridor (170),NA,NA,1,0,Shooting,NA
GO-20072441915,10/7/2007 4:00:00 AM,Yonge-Bay Corridor (170),NA,NA,0,2,Shooting,NA
GO-20072389595,10/7/2007 4:00:00 AM,Mount Dennis (115),NA,NA,0,1,Shooting,NA
GO-20072424127,10/8/2007 4:00:00 AM,Wychwood (94),NA,NA,1,0,Shooting,NA
GO-20071902459,10/9/2007 4:00:00 AM,Glenfield-Jane Heights (25),NA,NA,1,3,Shooting,NA
GO-20072203276,10/9/2007 4:00:00 AM,Glenfield-Jane Heights (25),NA,NA,0,0,Firearm Discharge,NA
GO-20072275822,10/9/2007 4:00:00 AM,Rustic (28),NA,NA,0,0,Firearm Discharge,NA
GO-20072501829,10/9/2007 4:00:00 AM,Wexford/Maryvale (119),NA,NA,0,1,Shooting,NA
GO-20072421605,10/16/2007 4:00:00 AM,Wexford/Maryvale (119),NA,NA,1,0,Shooting,NA
GO-20072490218,10/19/2007 4:00:00 AM,NSA,NA,NA,0,1,Shooting,NA
GO-20072492205,10/20/2007 4:00:00 AM,Humber Summit (21),NA,NA,0,2,Shooting,NA
GO-20072371208,10/21/2007 4:00:00 AM,North Riverdale (68),NA,NA,1,0,Shooting,NA
GO-20072384939,10/23/2007 4:00:00 AM,Thistletown-Beaumond Heights (3),NA,NA,0,0,Firearm Discharge,NA
GO-20072404032,10/27/2007 4:00:00 AM,Etobicoke City Centre (159),NA,NA,1,0,Shooting,NA
GO-20072389603,10/27/2007 4:00:00 AM,Etobicoke City Centre (159),NA,NA,0,1,Shooting,NA
GO-20072497008,10/27/2007 4:00:00 AM,Glenfield-Jane Heights (25),NA,NA,0,1,Shooting,NA
GO-20072389601,10/27/2007 4:00:00 AM,Brookhaven-Amesbury (30),NA,NA,0,0,Firearm Discharge,NA
GO-20072394232,10/28/2007 4:00:00 AM,West Humber-Clairville (1),NA,NA,0,1,Shooting,NA
GO-20072554320,10/30/2007 4:00:00 AM,Wellington Place (164),NA,NA,0,1,Shooting,NA
GO-20072323011,10/31/2007 4:00:00 AM,Dovercourt Village (172),NA,NA,0,1,Shooting,NA
GO-20073753967,11/1/2007 4:00:00 AM,Highland Creek (134),NA,NA,0,0,Firearm Discharge,NA
GO-20072579979,11/4/2007 4:00:00 AM,Mount Olive-Silverstone-Jamestown (2),NA,NA,0,0,Firearm Discharge,NA
GO-20072403226,11/6/2007 5:00:00 AM,Moss Park (73),NA,NA,1,0,Shooting,NA
GO-20072452027,11/8/2007 5:00:00 AM,Willowridge-Martingrove-Richview (7),NA,NA,0,0,Firearm Discharge,NA
GO-20072389399,11/10/2007 5:00:00 AM,NSA,NA,NA,0,1,Shooting,NA
GO-20072540432,11/10/2007 5:00:00 AM,Glenfield-Jane Heights (25),NA,NA,0,1,Shooting,NA
GO-20072595629,11/11/2007 5:00:00 AM,Black Creek (24),NA,NA,0,1,Shooting,NA
GO-20072566049,11/14/2007 5:00:00 AM,Malvern East (146),NA,NA,0,1,Shooting,NA
GO-20072345724,11/17/2007 5:00:00 AM,Downsview (155),NA,NA,0,1,Shooting,NA
GO-20072476644,11/17/2007 5:00:00 AM,Brookhaven-Amesbury (30),NA,NA,0,1,Shooting,NA
GO-20072434650,11/17/2007 5:00:00 AM,York University Heights (27),NA,NA,0,1,Shooting,NA
GO-20072448878,11/18/2007 5:00:00 AM,Palmerston-Little Italy (80),NA,NA,0,1,Shooting,NA
GO-20072528917,11/23/2007 5:00:00 AM,Tam O'Shanter-Sullivan (118),NA,NA,1,0,Shooting,NA
GO-20072507368,11/23/2007 5:00:00 AM,Malvern West (145),NA,NA,1,0,Shooting,NA
GO-20072345729,11/25/2007 5:00:00 AM,Black Creek (24),NA,NA,1,0,Shooting,NA
GO-20072441671,11/26/2007 5:00:00 AM,Victoria Village (43),NA,NA,0,0,Firearm Discharge,NA
GO-20072552605,11/27/2007 5:00:00 AM,Glenfield-Jane Heights (25),NA,NA,0,0,Firearm Discharge,NA
GO-20072478775,11/27/2007 5:00:00 AM,Malvern East (146),NA,NA,0,1,Shooting,NA
GO-20072370103,11/28/2007 5:00:00 AM,Morningside (135),NA,NA,1,0,Shooting,NA
GO-20072101272,12/2/2007 5:00:00 AM,Malvern East (146),NA,NA,1,0,Shooting,NA
GO-20072532041,12/2/2007 5:00:00 AM,Regent Park (72),NA,NA,0,1,Shooting,NA
GO-20072514754,12/5/2007 5:00:00 AM,Glenfield-Jane Heights (25),NA,NA,0,0,Firearm Discharge,NA
GO-20072432924,12/5/2007 5:00:00 AM,Glenfield-Jane Heights (25),NA,NA,0,0,Firearm Discharge,NA
GO-20072387161,12/8/2007 5:00:00 AM,Glenfield-Jane Heights (25),NA,NA,0,1,Shooting,NA
GO-20072383439,12/9/2007 5:00:00 AM,Oakwood Village (107),NA,NA,0,1,Shooting,NA
GO-20072484252,12/9/2007 5:00:00 AM,Malvern East (146),NA,NA,0,0,Firearm Discharge,NA
GO-20072311686,12/14/2007 5:00:00 AM,Morningside Heights (144),NA,NA,1,0,Shooting,NA
GO-20072531827,12/15/2007 5:00:00 AM,Rockcliffe-Smythe (111),NA,NA,0,0,Firearm Discharge,NA
GO-20072494811,12/19/2007 5:00:00 AM,Oakdale-Beverley Heights (154),NA,NA,0,0,Firearm Discharge,NA
GO-20072377293,12/19/2007 5:00:00 AM,West Hill (136),NA,NA,0,0,Firearm Discharge,NA
GO-20072522958,12/20/2007 5:00:00 AM,St Lawrence-East Bayfront-The Islands (166),NA,NA,0,1,Shooting,NA
GO-20072428698,12/23/2007 5:00:00 AM,Regent Park (72),NA,NA,1,0,Shooting,NA
GO-20072457255,12/27/2007 5:00:00 AM,Malvern East (146),NA,NA,0,1,Shooting,NA
GO-20072494819,12/29/2007 5:00:00 AM,Black Creek (24),NA,NA,0,0,Firearm Discharge,NA
GO-20072248250,12/30/2007 5:00:00 AM,Oakdale-Beverley Heights (154),NA,NA,0,0,Firearm Discharge,NA
GO-20082484879,1/1/2008 5:00:00 AM,Black Creek (24),NA,NA,0,0,Firearm Discharge,NA
GO-20082533459,1/1/2008 5:00:00 AM,Parkwoods-O'Connor Hills (149),NA,NA,0,1,Shooting,NA
GO-20082353009,1/2/2008 5:00:00 AM,Englemount-Lawrence (32),NA,NA,0,1,Shooting,NA
GO-20082533456,1/3/2008 5:00:00 AM,Don Valley Village (47),NA,NA,0,1,Shooting,NA
GO-20082607472,1/5/2008 5:00:00 AM,York University Heights (27),NA,NA,0,1,Shooting,NA
GO-20082316440,1/7/2008 5:00:00 AM,Mount Dennis (115),NA,NA,0,0,Firearm Discharge,NA
GO-20082643285,1/11/2008 5:00:00 AM,Yonge-Bay Corridor (170),NA,NA,0,1,Shooting,NA
GO-20082601995,1/12/2008 5:00:00 AM,Morningside Heights (144),NA,NA,1,0,Shooting,NA
GO-20082378901,1/12/2008 5:00:00 AM,Humewood-Cedarvale (106),NA,NA,0,1,Shooting,NA
GO-20082536836,1/13/2008 5:00:00 AM,Mount Olive-Silverstone-Jamestown (2),NA,NA,0,1,Shooting,NA
GO-20082484895,1/13/2008 5:00:00 AM,York University Heights (27),NA,NA,0,0,Firearm Discharge,NA
GO-20082573771,1/13/2008 5:00:00 AM,York University Heights (27),NA,NA,0,1,Shooting,NA
GO-20082386663,1/17/2008 5:00:00 AM,Glenfield-Jane Heights (25),NA,NA,0,1,Shooting,NA
GO-20082426053,1/17/2008 5:00:00 AM,Glenfield-Jane Heights (25),NA,NA,0,1,Shooting,NA
GO-20082532076,1/17/2008 5:00:00 AM,South Riverdale (70),NA,NA,1,0,Shooting,NA
GO-20082605959,1/22/2008 5:00:00 AM,Oakdale-Beverley Heights (154),NA,NA,1,0,Shooting,NA
GO-20082595690,1/23/2008 5:00:00 AM,Rustic (28),NA,NA,0,0,Firearm Discharge,NA
GO-20082314192,1/23/2008 5:00:00 AM,Malvern East (146),NA,NA,0,1,Shooting,NA
GO-20082529811,1/25/2008 5:00:00 AM,Wychwood (94),NA,NA,0,1,Shooting,NA
GO-20082520381,2/1/2008 5:00:00 AM,Eglinton East (138),NA,NA,2,0,Shooting,NA
GO-20082387163,2/6/2008 5:00:00 AM,Oakdale-Beverley Heights (154),NA,NA,0,1,Shooting,NA
GO-20082421615,2/9/2008 5:00:00 AM,Kennedy Park (124),NA,NA,0,1,Shooting,NA
GO-20082428060,2/17/2008 5:00:00 AM,Malvern West (145),NA,NA,1,0,Shooting,NA
GO-20082723790,2/17/2008 5:00:00 AM,Oakdale-Beverley Heights (154),NA,NA,0,0,Firearm Discharge,NA
GO-20082619810,2/17/2008 5:00:00 AM,Woburn North (142),NA,NA,0,0,Firearm Discharge,NA
GO-20082377423,2/22/2008 5:00:00 AM,West Hill (136),NA,NA,1,0,Shooting,NA
GO-20082671625,2/23/2008 5:00:00 AM,West Humber-Clairville (1),NA,NA,0,1,Shooting,NA
GO-20082634859,2/23/2008 5:00:00 AM,Weston (113),NA,NA,0,0,Firearm Discharge,NA
GO-20082697781,2/24/2008 5:00:00 AM,Trinity-Bellwoods (81),NA,NA,0,2,Shooting,NA
GO-20082615345,2/25/2008 5:00:00 AM,East End-Danforth (62),NA,NA,1,0,Shooting,NA
GO-20082723694,2/25/2008 5:00:00 AM,Yonge-Doris (151),NA,NA,0,1,Shooting,NA
GO-20082724309,2/29/2008 5:00:00 AM,Rustic (28),NA,NA,0,2,Shooting,NA
GO-20082539904,3/9/2008 5:00:00 AM,Regent Park (72),NA,NA,0,1,Shooting,NA
GO-20082708532,3/10/2008 4:00:00 AM,Lansing-Westgate (38),NA,NA,0,1,Shooting,NA
GO-20082711908,3/11/2008 4:00:00 AM,Highland Creek (134),NA,NA,0,0,Firearm Discharge,NA
GO-20082605782,3/11/2008 4:00:00 AM,Pelmo Park-Humberlea (23),NA,NA,0,1,Shooting,NA
GO-20082704738,3/14/2008 4:00:00 AM,York University Heights (27),NA,NA,1,5,Shooting,NA
GO-20082437074,3/15/2008 4:00:00 AM,South Riverdale (70),NA,NA,0,0,Firearm Discharge,NA
GO-20082371247,3/18/2008 4:00:00 AM,South Riverdale (70),NA,NA,1,0,Shooting,NA
GO-20082665472,3/20/2008 4:00:00 AM,Golfdale-Cedarbrae-Woburn (141),NA,NA,0,1,Shooting,NA
GO-20082693708,3/21/2008 4:00:00 AM,Kingsview Village-The Westway (6),NA,NA,0,4,Shooting,NA
GO-20082714259,3/22/2008 4:00:00 AM,Humbermede (22),NA,NA,0,0,Firearm Discharge,NA
GO-20082380237,3/26/2008 4:00:00 AM,York University Heights (27),NA,NA,0,1,Shooting,NA
GO-20082566127,3/27/2008 4:00:00 AM,Agincourt North (129),NA,NA,0,0,Firearm Discharge,NA
GO-20082688987,3/28/2008 4:00:00 AM,Annex (95),NA,NA,0,2,Shooting,NA
GO-20082753875,3/31/2008 4:00:00 AM,Malvern East (146),NA,NA,0,0,Firearm Discharge,NA
GO-20082736642,3/31/2008 4:00:00 AM,Glenfield-Jane Heights (25),NA,NA,0,0,Firearm Discharge,NA
GO-20082767005,4/4/2008 4:00:00 AM,West Hill (136),NA,NA,0,0,Firearm Discharge,NA
GO-20082679783,4/8/2008 4:00:00 AM,Kennedy Park (124),NA,NA,0,2,Shooting,NA
GO-20082628445,4/9/2008 4:00:00 AM,Woburn North (142),NA,NA,0,1,Shooting,NA
GO-20082387812,4/12/2008 4:00:00 AM,Scarborough Village (139),NA,NA,0,2,Shooting,NA
GO-20082693721,4/13/2008 4:00:00 AM,Elms-Old Rexdale (5),NA,NA,0,1,Shooting,NA
GO-20082720891,4/16/2008 4:00:00 AM,Rustic (28),NA,NA,0,1,Shooting,NA
GO-20082781526,4/19/2008 4:00:00 AM,O'Connor-Parkview (54),NA,NA,0,0,Firearm Discharge,NA
GO-20082762288,4/20/2008 4:00:00 AM,Brookhaven-Amesbury (30),NA,NA,0,0,Firearm Discharge,NA
GO-20082778547,4/21/2008 4:00:00 AM,Black Creek (24),NA,NA,0,0,Firearm Discharge,NA
GO-20082736328,4/22/2008 4:00:00 AM,Bayview Village (52),NA,NA,0,1,Shooting,NA
GO-20082377444,4/24/2008 4:00:00 AM,Eglinton East (138),NA,NA,0,1,Shooting,NA
GO-20082715011,4/25/2008 4:00:00 AM,Taylor-Massey (61),NA,NA,0,0,Firearm Discharge,NA
GO-20082736676,4/28/2008 4:00:00 AM,Maple Leaf (29),NA,NA,0,0,Firearm Discharge,NA
GO-20082748249,4/29/2008 4:00:00 AM,Don Valley Village (47),NA,NA,0,1,Shooting,NA
GO-20082785320,4/30/2008 4:00:00 AM,Kennedy Park (124),NA,NA,0,1,Shooting,NA
GO-20082657234,5/1/2008 4:00:00 AM,Dorset Park (126),NA,NA,0,1,Shooting,NA
GO-20082785321,5/1/2008 4:00:00 AM,Dorset Park (126),NA,NA,0,1,Shooting,NA
GO-20082790971,5/2/2008 4:00:00 AM,Rustic (28),NA,NA,0,1,Shooting,NA
GO-20082577121,5/3/2008 4:00:00 AM,Cliffcrest (123),NA,NA,0,1,Shooting,NA
GO-20082732602,5/5/2008 4:00:00 AM,Downtown Yonge East (168),NA,NA,0,2,Shooting,NA
GO-20082433936,5/9/2008 4:00:00 AM,Flemingdon Park (44),NA,NA,0,1,Shooting,NA
GO-20082763089,5/10/2008 4:00:00 AM,Humber Summit (21),NA,NA,0,1,Shooting,NA
GO-20082761985,5/14/2008 4:00:00 AM,North St.James Town (74),NA,NA,0,0,Firearm Discharge,NA
GO-20082694031,5/14/2008 4:00:00 AM,Scarborough Village (139),NA,NA,0,0,Firearm Discharge,NA
GO-20082838326,5/24/2008 4:00:00 AM,Englemount-Lawrence (32),NA,NA,0,0,Firearm Discharge,NA
GO-20082727173,5/24/2008 4:00:00 AM,Rockcliffe-Smythe (111),NA,NA,0,1,Shooting,NA
GO-20082747937,5/24/2008 4:00:00 AM,Black Creek (24),NA,NA,0,1,Shooting,NA
GO-20082732406,5/25/2008 4:00:00 AM,Mount Olive-Silverstone-Jamestown (2),NA,NA,0,0,Firearm Discharge,NA
GO-20082853575,5/28/2008 4:00:00 AM,Malvern East (146),NA,NA,1,0,Shooting,NA
GO-20082855091,5/28/2008 4:00:00 AM,Tam O'Shanter-Sullivan (118),NA,NA,1,0,Shooting,NA
GO-20082822279,5/28/2008 4:00:00 AM,Oakwood Village (107),NA,NA,0,1,Shooting,NA
GO-20082709711,5/30/2008 4:00:00 AM,Victoria Village (43),NA,NA,1,0,Shooting,NA
GO-20082843488,6/6/2008 4:00:00 AM,West Hill (136),NA,NA,0,1,Shooting,NA
GO-20082750469,6/8/2008 4:00:00 AM,Humber Summit (21),NA,NA,0,0,Firearm Discharge,NA
GO-20082843296,6/8/2008 4:00:00 AM,Humber Summit (21),NA,NA,0,0,Firearm Discharge,NA
GO-20082612697,6/10/2008 4:00:00 AM,Cabbagetown-South St.James Town (71),NA,NA,0,1,Shooting,NA
GO-20082708746,6/11/2008 4:00:00 AM,Regent Park (72),NA,NA,0,2,Shooting,NA
GO-20082832880,6/12/2008 4:00:00 AM,Bendale South (157),NA,NA,0,0,Firearm Discharge,NA
GO-20082655948,6/13/2008 4:00:00 AM,Mount Dennis (115),NA,NA,0,0,Firearm Discharge,NA
GO-20082555616,6/13/2008 4:00:00 AM,West Queen West (162),NA,NA,2,0,Shooting,NA
GO-20082969293,6/14/2008 4:00:00 AM,Clairlea-Birchmount (120),NA,NA,0,1,Shooting,NA
GO-20082826103,6/15/2008 4:00:00 AM,Humber Summit (21),NA,NA,0,1,Shooting,NA
GO-20082788738,6/15/2008 4:00:00 AM,Cliffcrest (123),NA,NA,0,3,Shooting,NA
GO-20082399394,6/15/2008 4:00:00 AM,Rockcliffe-Smythe (111),NA,NA,1,0,Shooting,NA
GO-20082667532,6/18/2008 4:00:00 AM,Yorkdale-Glen Park (31),NA,NA,0,1,Shooting,NA
GO-20082806952,6/22/2008 4:00:00 AM,Rockcliffe-Smythe (111),NA,NA,0,0,Firearm Discharge,NA
GO-20082634970,6/25/2008 4:00:00 AM,Runnymede-Bloor West Village (89),NA,NA,0,0,Firearm Discharge,NA
GO-20082763727,6/30/2008 4:00:00 AM,Eglinton East (138),NA,NA,0,0,Firearm Discharge,NA
GO-20082733072,7/1/2008 4:00:00 AM,Fort York-Liberty Village (163),NA,NA,0,0,Firearm Discharge,NA
GO-20082791262,7/2/2008 4:00:00 AM,Lambton Baby Point (114),NA,NA,0,0,Firearm Discharge,NA
GO-20082801596,7/4/2008 4:00:00 AM,Glenfield-Jane Heights (25),NA,NA,0,0,Firearm Discharge,NA
GO-20082791934,7/5/2008 4:00:00 AM,Oakridge (121),NA,NA,0,1,Shooting,NA
GO-20082832903,7/5/2008 4:00:00 AM,Eglinton East (138),NA,NA,0,0,Firearm Discharge,NA
GO-20082909545,7/6/2008 4:00:00 AM,Glenfield-Jane Heights (25),NA,NA,0,1,Shooting,NA
GO-20082855310,7/7/2008 4:00:00 AM,Morningside Heights (144),NA,NA,0,1,Shooting,NA
GO-20082862776,7/9/2008 4:00:00 AM,Wexford/Maryvale (119),NA,NA,1,1,Shooting,NA
GO-20082586187,7/9/2008 4:00:00 AM,Trinity-Bellwoods (81),NA,NA,0,1,Shooting,NA
GO-20082912963,7/9/2008 4:00:00 AM,Kennedy Park (124),NA,NA,0,0,Firearm Discharge,NA
GO-20082841053,7/12/2008 4:00:00 AM,South Riverdale (70),NA,NA,0,1,Shooting,NA
GO-20082840160,7/12/2008 4:00:00 AM,Morningside (135),NA,NA,0,1,Shooting,NA
GO-20082596730,7/14/2008 4:00:00 AM,St Lawrence-East Bayfront-The Islands (166),NA,NA,0,1,Shooting,NA
GO-20082381132,7/14/2008 4:00:00 AM,Roncesvalles (86),NA,NA,0,1,Shooting,NA
GO-20082816157,7/15/2008 4:00:00 AM,L'Amoreaux West (147),NA,NA,0,1,Shooting,NA
GO-20082899030,7/16/2008 4:00:00 AM,Rustic (28),NA,NA,0,1,Shooting,NA
GO-20082517552,7/17/2008 4:00:00 AM,Morningside (135),NA,NA,1,0,Shooting,NA
GO-20082749190,7/17/2008 4:00:00 AM,Annex (95),NA,NA,0,1,Shooting,NA
GO-20082875134,7/18/2008 4:00:00 AM,Black Creek (24),NA,NA,0,0,Firearm Discharge,NA
GO-20082426065,7/18/2008 4:00:00 AM,Black Creek (24),NA,NA,0,1,Shooting,NA
GO-20083038449,7/19/2008 4:00:00 AM,West Rouge (143),NA,NA,0,0,Firearm Discharge,NA
GO-20082816710,7/19/2008 4:00:00 AM,West Rouge (143),NA,NA,1,0,Shooting,NA
GO-20082786692,7/20/2008 4:00:00 AM,Alderwood (20),NA,NA,3,0,Shooting,NA
GO-20082922359,7/20/2008 4:00:00 AM,South Parkdale (85),NA,NA,0,1,Shooting,NA
GO-20082831675,7/21/2008 4:00:00 AM,Humbermede (22),NA,NA,0,1,Shooting,NA
GO-20082794229,7/25/2008 4:00:00 AM,West Humber-Clairville (1),NA,NA,0,1,Shooting,NA
GO-20082773144,7/26/2008 4:00:00 AM,Pelmo Park-Humberlea (23),NA,NA,1,1,Shooting,NA
GO-20082605554,7/26/2008 4:00:00 AM,Keelesdale-Eglinton West (110),NA,NA,1,0,Shooting,NA
GO-20082732866,7/27/2008 4:00:00 AM,Brookhaven-Amesbury (30),NA,NA,0,1,Shooting,NA
GO-20082878876,7/27/2008 4:00:00 AM,Weston (113),NA,NA,0,1,Shooting,NA
GO-20082857423,7/28/2008 4:00:00 AM,Rustic (28),NA,NA,0,1,Shooting,NA
GO-20082765772,7/31/2008 4:00:00 AM,Brookhaven-Amesbury (30),NA,NA,0,1,Shooting,NA
GO-20082817711,8/1/2008 4:00:00 AM,Ionview (125),NA,NA,0,1,Shooting,NA
GO-20082421738,8/2/2008 4:00:00 AM,Wellington Place (164),NA,NA,0,1,Shooting,NA
GO-20082956696,8/3/2008 4:00:00 AM,Yonge-Bay Corridor (170),NA,NA,0,1,Shooting,NA
GO-20082878884,8/4/2008 4:00:00 AM,Weston (113),NA,NA,0,0,Firearm Discharge,NA
GO-20082404558,8/4/2008 4:00:00 AM,Regent Park (72),NA,NA,0,0,Firearm Discharge,NA
GO-20082936311,8/5/2008 4:00:00 AM,Glenfield-Jane Heights (25),NA,NA,0,1,Shooting,NA
GO-20082412538,8/8/2008 4:00:00 AM,Humber Summit (21),NA,NA,0,1,Shooting,NA
GO-20082947206,8/8/2008 4:00:00 AM,Golfdale-Cedarbrae-Woburn (141),NA,NA,0,0,Firearm Discharge,NA
GO-20082810560,8/9/2008 4:00:00 AM,South Parkdale (85),NA,NA,0,1,Shooting,NA
GO-20082756711,8/10/2008 4:00:00 AM,Agincourt South-Malvern West (128),NA,NA,1,1,Shooting,NA
GO-20082960540,8/13/2008 4:00:00 AM,Trinity-Bellwoods (81),NA,NA,0,0,Firearm Discharge,NA
GO-20082951760,8/14/2008 4:00:00 AM,Islington (158),NA,NA,0,1,Shooting,NA
GO-20082806466,8/16/2008 4:00:00 AM,Mount Olive-Silverstone-Jamestown (2),NA,NA,0,1,Shooting,NA
GO-20082944287,8/20/2008 4:00:00 AM,West Humber-Clairville (1),NA,NA,0,1,Shooting,NA
GO-20082852402,8/23/2008 4:00:00 AM,NSA,NA,NA,0,1,Shooting,NA
GO-20082389417,8/23/2008 4:00:00 AM,Mount Dennis (115),NA,NA,0,0,Firearm Discharge,NA
GO-20082846711,8/24/2008 4:00:00 AM,Clairlea-Birchmount (120),NA,NA,0,1,Shooting,NA
GO-20082891170,8/24/2008 4:00:00 AM,Westminster-Branson (35),NA,NA,1,0,Shooting,NA
GO-20082928965,8/26/2008 4:00:00 AM,Malvern West (145),NA,NA,1,0,Shooting,NA
GO-20082853304,8/27/2008 4:00:00 AM,Woburn North (142),NA,NA,0,1,Shooting,NA
GO-20082684834,8/29/2008 4:00:00 AM,Brookhaven-Amesbury (30),NA,NA,0,4,Shooting,NA
GO-20082899183,8/30/2008 4:00:00 AM,Humber Summit (21),NA,NA,0,0,Firearm Discharge,NA
GO-20082842913,9/1/2008 4:00:00 AM,Eglinton East (138),NA,NA,0,1,Shooting,NA
GO-20082792117,9/1/2008 4:00:00 AM,Rockcliffe-Smythe (111),NA,NA,0,1,Shooting,NA
GO-20082877242,9/2/2008 4:00:00 AM,Rockcliffe-Smythe (111),NA,NA,0,1,Shooting,NA
GO-20082986706,9/3/2008 4:00:00 AM,Etobicoke West Mall (13),NA,NA,0,0,Firearm Discharge,NA
GO-20082865295,9/3/2008 4:00:00 AM,East L'Amoreaux (148),NA,NA,0,1,Shooting,NA
GO-20082928970,9/4/2008 4:00:00 AM,Malvern East (146),NA,NA,0,1,Shooting,NA
GO-20082833218,9/4/2008 4:00:00 AM,Danforth East York (59),NA,NA,0,1,Shooting,NA
GO-20082377994,9/7/2008 4:00:00 AM,Trinity-Bellwoods (81),NA,NA,0,0,Firearm Discharge,NA
GO-20082389418,9/8/2008 4:00:00 AM,Brookhaven-Amesbury (30),NA,NA,0,1,Shooting,NA
GO-20082406153,9/8/2008 4:00:00 AM,Beechborough-Greenbrook (112),NA,NA,1,0,Shooting,NA
GO-20082922744,9/9/2008 4:00:00 AM,Maple Leaf (29),NA,NA,1,0,Shooting,NA
GO-20082747958,9/9/2008 4:00:00 AM,Glenfield-Jane Heights (25),NA,NA,0,1,Shooting,NA
GO-20082621767,9/14/2008 4:00:00 AM,L'Amoreaux West (147),NA,NA,0,1,Shooting,NA
GO-20082747960,9/16/2008 4:00:00 AM,Black Creek (24),NA,NA,1,0,Shooting,NA
GO-20082862368,9/16/2008 4:00:00 AM,Eglinton East (138),NA,NA,0,1,Shooting,NA
GO-20082621776,9/18/2008 4:00:00 AM,Malvern East (146),NA,NA,0,0,Firearm Discharge,NA
GO-20082747961,9/19/2008 4:00:00 AM,Black Creek (24),NA,NA,0,1,Shooting,NA
GO-20082875466,9/19/2008 4:00:00 AM,NSA,NA,NA,0,1,Shooting,NA
GO-20082875465,9/19/2008 4:00:00 AM,Rustic (28),NA,NA,0,0,Firearm Discharge,NA
GO-20082901190,9/20/2008 4:00:00 AM,Dorset Park (126),NA,NA,0,1,Shooting,NA
GO-20082936363,9/21/2008 4:00:00 AM,NSA,NA,NA,0,1,Shooting,NA
GO-20082765793,9/21/2008 4:00:00 AM,Rockcliffe-Smythe (111),NA,NA,0,2,Shooting,NA
GO-20082954481,9/22/2008 4:00:00 AM,Black Creek (24),NA,NA,1,0,Shooting,NA
GO-20082863046,9/24/2008 4:00:00 AM,Dufferin Grove (83),NA,NA,0,1,Shooting,NA
GO-20082997678,9/24/2008 4:00:00 AM,Church-Wellesley (167),NA,NA,0,0,Firearm Discharge,NA
GO-20082649395,9/25/2008 4:00:00 AM,Rockcliffe-Smythe (111),NA,NA,0,2,Shooting,NA
GO-20082655178,9/25/2008 4:00:00 AM,Rockcliffe-Smythe (111),NA,NA,0,2,Shooting,NA
GO-20082708812,9/25/2008 4:00:00 AM,North St.James Town (74),NA,NA,0,1,Shooting,NA
GO-20082935112,9/27/2008 4:00:00 AM,Mount Olive-Silverstone-Jamestown (2),NA,NA,0,2,Shooting,NA
GO-20082824842,9/27/2008 4:00:00 AM,Mount Olive-Silverstone-Jamestown (2),NA,NA,0,1,Shooting,NA
GO-20082857489,9/28/2008 4:00:00 AM,Oakdale-Beverley Heights (154),NA,NA,0,2,Shooting,NA
GO-20082456086,9/29/2008 4:00:00 AM,North St.James Town (74),NA,NA,0,0,Firearm Discharge,NA
GO-20082395868,10/3/2008 4:00:00 AM,Edenbridge-Humber Valley (9),NA,NA,1,0,Shooting,NA
GO-20082974598,10/6/2008 4:00:00 AM,Don Valley Village (47),NA,NA,0,0,Firearm Discharge,NA
GO-20083044970,10/9/2008 4:00:00 AM,Oakdale-Beverley Heights (154),NA,NA,1,2,Shooting,NA
GO-20082436269,10/10/2008 4:00:00 AM,Black Creek (24),NA,NA,0,1,Shooting,NA
GO-20083035224,10/10/2008 4:00:00 AM,Mount Olive-Silverstone-Jamestown (2),NA,NA,0,1,Shooting,NA
GO-20083024487,10/10/2008 4:00:00 AM,Bathurst Manor (34),NA,NA,0,1,Shooting,NA
GO-20083022067,10/11/2008 4:00:00 AM,Black Creek (24),NA,NA,0,0,Firearm Discharge,NA
GO-20082420799,10/11/2008 4:00:00 AM,Flemingdon Park (44),NA,NA,0,0,Firearm Discharge,NA
GO-20083001465,10/11/2008 4:00:00 AM,Black Creek (24),NA,NA,0,0,Firearm Discharge,NA
GO-20082903103,10/11/2008 4:00:00 AM,Oakwood Village (107),NA,NA,0,1,Shooting,NA
GO-20083027815,10/13/2008 4:00:00 AM,Black Creek (24),NA,NA,0,0,Firearm Discharge,NA
GO-20082823465,10/14/2008 4:00:00 AM,Clairlea-Birchmount (120),NA,NA,1,0,Shooting,NA
GO-20082843821,10/15/2008 4:00:00 AM,Scarborough Village (139),NA,NA,0,0,Firearm Discharge,NA
GO-20083021753,10/15/2008 4:00:00 AM,York University Heights (27),NA,NA,0,1,Shooting,NA
GO-20083019543,10/17/2008 4:00:00 AM,Rustic (28),NA,NA,0,3,Shooting,NA
GO-20083031027,10/19/2008 4:00:00 AM,Yonge-Bay Corridor (170),NA,NA,0,0,Firearm Discharge,NA
GO-20083038203,10/19/2008 4:00:00 AM,Black Creek (24),NA,NA,0,2,Shooting,NA
GO-20082912731,10/23/2008 4:00:00 AM,Birchcliffe-Cliffside (122),NA,NA,0,0,Firearm Discharge,NA
GO-20082440245,10/25/2008 4:00:00 AM,South Riverdale (70),NA,NA,1,5,Shooting,NA
GO-20083065083,10/25/2008 4:00:00 AM,Weston (113),NA,NA,0,1,Shooting,NA
GO-20083070140,10/25/2008 4:00:00 AM,Fort York-Liberty Village (163),NA,NA,0,1,Shooting,NA
GO-20083023273,10/26/2008 4:00:00 AM,Clanton Park (33),NA,NA,1,0,Shooting,NA
GO-20083070173,10/28/2008 4:00:00 AM,Hillcrest Village (48),NA,NA,0,0,Firearm Discharge,NA
GO-20083049937,10/31/2008 4:00:00 AM,Pleasant View (46),NA,NA,0,1,Shooting,NA
GO-20082959879,11/4/2008 5:00:00 AM,Oakridge (121),NA,NA,0,1,Shooting,NA
GO-20082403261,11/4/2008 5:00:00 AM,Moss Park (73),NA,NA,0,1,Shooting,NA
GO-20083084567,11/6/2008 5:00:00 AM,East L'Amoreaux (148),NA,NA,0,0,Firearm Discharge,NA
GO-20082389424,11/7/2008 5:00:00 AM,Rockcliffe-Smythe (111),NA,NA,0,3,Shooting,NA
GO-20083089729,11/7/2008 5:00:00 AM,Oakdale-Beverley Heights (154),NA,NA,0,1,Shooting,NA
GO-20083108303,11/8/2008 5:00:00 AM,Glenfield-Jane Heights (25),NA,NA,0,0,Firearm Discharge,NA
GO-20082431126,11/9/2008 5:00:00 AM,Lambton Baby Point (114),NA,NA,0,0,Firearm Discharge,NA
GO-20083048730,11/11/2008 5:00:00 AM,Glenfield-Jane Heights (25),NA,NA,0,0,Firearm Discharge,NA
GO-20082862801,11/13/2008 5:00:00 AM,Bendale-Glen Andrew (156),NA,NA,0,1,Shooting,NA
GO-20082621591,11/23/2008 5:00:00 AM,Yonge-Bay Corridor (170),NA,NA,0,1,Shooting,NA
GO-20083052065,11/23/2008 5:00:00 AM,Flemingdon Park (44),NA,NA,0,1,Shooting,NA
GO-20083048738,11/23/2008 5:00:00 AM,Black Creek (24),NA,NA,0,1,Shooting,NA
GO-20083000809,11/24/2008 5:00:00 AM,Black Creek (24),NA,NA,0,1,Shooting,NA
GO-20083049956,11/26/2008 5:00:00 AM,Wexford/Maryvale (119),NA,NA,1,0,Shooting,NA
GO-20083143243,11/26/2008 5:00:00 AM,Humbermede (22),NA,NA,0,1,Shooting,NA
GO-20083094866,12/8/2008 5:00:00 AM,Englemount-Lawrence (32),NA,NA,0,0,Firearm Discharge,NA
GO-20083119431,12/8/2008 5:00:00 AM,Keelesdale-Eglinton West (110),NA,NA,0,0,Firearm Discharge,NA
GO-20083065108,12/13/2008 5:00:00 AM,Weston-Pelham Park (91),NA,NA,0,1,Shooting,NA
GO-20083111130,12/14/2008 5:00:00 AM,Englemount-Lawrence (32),NA,NA,0,0,Firearm Discharge,NA
GO-20082423045,12/14/2008 5:00:00 AM,Regent Park (72),NA,NA,0,0,Firearm Discharge,NA
GO-20083118215,12/14/2008 5:00:00 AM,Kingsview Village-The Westway (6),NA,NA,0,0,Firearm Discharge,NA
GO-20083158040,12/17/2008 5:00:00 AM,Wexford/Maryvale (119),NA,NA,0,0,Firearm Discharge,NA
GO-20083120250,12/20/2008 5:00:00 AM,Beechborough-Greenbrook (112),NA,NA,0,0,Firearm Discharge,NA
GO-20083099334,12/21/2008 5:00:00 AM,Briar Hill-Belgravia (108),NA,NA,0,0,Firearm Discharge,NA
GO-20083125298,12/24/2008 5:00:00 AM,Moss Park (73),NA,NA,0,1,Shooting,NA
GO-20083173573,12/26/2008 5:00:00 AM,Trinity-Bellwoods (81),NA,NA,0,1,Shooting,NA
GO-20083158697,12/28/2008 5:00:00 AM,South Riverdale (70),NA,NA,0,1,Shooting,NA
GO-20083089781,12/28/2008 5:00:00 AM,Humber Summit (21),NA,NA,0,0,Firearm Discharge,NA
GO-20083040965,12/28/2008 5:00:00 AM,Mount Olive-Silverstone-Jamestown (2),NA,NA,0,0,Firearm Discharge,NA
GO-20083084878,12/28/2008 5:00:00 AM,East End-Danforth (62),NA,NA,0,1,Shooting,NA
GO-20083162649,12/29/2008 5:00:00 AM,Milliken (130),NA,NA,0,0,Firearm Discharge,NA
GO-20083115287,12/30/2008 5:00:00 AM,Wellington Place (164),NA,NA,0,1,Shooting,NA
GO-20083077027,12/31/2008 5:00:00 AM,Dorset Park (126),NA,NA,0,0,Firearm Discharge,NA
GO-20093051315,1/1/2009 5:00:00 AM,Danforth (66),NA,NA,0,2,Shooting,NA
GO-20093132078,1/1/2009 5:00:00 AM,West Humber-Clairville (1),NA,NA,0,1,Shooting,NA
GO-20092863610,1/2/2009 5:00:00 AM,Moss Park (73),NA,NA,0,1,Shooting,NA
GO-20093178191,1/2/2009 5:00:00 AM,Black Creek (24),NA,NA,0,1,Shooting,NA
GO-20093122292,1/3/2009 5:00:00 AM,Black Creek (24),NA,NA,0,0,Firearm Discharge,NA
GO-20093148206,1/3/2009 5:00:00 AM,Humber Summit (21),NA,NA,1,0,Shooting,NA
GO-20093100835,1/4/2009 5:00:00 AM,Banbury-Don Mills (42),NA,NA,1,0,Shooting,NA
GO-20093095071,1/13/2009 5:00:00 AM,Woburn North (142),NA,NA,0,0,Firearm Discharge,NA
GO-20093134587,1/13/2009 5:00:00 AM,Humbermede (22),NA,NA,0,0,Firearm Discharge,NA
GO-20092451183,1/14/2009 5:00:00 AM,Flemingdon Park (44),NA,NA,0,2,Shooting,NA
GO-20093148903,1/16/2009 5:00:00 AM,Oakwood Village (107),NA,NA,0,0,Firearm Discharge,NA
GO-20093127904,1/17/2009 5:00:00 AM,South Parkdale (85),NA,NA,0,1,Shooting,NA
GO-20093043662,1/20/2009 5:00:00 AM,Keelesdale-Eglinton West (110),NA,NA,1,0,Shooting,NA
GO-20092403863,1/20/2009 5:00:00 AM,Mount Olive-Silverstone-Jamestown (2),NA,NA,0,1,Shooting,NA
GO-20093205863,1/22/2009 5:00:00 AM,West Humber-Clairville (1),NA,NA,0,2,Shooting,NA
GO-20093173044,1/22/2009 5:00:00 AM,Yonge-Bay Corridor (170),NA,NA,0,1,Shooting,NA
GO-20093167012,1/24/2009 5:00:00 AM,Englemount-Lawrence (32),NA,NA,0,0,Firearm Discharge,NA
GO-20092621600,1/24/2009 5:00:00 AM,Wellington Place (164),NA,NA,0,1,Shooting,NA
GO-20093120025,1/26/2009 5:00:00 AM,Brookhaven-Amesbury (30),NA,NA,0,1,Shooting,NA
GO-20093050863,1/30/2009 5:00:00 AM,Etobicoke West Mall (13),NA,NA,0,1,Shooting,NA
GO-20093214955,1/31/2009 5:00:00 AM,Elms-Old Rexdale (5),NA,NA,0,1,Shooting,NA
GO-20093065148,2/1/2009 5:00:00 AM,Weston (113),NA,NA,1,0,Shooting,NA
GO-20092859090,2/6/2009 5:00:00 AM,Malvern West (145),NA,NA,0,1,Shooting,NA
GO-20093114297,2/8/2009 5:00:00 AM,West Humber-Clairville (1),NA,NA,0,0,Firearm Discharge,NA
GO-20092864804,2/8/2009 5:00:00 AM,Bendale-Glen Andrew (156),NA,NA,0,1,Shooting,NA
GO-20092874543,2/10/2009 5:00:00 AM,Woburn North (142),NA,NA,1,0,Shooting,NA
GO-20093160143,2/13/2009 5:00:00 AM,York University Heights (27),NA,NA,0,0,Firearm Discharge,NA
GO-20092450415,2/13/2009 5:00:00 AM,Church-Wellesley (167),NA,NA,0,0,Firearm Discharge,NA
GO-20093231416,2/14/2009 5:00:00 AM,Yorkdale-Glen Park (31),NA,NA,0,0,Firearm Discharge,NA
GO-20093147236,2/15/2009 5:00:00 AM,West Humber-Clairville (1),NA,NA,0,0,Firearm Discharge,NA
GO-20093146914,2/20/2009 5:00:00 AM,Black Creek (24),NA,NA,0,1,Shooting,NA
GO-20093219112,2/20/2009 5:00:00 AM,Black Creek (24),NA,NA,0,1,Shooting,NA
GO-20093188008,2/21/2009 5:00:00 AM,Eringate-Centennial-West Deane (11),NA,NA,0,0,Firearm Discharge,NA
GO-20093219115,2/22/2009 5:00:00 AM,Black Creek (24),NA,NA,1,0,Shooting,NA
GO-20092927371,2/23/2009 5:00:00 AM,Oakwood Village (107),NA,NA,0,1,Shooting,NA
GO-20093177034,2/25/2009 5:00:00 AM,Wexford/Maryvale (119),NA,NA,0,1,Shooting,NA
GO-20092904889,2/26/2009 5:00:00 AM,Yonge-Bay Corridor (170),NA,NA,1,0,Shooting,NA
GO-20093202864,2/27/2009 5:00:00 AM,Eringate-Centennial-West Deane (11),NA,NA,0,1,Shooting,NA
GO-20093082434,2/28/2009 5:00:00 AM,Dorset Park (126),NA,NA,1,0,Shooting,NA
GO-20092456098,3/2/2009 5:00:00 AM,Downtown Yonge East (168),NA,NA,0,1,Shooting,NA
GO-20093146375,3/8/2009 5:00:00 AM,Woburn North (142),NA,NA,0,1,Shooting,NA
GO-20092863630,3/9/2009 4:00:00 AM,West Hill (136),NA,NA,0,0,Firearm Discharge,NA
GO-20093038898,3/9/2009 4:00:00 AM,Rockcliffe-Smythe (111),NA,NA,0,1,Shooting,NA
GO-20093160903,3/10/2009 4:00:00 AM,Yorkdale-Glen Park (31),NA,NA,0,0,Firearm Discharge,NA
GO-20093145435,3/14/2009 4:00:00 AM,Black Creek (24),NA,NA,0,0,Firearm Discharge,NA
GO-20093155098,3/14/2009 4:00:00 AM,St Lawrence-East Bayfront-The Islands (166),NA,NA,0,2,Shooting,NA
GO-20093141606,3/17/2009 4:00:00 AM,Downtown Yonge East (168),NA,NA,0,1,Shooting,NA
GO-20093221254,3/17/2009 4:00:00 AM,Black Creek (24),NA,NA,0,0,Firearm Discharge,NA
GO-20092865575,3/20/2009 4:00:00 AM,Bendale-Glen Andrew (156),NA,NA,0,1,Shooting,NA
GO-20093169325,3/21/2009 4:00:00 AM,Dorset Park (126),NA,NA,0,1,Shooting,NA
GO-20093148245,3/23/2009 4:00:00 AM,Black Creek (24),NA,NA,0,0,Firearm Discharge,NA
GO-20093259601,3/24/2009 4:00:00 AM,Bedford Park-Nortown (39),NA,NA,0,0,Firearm Discharge,NA
GO-20093044987,3/24/2009 4:00:00 AM,Black Creek (24),NA,NA,0,0,Firearm Discharge,NA
GO-20093221255,3/28/2009 4:00:00 AM,Weston (113),NA,NA,0,0,Firearm Discharge,NA
GO-20093214194,3/29/2009 4:00:00 AM,Downsview (155),NA,NA,0,0,Firearm Discharge,NA
GO-20093244553,3/29/2009 4:00:00 AM,Englemount-Lawrence (32),NA,NA,0,0,Firearm Discharge,NA
GO-20093134636,3/29/2009 4:00:00 AM,Englemount-Lawrence (32),NA,NA,0,1,Shooting,NA
GO-20093044723,3/31/2009 4:00:00 AM,Mount Olive-Silverstone-Jamestown (2),NA,NA,0,2,Shooting,NA
GO-20093180701,4/3/2009 4:00:00 AM,York University Heights (27),NA,NA,0,0,Firearm Discharge,NA
GO-20093098611,4/5/2009 4:00:00 AM,West Hill (136),NA,NA,0,1,Shooting,NA
GO-20092747241,4/8/2009 4:00:00 AM,Weston (113),NA,NA,0,0,Firearm Discharge,NA
GO-20093282385,4/8/2009 4:00:00 AM,NSA,NA,NA,0,0,Firearm Discharge,NA
GO-20093282377,4/9/2009 4:00:00 AM,NSA,NA,NA,0,0,Firearm Discharge,NA
GO-20093332149,4/16/2009 4:00:00 AM,Yorkdale-Glen Park (31),NA,NA,0,1,Shooting,NA
GO-20093256872,4/17/2009 4:00:00 AM,Kingsway South (15),NA,NA,0,1,Shooting,NA
GO-20093162057,4/18/2009 4:00:00 AM,Clairlea-Birchmount (120),NA,NA,0,1,Shooting,NA
GO-20093104776,4/21/2009 4:00:00 AM,Yonge-Bay Corridor (170),NA,NA,1,0,Shooting,NA
GO-20093185090,4/22/2009 4:00:00 AM,Mount Dennis (115),NA,NA,1,0,Shooting,NA
GO-20093148263,4/22/2009 4:00:00 AM,Glenfield-Jane Heights (25),NA,NA,0,2,Shooting,NA
GO-20092399418,4/24/2009 4:00:00 AM,Brookhaven-Amesbury (30),NA,NA,0,1,Shooting,NA
GO-20093294404,4/25/2009 4:00:00 AM,Clanton Park (33),NA,NA,0,1,Shooting,NA
GO-20092821191,4/26/2009 4:00:00 AM,Black Creek (24),NA,NA,0,0,Firearm Discharge,NA
GO-20093329698,4/27/2009 4:00:00 AM,Beechborough-Greenbrook (112),NA,NA,0,0,Firearm Discharge,NA
GO-20093264890,4/28/2009 4:00:00 AM,Yonge-Doris (151),NA,NA,0,1,Shooting,NA
GO-20093103646,5/1/2009 4:00:00 AM,Lambton Baby Point (114),NA,NA,1,0,Shooting,NA
GO-20093247404,5/3/2009 4:00:00 AM,Agincourt South-Malvern West (128),NA,NA,0,1,Shooting,NA
GO-20093329702,5/3/2009 4:00:00 AM,Mount Dennis (115),NA,NA,0,1,Shooting,NA
GO-20092716625,5/7/2009 4:00:00 AM,Fenside-Parkwoods (150),NA,NA,0,1,Shooting,NA
GO-20093328505,5/8/2009 4:00:00 AM,Oakdale-Beverley Heights (154),NA,NA,0,0,Firearm Discharge,NA
GO-20093253609,5/10/2009 4:00:00 AM,Etobicoke West Mall (13),NA,NA,0,6,Shooting,NA
GO-20093182294,5/11/2009 4:00:00 AM,Oakdale-Beverley Heights (154),NA,NA,0,0,Firearm Discharge,NA
GO-20093059077,5/11/2009 4:00:00 AM,Rockcliffe-Smythe (111),NA,NA,1,0,Shooting,NA
GO-20093044989,5/12/2009 4:00:00 AM,Oakdale-Beverley Heights (154),NA,NA,0,0,Firearm Discharge,NA
GO-20093236105,5/12/2009 4:00:00 AM,North St.James Town (74),NA,NA,0,0,Firearm Discharge,NA
GO-20093327797,5/12/2009 4:00:00 AM,Glenfield-Jane Heights (25),NA,NA,0,1,Shooting,NA
GO-20093204882,5/12/2009 4:00:00 AM,Humber Summit (21),NA,NA,0,1,Shooting,NA
GO-20093327799,5/13/2009 4:00:00 AM,Rustic (28),NA,NA,0,0,Firearm Discharge,NA
GO-20093059924,5/14/2009 4:00:00 AM,O'Connor-Parkview (54),NA,NA,0,0,Firearm Discharge,NA
GO-20093148280,5/14/2009 4:00:00 AM,York University Heights (27),NA,NA,0,1,Shooting,NA
GO-20093221294,5/17/2009 4:00:00 AM,Black Creek (24),NA,NA,0,0,Firearm Discharge,NA
GO-20093352031,5/18/2009 4:00:00 AM,Rustic (28),NA,NA,0,1,Shooting,NA
GO-20093327806,5/19/2009 4:00:00 AM,Pelmo Park-Humberlea (23),NA,NA,0,2,Shooting,NA
GO-20093326186,5/20/2009 4:00:00 AM,Oakridge (121),NA,NA,0,1,Shooting,NA
GO-20093354940,5/21/2009 4:00:00 AM,Weston (113),NA,NA,0,1,Shooting,NA
GO-20093369098,5/23/2009 4:00:00 AM,Morningside (135),NA,NA,0,0,Firearm Discharge,NA
GO-20092689899,5/26/2009 4:00:00 AM,West Hill (136),NA,NA,0,0,Firearm Discharge,NA
GO-20093378184,5/27/2009 4:00:00 AM,Keelesdale-Eglinton West (110),NA,NA,0,1,Shooting,NA
GO-20093227090,5/29/2009 4:00:00 AM,Woburn North (142),NA,NA,0,0,Firearm Discharge,NA
GO-20093131899,5/30/2009 4:00:00 AM,Maple Leaf (29),NA,NA,0,0,Firearm Discharge,NA
GO-20093206968,5/31/2009 4:00:00 AM,Elms-Old Rexdale (5),NA,NA,0,1,Shooting,NA
GO-20093356983,6/4/2009 4:00:00 AM,Cliffcrest (123),NA,NA,0,1,Shooting,NA
GO-20093323835,6/5/2009 4:00:00 AM,Mount Olive-Silverstone-Jamestown (2),NA,NA,0,1,Shooting,NA
GO-20093343561,6/5/2009 4:00:00 AM,Kingsview Village-The Westway (6),NA,NA,0,0,Firearm Discharge,NA
GO-20093360824,6/6/2009 4:00:00 AM,Oakdale-Beverley Heights (154),NA,NA,0,0,Firearm Discharge,NA
GO-20093437668,6/7/2009 4:00:00 AM,Glenfield-Jane Heights (25),NA,NA,0,0,Firearm Discharge,NA
GO-20093240636,6/7/2009 4:00:00 AM,Brookhaven-Amesbury (30),NA,NA,0,1,Shooting,NA
GO-20093250594,6/8/2009 4:00:00 AM,Kingsview Village-The Westway (6),NA,NA,0,0,Firearm Discharge,NA
GO-20093318591,6/9/2009 4:00:00 AM,Flemingdon Park (44),NA,NA,0,1,Shooting,NA
GO-20093413041,6/9/2009 4:00:00 AM,East End-Danforth (62),NA,NA,0,1,Shooting,NA
GO-20093148813,6/13/2009 4:00:00 AM,Scarborough Village (139),NA,NA,0,1,Shooting,NA
GO-20093205441,6/14/2009 4:00:00 AM,Regent Park (72),NA,NA,0,0,Firearm Discharge,NA
GO-20093198547,6/16/2009 4:00:00 AM,Brookhaven-Amesbury (30),NA,NA,0,3,Shooting,NA
GO-20092414756,6/17/2009 4:00:00 AM,NSA,NA,NA,0,0,Firearm Discharge,NA
GO-20093223809,6/18/2009 4:00:00 AM,Kingsview Village-The Westway (6),NA,NA,0,0,Firearm Discharge,NA
GO-20093438679,6/21/2009 4:00:00 AM,Black Creek (24),NA,NA,0,0,Firearm Discharge,NA
GO-20093329730,6/29/2009 4:00:00 AM,Beechborough-Greenbrook (112),NA,NA,0,1,Shooting,NA
GO-20092863500,7/1/2009 4:00:00 AM,Dorset Park (126),NA,NA,0,1,Shooting,NA
GO-20093480685,7/1/2009 4:00:00 AM,Kingsview Village-The Westway (6),NA,NA,0,2,Shooting,NA
GO-20093311438,7/1/2009 4:00:00 AM,Englemount-Lawrence (32),NA,NA,0,2,Shooting,NA
GO-20093473116,7/2/2009 4:00:00 AM,Bayview Village (52),NA,NA,0,0,Firearm Discharge,NA
GO-20093396056,7/8/2009 4:00:00 AM,West Humber-Clairville (1),NA,NA,0,1,Shooting,NA
GO-20093254284,7/11/2009 4:00:00 AM,Danforth (66),NA,NA,0,0,Firearm Discharge,NA
GO-20093477760,7/12/2009 4:00:00 AM,Oakwood Village (107),NA,NA,0,0,Firearm Discharge,NA
GO-20093369901,7/13/2009 4:00:00 AM,Wellington Place (164),NA,NA,0,1,Shooting,NA
GO-20093476346,7/14/2009 4:00:00 AM,High Park-Swansea (87),NA,NA,0,1,Shooting,NA
GO-20093448905,7/14/2009 4:00:00 AM,Greenwood-Coxwell (65),NA,NA,0,0,Firearm Discharge,NA
GO-20093299895,7/15/2009 4:00:00 AM,Yorkdale-Glen Park (31),NA,NA,0,1,Shooting,NA
GO-20093456752,7/16/2009 4:00:00 AM,Malvern East (146),NA,NA,0,1,Shooting,NA
GO-20093478693,7/16/2009 4:00:00 AM,Humbermede (22),NA,NA,0,0,Firearm Discharge,NA
GO-20093269030,7/17/2009 4:00:00 AM,Bendale-Glen Andrew (156),NA,NA,0,1,Shooting,NA
GO-20093464045,7/19/2009 4:00:00 AM,Moss Park (73),NA,NA,0,1,Shooting,NA
GO-20093501395,7/19/2009 4:00:00 AM,West Rouge (143),NA,NA,1,0,Shooting,NA
GO-20093507150,7/20/2009 4:00:00 AM,Englemount-Lawrence (32),NA,NA,0,0,Firearm Discharge,NA
GO-20093340932,7/22/2009 4:00:00 AM,Blake-Jones (69),NA,NA,0,0,Firearm Discharge,NA
GO-20093043503,7/22/2009 4:00:00 AM,Wellington Place (164),NA,NA,0,0,Firearm Discharge,NA
GO-20093502913,7/22/2009 4:00:00 AM,Clanton Park (33),NA,NA,0,1,Shooting,NA
GO-20093512297,7/22/2009 4:00:00 AM,Rustic (28),NA,NA,0,0,Firearm Discharge,NA
GO-20093478373,7/23/2009 4:00:00 AM,Humber Summit (21),NA,NA,0,0,Firearm Discharge,NA
GO-20093493833,7/23/2009 4:00:00 AM,Yorkdale-Glen Park (31),NA,NA,0,0,Firearm Discharge,NA
GO-20093318636,7/24/2009 4:00:00 AM,Flemingdon Park (44),NA,NA,0,1,Shooting,NA
GO-20093523913,7/25/2009 4:00:00 AM,University (79),NA,NA,1,0,Shooting,NA
GO-20093493112,7/29/2009 4:00:00 AM,Englemount-Lawrence (32),NA,NA,0,2,Shooting,NA
GO-20093515434,7/31/2009 4:00:00 AM,Mount Olive-Silverstone-Jamestown (2),NA,NA,0,0,Firearm Discharge,NA
GO-20093519679,7/31/2009 4:00:00 AM,Oakridge (121),NA,NA,0,1,Shooting,NA
GO-20093505649,8/1/2009 4:00:00 AM,Annex (95),NA,NA,1,1,Shooting,NA
GO-20093517059,8/2/2009 4:00:00 AM,Mount Olive-Silverstone-Jamestown (2),NA,NA,0,0,Firearm Discharge,NA
GO-20093523721,8/2/2009 4:00:00 AM,West Humber-Clairville (1),NA,NA,1,0,Shooting,NA
GO-20093185142,8/3/2009 4:00:00 AM,Rockcliffe-Smythe (111),NA,NA,0,0,Firearm Discharge,NA
GO-20093496560,8/3/2009 4:00:00 AM,Yorkdale-Glen Park (31),NA,NA,0,0,Firearm Discharge,NA
GO-20093532094,8/4/2009 4:00:00 AM,Brookhaven-Amesbury (30),NA,NA,0,1,Shooting,NA
GO-20093400897,8/4/2009 4:00:00 AM,Oakridge (121),NA,NA,0,2,Shooting,NA
GO-20093131913,8/4/2009 4:00:00 AM,Mount Olive-Silverstone-Jamestown (2),NA,NA,0,1,Shooting,NA
GO-20093363634,8/4/2009 4:00:00 AM,St Lawrence-East Bayfront-The Islands (166),NA,NA,1,0,Shooting,NA
GO-20093484566,8/4/2009 4:00:00 AM,Mount Olive-Silverstone-Jamestown (2),NA,NA,0,0,Firearm Discharge,NA
GO-20093348714,8/5/2009 4:00:00 AM,Eglinton East (138),NA,NA,1,0,Shooting,NA
GO-20093484568,8/5/2009 4:00:00 AM,Mount Olive-Silverstone-Jamestown (2),NA,NA,0,0,Firearm Discharge,NA
GO-20093520884,8/5/2009 4:00:00 AM,Weston-Pelham Park (91),NA,NA,0,0,Firearm Discharge,NA
GO-20093456796,8/6/2009 4:00:00 AM,Malvern West (145),NA,NA,0,0,Firearm Discharge,NA
GO-20093507378,8/10/2009 4:00:00 AM,Downsview (155),NA,NA,0,0,Firearm Discharge,NA
GO-20093515443,8/10/2009 4:00:00 AM,West Humber-Clairville (1),NA,NA,1,0,Shooting,NA
GO-20093131914,8/10/2009 4:00:00 AM,Glenfield-Jane Heights (25),NA,NA,0,0,Firearm Discharge,NA
GO-20093086036,8/11/2009 4:00:00 AM,Malvern East (146),NA,NA,0,0,Firearm Discharge,NA
GO-20093424192,8/13/2009 4:00:00 AM,Moss Park (73),NA,NA,0,1,Shooting,NA
GO-20093545730,8/14/2009 4:00:00 AM,Briar Hill-Belgravia (108),NA,NA,0,1,Shooting,NA
GO-20093185149,8/14/2009 4:00:00 AM,Brookhaven-Amesbury (30),NA,NA,0,1,Shooting,NA
GO-20093473165,8/14/2009 4:00:00 AM,Hillcrest Village (48),NA,NA,0,1,Shooting,NA
GO-20093527062,8/15/2009 4:00:00 AM,NSA,NA,NA,0,1,Shooting,NA
GO-20093349249,8/15/2009 4:00:00 AM,Rockcliffe-Smythe (111),NA,NA,0,1,Shooting,NA
GO-20093360180,8/15/2009 4:00:00 AM,West Humber-Clairville (1),NA,NA,0,0,Firearm Discharge,NA
GO-20093523004,8/16/2009 4:00:00 AM,Mount Olive-Silverstone-Jamestown (2),NA,NA,1,0,Shooting,NA
GO-20093507478,8/16/2009 4:00:00 AM,Newtonbrook East (50),NA,NA,0,1,Shooting,NA
GO-20093457263,8/18/2009 4:00:00 AM,Danforth (66),NA,NA,0,0,Firearm Discharge,NA
GO-20093515455,8/20/2009 4:00:00 AM,Kingsview Village-The Westway (6),NA,NA,0,0,Firearm Discharge,NA
GO-20093550077,8/24/2009 4:00:00 AM,Black Creek (24),NA,NA,0,0,Firearm Discharge,NA
GO-20093200302,8/24/2009 4:00:00 AM,East L'Amoreaux (148),NA,NA,0,1,Shooting,NA
GO-20093044754,8/25/2009 4:00:00 AM,Humber Heights-Westmount (8),NA,NA,0,0,Firearm Discharge,NA
GO-20093424639,8/25/2009 4:00:00 AM,Rockcliffe-Smythe (111),NA,NA,0,1,Shooting,NA
GO-20093514042,8/25/2009 4:00:00 AM,Glenfield-Jane Heights (25),NA,NA,0,2,Shooting,NA
GO-20093419601,8/26/2009 4:00:00 AM,Oakwood Village (107),NA,NA,0,0,Firearm Discharge,NA
GO-20093507882,8/29/2009 4:00:00 AM,Newtonbrook East (50),NA,NA,0,0,Firearm Discharge,NA
GO-20093501819,8/30/2009 4:00:00 AM,Islington (158),NA,NA,0,0,Firearm Discharge,NA
GO-20093448946,9/2/2009 4:00:00 AM,Blake-Jones (69),NA,NA,1,0,Shooting,NA
GO-20093502254,9/4/2009 4:00:00 AM,Newtonbrook East (50),NA,NA,0,0,Firearm Discharge,NA
GO-20093576028,9/5/2009 4:00:00 AM,St Lawrence-East Bayfront-The Islands (166),NA,NA,1,0,Shooting,NA
GO-20093509344,9/7/2009 4:00:00 AM,NSA,NA,NA,0,1,Shooting,NA
GO-20093269913,9/7/2009 4:00:00 AM,Bayview Woods-Steeles (49),NA,NA,1,0,Shooting,NA
GO-20092842631,9/7/2009 4:00:00 AM,Morningside (135),NA,NA,0,0,Firearm Discharge,NA
GO-20093403212,9/8/2009 4:00:00 AM,Kensington-Chinatown (78),NA,NA,0,2,Shooting,NA
GO-20092826015,9/8/2009 4:00:00 AM,Wellington Place (164),NA,NA,0,1,Shooting,NA
GO-20093461799,9/9/2009 4:00:00 AM,Oakwood Village (107),NA,NA,0,1,Shooting,NA
GO-20093513847,9/12/2009 4:00:00 AM,Junction Area (90),NA,NA,0,1,Shooting,NA
GO-20093566947,9/13/2009 4:00:00 AM,Clairlea-Birchmount (120),NA,NA,0,1,Shooting,NA
GO-20093560496,9/18/2009 4:00:00 AM,Yorkdale-Glen Park (31),NA,NA,0,0,Firearm Discharge,NA
GO-20093519741,9/23/2009 4:00:00 AM,Kingsview Village-The Westway (6),NA,NA,0,1,Shooting,NA
GO-20093523774,9/23/2009 4:00:00 AM,Kingsview Village-The Westway (6),NA,NA,0,1,Shooting,NA
GO-20093578468,9/25/2009 4:00:00 AM,Morningside Heights (144),NA,NA,0,1,Shooting,NA
GO-20093602908,9/26/2009 4:00:00 AM,Scarborough Village (139),NA,NA,0,1,Shooting,NA
GO-20093484616,10/7/2009 4:00:00 AM,Humber Heights-Westmount (8),NA,NA,0,0,Firearm Discharge,NA
GO-20093255598,10/10/2009 4:00:00 AM,South Eglinton-Davisville (174),NA,NA,0,0,Firearm Discharge,NA
GO-20093528405,10/10/2009 4:00:00 AM,South Parkdale (85),NA,NA,1,1,Shooting,NA
GO-20093556243,10/11/2009 4:00:00 AM,Mount Olive-Silverstone-Jamestown (2),NA,NA,0,0,Firearm Discharge,NA
GO-20093440289,10/12/2009 4:00:00 AM,Humbermede (22),NA,NA,0,0,Firearm Discharge,NA
GO-20093610172,10/13/2009 4:00:00 AM,Rustic (28),NA,NA,0,3,Shooting,NA
GO-20093586926,10/13/2009 4:00:00 AM,Casa Loma (96),NA,NA,0,0,Firearm Discharge,NA
GO-20093526142,10/13/2009 4:00:00 AM,Mount Olive-Silverstone-Jamestown (2),NA,NA,0,1,Shooting,NA
GO-20093378905,10/14/2009 4:00:00 AM,Clairlea-Birchmount (120),NA,NA,0,0,Firearm Discharge,NA
GO-20093524643,10/18/2009 4:00:00 AM,York University Heights (27),NA,NA,1,4,Shooting,NA
GO-20093425603,10/30/2009 4:00:00 AM,Wychwood (94),NA,NA,1,1,Shooting,NA
GO-20093335167,11/1/2009 4:00:00 AM,Blake-Jones (69),NA,NA,0,0,Firearm Discharge,NA
GO-20093546545,11/2/2009 5:00:00 AM,Agincourt South-Malvern West (128),NA,NA,0,0,Firearm Discharge,NA
GO-20093588501,11/2/2009 5:00:00 AM,Playter Estates-Danforth (67),NA,NA,1,0,Shooting,NA
GO-20093454028,11/3/2009 5:00:00 AM,York University Heights (27),NA,NA,1,0,Shooting,NA
GO-20093281624,11/4/2009 5:00:00 AM,Kennedy Park (124),NA,NA,0,1,Shooting,NA
GO-20093592802,11/8/2009 5:00:00 AM,Humber Summit (21),NA,NA,0,0,Firearm Discharge,NA
GO-20093575074,11/8/2009 5:00:00 AM,Bendale-Glen Andrew (156),NA,NA,0,1,Shooting,NA
GO-20093586456,11/8/2009 5:00:00 AM,Greenwood-Coxwell (65),NA,NA,0,0,Firearm Discharge,NA
GO-20093539872,11/9/2009 5:00:00 AM,Oakwood Village (107),NA,NA,0,2,Shooting,NA
GO-20093598970,11/11/2009 5:00:00 AM,Fenside-Parkwoods (150),NA,NA,0,1,Shooting,NA
GO-20093425609,11/11/2009 5:00:00 AM,Oakwood Village (107),NA,NA,1,0,Shooting,NA
GO-20093592918,11/13/2009 5:00:00 AM,Glenfield-Jane Heights (25),NA,NA,0,0,Firearm Discharge,NA
GO-20093496685,11/14/2009 5:00:00 AM,Little Portugal (84),NA,NA,0,1,Shooting,NA
GO-20093395774,11/14/2009 5:00:00 AM,High Park North (88),NA,NA,0,0,Firearm Discharge,NA
GO-20093574794,11/14/2009 5:00:00 AM,Downsview (155),NA,NA,0,0,Firearm Discharge,NA
GO-20093532167,11/14/2009 5:00:00 AM,Brookhaven-Amesbury (30),NA,NA,0,0,Firearm Discharge,NA
GO-20093565259,11/15/2009 5:00:00 AM,Thistletown-Beaumond Heights (3),NA,NA,0,0,Firearm Discharge,NA
GO-20092776015,11/17/2009 5:00:00 AM,Kingsview Village-The Westway (6),NA,NA,1,0,Shooting,NA
GO-20093438920,11/17/2009 5:00:00 AM,Glenfield-Jane Heights (25),NA,NA,0,0,Firearm Discharge,NA
GO-20093567875,11/17/2009 5:00:00 AM,Glenfield-Jane Heights (25),NA,NA,0,0,Firearm Discharge,NA
GO-20093565262,11/17/2009 5:00:00 AM,Rockcliffe-Smythe (111),NA,NA,0,0,Firearm Discharge,NA
GO-20093358995,11/22/2009 5:00:00 AM,Bay-Cloverhill (169),NA,NA,1,0,Shooting,NA
GO-20093577507,11/22/2009 5:00:00 AM,Bendale-Glen Andrew (156),NA,NA,1,4,Shooting,NA
GO-20093651679,11/22/2009 5:00:00 AM,Englemount-Lawrence (32),NA,NA,0,0,Firearm Discharge,NA
GO-20093613615,11/23/2009 5:00:00 AM,Yorkdale-Glen Park (31),NA,NA,0,0,Firearm Discharge,NA
GO-20093549633,11/24/2009 5:00:00 AM,Yorkdale-Glen Park (31),NA,NA,0,0,Firearm Discharge,NA
GO-20093639909,11/26/2009 5:00:00 AM,Glenfield-Jane Heights (25),NA,NA,0,1,Shooting,NA
GO-20093629696,11/27/2009 5:00:00 AM,Weston (113),NA,NA,0,0,Firearm Discharge,NA
GO-20093607373,11/28/2009 5:00:00 AM,Brookhaven-Amesbury (30),NA,NA,0,0,Firearm Discharge,NA
GO-20093687835,12/3/2009 5:00:00 AM,Rustic (28),NA,NA,1,3,Shooting,NA
GO-20093543606,12/5/2009 5:00:00 AM,L'Amoreaux West (147),NA,NA,0,0,Firearm Discharge,NA
GO-20093567900,12/6/2009 5:00:00 AM,Yonge-Bay Corridor (170),NA,NA,1,0,Shooting,NA
GO-20093574814,12/7/2009 5:00:00 AM,Weston (113),NA,NA,1,0,Shooting,NA
GO-20093682191,12/7/2009 5:00:00 AM,Islington (158),NA,NA,0,1,Shooting,NA
GO-20093565796,12/9/2009 5:00:00 AM,Oakdale-Beverley Heights (154),NA,NA,1,1,Shooting,NA
GO-20093148861,12/13/2009 5:00:00 AM,Scarborough Village (139),NA,NA,0,0,Firearm Discharge,NA
GO-20093594791,12/14/2009 5:00:00 AM,Eglinton East (138),NA,NA,0,0,Firearm Discharge,NA
GO-20093502783,12/15/2009 5:00:00 AM,Junction-Wallace Emerson (171),NA,NA,0,1,Shooting,NA
GO-20093643607,12/15/2009 5:00:00 AM,Scarborough Village (139),NA,NA,0,0,Firearm Discharge,NA
GO-20093665125,12/16/2009 5:00:00 AM,East End-Danforth (62),NA,NA,0,1,Shooting,NA
GO-20093648346,12/21/2009 5:00:00 AM,West Humber-Clairville (1),NA,NA,0,0,Firearm Discharge,NA
GO-20093648963,12/24/2009 5:00:00 AM,Rockcliffe-Smythe (111),NA,NA,0,0,Firearm Discharge,NA
GO-20093565814,12/28/2009 5:00:00 AM,Glenfield-Jane Heights (25),NA,NA,0,0,Firearm Discharge,NA
GO-20093543317,12/29/2009 5:00:00 AM,Junction Area (90),NA,NA,1,0,Shooting,NA
GO-20103604082,1/2/2010 5:00:00 AM,Golfdale-Cedarbrae-Woburn (141),NA,NA,0,0,Firearm Discharge,NA
GO-20103665325,1/7/2010 5:00:00 AM,Yorkdale-Glen Park (31),NA,NA,0,1,Shooting,NA
GO-20103133204,1/7/2010 5:00:00 AM,Scarborough Village (139),NA,NA,0,1,Shooting,NA
GO-20103566324,1/7/2010 5:00:00 AM,Malvern East (146),NA,NA,1,0,Shooting,NA
GO-20102836521,1/7/2010 5:00:00 AM,Yonge-Doris (151),NA,NA,0,2,Shooting,NA
GO-20103651830,1/10/2010 5:00:00 AM,Edenbridge-Humber Valley (9),NA,NA,0,1,Shooting,NA
GO-20103720862,1/14/2010 5:00:00 AM,Old East York (58),NA,NA,0,1,Shooting,NA
GO-20103688752,1/14/2010 5:00:00 AM,Malvern East (146),NA,NA,0,0,Firearm Discharge,NA
GO-20103622303,1/15/2010 5:00:00 AM,Kensington-Chinatown (78),NA,NA,0,1,Shooting,NA
GO-20103597324,1/15/2010 5:00:00 AM,West Hill (136),NA,NA,0,0,Firearm Discharge,NA
GO-20103631268,1/21/2010 5:00:00 AM,Downtown Yonge East (168),NA,NA,0,1,Shooting,NA
GO-20103658361,1/24/2010 5:00:00 AM,East End-Danforth (62),NA,NA,0,0,Firearm Discharge,NA
GO-20103651358,1/29/2010 5:00:00 AM,Weston (113),NA,NA,0,1,Shooting,NA
GO-20103648874,1/29/2010 5:00:00 AM,Regent Park (72),NA,NA,0,0,Firearm Discharge,NA
GO-20103669221,1/30/2010 5:00:00 AM,Stonegate-Queensway (16),NA,NA,0,0,Firearm Discharge,NA
GO-20103688461,2/1/2010 5:00:00 AM,Rustic (28),NA,NA,0,0,Firearm Discharge,NA
GO-20103607715,2/1/2010 5:00:00 AM,Englemount-Lawrence (32),NA,NA,0,0,Firearm Discharge,NA
GO-20103713412,2/7/2010 5:00:00 AM,Brookhaven-Amesbury (30),NA,NA,1,0,Shooting,NA
GO-20103575518,2/7/2010 5:00:00 AM,East L'Amoreaux (148),NA,NA,0,0,Firearm Discharge,NA
GO-20103531726,2/8/2010 5:00:00 AM,Regent Park (72),NA,NA,0,0,Firearm Discharge,NA
GO-20103448094,2/8/2010 5:00:00 AM,Rustic (28),NA,NA,1,0,Shooting,NA
GO-20103726241,2/14/2010 5:00:00 AM,Alderwood (20),NA,NA,0,1,Shooting,NA
GO-20103133207,2/14/2010 5:00:00 AM,Cliffcrest (123),NA,NA,0,1,Shooting,NA
GO-20103731573,2/18/2010 5:00:00 AM,Kensington-Chinatown (78),NA,NA,0,0,Firearm Discharge,NA
GO-20103683618,2/20/2010 5:00:00 AM,Trinity-Bellwoods (81),NA,NA,0,1,Shooting,NA
GO-20103593264,2/21/2010 5:00:00 AM,Malvern West (145),NA,NA,0,0,Firearm Discharge,NA
GO-20103661422,2/22/2010 5:00:00 AM,Highland Creek (134),NA,NA,0,1,Shooting,NA
GO-20103695468,2/27/2010 5:00:00 AM,Mount Dennis (115),NA,NA,0,0,Firearm Discharge,NA
GO-20103720091,3/2/2010 5:00:00 AM,Mount Olive-Silverstone-Jamestown (2),NA,NA,0,0,Firearm Discharge,NA
GO-20103687740,3/5/2010 5:00:00 AM,Rockcliffe-Smythe (111),NA,NA,0,0,Firearm Discharge,NA
GO-20103537681,3/6/2010 5:00:00 AM,St Lawrence-East Bayfront-The Islands (166),NA,NA,0,1,Shooting,NA
GO-20103679248,3/9/2010 5:00:00 AM,West Humber-Clairville (1),NA,NA,0,1,Shooting,NA
GO-20103740776,3/9/2010 5:00:00 AM,Mount Olive-Silverstone-Jamestown (2),NA,NA,0,0,Firearm Discharge,NA
GO-20103657723,3/9/2010 5:00:00 AM,Dorset Park (126),NA,NA,0,0,Firearm Discharge,NA
GO-20103577003,3/11/2010 5:00:00 AM,West Hill (136),NA,NA,1,0,Shooting,NA
GO-20103126544,3/14/2010 5:00:00 AM,Malvern East (146),NA,NA,0,1,Shooting,NA
GO-20103685759,3/16/2010 4:00:00 AM,Glenfield-Jane Heights (25),NA,NA,0,0,Firearm Discharge,NA
GO-20103529670,3/18/2010 4:00:00 AM,Rockcliffe-Smythe (111),NA,NA,0,0,Firearm Discharge,NA
GO-20103666616,3/19/2010 4:00:00 AM,Mount Olive-Silverstone-Jamestown (2),NA,NA,0,1,Shooting,NA
GO-20103708162,3/19/2010 4:00:00 AM,Black Creek (24),NA,NA,0,0,Firearm Discharge,NA
GO-20103617774,3/25/2010 4:00:00 AM,Etobicoke West Mall (13),NA,NA,0,0,Firearm Discharge,NA
GO-20103584350,3/28/2010 4:00:00 AM,Malvern West (145),NA,NA,0,0,Firearm Discharge,NA
GO-20103444883,4/1/2010 4:00:00 AM,Kensington-Chinatown (78),NA,NA,0,1,Shooting,NA
GO-20103671729,4/2/2010 4:00:00 AM,Dorset Park (126),NA,NA,0,2,Shooting,NA
GO-20103713448,4/2/2010 4:00:00 AM,Weston-Pelham Park (91),NA,NA,0,1,Shooting,NA
GO-20103643647,4/4/2010 4:00:00 AM,Golfdale-Cedarbrae-Woburn (141),NA,NA,0,0,Firearm Discharge,NA
GO-20103613933,4/10/2010 4:00:00 AM,High Park North (88),NA,NA,0,1,Shooting,NA
GO-20103533139,4/10/2010 4:00:00 AM,Yorkdale-Glen Park (31),NA,NA,0,1,Shooting,NA
GO-20103655788,4/11/2010 4:00:00 AM,Golfdale-Cedarbrae-Woburn (141),NA,NA,0,0,Firearm Discharge,NA
GO-20103582609,4/13/2010 4:00:00 AM,Oakdale-Beverley Heights (154),NA,NA,0,0,Firearm Discharge,NA
GO-20103738336,4/13/2010 4:00:00 AM,Englemount-Lawrence (32),NA,NA,0,0,Firearm Discharge,NA
GO-20103462319,4/13/2010 4:00:00 AM,Oakwood Village (107),NA,NA,0,0,Firearm Discharge,NA
GO-20103708574,4/18/2010 4:00:00 AM,Glenfield-Jane Heights (25),NA,NA,0,1,Shooting,NA
GO-20103713309,4/23/2010 4:00:00 AM,Humber Bay Shores (161),NA,NA,0,1,Shooting,NA
GO-20103456198,4/23/2010 4:00:00 AM,Golfdale-Cedarbrae-Woburn (141),NA,NA,0,1,Shooting,NA
GO-20103711725,4/23/2010 4:00:00 AM,Weston (113),NA,NA,0,1,Shooting,NA
GO-20103732805,4/25/2010 4:00:00 AM,Humber Heights-Westmount (8),NA,NA,0,2,Shooting,NA
GO-20103455843,4/27/2010 4:00:00 AM,Glenfield-Jane Heights (25),NA,NA,0,1,Shooting,NA
GO-20103823680,5/2/2010 4:00:00 AM,Kensington-Chinatown (78),NA,NA,0,0,Firearm Discharge,NA
GO-20103427476,5/3/2010 4:00:00 AM,Oakwood Village (107),NA,NA,1,0,Shooting,NA
GO-20103515868,5/8/2010 4:00:00 AM,Humbermede (22),NA,NA,0,0,Firearm Discharge,NA
GO-20103842165,5/12/2010 4:00:00 AM,Agincourt South-Malvern West (128),NA,NA,0,0,Firearm Discharge,NA
GO-20103740835,5/12/2010 4:00:00 AM,Mount Olive-Silverstone-Jamestown (2),NA,NA,0,0,Firearm Discharge,NA
GO-20103783339,5/13/2010 4:00:00 AM,Bayview Village (52),NA,NA,0,1,Shooting,NA
GO-20103577964,5/17/2010 4:00:00 AM,Beechborough-Greenbrook (112),NA,NA,1,0,Shooting,NA
GO-20103419441,5/18/2010 4:00:00 AM,Rockcliffe-Smythe (111),NA,NA,0,0,Firearm Discharge,NA
GO-20103462441,5/22/2010 4:00:00 AM,West Humber-Clairville (1),NA,NA,0,1,Shooting,NA
GO-20103849557,5/24/2010 4:00:00 AM,Glenfield-Jane Heights (25),NA,NA,0,0,Firearm Discharge,NA
GO-20103849148,5/24/2010 4:00:00 AM,Englemount-Lawrence (32),NA,NA,0,0,Firearm Discharge,NA
GO-20103726182,5/24/2010 4:00:00 AM,Glenfield-Jane Heights (25),NA,NA,0,1,Shooting,NA
GO-20103762592,5/25/2010 4:00:00 AM,Englemount-Lawrence (32),NA,NA,0,1,Shooting,NA
GO-20103528237,5/26/2010 4:00:00 AM,Fenside-Parkwoods (150),NA,NA,0,1,Shooting,NA
GO-20103789143,5/26/2010 4:00:00 AM,Glenfield-Jane Heights (25),NA,NA,0,0,Firearm Discharge,NA
GO-20103734071,5/29/2010 4:00:00 AM,Kensington-Chinatown (78),NA,NA,0,1,Shooting,NA
GO-20103644289,5/31/2010 4:00:00 AM,Junction-Wallace Emerson (171),NA,NA,0,1,Shooting,NA
GO-20103538498,6/1/2010 4:00:00 AM,Regent Park (72),NA,NA,0,0,Firearm Discharge,NA
GO-20103762306,6/1/2010 4:00:00 AM,Guildwood (140),NA,NA,0,0,Firearm Discharge,NA
GO-20103711756,6/5/2010 4:00:00 AM,Black Creek (24),NA,NA,0,0,Firearm Discharge,NA
GO-20103633923,6/6/2010 4:00:00 AM,Humbermede (22),NA,NA,0,0,Firearm Discharge,NA
GO-20103823536,6/7/2010 4:00:00 AM,South Parkdale (85),NA,NA,0,0,Firearm Discharge,NA
GO-20103862340,6/8/2010 4:00:00 AM,NSA,NA,NA,0,0,Firearm Discharge,NA
GO-20103664891,6/11/2010 4:00:00 AM,Weston (113),NA,NA,0,1,Shooting,NA
GO-20103773142,6/11/2010 4:00:00 AM,Weston (113),NA,NA,0,1,Shooting,NA
GO-20103757759,6/13/2010 4:00:00 AM,Oakridge (121),NA,NA,0,2,Shooting,NA
GO-20103476092,6/17/2010 4:00:00 AM,Weston (113),NA,NA,0,0,Firearm Discharge,NA
GO-20103664274,6/19/2010 4:00:00 AM,Kensington-Chinatown (78),NA,NA,0,1,Shooting,NA
GO-20103133225,6/19/2010 4:00:00 AM,Bendale-Glen Andrew (156),NA,NA,0,1,Shooting,NA
GO-20103574836,6/20/2010 4:00:00 AM,Humber Summit (21),NA,NA,0,0,Firearm Discharge,NA
GO-20103762810,6/21/2010 4:00:00 AM,Scarborough Village (139),NA,NA,0,1,Shooting,NA
GO-20103515192,6/24/2010 4:00:00 AM,Oakridge (121),NA,NA,0,2,Shooting,NA
GO-20103845016,6/25/2010 4:00:00 AM,Brookhaven-Amesbury (30),NA,NA,0,0,Firearm Discharge,NA
GO-20102413416,6/26/2010 4:00:00 AM,East L'Amoreaux (148),NA,NA,0,1,Shooting,NA
GO-20103804815,6/27/2010 4:00:00 AM,Elms-Old Rexdale (5),NA,NA,0,0,Firearm Discharge,NA
GO-20103816829,6/28/2010 4:00:00 AM,Glenfield-Jane Heights (25),NA,NA,0,0,Firearm Discharge,NA
GO-20103807929,6/29/2010 4:00:00 AM,Humber Bay Shores (161),NA,NA,0,0,Firearm Discharge,NA
GO-20103695792,7/2/2010 4:00:00 AM,Parkwoods-O'Connor Hills (149),NA,NA,0,1,Shooting,NA
GO-20103776066,7/2/2010 4:00:00 AM,Downsview (155),NA,NA,1,0,Shooting,NA
GO-20103856995,7/3/2010 4:00:00 AM,West Rouge (143),NA,NA,0,0,Firearm Discharge,NA
GO-20103859861,7/3/2010 4:00:00 AM,West Humber-Clairville (1),NA,NA,0,0,Firearm Discharge,NA
GO-20103825553,7/4/2010 4:00:00 AM,Regent Park (72),NA,NA,0,2,Shooting,NA
GO-20103735763,7/4/2010 4:00:00 AM,Rustic (28),NA,NA,0,2,Shooting,NA
GO-20103762824,7/4/2010 4:00:00 AM,Golfdale-Cedarbrae-Woburn (141),NA,NA,0,0,Firearm Discharge,NA
GO-20103809416,7/4/2010 4:00:00 AM,Milliken (130),NA,NA,0,1,Shooting,NA
GO-20103746943,7/4/2010 4:00:00 AM,Weston (113),NA,NA,0,0,Firearm Discharge,NA
GO-20103787248,7/4/2010 4:00:00 AM,Oakdale-Beverley Heights (154),NA,NA,0,1,Shooting,NA
GO-20103757791,7/6/2010 4:00:00 AM,Bendale-Glen Andrew (156),NA,NA,1,0,Shooting,NA
GO-20103807892,7/7/2010 4:00:00 AM,Glenfield-Jane Heights (25),NA,NA,0,0,Firearm Discharge,NA
GO-20103785149,7/8/2010 4:00:00 AM,Woburn North (142),NA,NA,0,0,Firearm Discharge,NA
GO-20103886506,7/8/2010 4:00:00 AM,Oakdale-Beverley Heights (154),NA,NA,0,0,Firearm Discharge,NA
GO-20103786271,7/9/2010 4:00:00 AM,Elms-Old Rexdale (5),NA,NA,0,0,Firearm Discharge,NA
GO-20103746947,7/10/2010 4:00:00 AM,Rockcliffe-Smythe (111),NA,NA,0,1,Shooting,NA
GO-20103768771,7/10/2010 4:00:00 AM,NSA,NA,NA,0,0,Firearm Discharge,NA
GO-20103360930,7/10/2010 4:00:00 AM,Kensington-Chinatown (78),NA,NA,1,0,Shooting,NA
GO-20103883089,7/10/2010 4:00:00 AM,Flemingdon Park (44),NA,NA,0,1,Shooting,NA
GO-20103877629,7/11/2010 4:00:00 AM,Mount Dennis (115),NA,NA,0,1,Shooting,NA
GO-20103708624,7/12/2010 4:00:00 AM,Black Creek (24),NA,NA,0,0,Firearm Discharge,NA
GO-20103587228,7/13/2010 4:00:00 AM,Flemingdon Park (44),NA,NA,1,0,Shooting,NA
GO-20103803013,7/14/2010 4:00:00 AM,Oakdale-Beverley Heights (154),NA,NA,0,0,Firearm Discharge,NA
GO-20103686077,7/16/2010 4:00:00 AM,Agincourt South-Malvern West (128),NA,NA,1,0,Shooting,NA
GO-20103544941,7/16/2010 4:00:00 AM,North St.James Town (74),NA,NA,0,0,Firearm Discharge,NA
GO-20103832872,7/18/2010 4:00:00 AM,Glenfield-Jane Heights (25),NA,NA,0,0,Firearm Discharge,NA
GO-20103800818,7/18/2010 4:00:00 AM,NSA,NA,NA,0,0,Firearm Discharge,NA
GO-20103743439,7/19/2010 4:00:00 AM,Regent Park (72),NA,NA,0,0,Firearm Discharge,NA
GO-20103648540,7/22/2010 4:00:00 AM,NSA,NA,NA,0,0,Firearm Discharge,NA
GO-20103663046,7/23/2010 4:00:00 AM,North Toronto (173),NA,NA,0,0,Firearm Discharge,NA
GO-20103847250,7/23/2010 4:00:00 AM,Englemount-Lawrence (32),NA,NA,0,0,Firearm Discharge,NA
GO-20103810425,7/23/2010 4:00:00 AM,L'Amoreaux West (147),NA,NA,0,0,Firearm Discharge,NA
GO-20103875191,7/23/2010 4:00:00 AM,Englemount-Lawrence (32),NA,NA,0,0,Firearm Discharge,NA
GO-20103825918,7/23/2010 4:00:00 AM,St Lawrence-East Bayfront-The Islands (166),NA,NA,0,1,Shooting,NA
GO-20103804848,7/26/2010 4:00:00 AM,West Humber-Clairville (1),NA,NA,1,0,Shooting,NA
GO-20103397840,7/27/2010 4:00:00 AM,Lambton Baby Point (114),NA,NA,0,1,Shooting,NA
GO-20103908971,7/27/2010 4:00:00 AM,Dufferin Grove (83),NA,NA,0,0,Firearm Discharge,NA
GO-20103880874,7/28/2010 4:00:00 AM,Kingsview Village-The Westway (6),NA,NA,0,0,Firearm Discharge,NA
GO-20103520868,7/30/2010 4:00:00 AM,Glenfield-Jane Heights (25),NA,NA,1,0,Shooting,NA
GO-20103745933,7/30/2010 4:00:00 AM,Trinity-Bellwoods (81),NA,NA,0,4,Shooting,NA
GO-20103816860,8/2/2010 4:00:00 AM,Weston (113),NA,NA,0,1,Shooting,NA
GO-20103786509,8/4/2010 4:00:00 AM,Moss Park (73),NA,NA,0,1,Shooting,NA
GO-20103801996,8/5/2010 4:00:00 AM,Clairlea-Birchmount (120),NA,NA,0,1,Shooting,NA
GO-20103520078,8/6/2010 4:00:00 AM,Wexford/Maryvale (119),NA,NA,0,1,Shooting,NA
GO-20103868945,8/7/2010 4:00:00 AM,Malvern East (146),NA,NA,0,0,Firearm Discharge,NA
GO-20103841789,8/7/2010 4:00:00 AM,Oakridge (121),NA,NA,0,2,Shooting,NA
GO-20103770911,8/8/2010 4:00:00 AM,Morningside Heights (144),NA,NA,0,0,Firearm Discharge,NA
GO-20103877117,8/8/2010 4:00:00 AM,Humber Summit (21),NA,NA,0,1,Shooting,NA
GO-20103838148,8/9/2010 4:00:00 AM,Leaside-Bennington (56),NA,NA,0,1,Shooting,NA
GO-20103819002,8/13/2010 4:00:00 AM,Elms-Old Rexdale (5),NA,NA,0,0,Firearm Discharge,NA
GO-20103577793,8/14/2010 4:00:00 AM,North St.James Town (74),NA,NA,1,0,Shooting,NA
GO-20103436989,8/14/2010 4:00:00 AM,Etobicoke City Centre (159),NA,NA,1,0,Shooting,NA
GO-20103841607,8/15/2010 4:00:00 AM,Glenfield-Jane Heights (25),NA,NA,0,0,Firearm Discharge,NA
GO-20103716767,8/15/2010 4:00:00 AM,Malvern East (146),NA,NA,0,0,Firearm Discharge,NA
GO-20103830863,8/16/2010 4:00:00 AM,Black Creek (24),NA,NA,0,1,Shooting,NA
GO-20103776104,8/19/2010 4:00:00 AM,Humber Summit (21),NA,NA,0,0,Firearm Discharge,NA
GO-20103826927,8/20/2010 4:00:00 AM,High Park-Swansea (87),NA,NA,0,1,Shooting,NA
GO-20103589138,8/22/2010 4:00:00 AM,Blake-Jones (69),NA,NA,0,1,Shooting,NA
GO-20103880545,8/23/2010 4:00:00 AM,Yorkdale-Glen Park (31),NA,NA,0,0,Firearm Discharge,NA
GO-20103773675,8/24/2010 4:00:00 AM,Englemount-Lawrence (32),NA,NA,1,1,Shooting,NA
GO-20103858835,8/24/2010 4:00:00 AM,Mimico-Queensway (160),NA,NA,0,1,Shooting,NA
GO-20103841612,8/25/2010 4:00:00 AM,Weston (113),NA,NA,0,0,Firearm Discharge,NA
GO-20103721517,8/25/2010 4:00:00 AM,Rockcliffe-Smythe (111),NA,NA,0,3,Shooting,NA
GO-20103816887,8/25/2010 4:00:00 AM,NSA,NA,NA,0,1,Shooting,NA
GO-20103525434,8/26/2010 4:00:00 AM,Kensington-Chinatown (78),NA,NA,0,1,Shooting,NA
GO-20103778563,8/27/2010 4:00:00 AM,South Parkdale (85),NA,NA,0,1,Shooting,NA
GO-20103925291,8/27/2010 4:00:00 AM,Flemingdon Park (44),NA,NA,0,0,Firearm Discharge,NA
GO-20103859469,8/27/2010 4:00:00 AM,East End-Danforth (62),NA,NA,0,0,Firearm Discharge,NA
GO-20103616725,8/28/2010 4:00:00 AM,Junction Area (90),NA,NA,0,0,Firearm Discharge,NA
GO-20103842750,8/31/2010 4:00:00 AM,Bendale-Glen Andrew (156),NA,NA,0,2,Shooting,NA
GO-20103842752,9/1/2010 4:00:00 AM,Englemount-Lawrence (32),NA,NA,0,1,Shooting,NA
GO-20103825596,9/2/2010 4:00:00 AM,Moss Park (73),NA,NA,0,0,Firearm Discharge,NA
GO-20103905244,9/2/2010 4:00:00 AM,Agincourt North (129),NA,NA,0,0,Firearm Discharge,NA
GO-20103812935,9/4/2010 4:00:00 AM,Mount Dennis (115),NA,NA,0,1,Shooting,NA
GO-20103882170,9/4/2010 4:00:00 AM,Glenfield-Jane Heights (25),NA,NA,0,0,Firearm Discharge,NA
GO-20103888033,9/7/2010 4:00:00 AM,Glenfield-Jane Heights (25),NA,NA,0,1,Shooting,NA
GO-20103601218,9/10/2010 4:00:00 AM,Malvern West (145),NA,NA,0,1,Shooting,NA
GO-20103887625,9/10/2010 4:00:00 AM,Black Creek (24),NA,NA,0,0,Firearm Discharge,NA
GO-20103528531,9/10/2010 4:00:00 AM,Woburn North (142),NA,NA,1,0,Shooting,NA
GO-20103836758,9/12/2010 4:00:00 AM,Black Creek (24),NA,NA,1,0,Shooting,NA
GO-20103902371,9/12/2010 4:00:00 AM,Willowridge-Martingrove-Richview (7),NA,NA,0,0,Firearm Discharge,NA
GO-20103851806,9/13/2010 4:00:00 AM,Don Valley Village (47),NA,NA,0,0,Firearm Discharge,NA
GO-20103817222,9/17/2010 4:00:00 AM,Brookhaven-Amesbury (30),NA,NA,0,1,Shooting,NA
GO-20103880183,9/17/2010 4:00:00 AM,Humbermede (22),NA,NA,0,1,Shooting,NA
GO-20103923685,9/18/2010 4:00:00 AM,Regent Park (72),NA,NA,0,1,Shooting,NA
GO-20103869172,9/18/2010 4:00:00 AM,Eglinton East (138),NA,NA,0,2,Shooting,NA
GO-20103929353,9/18/2010 4:00:00 AM,Eglinton East (138),NA,NA,0,1,Shooting,NA
GO-20103819029,9/19/2010 4:00:00 AM,Kingsview Village-The Westway (6),NA,NA,0,0,Firearm Discharge,NA
GO-20103848434,9/20/2010 4:00:00 AM,Humbermede (22),NA,NA,0,1,Shooting,NA
GO-20103890187,9/21/2010 4:00:00 AM,Malvern East (146),NA,NA,0,0,Firearm Discharge,NA
GO-20102384820,9/22/2010 4:00:00 AM,Willowridge-Martingrove-Richview (7),NA,NA,0,1,Shooting,NA
GO-20103875272,9/24/2010 4:00:00 AM,Yorkdale-Glen Park (31),NA,NA,0,1,Shooting,NA
GO-20103838887,9/24/2010 4:00:00 AM,Regent Park (72),NA,NA,0,0,Firearm Discharge,NA
GO-20103817108,9/25/2010 4:00:00 AM,Corso Italia-Davenport (92),NA,NA,0,0,Firearm Discharge,NA
GO-20103719716,9/26/2010 4:00:00 AM,Dovercourt Village (172),NA,NA,0,1,Shooting,NA
GO-20103793517,9/28/2010 4:00:00 AM,High Park-Swansea (87),NA,NA,0,1,Shooting,NA
GO-20103880567,9/28/2010 4:00:00 AM,Englemount-Lawrence (32),NA,NA,0,0,Firearm Discharge,NA
GO-20103527904,9/28/2010 4:00:00 AM,Kensington-Chinatown (78),NA,NA,0,1,Shooting,NA
GO-20103708472,9/29/2010 4:00:00 AM,Weston (113),NA,NA,2,0,Shooting,NA
GO-20103807620,9/30/2010 4:00:00 AM,University (79),NA,NA,0,1,Shooting,NA
GO-20103904080,10/1/2010 4:00:00 AM,Rockcliffe-Smythe (111),NA,NA,0,1,Shooting,NA
GO-20103810123,10/2/2010 4:00:00 AM,Regent Park (72),NA,NA,0,0,Firearm Discharge,NA
GO-20103900979,10/2/2010 4:00:00 AM,Black Creek (24),NA,NA,0,0,Firearm Discharge,NA
GO-20103745956,10/3/2010 4:00:00 AM,Kensington-Chinatown (78),NA,NA,0,1,Shooting,NA
GO-20103633942,10/4/2010 4:00:00 AM,Black Creek (24),NA,NA,1,0,Shooting,NA
GO-20103834477,10/4/2010 4:00:00 AM,South Parkdale (85),NA,NA,1,0,Shooting,NA
GO-20103880576,10/6/2010 4:00:00 AM,Englemount-Lawrence (32),NA,NA,0,2,Shooting,NA
GO-20103813637,10/8/2010 4:00:00 AM,Dovercourt Village (172),NA,NA,0,2,Shooting,NA
GO-20103839921,10/9/2010 4:00:00 AM,Morningside (135),NA,NA,0,0,Firearm Discharge,NA
GO-20103561941,10/9/2010 4:00:00 AM,Regent Park (72),NA,NA,2,0,Shooting,NA
GO-20103861755,10/16/2010 4:00:00 AM,Oakridge (121),NA,NA,0,1,Shooting,NA
GO-20103797175,10/16/2010 4:00:00 AM,South Parkdale (85),NA,NA,0,2,Shooting,NA
GO-20103636389,10/17/2010 4:00:00 AM,Briar Hill-Belgravia (108),NA,NA,0,0,Firearm Discharge,NA
GO-20103520082,10/17/2010 4:00:00 AM,Oakridge (121),NA,NA,1,0,Shooting,NA
GO-20103578630,10/19/2010 4:00:00 AM,Ionview (125),NA,NA,0,0,Firearm Discharge,NA
GO-20103382152,10/20/2010 4:00:00 AM,Dovercourt Village (172),NA,NA,0,2,Shooting,NA
GO-20103880981,10/20/2010 4:00:00 AM,Oakridge (121),NA,NA,0,0,Firearm Discharge,NA
GO-20103906705,10/22/2010 4:00:00 AM,West Humber-Clairville (1),NA,NA,0,1,Shooting,NA
GO-20103772354,10/25/2010 4:00:00 AM,Regent Park (72),NA,NA,1,0,Shooting,NA
GO-20103882409,10/26/2010 4:00:00 AM,NSA,NA,NA,0,0,Firearm Discharge,NA
GO-20103924902,10/26/2010 4:00:00 AM,Englemount-Lawrence (32),NA,NA,0,0,Firearm Discharge,NA
GO-20103914116,10/26/2010 4:00:00 AM,Flemingdon Park (44),NA,NA,0,0,Firearm Discharge,NA
GO-20103916825,10/30/2010 4:00:00 AM,Oakdale-Beverley Heights (154),NA,NA,0,1,Shooting,NA
GO-20103887674,10/31/2010 4:00:00 AM,Rustic (28),NA,NA,0,0,Firearm Discharge,NA
GO-20103899244,10/31/2010 4:00:00 AM,Kingsview Village-The Westway (6),NA,NA,0,1,Shooting,NA
GO-20103885505,11/1/2010 4:00:00 AM,University (79),NA,NA,0,1,Shooting,NA
GO-20103888061,11/1/2010 4:00:00 AM,Humber Summit (21),NA,NA,0,0,Firearm Discharge,NA
GO-20103446670,11/3/2010 4:00:00 AM,York University Heights (27),NA,NA,0,1,Shooting,NA
GO-20103779029,11/4/2010 4:00:00 AM,Etobicoke City Centre (159),NA,NA,0,0,Firearm Discharge,NA
GO-20102945614,11/7/2010 4:00:00 AM,Clairlea-Birchmount (120),NA,NA,0,0,Firearm Discharge,NA
GO-20103930397,11/10/2010 5:00:00 AM,Oakdale-Beverley Heights (154),NA,NA,0,0,Firearm Discharge,NA
GO-20103923588,11/11/2010 5:00:00 AM,North St.James Town (74),NA,NA,0,1,Shooting,NA
GO-20103719744,11/11/2010 5:00:00 AM,South Parkdale (85),NA,NA,0,1,Shooting,NA
GO-20103776796,11/13/2010 5:00:00 AM,The Beaches (63),NA,NA,0,1,Shooting,NA
GO-20103990937,11/13/2010 5:00:00 AM,Humber Heights-Westmount (8),NA,NA,0,0,Firearm Discharge,NA
GO-20103988554,11/16/2010 5:00:00 AM,Glenfield-Jane Heights (25),NA,NA,0,1,Shooting,NA
GO-20103911901,11/17/2010 5:00:00 AM,Yonge-Bay Corridor (170),NA,NA,1,0,Shooting,NA
GO-20103904124,11/20/2010 5:00:00 AM,Rockcliffe-Smythe (111),NA,NA,0,2,Shooting,NA
GO-20103888086,11/20/2010 5:00:00 AM,Rustic (28),NA,NA,0,2,Shooting,NA
GO-20103906660,11/20/2010 5:00:00 AM,York University Heights (27),NA,NA,0,0,Firearm Discharge,NA
GO-20104003322,11/20/2010 5:00:00 AM,NSA,NA,NA,0,1,Shooting,NA
GO-20103929126,11/20/2010 5:00:00 AM,Don Valley Village (47),NA,NA,1,2,Shooting,NA
GO-20103895517,11/21/2010 5:00:00 AM,Dovercourt Village (172),NA,NA,0,1,Shooting,NA
GO-20103988019,11/22/2010 5:00:00 AM,Glenfield-Jane Heights (25),NA,NA,1,0,Shooting,NA
GO-20103885143,11/22/2010 5:00:00 AM,Eglinton East (138),NA,NA,0,0,Firearm Discharge,NA
GO-20103388761,11/22/2010 5:00:00 AM,Regent Park (72),NA,NA,0,0,Firearm Discharge,NA
GO-20103904746,11/24/2010 5:00:00 AM,Woburn North (142),NA,NA,1,0,Shooting,NA
GO-20103998395,11/26/2010 5:00:00 AM,Stonegate-Queensway (16),NA,NA,0,1,Shooting,NA
GO-20103909778,11/27/2010 5:00:00 AM,Kensington-Chinatown (78),NA,NA,0,1,Shooting,NA
GO-20103878370,11/29/2010 5:00:00 AM,Regent Park (72),NA,NA,1,0,Shooting,NA
GO-20103908898,11/30/2010 5:00:00 AM,West Humber-Clairville (1),NA,NA,0,1,Shooting,NA
GO-20103663743,12/3/2010 5:00:00 AM,Oakwood Village (107),NA,NA,0,0,Firearm Discharge,NA
GO-20103934990,12/4/2010 5:00:00 AM,Morningside Heights (144),NA,NA,0,1,Shooting,NA
GO-20102384829,12/9/2010 5:00:00 AM,NSA,NA,NA,0,1,Shooting,NA
GO-20103425751,12/10/2010 5:00:00 AM,Mount Dennis (115),NA,NA,0,0,Firearm Discharge,NA
GO-20103998011,12/12/2010 5:00:00 AM,Westminster-Branson (35),NA,NA,0,1,Shooting,NA
GO-20103907874,12/23/2010 5:00:00 AM,High Park-Swansea (87),NA,NA,0,0,Firearm Discharge,NA
GO-20103803370,12/25/2010 5:00:00 AM,Runnymede-Bloor West Village (89),NA,NA,0,1,Shooting,NA
GO-20104016091,12/25/2010 5:00:00 AM,Rockcliffe-Smythe (111),NA,NA,1,0,Shooting,NA
GO-20103516617,12/28/2010 5:00:00 AM,Dorset Park (126),NA,NA,0,0,Firearm Discharge,NA
GO-20103779682,12/28/2010 5:00:00 AM,Dorset Park (126),NA,NA,0,1,Shooting,NA
GO-20103988044,12/29/2010 5:00:00 AM,Black Creek (24),NA,NA,0,0,Firearm Discharge,NA
GO-20103570821,12/29/2010 5:00:00 AM,Black Creek (24),NA,NA,0,1,Shooting,NA
GO-20103801910,12/31/2010 5:00:00 AM,Kingsview Village-The Westway (6),NA,NA,0,0,Firearm Discharge,NA
GO-20113973508,1/1/2011 5:00:00 AM,Fort York-Liberty Village (163),NA,NA,0,1,Shooting,NA
GO-20112885827,1/5/2011 5:00:00 AM,Ionview (125),NA,NA,1,0,Shooting,NA
GO-20114000937,1/10/2011 5:00:00 AM,Don Valley Village (47),NA,NA,0,0,Firearm Discharge,NA
GO-20114017124,1/15/2011 5:00:00 AM,Runnymede-Bloor West Village (89),NA,NA,0,1,Shooting,NA
GO-20113912439,1/16/2011 5:00:00 AM,Malvern East (146),NA,NA,0,1,Shooting,NA
GO-20113923311,1/18/2011 5:00:00 AM,Little Portugal (84),NA,NA,0,0,Firearm Discharge,NA
GO-20112414776,1/25/2011 5:00:00 AM,West Humber-Clairville (1),NA,NA,0,0,Firearm Discharge,NA
GO-20113912447,1/26/2011 5:00:00 AM,Flemingdon Park (44),NA,NA,0,1,Shooting,NA
GO-20114012985,1/26/2011 5:00:00 AM,West Queen West (162),NA,NA,0,0,Firearm Discharge,NA
GO-20113640107,1/29/2011 5:00:00 AM,South Eglinton-Davisville (174),NA,NA,0,0,Firearm Discharge,NA
GO-20113950821,1/29/2011 5:00:00 AM,Mount Olive-Silverstone-Jamestown (2),NA,NA,0,1,Shooting,NA
GO-20113997715,1/30/2011 5:00:00 AM,Scarborough Village (139),NA,NA,0,1,Shooting,NA
GO-20113971454,1/31/2011 5:00:00 AM,Corso Italia-Davenport (92),NA,NA,0,1,Shooting,NA
GO-20113966773,2/1/2011 5:00:00 AM,Humber Summit (21),NA,NA,1,0,Shooting,NA
GO-20113981866,2/3/2011 5:00:00 AM,Wexford/Maryvale (119),NA,NA,0,1,Shooting,NA
GO-20114024542,2/7/2011 5:00:00 AM,York University Heights (27),NA,NA,0,1,Shooting,NA
GO-20113995311,2/9/2011 5:00:00 AM,Mount Olive-Silverstone-Jamestown (2),NA,NA,0,1,Shooting,NA
GO-20113903122,2/9/2011 5:00:00 AM,Wellington Place (164),NA,NA,0,0,Firearm Discharge,NA
GO-20113959302,2/10/2011 5:00:00 AM,Malvern East (146),NA,NA,0,2,Shooting,NA
GO-20113948450,2/11/2011 5:00:00 AM,Golfdale-Cedarbrae-Woburn (141),NA,NA,1,0,Shooting,NA
GO-20114017505,2/11/2011 5:00:00 AM,Beechborough-Greenbrook (112),NA,NA,1,0,Shooting,NA
GO-20114017400,2/13/2011 5:00:00 AM,Weston (113),NA,NA,1,0,Shooting,NA
GO-20113969779,2/17/2011 5:00:00 AM,Woodbine-Lumsden (60),NA,NA,0,1,Shooting,NA
GO-20113971818,2/18/2011 5:00:00 AM,Englemount-Lawrence (32),NA,NA,0,0,Firearm Discharge,NA
GO-20114044375,2/23/2011 5:00:00 AM,Kingsview Village-The Westway (6),NA,NA,0,1,Shooting,NA
GO-20113408916,2/26/2011 5:00:00 AM,Junction Area (90),NA,NA,0,0,Firearm Discharge,NA
GO-20113996966,2/26/2011 5:00:00 AM,Malvern East (146),NA,NA,1,0,Shooting,NA
GO-20113973274,2/28/2011 5:00:00 AM,Rockcliffe-Smythe (111),NA,NA,0,0,Firearm Discharge,NA
GO-20114010034,3/2/2011 5:00:00 AM,Lambton Baby Point (114),NA,NA,1,0,Shooting,NA
GO-20113944792,3/2/2011 5:00:00 AM,Rockcliffe-Smythe (111),NA,NA,0,0,Firearm Discharge,NA
GO-20113969280,3/5/2011 5:00:00 AM,Dorset Park (126),NA,NA,0,0,Firearm Discharge,NA
GO-20114065212,3/6/2011 5:00:00 AM,Westminster-Branson (35),NA,NA,0,0,Firearm Discharge,NA
GO-20114074511,3/11/2011 5:00:00 AM,Cliffcrest (123),NA,NA,0,1,Shooting,NA
GO-20113782098,3/11/2011 5:00:00 AM,Wellington Place (164),NA,NA,0,0,Firearm Discharge,NA
GO-20114000394,3/12/2011 5:00:00 AM,Yorkdale-Glen Park (31),NA,NA,0,0,Firearm Discharge,NA
GO-20113736065,3/19/2011 4:00:00 AM,North Riverdale (68),NA,NA,0,1,Shooting,NA
GO-20113973677,3/20/2011 4:00:00 AM,Kingsview Village-The Westway (6),NA,NA,1,0,Shooting,NA
GO-20113999909,3/22/2011 4:00:00 AM,Yorkdale-Glen Park (31),NA,NA,0,1,Shooting,NA
GO-20114018270,3/24/2011 4:00:00 AM,Ionview (125),NA,NA,0,1,Shooting,NA
GO-20112512028,3/28/2011 4:00:00 AM,Mount Olive-Silverstone-Jamestown (2),NA,NA,0,0,Firearm Discharge,NA
GO-20113736070,3/28/2011 4:00:00 AM,The Beaches (63),NA,NA,1,0,Shooting,NA
GO-20113981811,3/28/2011 4:00:00 AM,Eglinton East (138),NA,NA,1,0,Shooting,NA
GO-20114094082,3/31/2011 4:00:00 AM,Yorkdale-Glen Park (31),NA,NA,0,0,Firearm Discharge,NA
GO-20114079625,4/10/2011 4:00:00 AM,Pelmo Park-Humberlea (23),NA,NA,0,0,Firearm Discharge,NA
GO-20114005866,4/11/2011 4:00:00 AM,Regent Park (72),NA,NA,0,0,Firearm Discharge,NA
GO-20114114438,4/11/2011 4:00:00 AM,Golfdale-Cedarbrae-Woburn (141),NA,NA,0,0,Firearm Discharge,NA
GO-20114041776,4/12/2011 4:00:00 AM,Etobicoke City Centre (159),NA,NA,0,1,Shooting,NA
GO-20113861776,4/12/2011 4:00:00 AM,Glenfield-Jane Heights (25),NA,NA,0,1,Shooting,NA
GO-20114032874,4/14/2011 4:00:00 AM,Moss Park (73),NA,NA,0,1,Shooting,NA
GO-20113801407,4/17/2011 4:00:00 AM,Regent Park (72),NA,NA,0,1,Shooting,NA
GO-20114070596,4/19/2011 4:00:00 AM,Humber Summit (21),NA,NA,0,1,Shooting,NA
GO-20113963686,4/24/2011 4:00:00 AM,Eringate-Centennial-West Deane (11),NA,NA,0,1,Shooting,NA
GO-20114070729,4/26/2011 4:00:00 AM,Elms-Old Rexdale (5),NA,NA,0,1,Shooting,NA
GO-20114082958,4/30/2011 4:00:00 AM,Englemount-Lawrence (32),NA,NA,0,1,Shooting,NA
GO-20113832638,4/30/2011 4:00:00 AM,Rexdale-Kipling (4),NA,NA,1,0,Shooting,NA
GO-20114066404,5/5/2011 4:00:00 AM,Yonge-Doris (151),NA,NA,0,1,Shooting,NA
GO-20113432378,5/5/2011 4:00:00 AM,Islington (158),NA,NA,0,0,Firearm Discharge,NA
GO-20114071072,5/9/2011 4:00:00 AM,Bendale-Glen Andrew (156),NA,NA,0,1,Shooting,NA
GO-20113985859,5/10/2011 4:00:00 AM,Glenfield-Jane Heights (25),NA,NA,0,1,Shooting,NA
GO-20114040267,5/10/2011 4:00:00 AM,Black Creek (24),NA,NA,0,1,Shooting,NA
GO-20113985860,5/12/2011 4:00:00 AM,Glenfield-Jane Heights (25),NA,NA,0,0,Firearm Discharge,NA
GO-20114032702,5/13/2011 4:00:00 AM,Black Creek (24),NA,NA,0,0,Firearm Discharge,NA
GO-20113407290,5/15/2011 4:00:00 AM,Little Portugal (84),NA,NA,0,0,Firearm Discharge,NA
GO-20113976185,5/15/2011 4:00:00 AM,Victoria Village (43),NA,NA,0,1,Shooting,NA
GO-20114066315,5/15/2011 4:00:00 AM,Malvern West (145),NA,NA,0,0,Firearm Discharge,NA
GO-20114018157,5/19/2011 4:00:00 AM,Don Valley Village (47),NA,NA,0,1,Shooting,NA
GO-20114099213,5/23/2011 4:00:00 AM,Mount Olive-Silverstone-Jamestown (2),NA,NA,0,0,Firearm Discharge,NA
GO-20114029493,5/23/2011 4:00:00 AM,Bedford Park-Nortown (39),NA,NA,0,0,Firearm Discharge,NA
GO-20114054711,5/23/2011 4:00:00 AM,Hillcrest Village (48),NA,NA,0,1,Shooting,NA
GO-20113985926,5/26/2011 4:00:00 AM,L'Amoreaux West (147),NA,NA,1,0,Shooting,NA
GO-20114047557,5/29/2011 4:00:00 AM,Mount Olive-Silverstone-Jamestown (2),NA,NA,1,0,Shooting,NA
GO-20114005551,5/29/2011 4:00:00 AM,Kensington-Chinatown (78),NA,NA,0,3,Shooting,NA
GO-20113646615,5/29/2011 4:00:00 AM,High Park-Swansea (87),NA,NA,0,0,Firearm Discharge,NA
GO-20113582658,6/1/2011 4:00:00 AM,Humber Summit (21),NA,NA,0,0,Firearm Discharge,NA
GO-20114066801,6/2/2011 4:00:00 AM,Keelesdale-Eglinton West (110),NA,NA,0,0,Firearm Discharge,NA
GO-20114037871,6/2/2011 4:00:00 AM,Hillcrest Village (48),NA,NA,0,1,Shooting,NA
GO-20113429900,6/3/2011 4:00:00 AM,Rockcliffe-Smythe (111),NA,NA,0,0,Firearm Discharge,NA
GO-20114040296,6/4/2011 4:00:00 AM,Glenfield-Jane Heights (25),NA,NA,0,1,Shooting,NA
GO-20113834217,6/4/2011 4:00:00 AM,Englemount-Lawrence (32),NA,NA,0,2,Shooting,NA
GO-20114032731,6/5/2011 4:00:00 AM,Black Creek (24),NA,NA,0,1,Shooting,NA
GO-20114045819,6/8/2011 4:00:00 AM,Mount Olive-Silverstone-Jamestown (2),NA,NA,0,0,Firearm Discharge,NA
GO-20113350997,6/10/2011 4:00:00 AM,Danforth (66),NA,NA,0,0,Firearm Discharge,NA
GO-20114158004,6/10/2011 4:00:00 AM,Tam O'Shanter-Sullivan (118),NA,NA,0,1,Shooting,NA
GO-20114174664,6/12/2011 4:00:00 AM,Mount Olive-Silverstone-Jamestown (2),NA,NA,0,0,Firearm Discharge,NA
GO-20114080798,6/12/2011 4:00:00 AM,University (79),NA,NA,0,2,Shooting,NA
GO-20114053088,6/12/2011 4:00:00 AM,Islington (158),NA,NA,0,0,Firearm Discharge,NA
GO-20113516624,6/13/2011 4:00:00 AM,Wexford/Maryvale (119),NA,NA,0,0,Firearm Discharge,NA
GO-20114040311,6/16/2011 4:00:00 AM,Glenfield-Jane Heights (25),NA,NA,0,0,Firearm Discharge,NA
GO-20113582659,6/16/2011 4:00:00 AM,Glenfield-Jane Heights (25),NA,NA,1,0,Shooting,NA
GO-20114073115,6/18/2011 4:00:00 AM,Danforth (66),NA,NA,0,0,Firearm Discharge,NA
GO-20113963729,6/18/2011 4:00:00 AM,Mount Olive-Silverstone-Jamestown (2),NA,NA,0,0,Firearm Discharge,NA
GO-20113671853,6/18/2011 4:00:00 AM,Kennedy Park (124),NA,NA,0,0,Firearm Discharge,NA
GO-20114188798,6/18/2011 4:00:00 AM,Malvern East (146),NA,NA,0,0,Firearm Discharge,NA
GO-20114113150,6/18/2011 4:00:00 AM,Beechborough-Greenbrook (112),NA,NA,0,0,Firearm Discharge,NA
GO-20114102977,6/19/2011 4:00:00 AM,Yorkdale-Glen Park (31),NA,NA,0,0,Firearm Discharge,NA
GO-20114126182,6/21/2011 4:00:00 AM,Malvern East (146),NA,NA,0,0,Firearm Discharge,NA
GO-20114186484,6/23/2011 4:00:00 AM,Yorkdale-Glen Park (31),NA,NA,0,1,Shooting,NA
GO-20114046036,6/25/2011 4:00:00 AM,Trinity-Bellwoods (81),NA,NA,0,2,Shooting,NA
GO-20114079712,6/27/2011 4:00:00 AM,Humbermede (22),NA,NA,0,0,Firearm Discharge,NA
GO-20113962501,7/1/2011 4:00:00 AM,Henry Farm (53),NA,NA,0,0,Firearm Discharge,NA
GO-20113756180,7/3/2011 4:00:00 AM,Rockcliffe-Smythe (111),NA,NA,0,1,Shooting,NA
GO-20114047578,7/5/2011 4:00:00 AM,West Humber-Clairville (1),NA,NA,0,1,Shooting,NA
GO-20114184758,7/11/2011 4:00:00 AM,South Parkdale (85),NA,NA,0,1,Shooting,NA
GO-20114057285,7/11/2011 4:00:00 AM,Dufferin Grove (83),NA,NA,0,1,Shooting,NA
GO-20113601265,7/13/2011 4:00:00 AM,Malvern East (146),NA,NA,0,1,Shooting,NA
GO-20114138612,7/14/2011 4:00:00 AM,Glenfield-Jane Heights (25),NA,NA,0,0,Firearm Discharge,NA
GO-20114250088,7/18/2011 4:00:00 AM,Black Creek (24),NA,NA,0,0,Firearm Discharge,NA
GO-20114038708,7/18/2011 4:00:00 AM,Thorncliffe Park (55),NA,NA,0,1,Shooting,NA
GO-20113861820,7/18/2011 4:00:00 AM,Black Creek (24),NA,NA,0,0,Firearm Discharge,NA
GO-20114121579,7/22/2011 4:00:00 AM,Humber Summit (21),NA,NA,0,1,Shooting,NA
GO-20114289532,7/22/2011 4:00:00 AM,New Toronto (18),NA,NA,0,1,Shooting,NA
GO-20114091109,7/22/2011 4:00:00 AM,Humber Bay Shores (161),NA,NA,0,1,Shooting,NA
GO-20113676917,7/23/2011 4:00:00 AM,Dorset Park (126),NA,NA,0,2,Shooting,NA
GO-20114126199,7/27/2011 4:00:00 AM,Malvern East (146),NA,NA,0,0,Firearm Discharge,NA
GO-20114160830,7/28/2011 4:00:00 AM,Mount Olive-Silverstone-Jamestown (2),NA,NA,0,0,Firearm Discharge,NA
GO-20114202758,7/28/2011 4:00:00 AM,Junction-Wallace Emerson (171),NA,NA,0,0,Firearm Discharge,NA
GO-20113429437,7/29/2011 4:00:00 AM,Islington (158),NA,NA,1,0,Shooting,NA
GO-20114190763,7/30/2011 4:00:00 AM,Fort York-Liberty Village (163),NA,NA,0,0,Firearm Discharge,NA
GO-20114128914,7/30/2011 4:00:00 AM,Humber Heights-Westmount (8),NA,NA,0,0,Firearm Discharge,NA
GO-20114119820,7/31/2011 4:00:00 AM,Mount Dennis (115),NA,NA,1,1,Shooting,NA
GO-20114098383,8/1/2011 4:00:00 AM,Clanton Park (33),NA,NA,0,0,Firearm Discharge,NA
GO-20114138631,8/2/2011 4:00:00 AM,Humbermede (22),NA,NA,0,0,Firearm Discharge,NA
GO-20114106412,8/2/2011 4:00:00 AM,South Parkdale (85),NA,NA,0,0,Firearm Discharge,NA
GO-20113588251,8/6/2011 4:00:00 AM,Wellington Place (164),NA,NA,0,0,Firearm Discharge,NA
GO-20114119640,8/8/2011 4:00:00 AM,Annex (95),NA,NA,0,0,Firearm Discharge,NA
GO-20113855087,8/19/2011 4:00:00 AM,Victoria Village (43),NA,NA,0,0,Firearm Discharge,NA
GO-20114137826,8/20/2011 4:00:00 AM,Rockcliffe-Smythe (111),NA,NA,0,0,Firearm Discharge,NA
GO-20114122751,8/20/2011 4:00:00 AM,West Humber-Clairville (1),NA,NA,0,1,Shooting,NA
GO-20114082526,8/20/2011 4:00:00 AM,Downsview (155),NA,NA,1,1,Shooting,NA
GO-20114213473,8/20/2011 4:00:00 AM,Mount Olive-Silverstone-Jamestown (2),NA,NA,0,0,Firearm Discharge,NA
GO-20114131492,8/23/2011 4:00:00 AM,Clanton Park (33),NA,NA,1,0,Shooting,NA
GO-20114130965,8/26/2011 4:00:00 AM,Mount Olive-Silverstone-Jamestown (2),NA,NA,0,0,Firearm Discharge,NA
GO-20113721549,8/27/2011 4:00:00 AM,Lambton Baby Point (114),NA,NA,1,0,Shooting,NA
GO-20114133510,8/27/2011 4:00:00 AM,York University Heights (27),NA,NA,0,1,Shooting,NA
GO-20114105940,8/27/2011 4:00:00 AM,Ionview (125),NA,NA,0,1,Shooting,NA
GO-20114126006,8/29/2011 4:00:00 AM,Wexford/Maryvale (119),NA,NA,0,0,Firearm Discharge,NA
GO-20114130349,8/29/2011 4:00:00 AM,Mount Olive-Silverstone-Jamestown (2),NA,NA,0,1,Shooting,NA
GO-20114200427,8/30/2011 4:00:00 AM,Newtonbrook West (36),NA,NA,0,0,Firearm Discharge,NA
GO-20113864210,8/30/2011 4:00:00 AM,Flemingdon Park (44),NA,NA,0,1,Shooting,NA
GO-20114213482,8/31/2011 4:00:00 AM,Kingsview Village-The Westway (6),NA,NA,0,1,Shooting,NA
GO-20114201942,9/3/2011 4:00:00 AM,Woburn North (142),NA,NA,0,2,Shooting,NA
GO-20114160869,9/3/2011 4:00:00 AM,West Humber-Clairville (1),NA,NA,0,0,Firearm Discharge,NA
GO-20113794255,9/4/2011 4:00:00 AM,Beechborough-Greenbrook (112),NA,NA,0,1,Shooting,NA
GO-20114183882,9/4/2011 4:00:00 AM,Golfdale-Cedarbrae-Woburn (141),NA,NA,0,3,Shooting,NA
GO-20114136256,9/6/2011 4:00:00 AM,Rockcliffe-Smythe (111),NA,NA,0,1,Shooting,NA
GO-20114118090,9/8/2011 4:00:00 AM,Glenfield-Jane Heights (25),NA,NA,0,0,Firearm Discharge,NA
GO-20114133521,9/9/2011 4:00:00 AM,Humber Summit (21),NA,NA,0,0,Firearm Discharge,NA
GO-20114213495,9/10/2011 4:00:00 AM,Humbermede (22),NA,NA,0,0,Firearm Discharge,NA
GO-20114220115,9/14/2011 4:00:00 AM,Humbermede (22),NA,NA,0,0,Firearm Discharge,NA
GO-20114009508,9/15/2011 4:00:00 AM,East End-Danforth (62),NA,NA,0,2,Shooting,NA
GO-20114128952,9/16/2011 4:00:00 AM,Mount Olive-Silverstone-Jamestown (2),NA,NA,0,0,Firearm Discharge,NA
GO-20114196400,9/16/2011 4:00:00 AM,Clairlea-Birchmount (120),NA,NA,0,1,Shooting,NA
GO-20113156934,9/17/2011 4:00:00 AM,Clairlea-Birchmount (120),NA,NA,1,0,Shooting,NA
GO-20114203478,9/17/2011 4:00:00 AM,Elms-Old Rexdale (5),NA,NA,0,0,Firearm Discharge,NA
GO-20114093447,9/18/2011 4:00:00 AM,Englemount-Lawrence (32),NA,NA,0,1,Shooting,NA
GO-20114161290,9/23/2011 4:00:00 AM,Yorkdale-Glen Park (31),NA,NA,0,0,Firearm Discharge,NA
GO-20114196847,9/25/2011 4:00:00 AM,Yorkdale-Glen Park (31),NA,NA,0,1,Shooting,NA
GO-20114262313,9/27/2011 4:00:00 AM,NSA,NA,NA,0,1,Shooting,NA
GO-20113921262,9/27/2011 4:00:00 AM,Golfdale-Cedarbrae-Woburn (141),NA,NA,0,0,Firearm Discharge,NA
GO-20113803218,9/28/2011 4:00:00 AM,Mount Olive-Silverstone-Jamestown (2),NA,NA,0,0,Firearm Discharge,NA
GO-20114136529,10/2/2011 4:00:00 AM,Trinity-Bellwoods (81),NA,NA,1,0,Shooting,NA
GO-20114184029,10/7/2011 4:00:00 AM,Milliken (130),NA,NA,0,0,Firearm Discharge,NA
GO-20114236066,10/8/2011 4:00:00 AM,Downsview (155),NA,NA,0,0,Firearm Discharge,NA
GO-20114284045,10/8/2011 4:00:00 AM,Beechborough-Greenbrook (112),NA,NA,0,1,Shooting,NA
GO-20114191170,10/9/2011 4:00:00 AM,West Queen West (162),NA,NA,0,2,Shooting,NA
GO-20113887747,10/9/2011 4:00:00 AM,Victoria Village (43),NA,NA,1,0,Shooting,NA
GO-20114188529,10/9/2011 4:00:00 AM,Glenfield-Jane Heights (25),NA,NA,0,0,Firearm Discharge,NA
GO-20114156058,10/14/2011 4:00:00 AM,Taylor-Massey (61),NA,NA,1,0,Shooting,NA
GO-20114171910,10/14/2011 4:00:00 AM,Glenfield-Jane Heights (25),NA,NA,0,1,Shooting,NA
GO-20114244358,10/15/2011 4:00:00 AM,Black Creek (24),NA,NA,1,0,Shooting,NA
GO-20114113228,10/15/2011 4:00:00 AM,Humbermede (22),NA,NA,0,1,Shooting,NA
GO-20114215118,10/16/2011 4:00:00 AM,Glenfield-Jane Heights (25),NA,NA,0,0,Firearm Discharge,NA
GO-20113968882,10/17/2011 4:00:00 AM,Glenfield-Jane Heights (25),NA,NA,0,0,Firearm Discharge,NA
GO-20114268752,10/18/2011 4:00:00 AM,Mount Olive-Silverstone-Jamestown (2),NA,NA,0,0,Firearm Discharge,NA
GO-20114232954,10/18/2011 4:00:00 AM,Don Valley Village (47),NA,NA,0,1,Shooting,NA
GO-20114331484,10/18/2011 4:00:00 AM,NSA,NA,NA,0,0,Firearm Discharge,NA
GO-20114128984,10/18/2011 4:00:00 AM,Mount Olive-Silverstone-Jamestown (2),NA,NA,0,0,Firearm Discharge,NA
GO-20114220209,10/18/2011 4:00:00 AM,Mount Olive-Silverstone-Jamestown (2),NA,NA,0,0,Firearm Discharge,NA
GO-20113682042,10/20/2011 4:00:00 AM,Glenfield-Jane Heights (25),NA,NA,0,1,Shooting,NA
GO-20114196871,10/21/2011 4:00:00 AM,Clanton Park (33),NA,NA,0,0,Firearm Discharge,NA
GO-20114219112,10/21/2011 4:00:00 AM,Etobicoke West Mall (13),NA,NA,1,1,Shooting,NA
GO-20114244162,10/24/2011 4:00:00 AM,York University Heights (27),NA,NA,0,0,Firearm Discharge,NA
GO-20113535451,10/24/2011 4:00:00 AM,Mount Olive-Silverstone-Jamestown (2),NA,NA,0,1,Shooting,NA
GO-20114142569,10/25/2011 4:00:00 AM,Glenfield-Jane Heights (25),NA,NA,0,0,Firearm Discharge,NA
GO-20114194391,10/25/2011 4:00:00 AM,West Queen West (162),NA,NA,0,0,Firearm Discharge,NA
GO-20114198924,10/25/2011 4:00:00 AM,Oakdale-Beverley Heights (154),NA,NA,0,0,Firearm Discharge,NA
GO-20114220216,10/28/2011 4:00:00 AM,Mount Olive-Silverstone-Jamestown (2),NA,NA,0,1,Shooting,NA
GO-20114188550,10/28/2011 4:00:00 AM,Oakdale-Beverley Heights (154),NA,NA,1,0,Shooting,NA
GO-20114057038,10/31/2011 4:00:00 AM,Danforth East York (59),NA,NA,0,0,Firearm Discharge,NA
GO-20114070453,10/31/2011 4:00:00 AM,NSA,NA,NA,0,2,Shooting,NA
GO-20114242446,10/31/2011 4:00:00 AM,Kennedy Park (124),NA,NA,0,0,Firearm Discharge,NA
GO-20114229347,11/3/2011 4:00:00 AM,Glenfield-Jane Heights (25),NA,NA,0,2,Shooting,NA
GO-20114254160,11/4/2011 4:00:00 AM,Golfdale-Cedarbrae-Woburn (141),NA,NA,0,1,Shooting,NA
GO-20114664067,11/4/2011 4:00:00 AM,NSA,NA,NA,0,1,Shooting,NA
GO-20114177976,11/6/2011 4:00:00 AM,Trinity-Bellwoods (81),NA,NA,0,1,Shooting,NA
GO-20114299492,11/6/2011 4:00:00 AM,Rexdale-Kipling (4),NA,NA,0,1,Shooting,NA
GO-20114183838,11/6/2011 4:00:00 AM,Rexdale-Kipling (4),NA,NA,0,1,Shooting,NA
GO-20114254446,11/12/2011 5:00:00 AM,Beechborough-Greenbrook (112),NA,NA,0,1,Shooting,NA
GO-20114244392,11/19/2011 5:00:00 AM,Humber Summit (21),NA,NA,0,1,Shooting,NA
GO-20114184130,11/22/2011 5:00:00 AM,Elms-Old Rexdale (5),NA,NA,0,0,Firearm Discharge,NA
GO-20114105093,11/23/2011 5:00:00 AM,Englemount-Lawrence (32),NA,NA,0,0,Firearm Discharge,NA
GO-20114264092,11/25/2011 5:00:00 AM,Harbourfront-CityPlace (165),NA,NA,0,0,Firearm Discharge,NA
GO-20114241573,11/25/2011 5:00:00 AM,Elms-Old Rexdale (5),NA,NA,0,1,Shooting,NA
GO-20114253042,11/25/2011 5:00:00 AM,Englemount-Lawrence (32),NA,NA,0,0,Firearm Discharge,NA
GO-20114268300,11/26/2011 5:00:00 AM,Black Creek (24),NA,NA,0,0,Firearm Discharge,NA
GO-20114028003,11/26/2011 5:00:00 AM,Black Creek (24),NA,NA,0,0,Firearm Discharge,NA
GO-20114187348,11/29/2011 5:00:00 AM,South Riverdale (70),NA,NA,1,0,Shooting,NA
GO-20114326971,12/3/2011 5:00:00 AM,Clairlea-Birchmount (120),NA,NA,0,0,Firearm Discharge,NA
GO-20114000166,12/3/2011 5:00:00 AM,Moss Park (73),NA,NA,0,0,Firearm Discharge,NA
GO-20114272666,12/3/2011 5:00:00 AM,Malvern East (146),NA,NA,0,0,Firearm Discharge,NA
GO-20114222061,12/6/2011 5:00:00 AM,Rockcliffe-Smythe (111),NA,NA,0,0,Firearm Discharge,NA
GO-20114287282,12/7/2011 5:00:00 AM,Kingsview Village-The Westway (6),NA,NA,0,0,Firearm Discharge,NA
GO-20114231743,12/8/2011 5:00:00 AM,West Humber-Clairville (1),NA,NA,0,1,Shooting,NA
GO-20114329222,12/11/2011 5:00:00 AM,West Humber-Clairville (1),NA,NA,0,2,Shooting,NA
GO-20114257909,12/11/2011 5:00:00 AM,York University Heights (27),NA,NA,0,0,Firearm Discharge,NA
GO-20114356766,12/13/2011 5:00:00 AM,Corso Italia-Davenport (92),NA,NA,0,1,Shooting,NA
GO-20114411159,12/19/2011 5:00:00 AM,Wellington Place (164),NA,NA,0,1,Shooting,NA
GO-20114257920,12/20/2011 5:00:00 AM,Glenfield-Jane Heights (25),NA,NA,0,0,Firearm Discharge,NA
GO-20114256929,12/22/2011 5:00:00 AM,Englemount-Lawrence (32),NA,NA,0,1,Shooting,NA
GO-20114257924,12/23/2011 5:00:00 AM,Humbermede (22),NA,NA,0,2,Shooting,NA
GO-20114238830,12/24/2011 5:00:00 AM,Oakwood Village (107),NA,NA,0,2,Shooting,NA
GO-20114230563,12/27/2011 5:00:00 AM,Dorset Park (126),NA,NA,0,1,Shooting,NA
GO-20114361811,12/28/2011 5:00:00 AM,West Hill (136),NA,NA,0,0,Firearm Discharge,NA
GO-20114286420,12/29/2011 5:00:00 AM,West Humber-Clairville (1),NA,NA,0,1,Shooting,NA
GO-20114266197,12/30/2011 5:00:00 AM,Golfdale-Cedarbrae-Woburn (141),NA,NA,1,0,Shooting,NA
GO-20114267112,12/30/2011 5:00:00 AM,Bendale South (157),NA,NA,0,0,Firearm Discharge,NA
GO-20114270938,12/31/2011 5:00:00 AM,Mimico-Queensway (160),NA,NA,0,0,Firearm Discharge,NA
GO-20124194029,1/1/2012 5:00:00 AM,Clairlea-Birchmount (120),NA,NA,1,0,Shooting,NA
GO-20124128803,1/1/2012 5:00:00 AM,Clairlea-Birchmount (120),NA,NA,0,1,Shooting,NA
GO-20124301447,1/4/2012 5:00:00 AM,Tam O'Shanter-Sullivan (118),NA,NA,0,1,Shooting,NA
GO-20124191915,1/4/2012 5:00:00 AM,Downtown Yonge East (168),NA,NA,0,1,Shooting,NA
GO-20124297913,1/5/2012 5:00:00 AM,Weston-Pelham Park (91),NA,NA,0,1,Shooting,NA
GO-20123959328,1/5/2012 5:00:00 AM,Regent Park (72),NA,NA,0,1,Shooting,NA
GO-20124193532,1/6/2012 5:00:00 AM,Bendale-Glen Andrew (156),NA,NA,0,0,Firearm Discharge,NA
GO-20124250976,1/7/2012 5:00:00 AM,Englemount-Lawrence (32),NA,NA,0,0,Firearm Discharge,NA
GO-20124236317,1/8/2012 5:00:00 AM,Eglinton East (138),NA,NA,0,1,Shooting,NA
GO-20124336156,1/8/2012 5:00:00 AM,West Humber-Clairville (1),NA,NA,0,3,Shooting,NA
GO-20124270246,1/9/2012 5:00:00 AM,Kingsview Village-The Westway (6),NA,NA,0,2,Shooting,NA
GO-20123375298,1/9/2012 5:00:00 AM,Moss Park (73),NA,NA,0,0,Firearm Discharge,NA
GO-20124435135,1/9/2012 5:00:00 AM,York University Heights (27),NA,NA,0,0,Firearm Discharge,NA
GO-20124333640,1/10/2012 5:00:00 AM,Glenfield-Jane Heights (25),NA,NA,0,0,Firearm Discharge,NA
GO-20124374136,1/11/2012 5:00:00 AM,Mount Olive-Silverstone-Jamestown (2),NA,NA,0,1,Shooting,NA
GO-20124305722,1/12/2012 5:00:00 AM,Ionview (125),NA,NA,0,0,Firearm Discharge,NA
GO-20124259133,1/13/2012 5:00:00 AM,Kensington-Chinatown (78),NA,NA,0,0,Firearm Discharge,NA
GO-20124201114,1/15/2012 5:00:00 AM,St Lawrence-East Bayfront-The Islands (166),NA,NA,0,1,Shooting,NA
GO-20124411152,1/18/2012 5:00:00 AM,Englemount-Lawrence (32),NA,NA,0,0,Firearm Discharge,NA
GO-20124251986,1/20/2012 5:00:00 AM,O'Connor-Parkview (54),NA,NA,0,0,Firearm Discharge,NA
GO-20124205598,1/21/2012 5:00:00 AM,Clairlea-Birchmount (120),NA,NA,1,0,Shooting,NA
GO-20124042332,1/24/2012 5:00:00 AM,Malvern West (145),NA,NA,1,0,Shooting,NA
GO-20124270259,1/26/2012 5:00:00 AM,Mount Olive-Silverstone-Jamestown (2),NA,NA,0,0,Firearm Discharge,NA
GO-20124316588,1/27/2012 5:00:00 AM,Beechborough-Greenbrook (112),NA,NA,0,0,Firearm Discharge,NA
GO-20124212793,1/27/2012 5:00:00 AM,Dufferin Grove (83),NA,NA,1,0,Shooting,NA
GO-20124322464,1/27/2012 5:00:00 AM,Oakdale-Beverley Heights (154),NA,NA,0,0,Firearm Discharge,NA
GO-20124388879,1/27/2012 5:00:00 AM,Malvern East (146),NA,NA,0,0,Firearm Discharge,NA
GO-20124388479,1/28/2012 5:00:00 AM,Morningside (135),NA,NA,0,0,Firearm Discharge,NA
GO-20124338533,1/28/2012 5:00:00 AM,Malvern East (146),NA,NA,0,0,Firearm Discharge,NA
GO-20124313163,1/31/2012 5:00:00 AM,Mount Olive-Silverstone-Jamestown (2),NA,NA,0,0,Firearm Discharge,NA
GO-20124292839,2/1/2012 5:00:00 AM,Mount Olive-Silverstone-Jamestown (2),NA,NA,0,2,Shooting,NA
GO-20123997959,2/3/2012 5:00:00 AM,Brookhaven-Amesbury (30),NA,NA,0,0,Firearm Discharge,NA
GO-20124208862,2/4/2012 5:00:00 AM,East End-Danforth (62),NA,NA,0,1,Shooting,NA
GO-20124222090,2/6/2012 5:00:00 AM,Keelesdale-Eglinton West (110),NA,NA,0,1,Shooting,NA
GO-20124094917,2/8/2012 5:00:00 AM,Hillcrest Village (48),NA,NA,0,1,Shooting,NA
GO-20124331374,2/8/2012 5:00:00 AM,York University Heights (27),NA,NA,0,1,Shooting,NA
GO-20124338581,2/9/2012 5:00:00 AM,Elms-Old Rexdale (5),NA,NA,0,1,Shooting,NA
GO-20124435137,2/9/2012 5:00:00 AM,Elms-Old Rexdale (5),NA,NA,0,0,Firearm Discharge,NA
GO-20124246775,2/10/2012 5:00:00 AM,Golfdale-Cedarbrae-Woburn (141),NA,NA,0,1,Shooting,NA
GO-20124295356,2/11/2012 5:00:00 AM,Kingsview Village-The Westway (6),NA,NA,0,0,Firearm Discharge,NA
GO-20123927925,2/16/2012 5:00:00 AM,NSA,NA,NA,0,1,Shooting,NA
GO-20124268362,2/18/2012 5:00:00 AM,York University Heights (27),NA,NA,0,0,Firearm Discharge,NA
GO-20124270274,2/19/2012 5:00:00 AM,Elms-Old Rexdale (5),NA,NA,0,1,Shooting,NA
GO-20124085703,2/20/2012 5:00:00 AM,Lansing-Westgate (38),NA,NA,2,0,Shooting,NA
GO-20124329571,2/21/2012 5:00:00 AM,Kingsview Village-The Westway (6),NA,NA,0,0,Firearm Discharge,NA
GO-20124364855,2/23/2012 5:00:00 AM,West Humber-Clairville (1),NA,NA,0,0,Firearm Discharge,NA
GO-20124010646,2/26/2012 5:00:00 AM,Annex (95),NA,NA,0,1,Shooting,NA
GO-20124274524,3/11/2012 5:00:00 AM,Weston (113),NA,NA,0,0,Firearm Discharge,NA
GO-20124291371,3/12/2012 4:00:00 AM,Etobicoke City Centre (159),NA,NA,0,1,Shooting,NA
GO-20124356312,3/13/2012 4:00:00 AM,Englemount-Lawrence (32),NA,NA,0,0,Firearm Discharge,NA
GO-20124330549,3/13/2012 4:00:00 AM,York University Heights (27),NA,NA,0,0,Firearm Discharge,NA
GO-20124361640,3/14/2012 4:00:00 AM,Englemount-Lawrence (32),NA,NA,0,0,Firearm Discharge,NA
GO-20123893358,3/15/2012 4:00:00 AM,Humbermede (22),NA,NA,0,1,Shooting,NA
GO-20124429586,3/16/2012 4:00:00 AM,Kensington-Chinatown (78),NA,NA,0,0,Firearm Discharge,NA
GO-20124436256,3/18/2012 4:00:00 AM,Weston-Pelham Park (91),NA,NA,0,1,Shooting,NA
GO-20124313193,3/19/2012 4:00:00 AM,Mount Olive-Silverstone-Jamestown (2),NA,NA,0,0,Firearm Discharge,NA
GO-20124211876,3/19/2012 4:00:00 AM,Pelmo Park-Humberlea (23),NA,NA,0,0,Firearm Discharge,NA
GO-20123696806,3/19/2012 4:00:00 AM,Golfdale-Cedarbrae-Woburn (141),NA,NA,0,0,Firearm Discharge,NA
GO-20124379719,3/20/2012 4:00:00 AM,Weston-Pelham Park (91),NA,NA,0,1,Shooting,NA
GO-20124387873,3/20/2012 4:00:00 AM,Flemingdon Park (44),NA,NA,0,1,Shooting,NA
GO-20124290820,3/22/2012 4:00:00 AM,Mount Olive-Silverstone-Jamestown (2),NA,NA,0,0,Firearm Discharge,NA
GO-20124348745,3/23/2012 4:00:00 AM,Wexford/Maryvale (119),NA,NA,0,0,Firearm Discharge,NA
GO-20124336213,3/28/2012 4:00:00 AM,Elms-Old Rexdale (5),NA,NA,0,0,Firearm Discharge,NA
GO-20124386103,3/28/2012 4:00:00 AM,North St.James Town (74),NA,NA,0,0,Firearm Discharge,NA
GO-20124355579,3/28/2012 4:00:00 AM,Yorkdale-Glen Park (31),NA,NA,0,0,Firearm Discharge,NA
GO-20124254029,3/30/2012 4:00:00 AM,Dovercourt Village (172),NA,NA,0,0,Firearm Discharge,NA
GO-20124331851,4/1/2012 4:00:00 AM,Regent Park (72),NA,NA,0,0,Firearm Discharge,NA
GO-20124425469,4/2/2012 4:00:00 AM,Kennedy Park (124),NA,NA,0,0,Firearm Discharge,NA
GO-20124291732,4/3/2012 4:00:00 AM,Kingsview Village-The Westway (6),NA,NA,0,0,Firearm Discharge,NA
GO-20124331853,4/5/2012 4:00:00 AM,South Riverdale (70),NA,NA,0,1,Shooting,NA
GO-20124323229,4/5/2012 4:00:00 AM,Mount Olive-Silverstone-Jamestown (2),NA,NA,0,0,Firearm Discharge,NA
GO-20123721552,4/6/2012 4:00:00 AM,High Park-Swansea (87),NA,NA,0,0,Firearm Discharge,NA
GO-20124320454,4/8/2012 4:00:00 AM,Mount Dennis (115),NA,NA,0,0,Firearm Discharge,NA
GO-20124380420,4/10/2012 4:00:00 AM,Agincourt South-Malvern West (128),NA,NA,0,1,Shooting,NA
GO-20124291400,4/11/2012 4:00:00 AM,Eringate-Centennial-West Deane (11),NA,NA,0,0,Firearm Discharge,NA
GO-20124388287,4/12/2012 4:00:00 AM,Malvern East (146),NA,NA,0,0,Firearm Discharge,NA
GO-20123755673,4/12/2012 4:00:00 AM,Rockcliffe-Smythe (111),NA,NA,1,0,Shooting,NA
GO-20124451209,4/14/2012 4:00:00 AM,York University Heights (27),NA,NA,0,1,Shooting,NA
GO-20123760782,4/14/2012 4:00:00 AM,Glenfield-Jane Heights (25),NA,NA,0,0,Firearm Discharge,NA
GO-20124372225,4/14/2012 4:00:00 AM,Englemount-Lawrence (32),NA,NA,0,0,Firearm Discharge,NA
GO-20124343784,4/15/2012 4:00:00 AM,Rockcliffe-Smythe (111),NA,NA,0,1,Shooting,NA
GO-20124313216,4/15/2012 4:00:00 AM,West Humber-Clairville (1),NA,NA,0,0,Firearm Discharge,NA
GO-20124345633,4/19/2012 4:00:00 AM,Mount Olive-Silverstone-Jamestown (2),NA,NA,0,0,Firearm Discharge,NA
GO-20124380927,4/23/2012 4:00:00 AM,Mount Olive-Silverstone-Jamestown (2),NA,NA,0,1,Shooting,NA
GO-20124472104,4/24/2012 4:00:00 AM,Kensington-Chinatown (78),NA,NA,0,0,Firearm Discharge,NA
GO-20124263725,4/29/2012 4:00:00 AM,Brookhaven-Amesbury (30),NA,NA,0,0,Firearm Discharge,NA
GO-20124309275,5/1/2012 4:00:00 AM,Humbermede (22),NA,NA,0,0,Firearm Discharge,NA
GO-20124363954,5/3/2012 4:00:00 AM,High Park-Swansea (87),NA,NA,0,1,Shooting,NA
GO-20124449577,5/4/2012 4:00:00 AM,Englemount-Lawrence (32),NA,NA,1,0,Shooting,NA
GO-20124304455,5/4/2012 4:00:00 AM,Harbourfront-CityPlace (165),NA,NA,0,0,Firearm Discharge,NA
GO-20124489058,5/4/2012 4:00:00 AM,Agincourt South-Malvern West (128),NA,NA,0,0,Firearm Discharge,NA
GO-20124424330,5/5/2012 4:00:00 AM,York University Heights (27),NA,NA,0,0,Firearm Discharge,NA
GO-20124424949,5/6/2012 4:00:00 AM,Mount Olive-Silverstone-Jamestown (2),NA,NA,0,1,Shooting,NA
GO-20124124100,5/6/2012 4:00:00 AM,West Hill (136),NA,NA,0,0,Firearm Discharge,NA
GO-20124387297,5/9/2012 4:00:00 AM,Malvern East (146),NA,NA,0,1,Shooting,NA
GO-20124346812,5/9/2012 4:00:00 AM,Yonge-Eglinton (100),NA,NA,1,0,Shooting,NA
GO-20124445741,5/10/2012 4:00:00 AM,Lambton Baby Point (114),NA,NA,1,0,Shooting,NA
GO-20124374189,5/12/2012 4:00:00 AM,Kingsview Village-The Westway (6),NA,NA,0,0,Firearm Discharge,NA
GO-20124376807,5/14/2012 4:00:00 AM,Humber Summit (21),NA,NA,0,0,Firearm Discharge,NA
GO-20124427068,5/21/2012 4:00:00 AM,Mount Olive-Silverstone-Jamestown (2),NA,NA,0,1,Shooting,NA
GO-20124451234,5/22/2012 4:00:00 AM,Humber Summit (21),NA,NA,0,0,Firearm Discharge,NA
GO-20124263372,5/24/2012 4:00:00 AM,Stonegate-Queensway (16),NA,NA,0,1,Shooting,NA
GO-20124421429,5/25/2012 4:00:00 AM,Black Creek (24),NA,NA,0,0,Firearm Discharge,NA
GO-20124530074,5/27/2012 4:00:00 AM,Yonge-Bay Corridor (170),NA,NA,0,0,Firearm Discharge,NA
GO-20124427072,5/28/2012 4:00:00 AM,Mount Olive-Silverstone-Jamestown (2),NA,NA,0,1,Shooting,NA
GO-20124371123,5/28/2012 4:00:00 AM,Regent Park (72),NA,NA,0,0,Firearm Discharge,NA
GO-20124451247,5/29/2012 4:00:00 AM,Oakdale-Beverley Heights (154),NA,NA,0,0,Firearm Discharge,NA
GO-20124361500,5/31/2012 4:00:00 AM,Wexford/Maryvale (119),NA,NA,0,1,Shooting,NA
GO-20124438492,5/31/2012 4:00:00 AM,Centennial Scarborough (133),NA,NA,1,0,Shooting,NA
GO-20124446270,6/1/2012 4:00:00 AM,Mount Olive-Silverstone-Jamestown (2),NA,NA,0,0,Firearm Discharge,NA
GO-20124391440,6/2/2012 4:00:00 AM,Kensington-Chinatown (78),NA,NA,0,0,Firearm Discharge,NA
GO-20124533105,6/2/2012 4:00:00 AM,Downtown Yonge East (168),NA,NA,2,1,Shooting,NA
GO-20124467395,6/3/2012 4:00:00 AM,NSA,NA,NA,0,0,Firearm Discharge,NA
GO-20124439331,6/3/2012 4:00:00 AM,Agincourt South-Malvern West (128),NA,NA,0,2,Shooting,NA
GO-20124384801,6/3/2012 4:00:00 AM,West Humber-Clairville (1),NA,NA,0,0,Firearm Discharge,NA
GO-20124424428,6/4/2012 4:00:00 AM,Etobicoke West Mall (13),NA,NA,0,0,Firearm Discharge,NA
GO-20124458423,6/4/2012 4:00:00 AM,Etobicoke West Mall (13),NA,NA,0,0,Firearm Discharge,NA
GO-20124334160,6/8/2012 4:00:00 AM,Brookhaven-Amesbury (30),NA,NA,0,1,Shooting,NA
GO-20124542497,6/10/2012 4:00:00 AM,Flemingdon Park (44),NA,NA,0,0,Firearm Discharge,NA
GO-20124368873,6/11/2012 4:00:00 AM,Oakdale-Beverley Heights (154),NA,NA,0,1,Shooting,NA
GO-20123803267,6/14/2012 4:00:00 AM,Keelesdale-Eglinton West (110),NA,NA,0,0,Firearm Discharge,NA
GO-20124484726,6/16/2012 4:00:00 AM,L'Amoreaux West (147),NA,NA,0,1,Shooting,NA
GO-20124453232,6/17/2012 4:00:00 AM,West Humber-Clairville (1),NA,NA,0,1,Shooting,NA
GO-20124386217,6/18/2012 4:00:00 AM,Palmerston-Little Italy (80),NA,NA,1,1,Shooting,NA
GO-20124434770,6/18/2012 4:00:00 AM,Glenfield-Jane Heights (25),NA,NA,0,0,Firearm Discharge,NA
GO-20124493514,6/22/2012 4:00:00 AM,Annex (95),NA,NA,0,1,Shooting,NA
GO-20124444467,6/22/2012 4:00:00 AM,Fenside-Parkwoods (150),NA,NA,0,2,Shooting,NA
GO-20124503011,6/22/2012 4:00:00 AM,Dorset Park (126),NA,NA,1,0,Shooting,NA
GO-20124556249,6/23/2012 4:00:00 AM,Avondale (153),NA,NA,1,0,Shooting,NA
GO-20124395904,6/24/2012 4:00:00 AM,Oakwood Village (107),NA,NA,0,3,Shooting,NA
GO-20124616344,6/27/2012 4:00:00 AM,West Hill (136),NA,NA,0,1,Shooting,NA
GO-20124594525,6/28/2012 4:00:00 AM,NSA,NA,NA,0,0,Firearm Discharge,NA
GO-20124385723,6/28/2012 4:00:00 AM,Mount Olive-Silverstone-Jamestown (2),NA,NA,0,0,Firearm Discharge,NA
GO-20124409543,6/30/2012 4:00:00 AM,York University Heights (27),NA,NA,0,1,Shooting,NA
GO-20124553310,7/1/2012 4:00:00 AM,The Beaches (63),NA,NA,0,1,Shooting,NA
GO-20124483335,7/2/2012 4:00:00 AM,York University Heights (27),NA,NA,0,1,Shooting,NA
GO-20124478742,7/4/2012 4:00:00 AM,Glenfield-Jane Heights (25),NA,NA,0,1,Shooting,NA
GO-20124409312,7/5/2012 4:00:00 AM,Blake-Jones (69),NA,NA,0,1,Shooting,NA
GO-20124578181,7/5/2012 4:00:00 AM,Islington (158),NA,NA,1,0,Shooting,NA
GO-20124422179,7/5/2012 4:00:00 AM,Blake-Jones (69),NA,NA,0,0,Firearm Discharge,NA
GO-20124388718,7/8/2012 4:00:00 AM,West Humber-Clairville (1),NA,NA,0,1,Shooting,NA
GO-20124385733,7/8/2012 4:00:00 AM,Kingsview Village-The Westway (6),NA,NA,0,0,Firearm Discharge,NA
GO-20124476147,7/15/2012 4:00:00 AM,Kensington-Chinatown (78),NA,NA,0,0,Firearm Discharge,NA
GO-20124484746,7/15/2012 4:00:00 AM,Malvern East (146),NA,NA,0,0,Firearm Discharge,NA
GO-20124544154,7/16/2012 4:00:00 AM,West Hill (136),NA,NA,2,24,Shooting,NA
GO-20124466647,7/17/2012 4:00:00 AM,Mount Dennis (115),NA,NA,1,0,Shooting,NA
GO-20124484747,7/17/2012 4:00:00 AM,Malvern West (145),NA,NA,0,0,Firearm Discharge,NA
GO-20124480703,7/18/2012 4:00:00 AM,Rockcliffe-Smythe (111),NA,NA,0,0,Firearm Discharge,NA
GO-20124427513,7/19/2012 4:00:00 AM,Englemount-Lawrence (32),NA,NA,1,0,Shooting,NA
GO-20124622186,7/20/2012 4:00:00 AM,Black Creek (24),NA,NA,1,0,Shooting,NA
GO-20124645922,7/20/2012 4:00:00 AM,Rockcliffe-Smythe (111),NA,NA,0,2,Shooting,NA
GO-20124500439,7/21/2012 4:00:00 AM,Dorset Park (126),NA,NA,0,1,Shooting,NA
GO-20124412422,7/24/2012 4:00:00 AM,Wellington Place (164),NA,NA,0,0,Firearm Discharge,NA
GO-20124499390,7/28/2012 4:00:00 AM,Don Valley Village (47),NA,NA,0,1,Shooting,NA
GO-20124470682,7/30/2012 4:00:00 AM,Kingsview Village-The Westway (6),NA,NA,0,0,Firearm Discharge,NA
GO-20124382490,8/6/2012 4:00:00 AM,Yonge-Bay Corridor (170),NA,NA,0,2,Shooting,NA
GO-20124456020,8/6/2012 4:00:00 AM,West Hill (136),NA,NA,0,0,Firearm Discharge,NA
GO-20124561384,8/6/2012 4:00:00 AM,Weston (113),NA,NA,0,1,Shooting,NA
GO-20124504230,8/9/2012 4:00:00 AM,Glenfield-Jane Heights (25),NA,NA,0,0,Firearm Discharge,NA
GO-20124493164,8/9/2012 4:00:00 AM,Thistletown-Beaumond Heights (3),NA,NA,0,0,Firearm Discharge,NA
GO-20124624459,8/10/2012 4:00:00 AM,Dorset Park (126),NA,NA,0,1,Shooting,NA
GO-20124514885,8/11/2012 4:00:00 AM,Yorkdale-Glen Park (31),NA,NA,0,0,Firearm Discharge,NA
GO-20124506262,8/23/2012 4:00:00 AM,Kingsview Village-The Westway (6),NA,NA,0,0,Firearm Discharge,NA
GO-20124444930,8/26/2012 4:00:00 AM,Oakwood Village (107),NA,NA,0,1,Shooting,NA
GO-20124574116,8/28/2012 4:00:00 AM,L'Amoreaux West (147),NA,NA,0,0,Firearm Discharge,NA
GO-20124230339,8/29/2012 4:00:00 AM,Flemingdon Park (44),NA,NA,0,0,Firearm Discharge,NA
GO-20124442242,8/30/2012 4:00:00 AM,Humber Summit (21),NA,NA,0,0,Firearm Discharge,NA
GO-20124485928,9/2/2012 4:00:00 AM,Kingsview Village-The Westway (6),NA,NA,0,0,Firearm Discharge,NA
GO-20124240045,9/2/2012 4:00:00 AM,L'Amoreaux West (147),NA,NA,0,1,Shooting,NA
GO-20124652509,9/4/2012 4:00:00 AM,Agincourt North (129),NA,NA,0,0,Firearm Discharge,NA
GO-20124528016,9/8/2012 4:00:00 AM,Malvern East (146),NA,NA,1,0,Shooting,NA
GO-20124563307,9/8/2012 4:00:00 AM,East End-Danforth (62),NA,NA,1,0,Shooting,NA
GO-20123912956,9/10/2012 4:00:00 AM,Malvern East (146),NA,NA,0,0,Firearm Discharge,NA
GO-20124440248,9/11/2012 4:00:00 AM,Oakdale-Beverley Heights (154),NA,NA,0,1,Shooting,NA
GO-20124699457,9/11/2012 4:00:00 AM,Kingsview Village-The Westway (6),NA,NA,0,0,Firearm Discharge,NA
GO-20124697239,9/15/2012 4:00:00 AM,Clairlea-Birchmount (120),NA,NA,0,0,Firearm Discharge,NA
GO-20124412774,9/15/2012 4:00:00 AM,Weston (113),NA,NA,0,0,Firearm Discharge,NA
GO-20124453311,9/16/2012 4:00:00 AM,Black Creek (24),NA,NA,1,0,Shooting,NA
GO-20124589405,9/18/2012 4:00:00 AM,Mount Olive-Silverstone-Jamestown (2),NA,NA,2,0,Shooting,NA
GO-20124625424,9/18/2012 4:00:00 AM,Rustic (28),NA,NA,0,1,Shooting,NA
GO-20124670162,9/28/2012 4:00:00 AM,Humbermede (22),NA,NA,0,0,Firearm Discharge,NA
GO-20124571943,9/30/2012 4:00:00 AM,York University Heights (27),NA,NA,0,0,Firearm Discharge,NA
GO-20124572511,10/4/2012 4:00:00 AM,South Parkdale (85),NA,NA,0,1,Shooting,NA
GO-20124719673,10/10/2012 4:00:00 AM,Parkwoods-O'Connor Hills (149),NA,NA,0,0,Firearm Discharge,NA
GO-20124663461,10/10/2012 4:00:00 AM,Black Creek (24),NA,NA,1,0,Shooting,NA
GO-20124303214,10/11/2012 4:00:00 AM,Malvern East (146),NA,NA,0,1,Shooting,NA
GO-20124700500,10/13/2012 4:00:00 AM,Blake-Jones (69),NA,NA,0,1,Shooting,NA
GO-20124563714,10/13/2012 4:00:00 AM,O'Connor-Parkview (54),NA,NA,0,1,Shooting,NA
GO-20124727189,10/15/2012 4:00:00 AM,NSA,NA,NA,0,1,Shooting,NA
GO-20124736621,10/16/2012 4:00:00 AM,Brookhaven-Amesbury (30),NA,NA,0,1,Shooting,NA
GO-20124507364,10/16/2012 4:00:00 AM,Black Creek (24),NA,NA,0,1,Shooting,NA
GO-20124699496,10/21/2012 4:00:00 AM,Elms-Old Rexdale (5),NA,NA,0,0,Firearm Discharge,NA
GO-20124654122,10/21/2012 4:00:00 AM,Elms-Old Rexdale (5),NA,NA,0,1,Shooting,NA
GO-20124494245,10/22/2012 4:00:00 AM,Rexdale-Kipling (4),NA,NA,0,0,Firearm Discharge,NA
GO-20124667897,10/24/2012 4:00:00 AM,Rosedale-Moore Park (98),NA,NA,0,0,Firearm Discharge,NA
GO-20124697281,10/26/2012 4:00:00 AM,Clairlea-Birchmount (120),NA,NA,0,1,Shooting,NA
GO-20124743790,10/28/2012 4:00:00 AM,Rockcliffe-Smythe (111),NA,NA,0,1,Shooting,NA
GO-20124703830,10/28/2012 4:00:00 AM,Morningside (135),NA,NA,1,0,Shooting,NA
GO-20124697103,10/29/2012 4:00:00 AM,Yorkdale-Glen Park (31),NA,NA,1,0,Shooting,NA
GO-20124754900,10/30/2012 4:00:00 AM,Mount Dennis (115),NA,NA,1,0,Shooting,NA
GO-20124754901,10/30/2012 4:00:00 AM,Rustic (28),NA,NA,0,2,Shooting,NA
GO-20124639310,10/31/2012 4:00:00 AM,Morningside Heights (144),NA,NA,0,0,Firearm Discharge,NA
GO-20124652055,11/3/2012 4:00:00 AM,Glenfield-Jane Heights (25),NA,NA,0,0,Firearm Discharge,NA
GO-20124494923,11/7/2012 5:00:00 AM,Westminster-Branson (35),NA,NA,0,1,Shooting,NA
GO-20124514738,11/8/2012 5:00:00 AM,Humber Summit (21),NA,NA,0,1,Shooting,NA
GO-20124653059,11/11/2012 5:00:00 AM,O'Connor-Parkview (54),NA,NA,0,1,Shooting,NA
GO-20124695122,11/11/2012 5:00:00 AM,University (79),NA,NA,1,0,Shooting,NA
GO-20124556136,11/11/2012 5:00:00 AM,O'Connor-Parkview (54),NA,NA,0,1,Shooting,NA
GO-20124596048,11/17/2012 5:00:00 AM,Yonge-Bay Corridor (170),NA,NA,0,0,Firearm Discharge,NA
GO-20124835700,11/23/2012 5:00:00 AM,Glenfield-Jane Heights (25),NA,NA,0,0,Firearm Discharge,NA
GO-20121799887,11/28/2012 5:00:00 AM,Markland Wood (12),NA,NA,1,0,Shooting,NA
GO-20124672379,12/2/2012 5:00:00 AM,Downsview (155),NA,NA,1,0,Shooting,NA
GO-20124703603,12/4/2012 5:00:00 AM,Kingsview Village-The Westway (6),NA,NA,0,0,Firearm Discharge,NA
GO-20124252611,12/22/2012 5:00:00 AM,Cabbagetown-South St.James Town (71),NA,NA,0,0,Firearm Discharge,NA
GO-20124726825,12/23/2012 5:00:00 AM,Mount Dennis (115),NA,NA,0,0,Firearm Discharge,NA
GO-20124605762,12/25/2012 5:00:00 AM,Rockcliffe-Smythe (111),NA,NA,0,0,Firearm Discharge,NA
GO-20124735258,12/29/2012 5:00:00 AM,Palmerston-Little Italy (80),NA,NA,0,0,Firearm Discharge,NA
GO-20124660052,12/30/2012 5:00:00 AM,Regent Park (72),NA,NA,0,0,Firearm Discharge,NA
GO-20124909559,12/30/2012 5:00:00 AM,Yorkdale-Glen Park (31),NA,NA,0,0,Firearm Discharge,NA
GO-20134723850,1/1/2013 5:00:00 AM,St Lawrence-East Bayfront-The Islands (166),NA,NA,0,2,Shooting,NA
GO-20134739290,1/3/2013 5:00:00 AM,Mount Dennis (115),NA,NA,0,1,Shooting,NA
GO-20134758878,1/4/2013 5:00:00 AM,Yorkdale-Glen Park (31),NA,NA,0,0,Firearm Discharge,NA
GO-20134714662,1/4/2013 5:00:00 AM,Glenfield-Jane Heights (25),NA,NA,0,0,Firearm Discharge,NA
GO-20134761481,1/5/2013 5:00:00 AM,West Humber-Clairville (1),NA,NA,0,1,Shooting,NA
GO-20134714664,1/7/2013 5:00:00 AM,Humber Summit (21),NA,NA,0,0,Firearm Discharge,NA
GO-20134793362,1/11/2013 5:00:00 AM,Stonegate-Queensway (16),NA,NA,0,1,Shooting,NA
GO-20134785610,1/16/2013 5:00:00 AM,NSA,NA,NA,0,1,Shooting,NA
GO-20134842775,1/18/2013 5:00:00 AM,Regent Park (72),NA,NA,1,0,Shooting,NA
GO-20134732804,1/22/2013 5:00:00 AM,Oakdale-Beverley Heights (154),NA,NA,0,1,Shooting,NA
GO-20134765232,1/24/2013 5:00:00 AM,Greenwood-Coxwell (65),NA,NA,0,1,Shooting,NA
GO-20134785613,1/29/2013 5:00:00 AM,Rexdale-Kipling (4),NA,NA,0,1,Shooting,NA
GO-20134837031,1/30/2013 5:00:00 AM,Regent Park (72),NA,NA,0,0,Firearm Discharge,NA
GO-20134800204,2/6/2013 5:00:00 AM,Regent Park (72),NA,NA,0,1,Shooting,NA
GO-20134767170,2/6/2013 5:00:00 AM,Dorset Park (126),NA,NA,0,0,Firearm Discharge,NA
GO-20134834800,2/10/2013 5:00:00 AM,Fort York-Liberty Village (163),NA,NA,1,1,Shooting,NA
GO-20134954079,2/11/2013 5:00:00 AM,Glenfield-Jane Heights (25),NA,NA,1,0,Shooting,NA
GO-20134884325,2/16/2013 5:00:00 AM,Harbourfront-CityPlace (165),NA,NA,0,0,Firearm Discharge,NA
GO-20134918220,2/16/2013 5:00:00 AM,Harbourfront-CityPlace (165),NA,NA,0,0,Firearm Discharge,NA
GO-20134810055,2/16/2013 5:00:00 AM,Harbourfront-CityPlace (165),NA,NA,0,0,Firearm Discharge,NA
GO-20134920035,2/17/2013 5:00:00 AM,Mount Olive-Silverstone-Jamestown (2),NA,NA,1,0,Shooting,NA
GO-20134736431,2/17/2013 5:00:00 AM,Rustic (28),NA,NA,0,1,Shooting,NA
GO-20134736689,2/17/2013 5:00:00 AM,Rockcliffe-Smythe (111),NA,NA,0,1,Shooting,NA
GO-20134753812,2/19/2013 5:00:00 AM,O'Connor-Parkview (54),NA,NA,0,0,Firearm Discharge,NA
GO-20134837035,2/20/2013 5:00:00 AM,Regent Park (72),NA,NA,0,0,Firearm Discharge,NA
GO-20134698804,2/23/2013 5:00:00 AM,South Riverdale (70),NA,NA,0,1,Shooting,NA
GO-20134732823,2/24/2013 5:00:00 AM,York University Heights (27),NA,NA,0,1,Shooting,NA
GO-20134913786,2/24/2013 5:00:00 AM,Humber Summit (21),NA,NA,1,0,Shooting,NA
GO-20134709807,2/24/2013 5:00:00 AM,St Lawrence-East Bayfront-The Islands (166),NA,NA,0,0,Firearm Discharge,NA
GO-20134732702,2/27/2013 5:00:00 AM,Brookhaven-Amesbury (30),NA,NA,0,0,Firearm Discharge,NA
GO-20134859279,3/1/2013 5:00:00 AM,Little Portugal (84),NA,NA,0,1,Shooting,NA
GO-20134773342,3/1/2013 5:00:00 AM,Newtonbrook West (36),NA,NA,0,0,Firearm Discharge,NA
GO-20134875802,3/7/2013 5:00:00 AM,Rexdale-Kipling (4),NA,NA,0,0,Firearm Discharge,NA
GO-20134707385,3/9/2013 5:00:00 AM,Kensington-Chinatown (78),NA,NA,0,0,Firearm Discharge,NA
GO-20134784100,3/16/2013 4:00:00 AM,Elms-Old Rexdale (5),NA,NA,0,0,Firearm Discharge,NA
GO-20134815410,3/18/2013 4:00:00 AM,Yorkdale-Glen Park (31),NA,NA,0,1,Shooting,NA
GO-20134941269,3/19/2013 4:00:00 AM,East End-Danforth (62),NA,NA,0,1,Shooting,NA
GO-20134832476,3/19/2013 4:00:00 AM,Mount Olive-Silverstone-Jamestown (2),NA,NA,0,2,Shooting,NA
GO-20134779022,3/21/2013 4:00:00 AM,Cabbagetown-South St.James Town (71),NA,NA,1,0,Shooting,NA
GO-20134749701,3/22/2013 4:00:00 AM,Stonegate-Queensway (16),NA,NA,0,0,Firearm Discharge,NA
GO-20134793866,3/25/2013 4:00:00 AM,NSA,NA,NA,0,0,Firearm Discharge,NA
GO-20134711236,3/25/2013 4:00:00 AM,Malvern East (146),NA,NA,0,0,Firearm Discharge,NA
GO-20134954123,3/26/2013 4:00:00 AM,Glenfield-Jane Heights (25),NA,NA,0,0,Firearm Discharge,NA
GO-20134907315,3/28/2013 4:00:00 AM,NSA,NA,NA,1,1,Shooting,NA
GO-20134886446,3/28/2013 4:00:00 AM,Humber Summit (21),NA,NA,0,0,Firearm Discharge,NA
GO-20134906736,3/29/2013 4:00:00 AM,Bendale South (157),NA,NA,0,2,Shooting,NA
GO-20134902638,3/30/2013 4:00:00 AM,Yorkdale-Glen Park (31),NA,NA,1,1,Shooting,NA
GO-20134619740,4/1/2013 4:00:00 AM,South Riverdale (70),NA,NA,0,1,Shooting,NA
GO-20135129812,4/1/2013 4:00:00 AM,High Park North (88),NA,NA,0,0,Firearm Discharge,NA
GO-20134752633,4/2/2013 4:00:00 AM,Bendale South (157),NA,NA,0,1,Shooting,NA
GO-20134991046,4/3/2013 4:00:00 AM,Elms-Old Rexdale (5),NA,NA,0,0,Firearm Discharge,NA
GO-20134913651,4/3/2013 4:00:00 AM,Englemount-Lawrence (32),NA,NA,0,1,Shooting,NA
GO-20134873070,4/6/2013 4:00:00 AM,York University Heights (27),NA,NA,0,0,Firearm Discharge,NA
GO-20134883174,4/7/2013 4:00:00 AM,Mount Olive-Silverstone-Jamestown (2),NA,NA,0,1,Shooting,NA
GO-20134846840,4/8/2013 4:00:00 AM,Elms-Old Rexdale (5),NA,NA,0,1,Shooting,NA
GO-20134721937,4/9/2013 4:00:00 AM,West Humber-Clairville (1),NA,NA,0,0,Firearm Discharge,NA
GO-20134800996,4/13/2013 4:00:00 AM,Eglinton East (138),NA,NA,0,0,Firearm Discharge,NA
GO-20134965004,4/13/2013 4:00:00 AM,Victoria Village (43),NA,NA,0,0,Firearm Discharge,NA
GO-20134952680,4/14/2013 4:00:00 AM,Danforth (66),NA,NA,0,1,Shooting,NA
GO-20134957206,4/15/2013 4:00:00 AM,Regent Park (72),NA,NA,0,0,Firearm Discharge,NA
GO-20134826169,4/16/2013 4:00:00 AM,Regent Park (72),NA,NA,0,0,Firearm Discharge,NA
GO-20134911620,4/18/2013 4:00:00 AM,Kensington-Chinatown (78),NA,NA,0,1,Shooting,NA
GO-20134925107,4/19/2013 4:00:00 AM,York University Heights (27),NA,NA,0,0,Firearm Discharge,NA
GO-20134859308,4/21/2013 4:00:00 AM,Rockcliffe-Smythe (111),NA,NA,0,2,Shooting,NA
GO-20134979856,4/25/2013 4:00:00 AM,NSA,NA,NA,0,1,Shooting,NA
GO-20134948721,4/25/2013 4:00:00 AM,Morningside Heights (144),NA,NA,1,1,Shooting,NA
GO-20134886466,4/26/2013 4:00:00 AM,York University Heights (27),NA,NA,0,1,Shooting,NA
GO-20134937409,4/29/2013 4:00:00 AM,Keelesdale-Eglinton West (110),NA,NA,0,1,Shooting,NA
GO-20135028531,4/30/2013 4:00:00 AM,Wexford/Maryvale (119),NA,NA,0,0,Firearm Discharge,NA
GO-20134806148,4/30/2013 4:00:00 AM,Wychwood (94),NA,NA,0,0,Firearm Discharge,NA
GO-20134729458,5/2/2013 4:00:00 AM,Regent Park (72),NA,NA,0,0,Firearm Discharge,NA
GO-20134974087,5/3/2013 4:00:00 AM,Dorset Park (126),NA,NA,0,0,Firearm Discharge,NA
GO-20134794917,5/4/2013 4:00:00 AM,Taylor-Massey (61),NA,NA,0,0,Firearm Discharge,NA
GO-20134942712,5/10/2013 4:00:00 AM,Woodbine-Lumsden (60),NA,NA,0,1,Shooting,NA
GO-20134897751,5/10/2013 4:00:00 AM,Eglinton East (138),NA,NA,0,0,Firearm Discharge,NA
GO-20134238095,5/11/2013 4:00:00 AM,Yorkdale-Glen Park (31),NA,NA,0,1,Shooting,NA
GO-20134768596,5/12/2013 4:00:00 AM,Regent Park (72),NA,NA,0,0,Firearm Discharge,NA
GO-20134937969,5/12/2013 4:00:00 AM,L'Amoreaux West (147),NA,NA,0,1,Shooting,NA
GO-20135049114,5/16/2013 4:00:00 AM,Eringate-Centennial-West Deane (11),NA,NA,0,0,Firearm Discharge,NA
GO-20134923875,5/17/2013 4:00:00 AM,Mount Olive-Silverstone-Jamestown (2),NA,NA,0,0,Firearm Discharge,NA
GO-20134832188,5/19/2013 4:00:00 AM,Trinity-Bellwoods (81),NA,NA,1,0,Shooting,NA
GO-20134811174,5/20/2013 4:00:00 AM,The Beaches (63),NA,NA,0,1,Shooting,NA
GO-20135012579,5/21/2013 4:00:00 AM,Kingsview Village-The Westway (6),NA,NA,0,1,Shooting,NA
GO-20134823792,5/23/2013 4:00:00 AM,Guildwood (140),NA,NA,0,1,Shooting,NA
GO-20134994968,5/25/2013 4:00:00 AM,Little Portugal (84),NA,NA,0,0,Firearm Discharge,NA
GO-20135001151,5/30/2013 4:00:00 AM,Morningside Heights (144),NA,NA,1,0,Shooting,NA
GO-20135040341,5/31/2013 4:00:00 AM,West Humber-Clairville (1),NA,NA,0,0,Firearm Discharge,NA
GO-20134968111,6/7/2013 4:00:00 AM,Kensington-Chinatown (78),NA,NA,0,0,Firearm Discharge,NA
GO-20135003500,6/10/2013 4:00:00 AM,Humber Summit (21),NA,NA,0,0,Firearm Discharge,NA
GO-20135021475,6/11/2013 4:00:00 AM,South Parkdale (85),NA,NA,0,1,Shooting,NA
GO-20135007768,6/12/2013 4:00:00 AM,Flemingdon Park (44),NA,NA,0,0,Firearm Discharge,NA
GO-20134984253,6/12/2013 4:00:00 AM,York University Heights (27),NA,NA,0,1,Shooting,NA
GO-20135000885,6/16/2013 4:00:00 AM,East Willowdale (152),NA,NA,1,0,Shooting,NA
GO-20135002746,6/21/2013 4:00:00 AM,Yorkdale-Glen Park (31),NA,NA,0,0,Firearm Discharge,NA
GO-20135059257,6/21/2013 4:00:00 AM,Danforth (66),NA,NA,0,1,Shooting,NA
GO-20134901314,6/22/2013 4:00:00 AM,Bendale-Glen Andrew (156),NA,NA,0,1,Shooting,NA
GO-20135026449,6/26/2013 4:00:00 AM,Malvern West (145),NA,NA,0,1,Shooting,NA
GO-20135048005,6/28/2013 4:00:00 AM,Taylor-Massey (61),NA,NA,0,0,Firearm Discharge,NA
GO-20134993738,6/30/2013 4:00:00 AM,Malvern West (145),NA,NA,0,0,Firearm Discharge,NA
GO-20135072874,7/1/2013 4:00:00 AM,NSA,NA,NA,0,1,Shooting,NA
GO-20135053869,7/1/2013 4:00:00 AM,Oakdale-Beverley Heights (154),NA,NA,0,0,Firearm Discharge,NA
GO-20135002075,7/2/2013 4:00:00 AM,Kensington-Chinatown (78),NA,NA,0,0,Firearm Discharge,NA
GO-20135147696,7/4/2013 4:00:00 AM,Regent Park (72),NA,NA,0,1,Shooting,NA
GO-20135146076,7/4/2013 4:00:00 AM,Wexford/Maryvale (119),NA,NA,0,1,Shooting,NA
GO-20134832196,7/6/2013 4:00:00 AM,Kensington-Chinatown (78),NA,NA,0,0,Firearm Discharge,NA
GO-20135106309,7/14/2013 4:00:00 AM,Brookhaven-Amesbury (30),NA,NA,0,1,Shooting,NA
GO-20135210835,7/14/2013 4:00:00 AM,Briar Hill-Belgravia (108),NA,NA,0,0,Firearm Discharge,NA
GO-20134924378,7/15/2013 4:00:00 AM,Moss Park (73),NA,NA,0,1,Shooting,NA
GO-20135035035,7/21/2013 4:00:00 AM,St Lawrence-East Bayfront-The Islands (166),NA,NA,0,0,Firearm Discharge,NA
GO-20135117904,7/22/2013 4:00:00 AM,NSA,NA,NA,0,0,Firearm Discharge,NA
GO-20135144463,7/27/2013 4:00:00 AM,East End-Danforth (62),NA,NA,0,1,Shooting,NA
GO-20135205458,7/28/2013 4:00:00 AM,Mimico-Queensway (160),NA,NA,0,1,Shooting,NA
GO-20135159817,7/28/2013 4:00:00 AM,Glenfield-Jane Heights (25),NA,NA,1,0,Shooting,NA
GO-20135143552,8/1/2013 4:00:00 AM,Elms-Old Rexdale (5),NA,NA,0,1,Shooting,NA
GO-20134798314,8/1/2013 4:00:00 AM,Scarborough Village (139),NA,NA,0,1,Shooting,NA
GO-20135116383,8/2/2013 4:00:00 AM,Wexford/Maryvale (119),NA,NA,0,1,Shooting,NA
GO-20135179314,8/3/2013 4:00:00 AM,Weston-Pelham Park (91),NA,NA,0,1,Shooting,NA
GO-20135123991,8/4/2013 4:00:00 AM,Humber Summit (21),NA,NA,0,0,Firearm Discharge,NA
GO-20135201493,8/4/2013 4:00:00 AM,Wellington Place (164),NA,NA,0,0,Firearm Discharge,NA
GO-20135309160,8/4/2013 4:00:00 AM,Wellington Place (164),NA,NA,0,0,Firearm Discharge,NA
GO-20135069043,8/5/2013 4:00:00 AM,Regent Park (72),NA,NA,0,1,Shooting,NA
GO-20135162653,8/5/2013 4:00:00 AM,High Park-Swansea (87),NA,NA,1,0,Shooting,NA
GO-20135176287,8/7/2013 4:00:00 AM,Black Creek (24),NA,NA,0,0,Firearm Discharge,NA
GO-20135150237,8/7/2013 4:00:00 AM,Mount Olive-Silverstone-Jamestown (2),NA,NA,0,0,Firearm Discharge,NA
GO-20135159828,8/7/2013 4:00:00 AM,Humber Summit (21),NA,NA,0,0,Firearm Discharge,NA
GO-20135141042,8/8/2013 4:00:00 AM,West Humber-Clairville (1),NA,NA,0,0,Firearm Discharge,NA
GO-20135111130,8/8/2013 4:00:00 AM,Henry Farm (53),NA,NA,0,1,Shooting,NA
GO-20135159829,8/9/2013 4:00:00 AM,Glenfield-Jane Heights (25),NA,NA,0,0,Firearm Discharge,NA
GO-20135109038,8/9/2013 4:00:00 AM,Wellington Place (164),NA,NA,0,1,Shooting,NA
GO-20135143553,8/12/2013 4:00:00 AM,Elms-Old Rexdale (5),NA,NA,1,0,Shooting,NA
GO-20135125829,8/12/2013 4:00:00 AM,Thorncliffe Park (55),NA,NA,0,1,Shooting,NA
GO-20135143857,8/13/2013 4:00:00 AM,Mount Olive-Silverstone-Jamestown (2),NA,NA,0,2,Shooting,NA
GO-20135124003,8/14/2013 4:00:00 AM,Humber Summit (21),NA,NA,0,0,Firearm Discharge,NA
GO-20135123504,8/14/2013 4:00:00 AM,Lansing-Westgate (38),NA,NA,0,1,Shooting,NA
GO-20135065692,8/15/2013 4:00:00 AM,Mount Olive-Silverstone-Jamestown (2),NA,NA,0,0,Firearm Discharge,NA
GO-20135131370,8/16/2013 4:00:00 AM,Glenfield-Jane Heights (25),NA,NA,0,1,Shooting,NA
GO-20135123603,8/17/2013 4:00:00 AM,Mount Olive-Silverstone-Jamestown (2),NA,NA,0,1,Shooting,NA
GO-20135146682,8/18/2013 4:00:00 AM,Glenfield-Jane Heights (25),NA,NA,0,2,Shooting,NA
GO-20135164075,8/21/2013 4:00:00 AM,NSA,NA,NA,0,1,Shooting,NA
GO-20134969597,8/21/2013 4:00:00 AM,Moss Park (73),NA,NA,0,1,Shooting,NA
GO-20135192957,8/23/2013 4:00:00 AM,Glenfield-Jane Heights (25),NA,NA,2,0,Shooting,NA
GO-20135050371,8/24/2013 4:00:00 AM,Mount Olive-Silverstone-Jamestown (2),NA,NA,0,0,Firearm Discharge,NA
GO-20135334005,8/24/2013 4:00:00 AM,Mount Olive-Silverstone-Jamestown (2),NA,NA,0,0,Firearm Discharge,NA
GO-20134878341,8/25/2013 4:00:00 AM,Mount Olive-Silverstone-Jamestown (2),NA,NA,0,0,Firearm Discharge,NA
GO-20135145888,8/25/2013 4:00:00 AM,High Park-Swansea (87),NA,NA,0,2,Shooting,NA
GO-20135073063,8/25/2013 4:00:00 AM,South Parkdale (85),NA,NA,0,0,Firearm Discharge,NA
GO-20135049955,8/30/2013 4:00:00 AM,Mimico-Queensway (160),NA,NA,0,1,Shooting,NA
GO-20135122714,9/1/2013 4:00:00 AM,Oakdale-Beverley Heights (154),NA,NA,0,0,Firearm Discharge,NA
GO-20135143282,9/1/2013 4:00:00 AM,Weston (113),NA,NA,1,0,Shooting,NA
GO-20135229708,9/2/2013 4:00:00 AM,Scarborough Village (139),NA,NA,0,1,Shooting,NA
GO-20134777486,9/3/2013 4:00:00 AM,South Riverdale (70),NA,NA,0,0,Firearm Discharge,NA
GO-20135145044,9/4/2013 4:00:00 AM,South Riverdale (70),NA,NA,0,1,Shooting,NA
GO-20135216474,9/5/2013 4:00:00 AM,West Humber-Clairville (1),NA,NA,0,1,Shooting,NA
GO-20135168098,9/11/2013 4:00:00 AM,Glenfield-Jane Heights (25),NA,NA,0,0,Firearm Discharge,NA
GO-20135256469,9/12/2013 4:00:00 AM,West Hill (136),NA,NA,0,0,Firearm Discharge,NA
GO-20135261718,9/13/2013 4:00:00 AM,Englemount-Lawrence (32),NA,NA,0,1,Shooting,NA
GO-20135156643,9/15/2013 4:00:00 AM,Rexdale-Kipling (4),NA,NA,0,0,Firearm Discharge,NA
GO-20135179007,9/15/2013 4:00:00 AM,Wellington Place (164),NA,NA,0,0,Firearm Discharge,NA
GO-20135269597,9/17/2013 4:00:00 AM,Willowridge-Martingrove-Richview (7),NA,NA,1,0,Shooting,NA
GO-20135160457,9/18/2013 4:00:00 AM,Kensington-Chinatown (78),NA,NA,0,0,Firearm Discharge,NA
GO-20135219818,9/22/2013 4:00:00 AM,Annex (95),NA,NA,0,5,Shooting,NA
GO-20135260102,9/23/2013 4:00:00 AM,Moss Park (73),NA,NA,1,0,Shooting,NA
GO-20135220056,9/23/2013 4:00:00 AM,Milliken (130),NA,NA,0,1,Shooting,NA
GO-20135157228,9/24/2013 4:00:00 AM,Yonge-St.Clair (97),NA,NA,0,1,Shooting,NA
GO-20135283941,9/28/2013 4:00:00 AM,Blake-Jones (69),NA,NA,0,0,Firearm Discharge,NA
GO-20134800607,9/28/2013 4:00:00 AM,Englemount-Lawrence (32),NA,NA,0,0,Firearm Discharge,NA
GO-20135163008,9/30/2013 4:00:00 AM,South Parkdale (85),NA,NA,0,0,Firearm Discharge,NA
GO-20135249221,10/2/2013 4:00:00 AM,Englemount-Lawrence (32),NA,NA,0,0,Firearm Discharge,NA
GO-20135154184,10/3/2013 4:00:00 AM,NSA,NA,NA,0,1,Shooting,NA
GO-20135092297,10/8/2013 4:00:00 AM,Victoria Village (43),NA,NA,0,1,Shooting,NA
GO-20135245288,10/12/2013 4:00:00 AM,Thorncliffe Park (55),NA,NA,0,1,Shooting,NA
GO-20135078304,10/13/2013 4:00:00 AM,Humbermede (22),NA,NA,0,0,Firearm Discharge,NA
GO-20135081740,10/14/2013 4:00:00 AM,Yonge-Bay Corridor (170),NA,NA,0,1,Shooting,NA
GO-20135255568,10/15/2013 4:00:00 AM,North St.James Town (74),NA,NA,0,1,Shooting,NA
GO-20135208374,10/19/2013 4:00:00 AM,Downsview (155),NA,NA,0,1,Shooting,NA
GO-20135036528,10/21/2013 4:00:00 AM,West Hill (136),NA,NA,0,2,Shooting,NA
GO-20135222231,10/30/2013 4:00:00 AM,West Hill (136),NA,NA,0,1,Shooting,NA
GO-20135043880,11/2/2013 4:00:00 AM,Wexford/Maryvale (119),NA,NA,0,1,Shooting,NA
GO-2013915977,11/5/2013 5:00:00 AM,Oakwood Village (107),NA,NA,0,4,Shooting,NA
GO-2013943773,11/10/2013 5:00:00 AM,East End-Danforth (62),NA,NA,1,0,Shooting,NA
GO-2013954448,11/11/2013 5:00:00 AM,Glenfield-Jane Heights (25),NA,NA,0,3,Shooting,NA
GO-2013978813,11/15/2013 5:00:00 AM,Glenfield-Jane Heights (25),NA,NA,0,0,Firearm Discharge,NA
GO-20131008600,11/20/2013 5:00:00 AM,Flemingdon Park (44),NA,NA,0,0,Firearm Discharge,NA
GO-20131032372,11/24/2013 5:00:00 AM,Mount Olive-Silverstone-Jamestown (2),NA,NA,1,0,Shooting,NA
GO-20131062894,11/29/2013 5:00:00 AM,Downtown Yonge East (168),NA,NA,0,0,Firearm Discharge,NA
GO-20131069582,12/1/2013 5:00:00 AM,Clairlea-Birchmount (120),NA,NA,0,0,Firearm Discharge,NA
GO-20131098127,12/5/2013 5:00:00 AM,York University Heights (27),NA,NA,0,2,Shooting,NA
GO-20131104065,12/6/2013 5:00:00 AM,High Park-Swansea (87),NA,NA,0,1,Shooting,NA
GO-20131116195,12/8/2013 5:00:00 AM,St Lawrence-East Bayfront-The Islands (166),NA,NA,0,1,Shooting,NA
GO-20131113193,12/8/2013 5:00:00 AM,West Hill (136),NA,NA,0,1,Shooting,NA
GO-20131118002,12/9/2013 5:00:00 AM,High Park-Swansea (87),NA,NA,0,1,Shooting,NA
GO-20131135333,12/11/2013 5:00:00 AM,Elms-Old Rexdale (5),NA,NA,0,1,Shooting,NA
GO-20131141263,12/12/2013 5:00:00 AM,Humber Summit (21),NA,NA,0,1,Shooting,NA
GO-20131153188,12/14/2013 5:00:00 AM,Birchcliffe-Cliffside (122),NA,NA,0,1,Shooting,NA
GO-20131290779,12/19/2013 5:00:00 AM,Yorkdale-Glen Park (31),NA,NA,0,1,Shooting,NA
GO-20131216489,12/24/2013 5:00:00 AM,NSA,NA,NA,0,1,Shooting,NA
GO-20131235926,12/24/2013 5:00:00 AM,Weston (113),NA,NA,0,1,Shooting,NA
GO-20131226252,12/25/2013 5:00:00 AM,Highland Creek (134),NA,NA,0,1,Shooting,NA
GO-20131226542,12/25/2013 5:00:00 AM,Glenfield-Jane Heights (25),NA,NA,0,0,Firearm Discharge,NA
GO-20131226989,12/26/2013 5:00:00 AM,Milliken (130),NA,NA,0,1,Shooting,NA
GO-20131229064,12/26/2013 5:00:00 AM,High Park North (88),NA,NA,0,1,Shooting,NA
GO-20131235818,12/27/2013 5:00:00 AM,Rustic (28),NA,NA,0,1,Shooting,NA
GO-20131246790,12/29/2013 5:00:00 AM,Black Creek (24),NA,NA,0,0,Firearm Discharge,NA
GO-20131250783,12/30/2013 5:00:00 AM,Elms-Old Rexdale (5),NA,NA,0,0,Firearm Discharge,NA
GO-20141260949,1/1/2014 5:00:00 AM,Hillcrest Village (48),NA,NA,0,1,Shooting,NA
GO-20141260912,1/1/2014 5:00:00 AM,Kensington-Chinatown (78),NA,NA,0,1,Shooting,NA
GO-20141270233,1/2/2014 5:00:00 AM,Rustic (28),NA,NA,0,3,Shooting,NA
GO-20141306049,1/8/2014 5:00:00 AM,Bendale South (157),NA,NA,0,0,Firearm Discharge,NA
GO-20141317989,1/10/2014 5:00:00 AM,L'Amoreaux West (147),NA,NA,0,1,Shooting,NA
GO-20141314543,1/10/2014 5:00:00 AM,Regent Park (72),NA,NA,0,0,Firearm Discharge,NA
GO-20141332404,1/12/2014 5:00:00 AM,West Humber-Clairville (1),NA,NA,0,0,Firearm Discharge,NA
GO-20141358340,1/17/2014 5:00:00 AM,Victoria Village (43),NA,NA,0,1,Shooting,NA
GO-20141375373,1/19/2014 5:00:00 AM,Elms-Old Rexdale (5),NA,NA,0,0,Firearm Discharge,NA
GO-20141381394,1/20/2014 5:00:00 AM,Don Valley Village (47),NA,NA,0,0,Firearm Discharge,NA
GO-20141397363,1/23/2014 5:00:00 AM,Parkwoods-O'Connor Hills (149),NA,NA,0,0,Firearm Discharge,NA
GO-20141399847,1/24/2014 5:00:00 AM,Wexford/Maryvale (119),NA,NA,0,1,Shooting,NA
GO-20141430780,1/29/2014 5:00:00 AM,Woburn North (142),NA,NA,0,0,Firearm Discharge,NA
GO-20141428622,1/29/2014 5:00:00 AM,Humber Heights-Westmount (8),NA,NA,1,0,Shooting,NA
GO-20141439883,1/30/2014 5:00:00 AM,East L'Amoreaux (148),NA,NA,0,0,Firearm Discharge,NA
GO-20141434366,1/30/2014 5:00:00 AM,Eglinton East (138),NA,NA,0,2,Shooting,NA
GO-20141458613,2/3/2014 5:00:00 AM,Wellington Place (164),NA,NA,0,2,Shooting,NA
GO-20141470629,2/4/2014 5:00:00 AM,Lawrence Park North (105),NA,NA,1,0,Shooting,NA
GO-20141500533,2/9/2014 5:00:00 AM,Alderwood (20),NA,NA,1,0,Shooting,NA
GO-20141524452,2/13/2014 5:00:00 AM,Glenfield-Jane Heights (25),NA,NA,0,0,Firearm Discharge,NA
GO-20141525845,2/14/2014 5:00:00 AM,Kensington-Chinatown (78),NA,NA,0,0,Firearm Discharge,NA
GO-20141584293,2/21/2014 5:00:00 AM,Eglinton East (138),NA,NA,0,0,Firearm Discharge,NA
GO-20141580180,2/22/2014 5:00:00 AM,Regent Park (72),NA,NA,0,0,Firearm Discharge,NA
GO-20141591998,2/24/2014 5:00:00 AM,Newtonbrook West (36),NA,NA,0,0,Firearm Discharge,NA
GO-20141594391,2/25/2014 5:00:00 AM,South Riverdale (70),NA,NA,0,0,Firearm Discharge,NA
GO-20141602636,2/26/2014 5:00:00 AM,Beechborough-Greenbrook (112),NA,NA,0,0,Firearm Discharge,NA
GO-20141605630,2/27/2014 5:00:00 AM,Flemingdon Park (44),NA,NA,0,0,Firearm Discharge,NA
GO-20141612592,2/28/2014 5:00:00 AM,Etobicoke City Centre (159),NA,NA,0,0,Firearm Discharge,NA
GO-20141623490,3/1/2014 5:00:00 AM,St Lawrence-East Bayfront-The Islands (166),NA,NA,0,0,Firearm Discharge,NA
GO-20141634276,3/3/2014 5:00:00 AM,Weston (113),NA,NA,0,0,Firearm Discharge,NA
GO-20141633712,3/3/2014 5:00:00 AM,Rustic (28),NA,NA,0,0,Firearm Discharge,NA
GO-20141641094,3/4/2014 5:00:00 AM,Clairlea-Birchmount (120),NA,NA,0,0,Firearm Discharge,NA
GO-20141653912,3/6/2014 5:00:00 AM,York University Heights (27),NA,NA,0,2,Shooting,NA
GO-20141663866,3/8/2014 5:00:00 AM,Flemingdon Park (44),NA,NA,1,0,Shooting,NA
GO-20141669743,3/9/2014 5:00:00 AM,Regent Park (72),NA,NA,0,0,Firearm Discharge,NA
GO-20141683761,3/11/2014 4:00:00 AM,Morningside (135),NA,NA,0,0,Firearm Discharge,NA
GO-20141683882,3/11/2014 4:00:00 AM,Taylor-Massey (61),NA,NA,0,0,Firearm Discharge,NA
GO-20141690154,3/12/2014 4:00:00 AM,St Lawrence-East Bayfront-The Islands (166),NA,NA,0,0,Firearm Discharge,NA
GO-20141731923,3/19/2014 4:00:00 AM,East End-Danforth (62),NA,NA,2,0,Shooting,NA
GO-20141743707,3/21/2014 4:00:00 AM,Flemingdon Park (44),NA,NA,0,0,Firearm Discharge,NA
GO-20141745699,3/22/2014 4:00:00 AM,St Lawrence-East Bayfront-The Islands (166),NA,NA,0,0,Firearm Discharge,NA
GO-20141755419,3/23/2014 4:00:00 AM,Downsview (155),NA,NA,0,1,Shooting,NA
GO-20141766614,3/25/2014 4:00:00 AM,Weston-Pelham Park (91),NA,NA,1,0,Shooting,NA
GO-20141793046,3/30/2014 4:00:00 AM,Flemingdon Park (44),NA,NA,0,1,Shooting,NA
GO-20141802441,3/31/2014 4:00:00 AM,St Lawrence-East Bayfront-The Islands (166),NA,NA,0,1,Shooting,NA
GO-20141824235,4/4/2014 4:00:00 AM,Cabbagetown-South St.James Town (71),NA,NA,1,1,Shooting,NA
GO-20141840016,4/6/2014 4:00:00 AM,Moss Park (73),NA,NA,0,0,Firearm Discharge,NA
GO-20141853328,4/8/2014 4:00:00 AM,Weston (113),NA,NA,0,0,Firearm Discharge,NA
GO-20141876826,4/12/2014 4:00:00 AM,O'Connor-Parkview (54),NA,NA,0,1,Shooting,NA
GO-20141880069,4/13/2014 4:00:00 AM,Morningside Heights (144),NA,NA,1,0,Shooting,NA
GO-20141940030,4/22/2014 4:00:00 AM,Rustic (28),NA,NA,0,0,Firearm Discharge,NA
GO-20141945383,4/23/2014 4:00:00 AM,Regent Park (72),NA,NA,0,0,Firearm Discharge,NA
GO-20141962833,4/26/2014 4:00:00 AM,Greenwood-Coxwell (65),NA,NA,0,1,Shooting,NA
GO-20142003751,5/2/2014 4:00:00 AM,Oakwood Village (107),NA,NA,1,0,Shooting,NA
GO-20142028110,5/6/2014 4:00:00 AM,West Humber-Clairville (1),NA,NA,0,0,Firearm Discharge,NA
GO-20142035143,5/7/2014 4:00:00 AM,Mount Olive-Silverstone-Jamestown (2),NA,NA,0,0,Firearm Discharge,NA
GO-20142046130,5/9/2014 4:00:00 AM,South Riverdale (70),NA,NA,0,0,Firearm Discharge,NA
GO-20142045846,5/9/2014 4:00:00 AM,Brookhaven-Amesbury (30),NA,NA,0,0,Firearm Discharge,NA
GO-20142072205,5/13/2014 4:00:00 AM,Malvern East (146),NA,NA,0,0,Firearm Discharge,NA
GO-20142079422,5/14/2014 4:00:00 AM,Dorset Park (126),NA,NA,0,0,Firearm Discharge,NA
GO-20142095489,5/17/2014 4:00:00 AM,Regent Park (72),NA,NA,0,0,Firearm Discharge,NA
GO-20142117255,5/19/2014 4:00:00 AM,Lambton Baby Point (114),NA,NA,0,0,Firearm Discharge,NA
GO-20142135167,5/19/2014 4:00:00 AM,South Eglinton-Davisville (174),NA,NA,0,0,Firearm Discharge,NA
GO-20142112136,5/19/2014 4:00:00 AM,O'Connor-Parkview (54),NA,NA,0,0,Firearm Discharge,NA
GO-20142114737,5/20/2014 4:00:00 AM,Mount Olive-Silverstone-Jamestown (2),NA,NA,0,0,Firearm Discharge,NA
GO-20142112449,5/20/2014 4:00:00 AM,Flemingdon Park (44),NA,NA,0,0,Firearm Discharge,NA
GO-20142134171,5/23/2014 4:00:00 AM,Black Creek (24),NA,NA,0,0,Firearm Discharge,NA
GO-20142145283,5/24/2014 4:00:00 AM,Greenwood-Coxwell (65),NA,NA,1,3,Shooting,NA
GO-20142156555,5/26/2014 4:00:00 AM,Malvern West (145),NA,NA,0,0,Firearm Discharge,NA
GO-20142166398,5/27/2014 4:00:00 AM,Kingsview Village-The Westway (6),NA,NA,0,0,Firearm Discharge,NA
GO-20142186162,5/30/2014 4:00:00 AM,West Humber-Clairville (1),NA,NA,0,0,Firearm Discharge,NA
GO-20142186078,5/30/2014 4:00:00 AM,Mount Olive-Silverstone-Jamestown (2),NA,NA,0,3,Shooting,NA
GO-20142186233,5/30/2014 4:00:00 AM,Mount Olive-Silverstone-Jamestown (2),NA,NA,0,0,Firearm Discharge,NA
GO-20142194212,5/31/2014 4:00:00 AM,Black Creek (24),NA,NA,0,2,Shooting,NA
GO-20142198719,6/1/2014 4:00:00 AM,Humber Summit (21),NA,NA,0,0,Firearm Discharge,NA
GO-20142195778,6/1/2014 4:00:00 AM,Clairlea-Birchmount (120),NA,NA,0,0,Firearm Discharge,NA
GO-20142203894,6/2/2014 4:00:00 AM,Humbermede (22),NA,NA,0,0,Firearm Discharge,NA
GO-20142228761,6/5/2014 4:00:00 AM,Steeles (116),NA,NA,0,1,Shooting,NA
GO-20142283828,6/6/2014 4:00:00 AM,Wexford/Maryvale (119),NA,NA,0,0,Firearm Discharge,NA
GO-20142239507,6/7/2014 4:00:00 AM,Black Creek (24),NA,NA,0,0,Firearm Discharge,NA
GO-20142249980,6/8/2014 4:00:00 AM,Black Creek (24),NA,NA,0,0,Firearm Discharge,NA
GO-20142271509,6/11/2014 4:00:00 AM,Oakdale-Beverley Heights (154),NA,NA,0,0,Firearm Discharge,NA
GO-20142278424,6/12/2014 4:00:00 AM,Willowridge-Martingrove-Richview (7),NA,NA,0,0,Firearm Discharge,NA
GO-20142285645,6/13/2014 4:00:00 AM,East Willowdale (152),NA,NA,0,1,Shooting,NA
GO-20142327082,6/19/2014 4:00:00 AM,Rockcliffe-Smythe (111),NA,NA,0,1,Shooting,NA
GO-20142320382,6/19/2014 4:00:00 AM,Bedford Park-Nortown (39),NA,NA,0,0,Firearm Discharge,NA
GO-20142357357,6/24/2014 4:00:00 AM,Victoria Village (43),NA,NA,0,0,Firearm Discharge,NA
GO-20142368669,6/26/2014 4:00:00 AM,Englemount-Lawrence (32),NA,NA,0,1,Shooting,NA
GO-20142390819,6/29/2014 4:00:00 AM,Humber Summit (21),NA,NA,0,3,Shooting,NA
GO-20142405608,7/1/2014 4:00:00 AM,Stonegate-Queensway (16),NA,NA,0,0,Firearm Discharge,NA
GO-20142439822,7/6/2014 4:00:00 AM,Moss Park (73),NA,NA,1,1,Shooting,NA
GO-20142444403,7/6/2014 4:00:00 AM,Mount Olive-Silverstone-Jamestown (2),NA,NA,0,0,Firearm Discharge,NA
GO-20142457869,7/8/2014 4:00:00 AM,Yorkdale-Glen Park (31),NA,NA,0,2,Shooting,NA
GO-20142452482,7/8/2014 4:00:00 AM,Yorkdale-Glen Park (31),NA,NA,1,2,Shooting,NA
GO-20142468019,7/10/2014 4:00:00 AM,Victoria Village (43),NA,NA,0,0,Firearm Discharge,NA
GO-20142498188,7/14/2014 4:00:00 AM,Taylor-Massey (61),NA,NA,0,0,Firearm Discharge,NA
GO-20142505338,7/15/2014 4:00:00 AM,Morningside (135),NA,NA,0,1,Shooting,NA
GO-20142509147,7/16/2014 4:00:00 AM,Downsview (155),NA,NA,0,1,Shooting,NA
GO-20142519747,7/18/2014 4:00:00 AM,Palmerston-Little Italy (80),NA,NA,0,1,Shooting,NA
GO-20142538330,7/20/2014 4:00:00 AM,Mount Olive-Silverstone-Jamestown (2),NA,NA,0,1,Shooting,NA
GO-20142545362,7/22/2014 4:00:00 AM,New Toronto (18),NA,NA,0,0,Firearm Discharge,NA
GO-20142552961,7/23/2014 4:00:00 AM,Flemingdon Park (44),NA,NA,0,0,Firearm Discharge,NA
GO-20142570621,7/25/2014 4:00:00 AM,Black Creek (24),NA,NA,0,1,Shooting,NA
GO-20142586131,7/28/2014 4:00:00 AM,Downsview (155),NA,NA,0,0,Firearm Discharge,NA
GO-20142604344,7/30/2014 4:00:00 AM,Rockcliffe-Smythe (111),NA,NA,0,1,Shooting,NA
GO-20142619836,8/2/2014 4:00:00 AM,O'Connor-Parkview (54),NA,NA,0,1,Shooting,NA
GO-20142629694,8/3/2014 4:00:00 AM,Moss Park (73),NA,NA,0,1,Shooting,NA
GO-20142632527,8/4/2014 4:00:00 AM,Kensington-Chinatown (78),NA,NA,0,0,Firearm Discharge,NA
GO-20142635206,8/4/2014 4:00:00 AM,Oakdale-Beverley Heights (154),NA,NA,0,0,Firearm Discharge,NA
GO-20142637211,8/4/2014 4:00:00 AM,Fort York-Liberty Village (163),NA,NA,0,0,Firearm Discharge,NA
GO-20142656784,8/7/2014 4:00:00 AM,Black Creek (24),NA,NA,0,1,Shooting,NA
GO-20142664916,8/9/2014 4:00:00 AM,Englemount-Lawrence (32),NA,NA,0,1,Shooting,NA
GO-20142672141,8/10/2014 4:00:00 AM,Bendale-Glen Andrew (156),NA,NA,0,1,Shooting,NA
GO-20142704297,8/14/2014 4:00:00 AM,Englemount-Lawrence (32),NA,NA,0,1,Shooting,NA
GO-20142705377,8/15/2014 4:00:00 AM,Ionview (125),NA,NA,0,1,Shooting,NA
GO-20142723777,8/18/2014 4:00:00 AM,Kingsview Village-The Westway (6),NA,NA,0,1,Shooting,NA
GO-20142728301,8/18/2014 4:00:00 AM,Mount Dennis (115),NA,NA,1,0,Shooting,NA
GO-20142757022,8/22/2014 4:00:00 AM,Etobicoke City Centre (159),NA,NA,0,0,Firearm Discharge,NA
GO-20142764397,8/24/2014 4:00:00 AM,Glenfield-Jane Heights (25),NA,NA,0,0,Firearm Discharge,NA
GO-20142765144,8/24/2014 4:00:00 AM,Mount Dennis (115),NA,NA,0,0,Firearm Discharge,NA
GO-20142777106,8/26/2014 4:00:00 AM,Stonegate-Queensway (16),NA,NA,0,0,Firearm Discharge,NA
GO-20142777149,8/26/2014 4:00:00 AM,Wellington Place (164),NA,NA,1,0,Shooting,NA
GO-20142804234,8/30/2014 4:00:00 AM,Eglinton East (138),NA,NA,0,0,Firearm Discharge,NA
GO-20142822621,9/1/2014 4:00:00 AM,Glenfield-Jane Heights (25),NA,NA,0,0,Firearm Discharge,NA
GO-20142833694,9/3/2014 4:00:00 AM,O'Connor-Parkview (54),NA,NA,0,0,Firearm Discharge,NA
GO-20142848839,9/5/2014 4:00:00 AM,Glenfield-Jane Heights (25),NA,NA,0,0,Firearm Discharge,NA
GO-20142858262,9/6/2014 4:00:00 AM,Oakridge (121),NA,NA,0,1,Shooting,NA
GO-20142860124,9/7/2014 4:00:00 AM,Harbourfront-CityPlace (165),NA,NA,0,0,Firearm Discharge,NA
GO-20142870490,9/8/2014 4:00:00 AM,Rustic (28),NA,NA,1,0,Shooting,NA
GO-20142886898,9/11/2014 4:00:00 AM,St.Andrew-Windfields (40),NA,NA,1,0,Shooting,NA
GO-20142905498,9/14/2014 4:00:00 AM,Golfdale-Cedarbrae-Woburn (141),NA,NA,1,1,Shooting,NA
GO-20142929457,9/17/2014 4:00:00 AM,York University Heights (27),NA,NA,1,0,Shooting,NA
GO-20142970216,9/23/2014 4:00:00 AM,Black Creek (24),NA,NA,0,1,Shooting,NA
GO-20142976903,9/24/2014 4:00:00 AM,West Humber-Clairville (1),NA,NA,0,0,Firearm Discharge,NA
GO-20142984187,9/25/2014 4:00:00 AM,Clairlea-Birchmount (120),NA,NA,0,0,Firearm Discharge,NA
GO-20142998534,9/27/2014 4:00:00 AM,Morningside Heights (144),NA,NA,0,0,Firearm Discharge,NA
GO-20143004517,9/28/2014 4:00:00 AM,Rustic (28),NA,NA,0,0,Firearm Discharge,NA
GO-20143009478,9/29/2014 4:00:00 AM,Weston (113),NA,NA,0,0,Firearm Discharge,NA
GO-20143005270,9/29/2014 4:00:00 AM,Scarborough Village (139),NA,NA,1,0,Shooting,NA
GO-20143018165,10/1/2014 4:00:00 AM,Keelesdale-Eglinton West (110),NA,NA,0,0,Firearm Discharge,NA
GO-20143040009,10/4/2014 4:00:00 AM,Oakdale-Beverley Heights (154),NA,NA,0,1,Shooting,NA
GO-20143045566,10/5/2014 4:00:00 AM,Junction Area (90),NA,NA,1,0,Shooting,NA
GO-20143053896,10/6/2014 4:00:00 AM,Regent Park (72),NA,NA,1,0,Shooting,NA
GO-20143053009,10/6/2014 4:00:00 AM,Kingsview Village-The Westway (6),NA,NA,2,0,Shooting,NA
GO-20143057807,10/7/2014 4:00:00 AM,Malvern West (145),NA,NA,0,0,Firearm Discharge,NA
GO-20143056988,10/7/2014 4:00:00 AM,Oakridge (121),NA,NA,0,0,Firearm Discharge,NA
GO-20143080767,10/10/2014 4:00:00 AM,Elms-Old Rexdale (5),NA,NA,0,0,Firearm Discharge,NA
GO-20143124853,10/17/2014 4:00:00 AM,Black Creek (24),NA,NA,0,0,Firearm Discharge,NA
GO-20143128176,10/18/2014 4:00:00 AM,Blake-Jones (69),NA,NA,0,1,Shooting,NA
GO-20143137232,10/19/2014 4:00:00 AM,Eglinton East (138),NA,NA,0,0,Firearm Discharge,NA
GO-20143146645,10/21/2014 4:00:00 AM,O'Connor-Parkview (54),NA,NA,0,1,Shooting,NA
GO-20143159130,10/23/2014 4:00:00 AM,Glenfield-Jane Heights (25),NA,NA,0,0,Firearm Discharge,NA
GO-20143177425,10/26/2014 4:00:00 AM,Willowridge-Martingrove-Richview (7),NA,NA,0,1,Shooting,NA
GO-20143188433,10/27/2014 4:00:00 AM,Rustic (28),NA,NA,0,0,Firearm Discharge,NA
GO-20143188357,10/27/2014 4:00:00 AM,Black Creek (24),NA,NA,0,1,Shooting,NA
GO-20143186504,10/27/2014 4:00:00 AM,Avondale (153),NA,NA,0,0,Firearm Discharge,NA
GO-20143206510,10/30/2014 4:00:00 AM,Wexford/Maryvale (119),NA,NA,0,1,Shooting,NA
GO-20143208371,10/30/2014 4:00:00 AM,Downsview (155),NA,NA,1,0,Shooting,NA
GO-20143208055,10/30/2014 4:00:00 AM,Mount Dennis (115),NA,NA,0,1,Shooting,NA
GO-20143212868,10/31/2014 4:00:00 AM,Clanton Park (33),NA,NA,0,0,Firearm Discharge,NA
GO-20143223947,11/2/2014 4:00:00 AM,Glenfield-Jane Heights (25),NA,NA,0,0,Firearm Discharge,NA
GO-20143252379,11/6/2014 5:00:00 AM,Keelesdale-Eglinton West (110),NA,NA,1,0,Shooting,NA
GO-20143310179,11/16/2014 5:00:00 AM,Yorkdale-Glen Park (31),NA,NA,0,0,Firearm Discharge,NA
GO-20143310199,11/16/2014 5:00:00 AM,Yonge-Bay Corridor (170),NA,NA,1,0,Shooting,NA
GO-20143310141,11/16/2014 5:00:00 AM,Steeles (116),NA,NA,0,0,Firearm Discharge,NA
GO-20143326332,11/18/2014 5:00:00 AM,North St.James Town (74),NA,NA,0,1,Shooting,NA
GO-20143349270,11/22/2014 5:00:00 AM,Glenfield-Jane Heights (25),NA,NA,0,0,Firearm Discharge,NA
GO-20143400785,11/30/2014 5:00:00 AM,Malvern East (146),NA,NA,0,2,Shooting,NA
GO-20143411426,12/2/2014 5:00:00 AM,Oakdale-Beverley Heights (154),NA,NA,0,0,Firearm Discharge,NA
GO-20143481372,12/14/2014 5:00:00 AM,Thorncliffe Park (55),NA,NA,0,0,Firearm Discharge,NA
GO-20143481250,12/14/2014 5:00:00 AM,Black Creek (24),NA,NA,0,0,Firearm Discharge,NA
GO-20143483864,12/14/2014 5:00:00 AM,Oakridge (121),NA,NA,0,0,Firearm Discharge,NA
GO-20143493875,12/16/2014 5:00:00 AM,Eringate-Centennial-West Deane (11),NA,NA,0,1,Shooting,NA
GO-20143546455,12/25/2014 5:00:00 AM,Black Creek (24),NA,NA,0,6,Shooting,NA
GO-20143552413,12/26/2014 5:00:00 AM,Mount Dennis (115),NA,NA,0,0,Firearm Discharge,NA
GO-20143575811,12/30/2014 5:00:00 AM,Black Creek (24),NA,NA,0,1,Shooting,NA
GO-20143571144,12/30/2014 5:00:00 AM,Stonegate-Queensway (16),NA,NA,0,1,Shooting,NA
GO-2015779,1/1/2015 5:00:00 AM,Downtown Yonge East (168),NA,NA,0,3,Shooting,NA
GO-2015862,1/1/2015 5:00:00 AM,Wellington Place (164),NA,NA,0,1,Shooting,NA
GO-201511802,1/3/2015 5:00:00 AM,Yonge-Bay Corridor (170),NA,NA,0,0,Firearm Discharge,NA
GO-201523884,1/5/2015 5:00:00 AM,Rockcliffe-Smythe (111),NA,NA,0,1,Shooting,NA
GO-201532758,1/6/2015 5:00:00 AM,Beechborough-Greenbrook (112),NA,NA,0,1,Shooting,NA
GO-201542749,1/8/2015 5:00:00 AM,Clairlea-Birchmount (120),NA,NA,0,1,Shooting,NA
GO-201562240,1/11/2015 5:00:00 AM,O'Connor-Parkview (54),NA,NA,0,0,Firearm Discharge,NA
GO-201562566,1/11/2015 5:00:00 AM,Eringate-Centennial-West Deane (11),NA,NA,0,1,Shooting,NA
GO-201562479,1/11/2015 5:00:00 AM,Glenfield-Jane Heights (25),NA,NA,0,0,Firearm Discharge,NA
GO-201567907,1/12/2015 5:00:00 AM,Oakdale-Beverley Heights (154),NA,NA,0,0,Firearm Discharge,NA
GO-201584197,1/15/2015 5:00:00 AM,South Parkdale (85),NA,NA,0,0,Firearm Discharge,NA
GO-201586516,1/15/2015 5:00:00 AM,Oakwood Village (107),NA,NA,0,1,Shooting,NA
GO-201586372,1/15/2015 5:00:00 AM,Humber Heights-Westmount (8),NA,NA,0,0,Firearm Discharge,NA
GO-201595428,1/17/2015 5:00:00 AM,East L'Amoreaux (148),NA,NA,0,0,Firearm Discharge,NA
GO-201596311,1/17/2015 5:00:00 AM,Tam O'Shanter-Sullivan (118),NA,NA,0,0,Firearm Discharge,NA
GO-2015116752,1/20/2015 5:00:00 AM,Mount Olive-Silverstone-Jamestown (2),NA,NA,0,1,Shooting,NA
GO-2015127931,1/21/2015 5:00:00 AM,Dorset Park (126),NA,NA,0,0,Firearm Discharge,NA
GO-2015123985,1/21/2015 5:00:00 AM,Kingsview Village-The Westway (6),NA,NA,0,1,Shooting,NA
GO-2015124471,1/22/2015 5:00:00 AM,Clanton Park (33),NA,NA,0,2,Shooting,NA
GO-2015147550,1/25/2015 5:00:00 AM,Englemount-Lawrence (32),NA,NA,0,1,Shooting,NA
GO-2015159448,1/27/2015 5:00:00 AM,Yorkdale-Glen Park (31),NA,NA,1,0,Shooting,NA
GO-2015170808,1/29/2015 5:00:00 AM,Moss Park (73),NA,NA,0,0,Firearm Discharge,NA
GO-2015172940,1/30/2015 5:00:00 AM,Downsview (155),NA,NA,0,0,Firearm Discharge,NA
GO-2015183083,1/31/2015 5:00:00 AM,Humbermede (22),NA,NA,0,0,Firearm Discharge,NA
GO-2015179790,1/31/2015 5:00:00 AM,Kensington-Chinatown (78),NA,NA,1,0,Shooting,NA
GO-2015179145,1/31/2015 5:00:00 AM,Weston (113),NA,NA,0,1,Shooting,NA
GO-2015203639,2/3/2015 5:00:00 AM,Humber Summit (21),NA,NA,0,0,Firearm Discharge,NA
GO-2015202558,2/4/2015 5:00:00 AM,Malvern West (145),NA,NA,0,0,Firearm Discharge,NA
GO-2015232088,2/9/2015 5:00:00 AM,Humber Summit (21),NA,NA,0,0,Firearm Discharge,NA
GO-2015252219,2/12/2015 5:00:00 AM,O'Connor-Parkview (54),NA,NA,0,1,Shooting,NA
GO-2015206814,2/15/2015 5:00:00 AM,Eringate-Centennial-West Deane (11),NA,NA,0,0,Firearm Discharge,NA
GO-2015309551,2/21/2015 5:00:00 AM,Willowridge-Martingrove-Richview (7),NA,NA,0,0,Firearm Discharge,NA
GO-2015314363,2/22/2015 5:00:00 AM,L'Amoreaux West (147),NA,NA,0,1,Shooting,NA
GO-2015339069,2/26/2015 5:00:00 AM,Downtown Yonge East (168),NA,NA,0,1,Shooting,NA
GO-2015342946,2/27/2015 5:00:00 AM,Junction-Wallace Emerson (171),NA,NA,0,0,Firearm Discharge,NA
GO-2015348793,2/28/2015 5:00:00 AM,Oakridge (121),NA,NA,0,2,Shooting,NA
GO-2015346652,2/28/2015 5:00:00 AM,Woodbine Corridor (64),NA,NA,2,0,Shooting,NA
GO-2015376147,3/5/2015 5:00:00 AM,Rustic (28),NA,NA,0,0,Firearm Discharge,NA
GO-2015388815,3/7/2015 5:00:00 AM,Beechborough-Greenbrook (112),NA,NA,0,0,Firearm Discharge,NA
GO-2015388802,3/7/2015 5:00:00 AM,Eglinton East (138),NA,NA,0,1,Shooting,NA
GO-2015394257,3/7/2015 5:00:00 AM,West Queen West (162),NA,NA,0,0,Firearm Discharge,NA
GO-2015399269,3/8/2015 5:00:00 AM,Englemount-Lawrence (32),NA,NA,0,0,Firearm Discharge,NA
GO-2015410288,3/10/2015 4:00:00 AM,Oakridge (121),NA,NA,0,1,Shooting,NA
GO-2015420990,3/12/2015 4:00:00 AM,Humbermede (22),NA,NA,0,0,Firearm Discharge,NA
GO-2015419295,3/12/2015 4:00:00 AM,Elms-Old Rexdale (5),NA,NA,0,1,Shooting,NA
GO-2015486199,3/14/2015 4:00:00 AM,New Toronto (18),NA,NA,0,0,Firearm Discharge,NA
GO-2015441737,3/15/2015 4:00:00 AM,Scarborough Village (139),NA,NA,0,1,Shooting,NA
GO-2015447789,3/16/2015 4:00:00 AM,Glenfield-Jane Heights (25),NA,NA,0,1,Shooting,NA
GO-2015453427,3/17/2015 4:00:00 AM,Kingsview Village-The Westway (6),NA,NA,1,0,Shooting,NA
GO-2015451891,3/17/2015 4:00:00 AM,Kingsview Village-The Westway (6),NA,NA,0,1,Shooting,NA
GO-2015466579,3/19/2015 4:00:00 AM,Morningside Heights (144),NA,NA,0,1,Shooting,NA
GO-2015473322,3/21/2015 4:00:00 AM,Willowridge-Martingrove-Richview (7),NA,NA,0,0,Firearm Discharge,NA
GO-2015483552,3/22/2015 4:00:00 AM,Englemount-Lawrence (32),NA,NA,0,0,Firearm Discharge,NA
GO-2015554909,3/22/2015 4:00:00 AM,York University Heights (27),NA,NA,0,0,Firearm Discharge,NA
GO-2015484508,3/23/2015 4:00:00 AM,Islington (158),NA,NA,0,0,Firearm Discharge,NA
GO-2015484695,3/23/2015 4:00:00 AM,Kingsview Village-The Westway (6),NA,NA,0,0,Firearm Discharge,NA
GO-2015492210,3/24/2015 4:00:00 AM,Humbermede (22),NA,NA,0,1,Shooting,NA
GO-2015531511,3/30/2015 4:00:00 AM,Mount Olive-Silverstone-Jamestown (2),NA,NA,1,0,Shooting,NA
GO-2015543234,4/1/2015 4:00:00 AM,Glenfield-Jane Heights (25),NA,NA,0,1,Shooting,NA
GO-2015543729,4/1/2015 4:00:00 AM,Beechborough-Greenbrook (112),NA,NA,0,0,Firearm Discharge,NA
GO-2015556992,4/3/2015 4:00:00 AM,Keelesdale-Eglinton West (110),NA,NA,0,0,Firearm Discharge,NA
GO-2015552288,4/3/2015 4:00:00 AM,Eringate-Centennial-West Deane (11),NA,NA,0,0,Firearm Discharge,NA
GO-2015559616,4/4/2015 4:00:00 AM,Kensington-Chinatown (78),NA,NA,0,1,Shooting,NA
GO-2015582545,4/8/2015 4:00:00 AM,Glenfield-Jane Heights (25),NA,NA,0,1,Shooting,NA
GO-2015593548,4/9/2015 4:00:00 AM,Oakridge (121),NA,NA,0,0,Firearm Discharge,NA
GO-2015594873,4/10/2015 4:00:00 AM,Black Creek (24),NA,NA,0,1,Shooting,NA
GO-2015596740,4/11/2015 4:00:00 AM,Rockcliffe-Smythe (111),NA,NA,0,1,Shooting,NA
GO-2015619485,4/14/2015 4:00:00 AM,Henry Farm (53),NA,NA,0,0,Firearm Discharge,NA
GO-2015590849,4/15/2015 4:00:00 AM,Keelesdale-Eglinton West (110),NA,NA,0,0,Firearm Discharge,NA
GO-2015625610,4/15/2015 4:00:00 AM,Mount Olive-Silverstone-Jamestown (2),NA,NA,0,1,Shooting,NA
GO-2015630750,4/16/2015 4:00:00 AM,Black Creek (24),NA,NA,0,5,Shooting,NA
GO-2015638127,4/17/2015 4:00:00 AM,Clairlea-Birchmount (120),NA,NA,0,1,Shooting,NA
GO-2015644090,4/18/2015 4:00:00 AM,Golfdale-Cedarbrae-Woburn (141),NA,NA,0,0,Firearm Discharge,NA
GO-2015643436,4/18/2015 4:00:00 AM,Regent Park (72),NA,NA,0,1,Shooting,NA
GO-2015650767,4/20/2015 4:00:00 AM,Thorncliffe Park (55),NA,NA,0,1,Shooting,NA
GO-2015675442,4/24/2015 4:00:00 AM,Kingsview Village-The Westway (6),NA,NA,0,1,Shooting,NA
GO-2015688413,4/25/2015 4:00:00 AM,Yorkdale-Glen Park (31),NA,NA,0,0,Firearm Discharge,NA
GO-2015687496,4/25/2015 4:00:00 AM,Clairlea-Birchmount (120),NA,NA,0,1,Shooting,NA
GO-2015700402,4/28/2015 4:00:00 AM,Trinity-Bellwoods (81),NA,NA,0,1,Shooting,NA
GO-2015706228,4/29/2015 4:00:00 AM,Malvern West (145),NA,NA,0,0,Firearm Discharge,NA
GO-2015708336,4/29/2015 4:00:00 AM,Malvern East (146),NA,NA,0,1,Shooting,NA
GO-2015717414,4/30/2015 4:00:00 AM,Don Valley Village (47),NA,NA,0,0,Firearm Discharge,NA
GO-2015717326,4/30/2015 4:00:00 AM,Mount Dennis (115),NA,NA,0,0,Firearm Discharge,NA
GO-2015726490,5/2/2015 4:00:00 AM,Regent Park (72),NA,NA,0,0,Firearm Discharge,NA
GO-2015762095,5/7/2015 4:00:00 AM,L'Amoreaux West (147),NA,NA,0,1,Shooting,NA
GO-2015777027,5/10/2015 4:00:00 AM,Wexford/Maryvale (119),NA,NA,0,1,Shooting,NA
GO-2015935016,5/11/2015 4:00:00 AM,Morningside Heights (144),NA,NA,0,0,Firearm Discharge,NA
GO-2015788702,5/12/2015 4:00:00 AM,Fenside-Parkwoods (150),NA,NA,0,0,Firearm Discharge,NA
GO-2015807928,5/15/2015 4:00:00 AM,Kensington-Chinatown (78),NA,NA,0,1,Shooting,NA
GO-2015814400,5/16/2015 4:00:00 AM,Harbourfront-CityPlace (165),NA,NA,0,0,Firearm Discharge,NA
GO-2015832293,5/16/2015 4:00:00 AM,Weston (113),NA,NA,0,0,Firearm Discharge,NA
GO-2015821559,5/17/2015 4:00:00 AM,Mount Olive-Silverstone-Jamestown (2),NA,NA,0,0,Firearm Discharge,NA
GO-2015831181,5/19/2015 4:00:00 AM,Danforth (66),NA,NA,1,0,Shooting,NA
GO-2015837843,5/20/2015 4:00:00 AM,Woburn North (142),NA,NA,0,1,Shooting,NA
GO-2015843494,5/21/2015 4:00:00 AM,Junction-Wallace Emerson (171),NA,NA,1,0,Shooting,NA
GO-2015849988,5/21/2015 4:00:00 AM,Oakridge (121),NA,NA,0,0,Firearm Discharge,NA
GO-2015849056,5/21/2015 4:00:00 AM,Humber Heights-Westmount (8),NA,NA,0,0,Firearm Discharge,NA
GO-2015850001,5/22/2015 4:00:00 AM,Kensington-Chinatown (78),NA,NA,0,1,Shooting,NA
GO-2015854577,5/22/2015 4:00:00 AM,Humber Summit (21),NA,NA,0,0,Firearm Discharge,NA
GO-2015861386,5/23/2015 4:00:00 AM,Henry Farm (53),NA,NA,0,1,Shooting,NA
GO-2015865601,5/24/2015 4:00:00 AM,Black Creek (24),NA,NA,0,1,Shooting,NA
GO-2015863447,5/24/2015 4:00:00 AM,Glenfield-Jane Heights (25),NA,NA,0,0,Firearm Discharge,NA
GO-2015867715,5/24/2015 4:00:00 AM,Milliken (130),NA,NA,0,2,Shooting,NA
GO-2015864657,5/24/2015 4:00:00 AM,Rosedale-Moore Park (98),NA,NA,0,0,Firearm Discharge,NA
GO-2015863474,5/24/2015 4:00:00 AM,Moss Park (73),NA,NA,0,1,Shooting,NA
GO-2015873509,5/25/2015 4:00:00 AM,Lambton Baby Point (114),NA,NA,0,0,Firearm Discharge,NA
GO-2015878902,5/26/2015 4:00:00 AM,Wychwood (94),NA,NA,0,0,Firearm Discharge,NA
GO-2015897017,5/29/2015 4:00:00 AM,Scarborough Village (139),NA,NA,0,2,Shooting,NA
GO-2015916307,6/1/2015 4:00:00 AM,Golfdale-Cedarbrae-Woburn (141),NA,NA,1,0,Shooting,NA
GO-2015925155,6/2/2015 4:00:00 AM,Oakwood Village (107),NA,NA,0,0,Firearm Discharge,NA
GO-2015932082,6/3/2015 4:00:00 AM,Glenfield-Jane Heights (25),NA,NA,0,0,Firearm Discharge,NA
GO-2015939869,6/4/2015 4:00:00 AM,West Rouge (143),NA,NA,0,0,Firearm Discharge,NA
GO-2015944807,6/5/2015 4:00:00 AM,West Humber-Clairville (1),NA,NA,0,1,Shooting,NA
GO-2015954370,6/7/2015 4:00:00 AM,Glenfield-Jane Heights (25),NA,NA,0,0,Firearm Discharge,NA
GO-2015957436,6/8/2015 4:00:00 AM,Caledonia-Fairbank (109),NA,NA,0,0,Firearm Discharge,NA
GO-2015961626,6/9/2015 4:00:00 AM,Rustic (28),NA,NA,0,0,Firearm Discharge,NA
GO-2015970043,6/10/2015 4:00:00 AM,Wellington Place (164),NA,NA,0,0,Firearm Discharge,NA
GO-2015972336,6/10/2015 4:00:00 AM,Humbermede (22),NA,NA,0,0,Firearm Discharge,NA
GO-2015983514,6/12/2015 4:00:00 AM,Oakdale-Beverley Heights (154),NA,NA,0,1,Shooting,NA
GO-2015988317,6/12/2015 4:00:00 AM,Black Creek (24),NA,NA,0,0,Firearm Discharge,NA
GO-2015986193,6/12/2015 4:00:00 AM,Glenfield-Jane Heights (25),NA,NA,0,1,Shooting,NA
GO-2015994421,6/13/2015 4:00:00 AM,Glenfield-Jane Heights (25),NA,NA,0,0,Firearm Discharge,NA
GO-2015920890,6/15/2015 4:00:00 AM,Keelesdale-Eglinton West (110),NA,NA,0,0,Firearm Discharge,NA
GO-20151001287,6/15/2015 4:00:00 AM,Wexford/Maryvale (119),NA,NA,0,0,Firearm Discharge,NA
GO-20151027288,6/18/2015 4:00:00 AM,Glenfield-Jane Heights (25),NA,NA,0,1,Shooting,NA
GO-20151030866,6/19/2015 4:00:00 AM,Moss Park (73),NA,NA,0,1,Shooting,NA
GO-20151033664,6/19/2015 4:00:00 AM,Mount Olive-Silverstone-Jamestown (2),NA,NA,0,0,Firearm Discharge,NA
GO-20151034890,6/20/2015 4:00:00 AM,Mount Olive-Silverstone-Jamestown (2),NA,NA,0,0,Firearm Discharge,NA
GO-20151038266,6/20/2015 4:00:00 AM,Humber Summit (21),NA,NA,0,0,Firearm Discharge,NA
GO-20151040038,6/20/2015 4:00:00 AM,Oakridge (121),NA,NA,0,1,Shooting,NA
GO-20151041534,6/21/2015 4:00:00 AM,Pelmo Park-Humberlea (23),NA,NA,0,0,Firearm Discharge,NA
GO-20151051986,6/22/2015 4:00:00 AM,Rexdale-Kipling (4),NA,NA,0,0,Firearm Discharge,NA
GO-20151059810,6/23/2015 4:00:00 AM,Morningside Heights (144),NA,NA,0,2,Shooting,NA
GO-20151062915,6/24/2015 4:00:00 AM,Humber Summit (21),NA,NA,0,0,Firearm Discharge,NA
GO-20151073448,6/25/2015 4:00:00 AM,Mount Olive-Silverstone-Jamestown (2),NA,NA,0,0,Firearm Discharge,NA
GO-20151073487,6/26/2015 4:00:00 AM,Tam O'Shanter-Sullivan (118),NA,NA,0,1,Shooting,NA
GO-20151092690,6/27/2015 4:00:00 AM,Malvern East (146),NA,NA,0,0,Firearm Discharge,NA
GO-20151080890,6/27/2015 4:00:00 AM,Humber Bay Shores (161),NA,NA,0,0,Firearm Discharge,NA
GO-20151080566,6/27/2015 4:00:00 AM,Oakridge (121),NA,NA,0,0,Firearm Discharge,NA
GO-20151080530,6/27/2015 4:00:00 AM,Cliffcrest (123),NA,NA,0,0,Firearm Discharge,NA
GO-20151081794,6/27/2015 4:00:00 AM,Morningside Heights (144),NA,NA,0,0,Firearm Discharge,NA
GO-20151080931,6/27/2015 4:00:00 AM,O'Connor-Parkview (54),NA,NA,0,0,Firearm Discharge,NA
GO-20151086599,6/28/2015 4:00:00 AM,Little Portugal (84),NA,NA,2,0,Shooting,NA
GO-20151086150,6/28/2015 4:00:00 AM,Keelesdale-Eglinton West (110),NA,NA,0,1,Shooting,NA
GO-20151091113,6/29/2015 4:00:00 AM,Kingsview Village-The Westway (6),NA,NA,0,1,Shooting,NA
GO-20151097377,6/29/2015 4:00:00 AM,Black Creek (24),NA,NA,0,0,Firearm Discharge,NA
GO-20151090849,6/29/2015 4:00:00 AM,Malvern East (146),NA,NA,0,0,Firearm Discharge,NA
GO-20151103392,6/30/2015 4:00:00 AM,Humber Summit (21),NA,NA,0,0,Firearm Discharge,NA
GO-20151105533,7/1/2015 4:00:00 AM,Oakwood Village (107),NA,NA,0,0,Firearm Discharge,NA
GO-20151113323,7/2/2015 4:00:00 AM,Milliken (130),NA,NA,0,0,Firearm Discharge,NA
GO-20151119059,7/3/2015 4:00:00 AM,Flemingdon Park (44),NA,NA,0,0,Firearm Discharge,NA
GO-20151128013,7/4/2015 4:00:00 AM,Golfdale-Cedarbrae-Woburn (141),NA,NA,0,0,Firearm Discharge,NA
GO-20151139716,7/6/2015 4:00:00 AM,Malvern East (146),NA,NA,0,0,Firearm Discharge,NA
GO-20151142821,7/6/2015 4:00:00 AM,Yorkdale-Glen Park (31),NA,NA,0,0,Firearm Discharge,NA
GO-20151158232,7/8/2015 4:00:00 AM,Beechborough-Greenbrook (112),NA,NA,0,0,Firearm Discharge,NA
GO-20151158745,7/9/2015 4:00:00 AM,Mount Olive-Silverstone-Jamestown (2),NA,NA,1,0,Shooting,NA
GO-20151170877,7/11/2015 4:00:00 AM,Dorset Park (126),NA,NA,0,1,Shooting,NA
GO-20151170722,7/11/2015 4:00:00 AM,Humbermede (22),NA,NA,0,1,Shooting,NA
GO-20151177323,7/12/2015 4:00:00 AM,West Hill (136),NA,NA,0,1,Shooting,NA
GO-20151190265,7/14/2015 4:00:00 AM,Oakdale-Beverley Heights (154),NA,NA,0,0,Firearm Discharge,NA
GO-20151210912,7/16/2015 4:00:00 AM,Glenfield-Jane Heights (25),NA,NA,0,1,Shooting,NA
GO-20151231017,7/19/2015 4:00:00 AM,Glenfield-Jane Heights (25),NA,NA,0,1,Shooting,NA
GO-20151232039,7/20/2015 4:00:00 AM,Blake-Jones (69),NA,NA,0,0,Firearm Discharge,NA
GO-20151251558,7/22/2015 4:00:00 AM,Danforth (66),NA,NA,0,1,Shooting,NA
GO-20151260221,7/24/2015 4:00:00 AM,Oakridge (121),NA,NA,0,0,Firearm Discharge,NA
GO-20151260183,7/24/2015 4:00:00 AM,Oakridge (121),NA,NA,0,0,Firearm Discharge,NA
GO-20151260198,7/24/2015 4:00:00 AM,Wexford/Maryvale (119),NA,NA,0,1,Shooting,NA
GO-20151286100,7/28/2015 4:00:00 AM,L'Amoreaux West (147),NA,NA,0,0,Firearm Discharge,NA
GO-20151286436,7/28/2015 4:00:00 AM,Henry Farm (53),NA,NA,0,1,Shooting,NA
GO-20151298811,7/29/2015 4:00:00 AM,Junction Area (90),NA,NA,0,0,Firearm Discharge,NA
GO-20151300343,7/30/2015 4:00:00 AM,Dorset Park (126),NA,NA,0,0,Firearm Discharge,NA
GO-20151313994,8/1/2015 4:00:00 AM,Weston (113),NA,NA,0,0,Firearm Discharge,NA
GO-20151319959,8/2/2015 4:00:00 AM,Trinity-Bellwoods (81),NA,NA,0,1,Shooting,NA
GO-20151325508,8/3/2015 4:00:00 AM,Oakridge (121),NA,NA,0,1,Shooting,NA
GO-20151330260,8/3/2015 4:00:00 AM,Rustic (28),NA,NA,0,0,Firearm Discharge,NA
GO-20151332125,8/4/2015 4:00:00 AM,Rockcliffe-Smythe (111),NA,NA,0,0,Firearm Discharge,NA
GO-20151330701,8/4/2015 4:00:00 AM,Fort York-Liberty Village (163),NA,NA,2,2,Shooting,NA
GO-20151348852,8/6/2015 4:00:00 AM,Lambton Baby Point (114),NA,NA,0,0,Firearm Discharge,NA
GO-20151355978,8/8/2015 4:00:00 AM,Palmerston-Little Italy (80),NA,NA,0,1,Shooting,NA
GO-20151441307,8/9/2015 4:00:00 AM,Yonge-Bay Corridor (170),NA,NA,0,0,Firearm Discharge,NA
GO-20151362027,8/9/2015 4:00:00 AM,Yonge-Bay Corridor (170),NA,NA,1,0,Shooting,NA
GO-20151368387,8/10/2015 4:00:00 AM,Maple Leaf (29),NA,NA,0,0,Firearm Discharge,NA
GO-20151390109,8/13/2015 4:00:00 AM,Fenside-Parkwoods (150),NA,NA,0,0,Firearm Discharge,NA
GO-20151396370,8/14/2015 4:00:00 AM,Regent Park (72),NA,NA,0,0,Firearm Discharge,NA
GO-20151417679,8/17/2015 4:00:00 AM,Fort York-Liberty Village (163),NA,NA,0,2,Shooting,NA
GO-20151423810,8/19/2015 4:00:00 AM,Moss Park (73),NA,NA,1,0,Shooting,NA
GO-20151429780,8/19/2015 4:00:00 AM,Don Valley Village (47),NA,NA,0,0,Firearm Discharge,NA
GO-20151428790,8/19/2015 4:00:00 AM,Rustic (28),NA,NA,1,0,Shooting,NA
GO-20151430780,8/20/2015 4:00:00 AM,Wellington Place (164),NA,NA,0,0,Firearm Discharge,NA
GO-20151436420,8/20/2015 4:00:00 AM,Brookhaven-Amesbury (30),NA,NA,0,2,Shooting,NA
GO-20151436773,8/21/2015 4:00:00 AM,Downtown Yonge East (168),NA,NA,0,1,Shooting,NA
GO-20151493128,8/29/2015 4:00:00 AM,Humbermede (22),NA,NA,0,0,Firearm Discharge,NA
GO-20151518240,9/3/2015 4:00:00 AM,Oakridge (121),NA,NA,0,0,Firearm Discharge,NA
GO-20151524440,9/4/2015 4:00:00 AM,Malvern West (145),NA,NA,0,1,Shooting,NA
GO-20151524433,9/4/2015 4:00:00 AM,Morningside Heights (144),NA,NA,0,2,Shooting,NA
GO-20151537830,9/6/2015 4:00:00 AM,Oakridge (121),NA,NA,0,0,Firearm Discharge,NA
GO-20151536581,9/6/2015 4:00:00 AM,Eglinton East (138),NA,NA,0,0,Firearm Discharge,NA
GO-20151546887,9/7/2015 4:00:00 AM,Glenfield-Jane Heights (25),NA,NA,0,0,Firearm Discharge,NA
GO-20151553559,9/8/2015 4:00:00 AM,Tam O'Shanter-Sullivan (118),NA,NA,0,1,Shooting,NA
GO-20151559431,9/9/2015 4:00:00 AM,Oakdale-Beverley Heights (154),NA,NA,0,1,Shooting,NA
GO-20151573721,9/11/2015 4:00:00 AM,Elms-Old Rexdale (5),NA,NA,0,0,Firearm Discharge,NA
GO-20151582644,9/13/2015 4:00:00 AM,Mount Olive-Silverstone-Jamestown (2),NA,NA,0,0,Firearm Discharge,NA
GO-20151585396,9/14/2015 4:00:00 AM,Weston (113),NA,NA,0,0,Firearm Discharge,NA
GO-20151607698,9/17/2015 4:00:00 AM,Lansing-Westgate (38),NA,NA,0,0,Firearm Discharge,NA
GO-20151615868,9/18/2015 4:00:00 AM,Glenfield-Jane Heights (25),NA,NA,0,0,Firearm Discharge,NA
GO-20151629064,9/20/2015 4:00:00 AM,Wellington Place (164),NA,NA,0,2,Shooting,NA
GO-20151632570,9/21/2015 4:00:00 AM,Maple Leaf (29),NA,NA,0,0,Firearm Discharge,NA
GO-20151654190,9/24/2015 4:00:00 AM,Flemingdon Park (44),NA,NA,0,0,Firearm Discharge,NA
GO-20151655392,9/25/2015 4:00:00 AM,Etobicoke City Centre (159),NA,NA,0,0,Firearm Discharge,NA
GO-20151662141,9/26/2015 4:00:00 AM,Humber Heights-Westmount (8),NA,NA,0,3,Shooting,NA
GO-20151666470,9/26/2015 4:00:00 AM,Kingsview Village-The Westway (6),NA,NA,0,0,Firearm Discharge,NA
GO-20151672917,9/27/2015 4:00:00 AM,Highland Creek (134),NA,NA,0,0,Firearm Discharge,NA
GO-20151692243,10/1/2015 4:00:00 AM,Highland Creek (134),NA,NA,1,0,Shooting,NA
GO-20151697020,10/1/2015 4:00:00 AM,Thistletown-Beaumond Heights (3),NA,NA,0,0,Firearm Discharge,NA
GO-20151715235,10/4/2015 4:00:00 AM,Woburn North (142),NA,NA,0,0,Firearm Discharge,NA
GO-20151711414,10/4/2015 4:00:00 AM,Etobicoke West Mall (13),NA,NA,0,0,Firearm Discharge,NA
GO-20151711057,10/4/2015 4:00:00 AM,Downtown Yonge East (168),NA,NA,0,1,Shooting,NA
GO-20151715738,10/5/2015 4:00:00 AM,Humber Bay Shores (161),NA,NA,0,0,Firearm Discharge,NA
GO-20151747788,10/10/2015 4:00:00 AM,Rockcliffe-Smythe (111),NA,NA,0,0,Firearm Discharge,NA
GO-20151785153,10/16/2015 4:00:00 AM,Humber Heights-Westmount (8),NA,NA,0,1,Shooting,NA
GO-20151791234,10/17/2015 4:00:00 AM,West Humber-Clairville (1),NA,NA,1,1,Shooting,NA
GO-20151797811,10/19/2015 4:00:00 AM,Etobicoke West Mall (13),NA,NA,0,1,Shooting,NA
GO-20151803023,10/19/2015 4:00:00 AM,Greenwood-Coxwell (65),NA,NA,0,1,Shooting,NA
GO-20151803737,10/20/2015 4:00:00 AM,Stonegate-Queensway (16),NA,NA,0,1,Shooting,NA
GO-20151810958,10/21/2015 4:00:00 AM,Rustic (28),NA,NA,0,0,Firearm Discharge,NA
GO-20151821367,10/22/2015 4:00:00 AM,Regent Park (72),NA,NA,0,0,Firearm Discharge,NA
GO-20151820580,10/22/2015 4:00:00 AM,Glenfield-Jane Heights (25),NA,NA,0,0,Firearm Discharge,NA
GO-20151827155,10/23/2015 4:00:00 AM,High Park-Swansea (87),NA,NA,0,0,Firearm Discharge,NA
GO-20151835972,10/25/2015 4:00:00 AM,Eringate-Centennial-West Deane (11),NA,NA,0,0,Firearm Discharge,NA
GO-20151841073,10/26/2015 4:00:00 AM,Oakridge (121),NA,NA,0,0,Firearm Discharge,NA
GO-20151844542,10/27/2015 4:00:00 AM,Stonegate-Queensway (16),NA,NA,0,0,Firearm Discharge,NA
GO-20151847444,10/27/2015 4:00:00 AM,Runnymede-Bloor West Village (89),NA,NA,0,0,Firearm Discharge,NA
GO-20151868721,10/30/2015 4:00:00 AM,Flemingdon Park (44),NA,NA,0,0,Firearm Discharge,NA
GO-20151869657,10/31/2015 4:00:00 AM,Church-Wellesley (167),NA,NA,1,0,Shooting,NA
GO-20151884499,11/1/2015 4:00:00 AM,Englemount-Lawrence (32),NA,NA,0,0,Firearm Discharge,NA
GO-20151885747,11/2/2015 5:00:00 AM,Black Creek (24),NA,NA,0,0,Firearm Discharge,NA
GO-20151892867,11/3/2015 5:00:00 AM,Islington (158),NA,NA,0,0,Firearm Discharge,NA
GO-20151899333,11/4/2015 5:00:00 AM,Leaside-Bennington (56),NA,NA,1,0,Shooting,NA
GO-20151921233,11/8/2015 5:00:00 AM,Rockcliffe-Smythe (111),NA,NA,0,1,Shooting,NA
GO-20151918127,11/8/2015 5:00:00 AM,Elms-Old Rexdale (5),NA,NA,0,0,Firearm Discharge,NA
GO-20151934701,11/10/2015 5:00:00 AM,Black Creek (24),NA,NA,0,1,Shooting,NA
GO-20151965191,11/13/2015 5:00:00 AM,Islington (158),NA,NA,0,0,Firearm Discharge,NA
GO-20151958449,11/14/2015 5:00:00 AM,Flemingdon Park (44),NA,NA,0,0,Firearm Discharge,NA
GO-20151962291,11/15/2015 5:00:00 AM,Woburn North (142),NA,NA,0,1,Shooting,NA
GO-20151975144,11/17/2015 5:00:00 AM,West Humber-Clairville (1),NA,NA,1,0,Shooting,NA
GO-20151974952,11/17/2015 5:00:00 AM,Black Creek (24),NA,NA,0,0,Firearm Discharge,NA
GO-20151971722,11/17/2015 5:00:00 AM,Islington (158),NA,NA,0,0,Firearm Discharge,NA
GO-20151976492,11/18/2015 5:00:00 AM,Old East York (58),NA,NA,0,0,Firearm Discharge,NA
GO-20151987483,11/19/2015 5:00:00 AM,Cabbagetown-South St.James Town (71),NA,NA,0,1,Shooting,NA
GO-20151989132,11/20/2015 5:00:00 AM,Weston (113),NA,NA,0,1,Shooting,NA
GO-20151989440,11/20/2015 5:00:00 AM,Black Creek (24),NA,NA,0,0,Firearm Discharge,NA
GO-20152001861,11/22/2015 5:00:00 AM,West Humber-Clairville (1),NA,NA,0,1,Shooting,NA
GO-20152002375,11/22/2015 5:00:00 AM,Clairlea-Birchmount (120),NA,NA,0,0,Firearm Discharge,NA
GO-20152018272,11/24/2015 5:00:00 AM,Mount Olive-Silverstone-Jamestown (2),NA,NA,0,0,Firearm Discharge,NA
GO-20152013089,11/24/2015 5:00:00 AM,Dorset Park (126),NA,NA,0,0,Firearm Discharge,NA
GO-20152116915,11/26/2015 5:00:00 AM,Mimico-Queensway (160),NA,NA,0,0,Firearm Discharge,NA
GO-20152038064,11/27/2015 5:00:00 AM,Pleasant View (46),NA,NA,0,0,Firearm Discharge,NA
GO-20152044639,11/29/2015 5:00:00 AM,Trinity-Bellwoods (81),NA,NA,0,0,Firearm Discharge,NA
GO-20152045485,11/29/2015 5:00:00 AM,Rustic (28),NA,NA,0,1,Shooting,NA
GO-20152047923,11/29/2015 5:00:00 AM,Black Creek (24),NA,NA,0,0,Firearm Discharge,NA
GO-20152050484,11/30/2015 5:00:00 AM,Thistletown-Beaumond Heights (3),NA,NA,1,0,Shooting,NA
GO-20152061166,12/1/2015 5:00:00 AM,Humbermede (22),NA,NA,0,1,Shooting,NA
GO-20152082456,12/5/2015 5:00:00 AM,Weston (113),NA,NA,0,0,Firearm Discharge,NA
GO-20152099185,12/5/2015 5:00:00 AM,Rockcliffe-Smythe (111),NA,NA,0,0,Firearm Discharge,NA
GO-20152093346,12/7/2015 5:00:00 AM,Wellington Place (164),NA,NA,0,0,Firearm Discharge,NA
GO-20152123843,12/11/2015 5:00:00 AM,Wellington Place (164),NA,NA,1,0,Shooting,NA
GO-20152124164,12/11/2015 5:00:00 AM,Clairlea-Birchmount (120),NA,NA,0,0,Firearm Discharge,NA
GO-20152125474,12/11/2015 5:00:00 AM,Henry Farm (53),NA,NA,1,0,Shooting,NA
GO-20152131552,12/12/2015 5:00:00 AM,Beechborough-Greenbrook (112),NA,NA,0,4,Shooting,NA
GO-20152127147,12/12/2015 5:00:00 AM,Cliffcrest (123),NA,NA,0,2,Shooting,NA
GO-20152133374,12/13/2015 5:00:00 AM,Glenfield-Jane Heights (25),NA,NA,0,0,Firearm Discharge,NA
GO-20152138255,12/13/2015 5:00:00 AM,Mount Olive-Silverstone-Jamestown (2),NA,NA,0,2,Shooting,NA
GO-20152149617,12/15/2015 5:00:00 AM,Humber Summit (21),NA,NA,1,0,Shooting,NA
GO-20152148716,12/15/2015 5:00:00 AM,Rustic (28),NA,NA,0,0,Firearm Discharge,NA
GO-20152164454,12/17/2015 5:00:00 AM,Bayview Village (52),NA,NA,0,1,Shooting,NA
GO-20152163517,12/17/2015 5:00:00 AM,Black Creek (24),NA,NA,0,0,Firearm Discharge,NA
GO-20152192561,12/22/2015 5:00:00 AM,Englemount-Lawrence (32),NA,NA,0,1,Shooting,NA
GO-20152226548,12/24/2015 5:00:00 AM,Englemount-Lawrence (32),NA,NA,0,0,Firearm Discharge,NA
GO-20152213125,12/26/2015 5:00:00 AM,Lambton Baby Point (114),NA,NA,0,0,Firearm Discharge,NA
GO-20152209017,12/26/2015 5:00:00 AM,Pelmo Park-Humberlea (23),NA,NA,0,0,Firearm Discharge,NA
GO-20152214055,12/27/2015 5:00:00 AM,Elms-Old Rexdale (5),NA,NA,0,0,Firearm Discharge,NA
GO-20152214037,12/27/2015 5:00:00 AM,Weston-Pelham Park (91),NA,NA,0,0,Firearm Discharge,NA
GO-20152224023,12/29/2015 5:00:00 AM,Black Creek (24),NA,NA,0,0,Firearm Discharge,NA
GO-20152228440,12/29/2015 5:00:00 AM,Brookhaven-Amesbury (30),NA,NA,0,0,Firearm Discharge,NA
GO-20152229038,12/29/2015 5:00:00 AM,Flemingdon Park (44),NA,NA,0,0,Firearm Discharge,NA
GO-20152239403,12/31/2015 5:00:00 AM,West Humber-Clairville (1),NA,NA,0,2,Shooting,NA
GO-20152239926,12/31/2015 5:00:00 AM,Downsview (155),NA,NA,0,2,Shooting,NA
GO-20151858,12/31/2015 5:00:00 AM,Bendale-Glen Andrew (156),NA,NA,0,1,Shooting,NA
GO-20162005,1/1/2016 5:00:00 AM,Pleasant View (46),NA,NA,0,0,Firearm Discharge,NA
GO-20163248,1/1/2016 5:00:00 AM,Moss Park (73),NA,NA,0,1,Shooting,NA
GO-201620147,1/4/2016 5:00:00 AM,Morningside (135),NA,NA,0,1,Shooting,NA
GO-201620968,1/4/2016 5:00:00 AM,Black Creek (24),NA,NA,0,1,Shooting,NA
GO-201620700,1/4/2016 5:00:00 AM,Taylor-Massey (61),NA,NA,1,0,Shooting,NA
GO-201628219,1/5/2016 5:00:00 AM,Eglinton East (138),NA,NA,0,1,Shooting,NA
GO-201632318,1/6/2016 5:00:00 AM,Thistletown-Beaumond Heights (3),NA,NA,0,0,Firearm Discharge,NA
GO-201631190,1/6/2016 5:00:00 AM,Englemount-Lawrence (32),NA,NA,0,0,Firearm Discharge,NA
GO-201635133,1/7/2016 5:00:00 AM,West Humber-Clairville (1),NA,NA,0,1,Shooting,NA
GO-201640653,1/7/2016 5:00:00 AM,Humber Heights-Westmount (8),NA,NA,0,1,Shooting,NA
GO-201644796,1/8/2016 5:00:00 AM,Bendale South (157),NA,NA,0,1,Shooting,NA
GO-201693962,1/13/2016 5:00:00 AM,York University Heights (27),NA,NA,0,0,Firearm Discharge,NA
GO-201677617,1/13/2016 5:00:00 AM,Englemount-Lawrence (32),NA,NA,0,1,Shooting,NA
GO-201675545,1/13/2016 5:00:00 AM,Englemount-Lawrence (32),NA,NA,0,0,Firearm Discharge,NA
GO-201673594,1/13/2016 5:00:00 AM,Glenfield-Jane Heights (25),NA,NA,0,0,Firearm Discharge,NA
GO-201678752,1/14/2016 5:00:00 AM,Malvern East (146),NA,NA,0,0,Firearm Discharge,NA
GO-201684355,1/14/2016 5:00:00 AM,Kingsview Village-The Westway (6),NA,NA,0,0,Firearm Discharge,NA
GO-201684984,1/15/2016 5:00:00 AM,Downtown Yonge East (168),NA,NA,0,2,Shooting,NA
GO-2016101003,1/17/2016 5:00:00 AM,Pelmo Park-Humberlea (23),NA,NA,0,0,Firearm Discharge,NA
GO-201697648,1/17/2016 5:00:00 AM,Flemingdon Park (44),NA,NA,0,3,Shooting,NA
GO-2016108027,1/18/2016 5:00:00 AM,Weston (113),NA,NA,0,0,Firearm Discharge,NA
GO-2016244175,1/18/2016 5:00:00 AM,Beechborough-Greenbrook (112),NA,NA,0,0,Firearm Discharge,NA
GO-2016108786,1/19/2016 5:00:00 AM,New Toronto (18),NA,NA,1,0,Shooting,NA
GO-2016120610,1/20/2016 5:00:00 AM,L'Amoreaux West (147),NA,NA,1,1,Shooting,NA
GO-2016119350,1/20/2016 5:00:00 AM,Princess-Rosethorn (10),NA,NA,1,0,Shooting,NA
GO-2016120526,1/20/2016 5:00:00 AM,Black Creek (24),NA,NA,0,0,Firearm Discharge,NA
GO-2016124679,1/21/2016 5:00:00 AM,East L'Amoreaux (148),NA,NA,0,0,Firearm Discharge,NA
GO-2016120681,1/21/2016 5:00:00 AM,Englemount-Lawrence (32),NA,NA,0,0,Firearm Discharge,NA
GO-2016124306,1/21/2016 5:00:00 AM,Kingsview Village-The Westway (6),NA,NA,0,0,Firearm Discharge,NA
GO-2016133360,1/23/2016 5:00:00 AM,Rustic (28),NA,NA,0,0,Firearm Discharge,NA
GO-2016139628,1/24/2016 5:00:00 AM,Victoria Village (43),NA,NA,0,1,Shooting,NA
GO-2016139786,1/24/2016 5:00:00 AM,Bendale-Glen Andrew (156),NA,NA,1,0,Shooting,NA
GO-2016143177,1/24/2016 5:00:00 AM,Black Creek (24),NA,NA,0,1,Shooting,NA
GO-2016139437,1/24/2016 5:00:00 AM,West Queen West (162),NA,NA,0,2,Shooting,NA
GO-2016156688,1/27/2016 5:00:00 AM,Westminster-Branson (35),NA,NA,0,1,Shooting,NA
GO-2016173014,1/29/2016 5:00:00 AM,Yorkdale-Glen Park (31),NA,NA,1,0,Shooting,NA
GO-2016180451,1/30/2016 5:00:00 AM,Etobicoke City Centre (159),NA,NA,0,0,Firearm Discharge,NA
GO-2016181573,1/31/2016 5:00:00 AM,Kensington-Chinatown (78),NA,NA,2,3,Shooting,NA
GO-2016183008,1/31/2016 5:00:00 AM,Kensington-Chinatown (78),NA,NA,0,0,Firearm Discharge,NA
GO-2016187071,2/1/2016 5:00:00 AM,Malvern West (145),NA,NA,0,0,Firearm Discharge,NA
GO-2016193392,2/2/2016 5:00:00 AM,Englemount-Lawrence (32),NA,NA,0,0,Firearm Discharge,NA
GO-2016193115,2/2/2016 5:00:00 AM,Eringate-Centennial-West Deane (11),NA,NA,0,0,Firearm Discharge,NA
GO-2016196628,2/2/2016 5:00:00 AM,Downtown Yonge East (168),NA,NA,0,1,Shooting,NA
GO-2016208868,2/4/2016 5:00:00 AM,Malvern East (146),NA,NA,0,0,Firearm Discharge,NA
GO-2016233840,2/8/2016 5:00:00 AM,Glenfield-Jane Heights (25),NA,NA,0,0,Firearm Discharge,NA
GO-2016254768,2/12/2016 5:00:00 AM,Dorset Park (126),NA,NA,0,0,Firearm Discharge,NA
GO-2016263737,2/13/2016 5:00:00 AM,South Riverdale (70),NA,NA,0,0,Firearm Discharge,NA
GO-2016261011,2/13/2016 5:00:00 AM,Bendale-Glen Andrew (156),NA,NA,0,1,Shooting,NA
GO-2016260426,2/13/2016 5:00:00 AM,Trinity-Bellwoods (81),NA,NA,0,0,Firearm Discharge,NA
GO-2016266123,2/14/2016 5:00:00 AM,St.Andrew-Windfields (40),NA,NA,0,1,Shooting,NA
GO-2016271270,2/15/2016 5:00:00 AM,Fort York-Liberty Village (163),NA,NA,0,1,Shooting,NA
GO-2016271880,2/15/2016 5:00:00 AM,Humber Summit (21),NA,NA,0,0,Firearm Discharge,NA
GO-2016275431,2/15/2016 5:00:00 AM,York University Heights (27),NA,NA,0,1,Shooting,NA
GO-2016276441,2/15/2016 5:00:00 AM,St.Andrew-Windfields (40),NA,NA,0,1,Shooting,NA
GO-2016279204,2/16/2016 5:00:00 AM,Flemingdon Park (44),NA,NA,0,1,Shooting,NA
GO-2016281725,2/16/2016 5:00:00 AM,Woodbine-Lumsden (60),NA,NA,0,0,Firearm Discharge,NA
GO-2016301421,2/20/2016 5:00:00 AM,Black Creek (24),NA,NA,0,0,Firearm Discharge,NA
GO-2016307443,2/21/2016 5:00:00 AM,West Queen West (162),NA,NA,0,0,Firearm Discharge,NA
GO-2016321936,2/23/2016 5:00:00 AM,Glenfield-Jane Heights (25),NA,NA,0,0,Firearm Discharge,NA
GO-2016345854,2/25/2016 5:00:00 AM,Scarborough Village (139),NA,NA,0,0,Firearm Discharge,NA
GO-2016350534,2/25/2016 5:00:00 AM,Edenbridge-Humber Valley (9),NA,NA,0,0,Firearm Discharge,NA
GO-2016348186,2/27/2016 5:00:00 AM,Wexford/Maryvale (119),NA,NA,0,1,Shooting,NA
GO-2016348160,2/27/2016 5:00:00 AM,North St.James Town (74),NA,NA,0,0,Firearm Discharge,NA
GO-2016354140,2/28/2016 5:00:00 AM,Humber Heights-Westmount (8),NA,NA,1,0,Shooting,NA
GO-2016359352,2/29/2016 5:00:00 AM,Junction Area (90),NA,NA,1,0,Shooting,NA
GO-2016380233,3/3/2016 5:00:00 AM,Kensington-Chinatown (78),NA,NA,0,0,Firearm Discharge,NA
GO-2016372690,3/3/2016 5:00:00 AM,Scarborough Village (139),NA,NA,0,0,Firearm Discharge,NA
GO-2016382416,3/4/2016 5:00:00 AM,Englemount-Lawrence (32),NA,NA,0,0,Firearm Discharge,NA
GO-2016384744,3/4/2016 5:00:00 AM,Humber Heights-Westmount (8),NA,NA,0,0,Firearm Discharge,NA
GO-2016403171,3/8/2016 5:00:00 AM,Rexdale-Kipling (4),NA,NA,0,1,Shooting,NA
GO-2016416185,3/9/2016 5:00:00 AM,Parkwoods-O'Connor Hills (149),NA,NA,0,0,Firearm Discharge,NA
GO-2016431464,3/12/2016 5:00:00 AM,Kensington-Chinatown (78),NA,NA,0,0,Firearm Discharge,NA
GO-2016434007,3/12/2016 5:00:00 AM,Humbermede (22),NA,NA,0,0,Firearm Discharge,NA
GO-2016445048,3/14/2016 4:00:00 AM,Humber Summit (21),NA,NA,0,0,Firearm Discharge,NA
GO-2016445690,3/14/2016 4:00:00 AM,Wexford/Maryvale (119),NA,NA,0,1,Shooting,NA
GO-2016443119,3/14/2016 4:00:00 AM,Glenfield-Jane Heights (25),NA,NA,0,0,Firearm Discharge,NA
GO-2016446069,3/15/2016 4:00:00 AM,Thorncliffe Park (55),NA,NA,0,1,Shooting,NA
GO-2016451200,3/15/2016 4:00:00 AM,Weston (113),NA,NA,0,1,Shooting,NA
GO-2016456958,3/16/2016 4:00:00 AM,Fenside-Parkwoods (150),NA,NA,0,0,Firearm Discharge,NA
GO-2016476668,3/19/2016 4:00:00 AM,Englemount-Lawrence (32),NA,NA,0,0,Firearm Discharge,NA
GO-2016475245,3/19/2016 4:00:00 AM,Weston-Pelham Park (91),NA,NA,0,0,Firearm Discharge,NA
GO-2016477118,3/20/2016 4:00:00 AM,Kingsview Village-The Westway (6),NA,NA,0,0,Firearm Discharge,NA
GO-2016478141,3/20/2016 4:00:00 AM,Newtonbrook East (50),NA,NA,0,1,Shooting,NA
GO-2016482468,3/20/2016 4:00:00 AM,Pelmo Park-Humberlea (23),NA,NA,0,0,Firearm Discharge,NA
GO-2016481311,3/20/2016 4:00:00 AM,East L'Amoreaux (148),NA,NA,1,0,Shooting,NA
GO-2016488165,3/21/2016 4:00:00 AM,Humber Summit (21),NA,NA,0,0,Firearm Discharge,NA
GO-2016501151,3/23/2016 4:00:00 AM,Kingsview Village-The Westway (6),NA,NA,0,0,Firearm Discharge,NA
GO-2016500861,3/23/2016 4:00:00 AM,South Riverdale (70),NA,NA,1,0,Shooting,NA
GO-2016507646,3/25/2016 4:00:00 AM,Flemingdon Park (44),NA,NA,0,0,Firearm Discharge,NA
GO-2016513186,3/25/2016 4:00:00 AM,Roncesvalles (86),NA,NA,0,1,Shooting,NA
GO-2016513971,3/26/2016 4:00:00 AM,West Hill (136),NA,NA,0,0,Firearm Discharge,NA
GO-2016522900,3/27/2016 4:00:00 AM,Mount Olive-Silverstone-Jamestown (2),NA,NA,0,0,Firearm Discharge,NA
GO-2016529499,3/29/2016 4:00:00 AM,York University Heights (27),NA,NA,0,0,Firearm Discharge,NA
GO-2016549492,4/1/2016 4:00:00 AM,Black Creek (24),NA,NA,0,1,Shooting,NA
GO-2016556458,4/2/2016 4:00:00 AM,Regent Park (72),NA,NA,1,0,Shooting,NA
GO-2016600876,4/9/2016 4:00:00 AM,South Parkdale (85),NA,NA,0,0,Firearm Discharge,NA
GO-2016607953,4/10/2016 4:00:00 AM,West Humber-Clairville (1),NA,NA,0,1,Shooting,NA
GO-2016607606,4/10/2016 4:00:00 AM,Glenfield-Jane Heights (25),NA,NA,0,1,Shooting,NA
GO-2016619178,4/12/2016 4:00:00 AM,Kingsview Village-The Westway (6),NA,NA,0,1,Shooting,NA
GO-2016631762,4/13/2016 4:00:00 AM,O'Connor-Parkview (54),NA,NA,0,0,Firearm Discharge,NA
GO-2016630918,4/13/2016 4:00:00 AM,Church-Wellesley (167),NA,NA,1,0,Shooting,NA
GO-2016632413,4/14/2016 4:00:00 AM,Kingsview Village-The Westway (6),NA,NA,0,0,Firearm Discharge,NA
GO-2016632371,4/14/2016 4:00:00 AM,Mimico-Queensway (160),NA,NA,1,0,Shooting,NA
GO-2016644747,4/15/2016 4:00:00 AM,Humber Summit (21),NA,NA,0,0,Firearm Discharge,NA
GO-2016638728,4/15/2016 4:00:00 AM,Glenfield-Jane Heights (25),NA,NA,0,0,Firearm Discharge,NA
GO-20161089381,4/15/2016 4:00:00 AM,Morningside Heights (144),NA,NA,0,0,Firearm Discharge,NA
GO-2016646092,4/16/2016 4:00:00 AM,Morningside Heights (144),NA,NA,0,0,Firearm Discharge,NA
GO-2016652097,4/17/2016 4:00:00 AM,Danforth (66),NA,NA,1,0,Shooting,NA
GO-2016652338,4/17/2016 4:00:00 AM,Dorset Park (126),NA,NA,0,1,Shooting,NA
GO-2016663221,4/18/2016 4:00:00 AM,Elms-Old Rexdale (5),NA,NA,0,1,Shooting,NA
GO-2016660633,4/18/2016 4:00:00 AM,Oakwood Village (107),NA,NA,0,0,Firearm Discharge,NA
GO-2016666265,4/19/2016 4:00:00 AM,Wellington Place (164),NA,NA,0,0,Firearm Discharge,NA
GO-2016673802,4/20/2016 4:00:00 AM,Etobicoke City Centre (159),NA,NA,0,1,Shooting,NA
GO-2016676640,4/20/2016 4:00:00 AM,West Humber-Clairville (1),NA,NA,0,0,Firearm Discharge,NA
GO-2016677157,4/20/2016 4:00:00 AM,South Riverdale (70),NA,NA,0,0,Firearm Discharge,NA
GO-2016684253,4/22/2016 4:00:00 AM,Rockcliffe-Smythe (111),NA,NA,0,0,Firearm Discharge,NA
GO-2016694096,4/23/2016 4:00:00 AM,Oakwood Village (107),NA,NA,0,1,Shooting,NA
GO-2016691594,4/23/2016 4:00:00 AM,Black Creek (24),NA,NA,0,1,Shooting,NA
GO-2016702280,4/24/2016 4:00:00 AM,Trinity-Bellwoods (81),NA,NA,0,1,Shooting,NA
GO-2016723030,4/27/2016 4:00:00 AM,Glenfield-Jane Heights (25),NA,NA,0,0,Firearm Discharge,NA
GO-2016725269,4/28/2016 4:00:00 AM,Brookhaven-Amesbury (30),NA,NA,0,0,Firearm Discharge,NA
GO-2016734521,4/29/2016 4:00:00 AM,Wexford/Maryvale (119),NA,NA,2,0,Shooting,NA
GO-2016739353,4/30/2016 4:00:00 AM,Mount Olive-Silverstone-Jamestown (2),NA,NA,0,1,Shooting,NA
GO-2016743128,5/1/2016 4:00:00 AM,Annex (95),NA,NA,0,1,Shooting,NA
GO-2016750101,5/2/2016 4:00:00 AM,West Rouge (143),NA,NA,0,0,Firearm Discharge,NA
GO-2016760977,5/4/2016 4:00:00 AM,Agincourt South-Malvern West (128),NA,NA,0,0,Firearm Discharge,NA
GO-2016766584,5/4/2016 4:00:00 AM,Regent Park (72),NA,NA,0,0,Firearm Discharge,NA
GO-2016773381,5/5/2016 4:00:00 AM,West Humber-Clairville (1),NA,NA,0,1,Shooting,NA
GO-2016767471,5/5/2016 4:00:00 AM,South Riverdale (70),NA,NA,0,0,Firearm Discharge,NA
GO-2016788685,5/8/2016 4:00:00 AM,Mount Olive-Silverstone-Jamestown (2),NA,NA,0,0,Firearm Discharge,NA
GO-2016805076,5/10/2016 4:00:00 AM,Rexdale-Kipling (4),NA,NA,0,1,Shooting,NA
GO-2016819582,5/12/2016 4:00:00 AM,Englemount-Lawrence (32),NA,NA,0,0,Firearm Discharge,NA
GO-2016819344,5/12/2016 4:00:00 AM,Regent Park (72),NA,NA,0,0,Firearm Discharge,NA
GO-2016819499,5/12/2016 4:00:00 AM,Glenfield-Jane Heights (25),NA,NA,0,1,Shooting,NA
GO-2016820200,5/13/2016 4:00:00 AM,Englemount-Lawrence (32),NA,NA,0,0,Firearm Discharge,NA
GO-2016836014,5/15/2016 4:00:00 AM,Banbury-Don Mills (42),NA,NA,0,1,Shooting,NA
GO-2016838159,5/15/2016 4:00:00 AM,Mount Olive-Silverstone-Jamestown (2),NA,NA,2,0,Shooting,NA
GO-2016840500,5/16/2016 4:00:00 AM,Rustic (28),NA,NA,0,0,Firearm Discharge,NA
GO-2016852723,5/17/2016 4:00:00 AM,Rexdale-Kipling (4),NA,NA,0,0,Firearm Discharge,NA
GO-2016854531,5/18/2016 4:00:00 AM,Englemount-Lawrence (32),NA,NA,0,0,Firearm Discharge,NA
GO-2016859045,5/19/2016 4:00:00 AM,Englemount-Lawrence (32),NA,NA,0,0,Firearm Discharge,NA
GO-2016869241,5/20/2016 4:00:00 AM,Kingsview Village-The Westway (6),NA,NA,0,0,Firearm Discharge,NA
GO-2016879341,5/22/2016 4:00:00 AM,St Lawrence-East Bayfront-The Islands (166),NA,NA,0,1,Shooting,NA
GO-2016888643,5/23/2016 4:00:00 AM,Kingsview Village-The Westway (6),NA,NA,0,0,Firearm Discharge,NA
GO-2016889222,5/23/2016 4:00:00 AM,North St.James Town (74),NA,NA,0,2,Shooting,NA
GO-2016885974,5/23/2016 4:00:00 AM,Kensington-Chinatown (78),NA,NA,0,0,Firearm Discharge,NA
GO-2016896346,5/24/2016 4:00:00 AM,West Humber-Clairville (1),NA,NA,0,0,Firearm Discharge,NA
GO-2016894068,5/24/2016 4:00:00 AM,Tam O'Shanter-Sullivan (118),NA,NA,0,0,Firearm Discharge,NA
GO-2016904100,5/25/2016 4:00:00 AM,Black Creek (24),NA,NA,0,1,Shooting,NA
GO-2016910751,5/26/2016 4:00:00 AM,Oakwood Village (107),NA,NA,0,0,Firearm Discharge,NA
GO-2016911278,5/26/2016 4:00:00 AM,Englemount-Lawrence (32),NA,NA,0,0,Firearm Discharge,NA
GO-2016907265,5/26/2016 4:00:00 AM,Regent Park (72),NA,NA,0,0,Firearm Discharge,NA
GO-2016911802,5/27/2016 4:00:00 AM,Fenside-Parkwoods (150),NA,NA,0,0,Firearm Discharge,NA
GO-2016941787,5/29/2016 4:00:00 AM,Annex (95),NA,NA,0,0,Firearm Discharge,NA
GO-2016925735,5/29/2016 4:00:00 AM,Oakridge (121),NA,NA,0,0,Firearm Discharge,NA
GO-2016927444,5/29/2016 4:00:00 AM,Yonge-St.Clair (97),NA,NA,0,0,Firearm Discharge,NA
GO-2016928365,5/29/2016 4:00:00 AM,South Riverdale (70),NA,NA,0,0,Firearm Discharge,NA
GO-2016926509,5/29/2016 4:00:00 AM,Brookhaven-Amesbury (30),NA,NA,0,0,Firearm Discharge,NA
GO-2016947911,6/1/2016 4:00:00 AM,Mount Olive-Silverstone-Jamestown (2),NA,NA,0,1,Shooting,NA
GO-2016955134,6/1/2016 4:00:00 AM,Thistletown-Beaumond Heights (3),NA,NA,0,0,Firearm Discharge,NA
GO-2016946038,6/1/2016 4:00:00 AM,Weston (113),NA,NA,0,0,Firearm Discharge,NA
GO-2016964788,6/3/2016 4:00:00 AM,Islington (158),NA,NA,0,2,Shooting,NA
GO-2016965196,6/3/2016 4:00:00 AM,Humbermede (22),NA,NA,1,0,Shooting,NA
GO-2016966920,6/3/2016 4:00:00 AM,Blake-Jones (69),NA,NA,0,1,Shooting,NA
GO-2016969786,6/4/2016 4:00:00 AM,Humber Summit (21),NA,NA,0,0,Firearm Discharge,NA
GO-2016989870,6/7/2016 4:00:00 AM,South Eglinton-Davisville (174),NA,NA,1,0,Shooting,NA
GO-2016993043,6/8/2016 4:00:00 AM,Regent Park (72),NA,NA,0,1,Shooting,NA
GO-20161007922,6/10/2016 4:00:00 AM,Rosedale-Moore Park (98),NA,NA,0,1,Shooting,NA
GO-20161014352,6/11/2016 4:00:00 AM,Black Creek (24),NA,NA,0,0,Firearm Discharge,NA
GO-20161027936,6/12/2016 4:00:00 AM,Westminster-Branson (35),NA,NA,0,0,Firearm Discharge,NA
GO-20161019247,6/12/2016 4:00:00 AM,West Humber-Clairville (1),NA,NA,0,0,Firearm Discharge,NA
GO-20161027708,6/13/2016 4:00:00 AM,Edenbridge-Humber Valley (9),NA,NA,0,0,Firearm Discharge,NA
GO-20161031998,6/13/2016 4:00:00 AM,Oakwood Village (107),NA,NA,0,0,Firearm Discharge,NA
GO-20161075228,6/14/2016 4:00:00 AM,Mount Dennis (115),NA,NA,0,0,Firearm Discharge,NA
GO-20161038827,6/14/2016 4:00:00 AM,Oakwood Village (107),NA,NA,0,0,Firearm Discharge,NA
GO-20161039565,6/15/2016 4:00:00 AM,Briar Hill-Belgravia (108),NA,NA,0,0,Firearm Discharge,NA
GO-20161065937,6/18/2016 4:00:00 AM,Bendale-Glen Andrew (156),NA,NA,0,1,Shooting,NA
GO-20161061113,6/18/2016 4:00:00 AM,Mount Dennis (115),NA,NA,0,1,Shooting,NA
GO-20161064272,6/18/2016 4:00:00 AM,West Hill (136),NA,NA,0,0,Firearm Discharge,NA
GO-20161067860,6/19/2016 4:00:00 AM,Golfdale-Cedarbrae-Woburn (141),NA,NA,0,2,Shooting,NA
GO-20161085540,6/21/2016 4:00:00 AM,Malvern East (146),NA,NA,0,0,Firearm Discharge,NA
GO-20161094184,6/23/2016 4:00:00 AM,Glenfield-Jane Heights (25),NA,NA,0,0,Firearm Discharge,NA
GO-20161113483,6/25/2016 4:00:00 AM,Regent Park (72),NA,NA,0,1,Shooting,NA
GO-20161120455,6/26/2016 4:00:00 AM,Weston-Pelham Park (91),NA,NA,0,2,Shooting,NA
GO-20161125532,6/27/2016 4:00:00 AM,Glenfield-Jane Heights (25),NA,NA,0,0,Firearm Discharge,NA
GO-20161127157,6/27/2016 4:00:00 AM,Oakridge (121),NA,NA,0,0,Firearm Discharge,NA
GO-20161139567,6/29/2016 4:00:00 AM,York University Heights (27),NA,NA,0,0,Firearm Discharge,NA
GO-20161147671,6/30/2016 4:00:00 AM,Rustic (28),NA,NA,0,0,Firearm Discharge,NA
GO-20161148938,7/1/2016 4:00:00 AM,Kensington-Chinatown (78),NA,NA,2,2,Shooting,NA
GO-20161160146,7/3/2016 4:00:00 AM,Morningside Heights (144),NA,NA,0,1,Shooting,NA
GO-20161160043,7/3/2016 4:00:00 AM,North Riverdale (68),NA,NA,0,1,Shooting,NA
GO-20161199754,7/9/2016 4:00:00 AM,Englemount-Lawrence (32),NA,NA,0,0,Firearm Discharge,NA
GO-20161206890,7/10/2016 4:00:00 AM,Weston (113),NA,NA,0,0,Firearm Discharge,NA
GO-20161205684,7/10/2016 4:00:00 AM,Black Creek (24),NA,NA,0,0,Firearm Discharge,NA
GO-20161210831,7/10/2016 4:00:00 AM,Centennial Scarborough (133),NA,NA,0,0,Firearm Discharge,NA
GO-20161205575,7/10/2016 4:00:00 AM,Mount Dennis (115),NA,NA,0,0,Firearm Discharge,NA
GO-20161216683,7/10/2016 4:00:00 AM,Malvern East (146),NA,NA,0,0,Firearm Discharge,NA
GO-20161217720,7/11/2016 4:00:00 AM,Roncesvalles (86),NA,NA,0,0,Firearm Discharge,NA
GO-20161217803,7/11/2016 4:00:00 AM,High Park-Swansea (87),NA,NA,0,0,Firearm Discharge,NA
GO-20161224034,7/12/2016 4:00:00 AM,Rustic (28),NA,NA,0,1,Shooting,NA
GO-20161229465,7/13/2016 4:00:00 AM,Glenfield-Jane Heights (25),NA,NA,1,1,Shooting,NA
GO-20161249313,7/16/2016 4:00:00 AM,Oakdale-Beverley Heights (154),NA,NA,0,0,Firearm Discharge,NA
GO-20161254698,7/17/2016 4:00:00 AM,Humber Summit (21),NA,NA,0,2,Shooting,NA
GO-20161256478,7/17/2016 4:00:00 AM,Oakdale-Beverley Heights (154),NA,NA,0,0,Firearm Discharge,NA
GO-20161284252,7/22/2016 4:00:00 AM,Englemount-Lawrence (32),NA,NA,0,0,Firearm Discharge,NA
GO-20161284092,7/22/2016 4:00:00 AM,South Parkdale (85),NA,NA,0,2,Shooting,NA
GO-20161284241,7/22/2016 4:00:00 AM,Rockcliffe-Smythe (111),NA,NA,0,0,Firearm Discharge,NA
GO-20161284194,7/22/2016 4:00:00 AM,Oakwood Village (107),NA,NA,0,0,Firearm Discharge,NA
GO-20161296307,7/23/2016 4:00:00 AM,South Parkdale (85),NA,NA,0,0,Firearm Discharge,NA
GO-20161291790,7/23/2016 4:00:00 AM,Junction-Wallace Emerson (171),NA,NA,0,1,Shooting,NA
GO-20161294551,7/23/2016 4:00:00 AM,Thistletown-Beaumond Heights (3),NA,NA,0,1,Shooting,NA
GO-20161291046,7/23/2016 4:00:00 AM,South Parkdale (85),NA,NA,0,0,Firearm Discharge,NA
GO-20161300897,7/24/2016 4:00:00 AM,East End-Danforth (62),NA,NA,0,0,Firearm Discharge,NA
GO-20161298240,7/24/2016 4:00:00 AM,Roncesvalles (86),NA,NA,0,1,Shooting,NA
GO-20161298106,7/24/2016 4:00:00 AM,Annex (95),NA,NA,0,0,Firearm Discharge,NA
GO-20161309964,7/26/2016 4:00:00 AM,Corso Italia-Davenport (92),NA,NA,0,0,Firearm Discharge,NA
GO-20161309969,7/26/2016 4:00:00 AM,Willowdale West (37),NA,NA,0,1,Shooting,NA
GO-20161329227,7/28/2016 4:00:00 AM,Bendale South (157),NA,NA,1,0,Shooting,NA
GO-20161331041,7/28/2016 4:00:00 AM,Humber Summit (21),NA,NA,0,0,Firearm Discharge,NA
GO-20161327479,7/28/2016 4:00:00 AM,Briar Hill-Belgravia (108),NA,NA,0,0,Firearm Discharge,NA
GO-20161322631,7/28/2016 4:00:00 AM,Eglinton East (138),NA,NA,0,1,Shooting,NA
GO-20161329510,7/28/2016 4:00:00 AM,Rustic (28),NA,NA,0,0,Firearm Discharge,NA
GO-20161337705,7/30/2016 4:00:00 AM,Dovercourt Village (172),NA,NA,0,2,Shooting,NA
GO-20161382402,7/30/2016 4:00:00 AM,Pelmo Park-Humberlea (23),NA,NA,0,0,Firearm Discharge,NA
GO-20161341405,7/30/2016 4:00:00 AM,Etobicoke City Centre (159),NA,NA,0,1,Shooting,NA
GO-20161342647,7/31/2016 4:00:00 AM,Downtown Yonge East (168),NA,NA,0,2,Shooting,NA
GO-20161346051,7/31/2016 4:00:00 AM,Oakridge (121),NA,NA,0,1,Shooting,NA
GO-20161352573,7/31/2016 4:00:00 AM,Woburn North (142),NA,NA,0,0,Firearm Discharge,NA
GO-20161344920,7/31/2016 4:00:00 AM,Weston (113),NA,NA,0,0,Firearm Discharge,NA
GO-20161348960,8/1/2016 4:00:00 AM,Kensington-Chinatown (78),NA,NA,0,1,Shooting,NA
GO-20161349384,8/1/2016 4:00:00 AM,Parkwoods-O'Connor Hills (149),NA,NA,0,1,Shooting,NA
GO-20161353686,8/1/2016 4:00:00 AM,Malvern East (146),NA,NA,0,1,Shooting,NA
GO-20161361215,8/3/2016 4:00:00 AM,Humber Heights-Westmount (8),NA,NA,0,1,Shooting,NA
GO-20161360728,8/3/2016 4:00:00 AM,Keelesdale-Eglinton West (110),NA,NA,0,0,Firearm Discharge,NA
GO-20161367728,8/4/2016 4:00:00 AM,Woburn North (142),NA,NA,0,0,Firearm Discharge,NA
GO-20161368318,8/4/2016 4:00:00 AM,Dufferin Grove (83),NA,NA,0,0,Firearm Discharge,NA
GO-20161367500,8/4/2016 4:00:00 AM,Humber Summit (21),NA,NA,0,0,Firearm Discharge,NA
GO-20161380591,8/5/2016 4:00:00 AM,Islington (158),NA,NA,0,0,Firearm Discharge,NA
GO-20161379859,8/5/2016 4:00:00 AM,Oakwood Village (107),NA,NA,0,0,Firearm Discharge,NA
GO-20161380681,8/5/2016 4:00:00 AM,Dorset Park (126),NA,NA,0,0,Firearm Discharge,NA
GO-20161381533,8/6/2016 4:00:00 AM,Wexford/Maryvale (119),NA,NA,0,0,Firearm Discharge,NA
GO-20161381626,8/6/2016 4:00:00 AM,Oakwood Village (107),NA,NA,0,2,Shooting,NA
GO-20161381713,8/6/2016 4:00:00 AM,L'Amoreaux West (147),NA,NA,0,0,Firearm Discharge,NA
GO-20161390720,8/7/2016 4:00:00 AM,Victoria Village (43),NA,NA,0,0,Firearm Discharge,NA
GO-20161388575,8/7/2016 4:00:00 AM,Centennial Scarborough (133),NA,NA,0,0,Firearm Discharge,NA
GO-20161398858,8/8/2016 4:00:00 AM,Brookhaven-Amesbury (30),NA,NA,0,1,Shooting,NA
GO-20161393340,8/8/2016 4:00:00 AM,Regent Park (72),NA,NA,0,1,Shooting,NA
GO-20161405748,8/9/2016 4:00:00 AM,Glenfield-Jane Heights (25),NA,NA,0,0,Firearm Discharge,NA
GO-20161406098,8/9/2016 4:00:00 AM,West Hill (136),NA,NA,0,0,Firearm Discharge,NA
GO-20161418804,8/11/2016 4:00:00 AM,Rustic (28),NA,NA,0,1,Shooting,NA
GO-20161419806,8/12/2016 4:00:00 AM,South Parkdale (85),NA,NA,0,0,Firearm Discharge,NA
GO-20161426786,8/13/2016 4:00:00 AM,L'Amoreaux West (147),NA,NA,0,0,Firearm Discharge,NA
GO-20161432020,8/13/2016 4:00:00 AM,Glenfield-Jane Heights (25),NA,NA,0,0,Firearm Discharge,NA
GO-20161426518,8/13/2016 4:00:00 AM,Rustic (28),NA,NA,0,1,Shooting,NA
GO-20161426672,8/13/2016 4:00:00 AM,Dorset Park (126),NA,NA,0,0,Firearm Discharge,NA
GO-20161437570,8/14/2016 4:00:00 AM,Victoria Village (43),NA,NA,0,0,Firearm Discharge,NA
GO-20161444675,8/15/2016 4:00:00 AM,Dorset Park (126),NA,NA,0,1,Shooting,NA
GO-20161439169,8/15/2016 4:00:00 AM,Broadview North (57),NA,NA,0,0,Firearm Discharge,NA
GO-20161438378,8/15/2016 4:00:00 AM,St Lawrence-East Bayfront-The Islands (166),NA,NA,0,0,Firearm Discharge,NA
GO-20161451130,8/16/2016 4:00:00 AM,Glenfield-Jane Heights (25),NA,NA,0,0,Firearm Discharge,NA
GO-20161451451,8/17/2016 4:00:00 AM,Mount Olive-Silverstone-Jamestown (2),NA,NA,0,0,Firearm Discharge,NA
GO-20161456825,8/17/2016 4:00:00 AM,Regent Park (72),NA,NA,0,0,Firearm Discharge,NA
GO-20161458452,8/18/2016 4:00:00 AM,Morningside Heights (144),NA,NA,0,0,Firearm Discharge,NA
GO-20161465413,8/19/2016 4:00:00 AM,North Riverdale (68),NA,NA,0,0,Firearm Discharge,NA
GO-20161471215,8/19/2016 4:00:00 AM,South Parkdale (85),NA,NA,0,0,Firearm Discharge,NA
GO-20161472359,8/20/2016 4:00:00 AM,Annex (95),NA,NA,0,1,Shooting,NA
GO-20161477541,8/20/2016 4:00:00 AM,Blake-Jones (69),NA,NA,0,1,Shooting,NA
GO-20161481015,8/21/2016 4:00:00 AM,Willowdale West (37),NA,NA,0,0,Firearm Discharge,NA
GO-20161480338,8/21/2016 4:00:00 AM,West Queen West (162),NA,NA,1,0,Shooting,NA
GO-20161495701,8/23/2016 4:00:00 AM,Moss Park (73),NA,NA,0,1,Shooting,NA
GO-20161526791,8/23/2016 4:00:00 AM,Kennedy Park (124),NA,NA,0,0,Firearm Discharge,NA
GO-20161520715,8/27/2016 4:00:00 AM,South Riverdale (70),NA,NA,1,0,Shooting,NA
GO-20161527793,8/28/2016 4:00:00 AM,High Park-Swansea (87),NA,NA,0,0,Firearm Discharge,NA
GO-20161528855,8/29/2016 4:00:00 AM,Humber Summit (21),NA,NA,0,0,Firearm Discharge,NA
GO-20161528772,8/29/2016 4:00:00 AM,Elms-Old Rexdale (5),NA,NA,0,1,Shooting,NA
GO-20161546736,8/31/2016 4:00:00 AM,Kennedy Park (124),NA,NA,0,0,Firearm Discharge,NA
GO-20161547603,8/31/2016 4:00:00 AM,St Lawrence-East Bayfront-The Islands (166),NA,NA,0,1,Shooting,NA
GO-20161552161,9/1/2016 4:00:00 AM,Englemount-Lawrence (32),NA,NA,0,0,Firearm Discharge,NA
GO-20161554790,9/2/2016 4:00:00 AM,High Park-Swansea (87),NA,NA,0,1,Shooting,NA
GO-20161554798,9/2/2016 4:00:00 AM,Kingsview Village-The Westway (6),NA,NA,0,0,Firearm Discharge,NA
GO-20161572579,9/4/2016 4:00:00 AM,Black Creek (24),NA,NA,0,1,Shooting,NA
GO-20161577578,9/5/2016 4:00:00 AM,Etobicoke West Mall (13),NA,NA,0,0,Firearm Discharge,NA
GO-20161575008,9/5/2016 4:00:00 AM,West Humber-Clairville (1),NA,NA,0,1,Shooting,NA
GO-20161575094,9/5/2016 4:00:00 AM,Elms-Old Rexdale (5),NA,NA,0,0,Firearm Discharge,NA
GO-20161584250,9/6/2016 4:00:00 AM,Oakwood Village (107),NA,NA,0,0,Firearm Discharge,NA
GO-20161591119,9/7/2016 4:00:00 AM,Glenfield-Jane Heights (25),NA,NA,0,0,Firearm Discharge,NA
GO-20161603750,9/9/2016 4:00:00 AM,Oakwood Village (107),NA,NA,0,0,Firearm Discharge,NA
GO-20161603917,9/9/2016 4:00:00 AM,Dorset Park (126),NA,NA,0,1,Shooting,NA
GO-20161612125,9/10/2016 4:00:00 AM,West Hill (136),NA,NA,0,1,Shooting,NA
GO-20161612749,9/11/2016 4:00:00 AM,Woodbine Corridor (64),NA,NA,0,0,Firearm Discharge,NA
GO-20161612764,9/11/2016 4:00:00 AM,Blake-Jones (69),NA,NA,0,0,Firearm Discharge,NA
GO-20161613172,9/11/2016 4:00:00 AM,South Parkdale (85),NA,NA,1,0,Shooting,NA
GO-20161618282,9/12/2016 4:00:00 AM,Victoria Village (43),NA,NA,0,0,Firearm Discharge,NA
GO-20161624953,9/12/2016 4:00:00 AM,Humber Summit (21),NA,NA,0,2,Shooting,NA
GO-20161624221,9/12/2016 4:00:00 AM,Mount Olive-Silverstone-Jamestown (2),NA,NA,0,0,Firearm Discharge,NA
GO-20161658772,9/18/2016 4:00:00 AM,Rockcliffe-Smythe (111),NA,NA,0,1,Shooting,NA
GO-20161671381,9/20/2016 4:00:00 AM,Willowridge-Martingrove-Richview (7),NA,NA,0,0,Firearm Discharge,NA
GO-20161846515,9/20/2016 4:00:00 AM,Islington (158),NA,NA,0,1,Shooting,NA
GO-20161675169,9/20/2016 4:00:00 AM,Annex (95),NA,NA,0,1,Shooting,NA
GO-20161683362,9/21/2016 4:00:00 AM,Tam O'Shanter-Sullivan (118),NA,NA,0,0,Firearm Discharge,NA
GO-20161684772,9/22/2016 4:00:00 AM,Flemingdon Park (44),NA,NA,0,0,Firearm Discharge,NA
GO-20161690178,9/22/2016 4:00:00 AM,Moss Park (73),NA,NA,0,1,Shooting,NA
GO-20161690509,9/22/2016 4:00:00 AM,Glenfield-Jane Heights (25),NA,NA,0,0,Firearm Discharge,NA
GO-20161684692,9/22/2016 4:00:00 AM,Willowridge-Martingrove-Richview (7),NA,NA,0,0,Firearm Discharge,NA
GO-20161693497,9/23/2016 4:00:00 AM,Downsview (155),NA,NA,0,1,Shooting,NA
GO-20161702872,9/24/2016 4:00:00 AM,Eringate-Centennial-West Deane (11),NA,NA,0,1,Shooting,NA
GO-20161722231,9/27/2016 4:00:00 AM,Flemingdon Park (44),NA,NA,0,0,Firearm Discharge,NA
GO-20161728152,9/28/2016 4:00:00 AM,Lansing-Westgate (38),NA,NA,0,1,Shooting,NA
GO-20161741581,9/30/2016 4:00:00 AM,Bedford Park-Nortown (39),NA,NA,0,0,Firearm Discharge,NA
GO-20161743137,9/30/2016 4:00:00 AM,West Humber-Clairville (1),NA,NA,1,0,Shooting,NA
GO-20161740856,9/30/2016 4:00:00 AM,Rustic (28),NA,NA,0,0,Firearm Discharge,NA
GO-20161735587,9/30/2016 4:00:00 AM,West Hill (136),NA,NA,0,0,Firearm Discharge,NA
GO-20161742929,10/1/2016 4:00:00 AM,Dorset Park (126),NA,NA,0,0,Firearm Discharge,NA
GO-20161758164,10/1/2016 4:00:00 AM,Malvern East (146),NA,NA,0,0,Firearm Discharge,NA
GO-20161750590,10/1/2016 4:00:00 AM,Malvern East (146),NA,NA,0,0,Firearm Discharge,NA
GO-20161747864,10/1/2016 4:00:00 AM,Malvern East (146),NA,NA,0,0,Firearm Discharge,NA
GO-20161751577,10/2/2016 4:00:00 AM,Glenfield-Jane Heights (25),NA,NA,0,1,Shooting,NA
GO-20161753779,10/2/2016 4:00:00 AM,Kingsview Village-The Westway (6),NA,NA,0,0,Firearm Discharge,NA
GO-20161763143,10/4/2016 4:00:00 AM,Weston (113),NA,NA,0,0,Firearm Discharge,NA
GO-20161774371,10/5/2016 4:00:00 AM,Pelmo Park-Humberlea (23),NA,NA,0,0,Firearm Discharge,NA
GO-20161771435,10/5/2016 4:00:00 AM,Weston (113),NA,NA,0,0,Firearm Discharge,NA
GO-20161774783,10/5/2016 4:00:00 AM,Kingsview Village-The Westway (6),NA,NA,0,0,Firearm Discharge,NA
GO-20161789327,10/8/2016 4:00:00 AM,Glenfield-Jane Heights (25),NA,NA,0,0,Firearm Discharge,NA
GO-20161793499,10/8/2016 4:00:00 AM,West Hill (136),NA,NA,0,1,Shooting,NA
GO-20161829045,10/10/2016 4:00:00 AM,Weston (113),NA,NA,0,0,Firearm Discharge,NA
GO-20161807867,10/11/2016 4:00:00 AM,Agincourt North (129),NA,NA,0,1,Shooting,NA
GO-20161837811,10/15/2016 4:00:00 AM,Humber Heights-Westmount (8),NA,NA,0,0,Firearm Discharge,NA
GO-20161838374,10/16/2016 4:00:00 AM,Weston (113),NA,NA,1,0,Shooting,NA
GO-20161841542,10/16/2016 4:00:00 AM,Humber Summit (21),NA,NA,0,0,Firearm Discharge,NA
GO-20161860174,10/16/2016 4:00:00 AM,Humber Heights-Westmount (8),NA,NA,0,0,Firearm Discharge,NA
GO-20161848920,10/17/2016 4:00:00 AM,Glenfield-Jane Heights (25),NA,NA,0,2,Shooting,NA
GO-20161855287,10/18/2016 4:00:00 AM,West Humber-Clairville (1),NA,NA,1,1,Shooting,NA
GO-20161855012,10/18/2016 4:00:00 AM,Weston-Pelham Park (91),NA,NA,0,0,Firearm Discharge,NA
GO-20161862458,10/19/2016 4:00:00 AM,Agincourt South-Malvern West (128),NA,NA,0,1,Shooting,NA
GO-20161863333,10/19/2016 4:00:00 AM,Englemount-Lawrence (32),NA,NA,0,0,Firearm Discharge,NA
GO-20161869147,10/20/2016 4:00:00 AM,Kingsview Village-The Westway (6),NA,NA,0,1,Shooting,NA
GO-20161869130,10/20/2016 4:00:00 AM,Humber Heights-Westmount (8),NA,NA,0,1,Shooting,NA
GO-20161876628,10/22/2016 4:00:00 AM,Black Creek (24),NA,NA,0,0,Firearm Discharge,NA
GO-20161876774,10/22/2016 4:00:00 AM,Eringate-Centennial-West Deane (11),NA,NA,0,2,Shooting,NA
GO-20161877560,10/22/2016 4:00:00 AM,Don Valley Village (47),NA,NA,0,1,Shooting,NA
GO-20161876960,10/22/2016 4:00:00 AM,Kingsview Village-The Westway (6),NA,NA,0,0,Firearm Discharge,NA
GO-20161887412,10/23/2016 4:00:00 AM,Black Creek (24),NA,NA,0,0,Firearm Discharge,NA
GO-20161884426,10/23/2016 4:00:00 AM,Kingsview Village-The Westway (6),NA,NA,0,0,Firearm Discharge,NA
GO-20161888229,10/24/2016 4:00:00 AM,Kingsview Village-The Westway (6),NA,NA,1,0,Shooting,NA
GO-20161900848,10/25/2016 4:00:00 AM,Flemingdon Park (44),NA,NA,0,1,Shooting,NA
GO-20161907779,10/27/2016 4:00:00 AM,Morningside (135),NA,NA,1,0,Shooting,NA
GO-20161917087,10/28/2016 4:00:00 AM,Black Creek (24),NA,NA,0,0,Firearm Discharge,NA
GO-20161920405,10/29/2016 4:00:00 AM,Weston (113),NA,NA,0,0,Firearm Discharge,NA
GO-20161926191,10/29/2016 4:00:00 AM,Dorset Park (126),NA,NA,0,0,Firearm Discharge,NA
GO-20161923937,10/29/2016 4:00:00 AM,Elms-Old Rexdale (5),NA,NA,0,0,Firearm Discharge,NA
GO-20161921557,10/29/2016 4:00:00 AM,Weston-Pelham Park (91),NA,NA,0,0,Firearm Discharge,NA
GO-20161923643,10/29/2016 4:00:00 AM,High Park-Swansea (87),NA,NA,0,1,Shooting,NA
GO-20161941439,11/1/2016 4:00:00 AM,Downsview (155),NA,NA,0,0,Firearm Discharge,NA
GO-20161953727,11/3/2016 4:00:00 AM,Newtonbrook East (50),NA,NA,0,0,Firearm Discharge,NA
GO-20161968244,11/5/2016 4:00:00 AM,Humber Summit (21),NA,NA,0,0,Firearm Discharge,NA
GO-20161966552,11/5/2016 4:00:00 AM,Wellington Place (164),NA,NA,0,1,Shooting,NA
GO-20161966625,11/5/2016 4:00:00 AM,Roncesvalles (86),NA,NA,0,1,Shooting,NA
GO-20161978180,11/7/2016 5:00:00 AM,Milliken (130),NA,NA,0,0,Firearm Discharge,NA
GO-20161990024,11/8/2016 5:00:00 AM,Dorset Park (126),NA,NA,0,0,Firearm Discharge,NA
GO-20162002613,11/10/2016 5:00:00 AM,L'Amoreaux West (147),NA,NA,0,0,Firearm Discharge,NA
GO-20162008129,11/11/2016 5:00:00 AM,Dovercourt Village (172),NA,NA,0,1,Shooting,NA
GO-20162136121,11/11/2016 5:00:00 AM,East End-Danforth (62),NA,NA,0,0,Firearm Discharge,NA
GO-20162009304,11/11/2016 5:00:00 AM,Oakwood Village (107),NA,NA,0,0,Firearm Discharge,NA
GO-20162020941,11/14/2016 5:00:00 AM,Blake-Jones (69),NA,NA,0,0,Firearm Discharge,NA
GO-20162039840,11/16/2016 5:00:00 AM,Kensington-Chinatown (78),NA,NA,0,1,Shooting,NA
GO-20162033767,11/16/2016 5:00:00 AM,Moss Park (73),NA,NA,0,0,Firearm Discharge,NA
GO-20162045766,11/17/2016 5:00:00 AM,Glenfield-Jane Heights (25),NA,NA,0,1,Shooting,NA
GO-20162045201,11/17/2016 5:00:00 AM,Weston (113),NA,NA,0,1,Shooting,NA
GO-20162051533,11/18/2016 5:00:00 AM,Victoria Village (43),NA,NA,1,0,Shooting,NA
GO-20162055725,11/19/2016 5:00:00 AM,Black Creek (24),NA,NA,1,0,Shooting,NA
GO-20162053548,11/19/2016 5:00:00 AM,Banbury-Don Mills (42),NA,NA,0,0,Firearm Discharge,NA
GO-20162054279,11/19/2016 5:00:00 AM,Pelmo Park-Humberlea (23),NA,NA,0,0,Firearm Discharge,NA
GO-20162059826,11/20/2016 5:00:00 AM,West Humber-Clairville (1),NA,NA,0,0,Firearm Discharge,NA
GO-20162070406,11/21/2016 5:00:00 AM,Glenfield-Jane Heights (25),NA,NA,0,1,Shooting,NA
GO-20162077037,11/22/2016 5:00:00 AM,York University Heights (27),NA,NA,0,0,Firearm Discharge,NA
GO-20162077922,11/23/2016 5:00:00 AM,Moss Park (73),NA,NA,0,0,Firearm Discharge,NA
GO-20162088702,11/24/2016 5:00:00 AM,Glenfield-Jane Heights (25),NA,NA,0,0,Firearm Discharge,NA
GO-20162090159,11/24/2016 5:00:00 AM,Humber Summit (21),NA,NA,0,1,Shooting,NA
GO-20162097033,11/26/2016 5:00:00 AM,Dorset Park (126),NA,NA,0,0,Firearm Discharge,NA
GO-20162121050,11/27/2016 5:00:00 AM,Humbermede (22),NA,NA,0,0,Firearm Discharge,NA
GO-20162107674,11/27/2016 5:00:00 AM,Oakdale-Beverley Heights (154),NA,NA,0,0,Firearm Discharge,NA
GO-20162106299,11/27/2016 5:00:00 AM,South Riverdale (70),NA,NA,1,0,Shooting,NA
GO-20162107945,11/27/2016 5:00:00 AM,Humber Summit (21),NA,NA,0,0,Firearm Discharge,NA
GO-20162109684,11/27/2016 5:00:00 AM,Humber Summit (21),NA,NA,0,0,Firearm Discharge,NA
GO-20162123238,11/29/2016 5:00:00 AM,Bayview Woods-Steeles (49),NA,NA,0,0,Firearm Discharge,NA
GO-20162137617,12/2/2016 5:00:00 AM,Weston (113),NA,NA,0,1,Shooting,NA
GO-20162135596,12/2/2016 5:00:00 AM,Greenwood-Coxwell (65),NA,NA,0,1,Shooting,NA
GO-20162142036,12/3/2016 5:00:00 AM,Humber Summit (21),NA,NA,0,0,Firearm Discharge,NA
GO-20162142388,12/3/2016 5:00:00 AM,Kensington-Chinatown (78),NA,NA,0,0,Firearm Discharge,NA
GO-20162152348,12/4/2016 5:00:00 AM,Flemingdon Park (44),NA,NA,0,0,Firearm Discharge,NA
GO-20162172757,12/7/2016 5:00:00 AM,Old East York (58),NA,NA,1,0,Shooting,NA
GO-20162185336,12/9/2016 5:00:00 AM,Rustic (28),NA,NA,0,1,Shooting,NA
GO-20162198331,12/12/2016 5:00:00 AM,Malvern East (146),NA,NA,0,0,Firearm Discharge,NA
GO-20162216988,12/14/2016 5:00:00 AM,L'Amoreaux West (147),NA,NA,0,0,Firearm Discharge,NA
GO-20162211050,12/14/2016 5:00:00 AM,Black Creek (24),NA,NA,0,1,Shooting,NA
GO-20162210973,12/14/2016 5:00:00 AM,Scarborough Village (139),NA,NA,1,2,Shooting,NA
GO-20162233489,12/16/2016 5:00:00 AM,Weston (113),NA,NA,1,0,Shooting,NA
GO-20162235248,12/17/2016 5:00:00 AM,Kingsview Village-The Westway (6),NA,NA,0,1,Shooting,NA
GO-20162259228,12/17/2016 5:00:00 AM,Glenfield-Jane Heights (25),NA,NA,0,0,Firearm Discharge,NA
GO-20162237075,12/18/2016 5:00:00 AM,Morningside Heights (144),NA,NA,0,0,Firearm Discharge,NA
GO-20162242930,12/18/2016 5:00:00 AM,Kingsview Village-The Westway (6),NA,NA,1,0,Shooting,NA
GO-20162253850,12/20/2016 5:00:00 AM,Taylor-Massey (61),NA,NA,0,0,Firearm Discharge,NA
GO-20162290650,12/26/2016 5:00:00 AM,Eglinton East (138),NA,NA,0,0,Firearm Discharge,NA
GO-20162287953,12/27/2016 5:00:00 AM,Flemingdon Park (44),NA,NA,0,0,Firearm Discharge,NA
GO-20162297220,12/28/2016 5:00:00 AM,Black Creek (24),NA,NA,0,1,Shooting,NA
GO-20162299056,12/29/2016 5:00:00 AM,Wellington Place (164),NA,NA,0,1,Shooting,NA
GO-20162310983,12/31/2016 5:00:00 AM,Victoria Village (43),NA,NA,0,1,Shooting,NA
GO-20171578,1/1/2017 5:00:00 AM,Humber Summit (21),NA,NA,0,1,Shooting,NA
GO-20171064,1/1/2017 5:00:00 AM,Rockcliffe-Smythe (111),NA,NA,0,1,Shooting,NA
GO-2017987,1/1/2017 5:00:00 AM,Wellington Place (164),NA,NA,0,0,Firearm Discharge,NA
GO-2017102202,1/1/2017 5:00:00 AM,Humber Summit (21),NA,NA,0,0,Firearm Discharge,NA
GO-20179902,1/2/2017 5:00:00 AM,Mount Olive-Silverstone-Jamestown (2),NA,NA,0,1,Shooting,NA
GO-201730155,1/6/2017 5:00:00 AM,Henry Farm (53),NA,NA,0,0,Firearm Discharge,NA
GO-201743106,1/8/2017 5:00:00 AM,Moss Park (73),NA,NA,1,0,Shooting,NA
GO-201749015,1/9/2017 5:00:00 AM,Mimico-Queensway (160),NA,NA,0,0,Firearm Discharge,NA
GO-201766022,1/11/2017 5:00:00 AM,Mount Olive-Silverstone-Jamestown (2),NA,NA,0,0,Firearm Discharge,NA
GO-201773522,1/13/2017 5:00:00 AM,Humber Summit (21),NA,NA,0,0,Firearm Discharge,NA
GO-201773130,1/13/2017 5:00:00 AM,Moss Park (73),NA,NA,0,1,Shooting,NA
GO-201784268,1/14/2017 5:00:00 AM,East End-Danforth (62),NA,NA,0,0,Firearm Discharge,NA
GO-201782237,1/14/2017 5:00:00 AM,East End-Danforth (62),NA,NA,0,1,Shooting,NA
GO-201779818,1/14/2017 5:00:00 AM,Roncesvalles (86),NA,NA,0,0,Firearm Discharge,NA
GO-201790404,1/15/2017 5:00:00 AM,Rexdale-Kipling (4),NA,NA,0,1,Shooting,NA
GO-201794230,1/15/2017 5:00:00 AM,Flemingdon Park (44),NA,NA,0,0,Firearm Discharge,NA
GO-201796946,1/16/2017 5:00:00 AM,Englemount-Lawrence (32),NA,NA,0,1,Shooting,NA
GO-2017111620,1/18/2017 5:00:00 AM,West Humber-Clairville (1),NA,NA,0,0,Firearm Discharge,NA
GO-2017137349,1/23/2017 5:00:00 AM,Black Creek (24),NA,NA,0,0,Firearm Discharge,NA
GO-2017137133,1/23/2017 5:00:00 AM,Humber Summit (21),NA,NA,1,0,Shooting,NA
GO-2017154025,1/24/2017 5:00:00 AM,Eglinton East (138),NA,NA,0,0,Firearm Discharge,NA
GO-2017170366,1/27/2017 5:00:00 AM,York University Heights (27),NA,NA,0,1,Shooting,NA
GO-2017172680,1/28/2017 5:00:00 AM,Wellington Place (164),NA,NA,0,1,Shooting,NA
GO-2017196068,1/28/2017 5:00:00 AM,Agincourt South-Malvern West (128),NA,NA,0,0,Firearm Discharge,NA
GO-2017182729,1/29/2017 5:00:00 AM,Palmerston-Little Italy (80),NA,NA,0,0,Firearm Discharge,NA
GO-2017184756,1/29/2017 5:00:00 AM,Rustic (28),NA,NA,0,0,Firearm Discharge,NA
GO-2017189239,1/30/2017 5:00:00 AM,Regent Park (72),NA,NA,1,0,Shooting,NA
GO-2017186988,1/30/2017 5:00:00 AM,Moss Park (73),NA,NA,1,0,Shooting,NA
GO-2017202856,2/1/2017 5:00:00 AM,Glenfield-Jane Heights (25),NA,NA,1,0,Shooting,NA
GO-2017204404,2/2/2017 5:00:00 AM,South Riverdale (70),NA,NA,0,0,Firearm Discharge,NA
GO-2017210062,2/3/2017 5:00:00 AM,Fenside-Parkwoods (150),NA,NA,0,0,Firearm Discharge,NA
GO-2017215750,2/3/2017 5:00:00 AM,West Humber-Clairville (1),NA,NA,0,0,Firearm Discharge,NA
GO-2017218298,2/4/2017 5:00:00 AM,Brookhaven-Amesbury (30),NA,NA,0,0,Firearm Discharge,NA
GO-2017225141,2/5/2017 5:00:00 AM,Mount Olive-Silverstone-Jamestown (2),NA,NA,0,0,Firearm Discharge,NA
GO-2017222142,2/5/2017 5:00:00 AM,Danforth (66),NA,NA,1,0,Shooting,NA
GO-2017222658,2/5/2017 5:00:00 AM,Roncesvalles (86),NA,NA,0,0,Firearm Discharge,NA
GO-2017231369,2/6/2017 5:00:00 AM,Black Creek (24),NA,NA,0,1,Shooting,NA
GO-2017232669,2/6/2017 5:00:00 AM,Mount Olive-Silverstone-Jamestown (2),NA,NA,0,2,Shooting,NA
GO-2017232005,2/6/2017 5:00:00 AM,Hillcrest Village (48),NA,NA,0,0,Firearm Discharge,NA
GO-2017233559,2/6/2017 5:00:00 AM,Elms-Old Rexdale (5),NA,NA,1,0,Shooting,NA
GO-2017239156,2/7/2017 5:00:00 AM,Black Creek (24),NA,NA,0,0,Firearm Discharge,NA
GO-2017250050,2/9/2017 5:00:00 AM,Glenfield-Jane Heights (25),NA,NA,0,0,Firearm Discharge,NA
GO-2017265406,2/11/2017 5:00:00 AM,Roncesvalles (86),NA,NA,0,1,Shooting,NA
GO-2017260493,2/11/2017 5:00:00 AM,West Humber-Clairville (1),NA,NA,0,1,Shooting,NA
GO-2017288821,2/15/2017 5:00:00 AM,Glenfield-Jane Heights (25),NA,NA,0,0,Firearm Discharge,NA
GO-2017304238,2/17/2017 5:00:00 AM,Glenfield-Jane Heights (25),NA,NA,0,0,Firearm Discharge,NA
GO-2017297780,2/17/2017 5:00:00 AM,Rustic (28),NA,NA,0,1,Shooting,NA
GO-2017302201,2/17/2017 5:00:00 AM,Flemingdon Park (44),NA,NA,0,1,Shooting,NA
GO-2017304515,2/18/2017 5:00:00 AM,Thorncliffe Park (55),NA,NA,0,0,Firearm Discharge,NA
GO-2017315881,2/20/2017 5:00:00 AM,Kingsview Village-The Westway (6),NA,NA,0,1,Shooting,NA
GO-2017321028,2/20/2017 5:00:00 AM,Yonge-Bay Corridor (170),NA,NA,0,1,Shooting,NA
GO-2017320865,2/21/2017 5:00:00 AM,Avondale (153),NA,NA,0,1,Shooting,NA
GO-2017334259,2/22/2017 5:00:00 AM,Danforth East York (59),NA,NA,0,0,Firearm Discharge,NA
GO-2017348383,2/24/2017 5:00:00 AM,Tam O'Shanter-Sullivan (118),NA,NA,0,1,Shooting,NA
GO-2017348567,2/24/2017 5:00:00 AM,L'Amoreaux West (147),NA,NA,0,0,Firearm Discharge,NA
GO-2017349622,2/25/2017 5:00:00 AM,Wellington Place (164),NA,NA,0,1,Shooting,NA
GO-2017352942,2/25/2017 5:00:00 AM,Thorncliffe Park (55),NA,NA,1,0,Shooting,NA
GO-2017364575,2/27/2017 5:00:00 AM,Scarborough Village (139),NA,NA,0,0,Firearm Discharge,NA
GO-2017373588,2/28/2017 5:00:00 AM,Elms-Old Rexdale (5),NA,NA,0,1,Shooting,NA
GO-2017387100,3/2/2017 5:00:00 AM,South Riverdale (70),NA,NA,0,0,Firearm Discharge,NA
GO-2017394233,3/4/2017 5:00:00 AM,Yorkdale-Glen Park (31),NA,NA,0,0,Firearm Discharge,NA
GO-2017401567,3/5/2017 5:00:00 AM,Oakridge (121),NA,NA,0,0,Firearm Discharge,NA
GO-2017418597,3/7/2017 5:00:00 AM,York University Heights (27),NA,NA,0,0,Firearm Discharge,NA
GO-2017424854,3/8/2017 5:00:00 AM,Roncesvalles (86),NA,NA,0,1,Shooting,NA
GO-2017430520,3/9/2017 5:00:00 AM,Kingsview Village-The Westway (6),NA,NA,0,1,Shooting,NA
GO-2017449278,3/12/2017 5:00:00 AM,Black Creek (24),NA,NA,0,0,Firearm Discharge,NA
GO-2017450588,3/13/2017 4:00:00 AM,L'Amoreaux West (147),NA,NA,0,0,Firearm Discharge,NA
GO-2017455268,3/13/2017 4:00:00 AM,Flemingdon Park (44),NA,NA,0,0,Firearm Discharge,NA
GO-2017468897,3/16/2017 4:00:00 AM,Morningside Heights (144),NA,NA,1,0,Shooting,NA
GO-2017476771,3/17/2017 4:00:00 AM,Etobicoke West Mall (13),NA,NA,0,0,Firearm Discharge,NA
GO-2017481626,3/18/2017 4:00:00 AM,Black Creek (24),NA,NA,0,0,Firearm Discharge,NA
GO-2017485476,3/18/2017 4:00:00 AM,Kingsview Village-The Westway (6),NA,NA,0,1,Shooting,NA
GO-2017486409,3/18/2017 4:00:00 AM,Taylor-Massey (61),NA,NA,1,0,Shooting,NA
GO-2017482873,3/18/2017 4:00:00 AM,South Parkdale (85),NA,NA,0,0,Firearm Discharge,NA
GO-2017485153,3/18/2017 4:00:00 AM,Scarborough Village (139),NA,NA,0,0,Firearm Discharge,NA
GO-2017487787,3/19/2017 4:00:00 AM,Wellington Place (164),NA,NA,0,0,Firearm Discharge,NA
GO-2017499404,3/20/2017 4:00:00 AM,L'Amoreaux West (147),NA,NA,0,0,Firearm Discharge,NA
GO-2017506628,3/22/2017 4:00:00 AM,Downsview (155),NA,NA,0,1,Shooting,NA
GO-2017513151,3/23/2017 4:00:00 AM,Englemount-Lawrence (32),NA,NA,0,1,Shooting,NA
GO-2017530458,3/23/2017 4:00:00 AM,Dufferin Grove (83),NA,NA,0,0,Firearm Discharge,NA
GO-2017518633,3/23/2017 4:00:00 AM,Humbermede (22),NA,NA,0,0,Firearm Discharge,NA
GO-2017519906,3/24/2017 4:00:00 AM,St Lawrence-East Bayfront-The Islands (166),NA,NA,0,0,Firearm Discharge,NA
GO-2017580265,3/24/2017 4:00:00 AM,Glenfield-Jane Heights (25),NA,NA,0,0,Firearm Discharge,NA
GO-2017522840,3/24/2017 4:00:00 AM,Pelmo Park-Humberlea (23),NA,NA,0,0,Firearm Discharge,NA
GO-2017533082,3/26/2017 4:00:00 AM,Humber Summit (21),NA,NA,0,0,Firearm Discharge,NA
GO-2017536858,3/26/2017 4:00:00 AM,Black Creek (24),NA,NA,0,2,Shooting,NA
GO-2017542059,3/27/2017 4:00:00 AM,High Park-Swansea (87),NA,NA,0,1,Shooting,NA
GO-2017544364,3/27/2017 4:00:00 AM,Moss Park (73),NA,NA,0,1,Shooting,NA
GO-2017548714,3/28/2017 4:00:00 AM,Kensington-Chinatown (78),NA,NA,0,1,Shooting,NA
GO-2017564412,3/31/2017 4:00:00 AM,Humber Heights-Westmount (8),NA,NA,1,0,Shooting,NA
GO-2017576839,4/2/2017 4:00:00 AM,Blake-Jones (69),NA,NA,0,1,Shooting,NA
GO-2017577762,4/2/2017 4:00:00 AM,Wellington Place (164),NA,NA,0,2,Shooting,NA
GO-2017582658,4/3/2017 4:00:00 AM,Malvern East (146),NA,NA,0,1,Shooting,NA
GO-2017588808,4/3/2017 4:00:00 AM,Rexdale-Kipling (4),NA,NA,0,0,Firearm Discharge,NA
GO-2017641339,4/11/2017 4:00:00 AM,High Park-Swansea (87),NA,NA,0,0,Firearm Discharge,NA
GO-2017653914,4/13/2017 4:00:00 AM,L'Amoreaux West (147),NA,NA,0,2,Shooting,NA
GO-2017654988,4/13/2017 4:00:00 AM,Flemingdon Park (44),NA,NA,0,1,Shooting,NA
GO-2017674351,4/14/2017 4:00:00 AM,South Riverdale (70),NA,NA,1,0,Shooting,NA
GO-2017662074,4/14/2017 4:00:00 AM,L'Amoreaux West (147),NA,NA,1,0,Shooting,NA
GO-2017712238,4/14/2017 4:00:00 AM,Dorset Park (126),NA,NA,0,0,Firearm Discharge,NA
GO-2017666181,4/15/2017 4:00:00 AM,Kingsway South (15),NA,NA,0,0,Firearm Discharge,NA
GO-2017666625,4/16/2017 4:00:00 AM,Victoria Village (43),NA,NA,0,0,Firearm Discharge,NA
GO-2017667115,4/16/2017 4:00:00 AM,South Parkdale (85),NA,NA,0,0,Firearm Discharge,NA
GO-2017676402,4/17/2017 4:00:00 AM,Oakdale-Beverley Heights (154),NA,NA,0,0,Firearm Discharge,NA
GO-2017682731,4/18/2017 4:00:00 AM,Woburn North (142),NA,NA,0,1,Shooting,NA
GO-2017683994,4/19/2017 4:00:00 AM,Yorkdale-Glen Park (31),NA,NA,0,1,Shooting,NA
GO-2017690303,4/19/2017 4:00:00 AM,Humber Heights-Westmount (8),NA,NA,0,0,Firearm Discharge,NA
GO-2017688294,4/19/2017 4:00:00 AM,Black Creek (24),NA,NA,0,0,Firearm Discharge,NA
GO-2017690394,4/20/2017 4:00:00 AM,Black Creek (24),NA,NA,0,0,Firearm Discharge,NA
GO-2017696358,4/20/2017 4:00:00 AM,Cabbagetown-South St.James Town (71),NA,NA,0,0,Firearm Discharge,NA
GO-2017703609,4/21/2017 4:00:00 AM,Black Creek (24),NA,NA,0,0,Firearm Discharge,NA
GO-2017703097,4/21/2017 4:00:00 AM,Briar Hill-Belgravia (108),NA,NA,1,0,Shooting,NA
GO-2017703427,4/21/2017 4:00:00 AM,Elms-Old Rexdale (5),NA,NA,0,0,Firearm Discharge,NA
GO-2017704780,4/22/2017 4:00:00 AM,Banbury-Don Mills (42),NA,NA,0,0,Firearm Discharge,NA
GO-2017708259,4/22/2017 4:00:00 AM,Dorset Park (126),NA,NA,0,1,Shooting,NA
GO-2017714184,4/23/2017 4:00:00 AM,Mount Olive-Silverstone-Jamestown (2),NA,NA,0,1,Shooting,NA
GO-2017722546,4/25/2017 4:00:00 AM,L'Amoreaux West (147),NA,NA,0,0,Firearm Discharge,NA
GO-2017735727,4/26/2017 4:00:00 AM,Roncesvalles (86),NA,NA,0,1,Shooting,NA
GO-2017735143,4/26/2017 4:00:00 AM,Glenfield-Jane Heights (25),NA,NA,0,0,Firearm Discharge,NA
GO-2017749294,4/28/2017 4:00:00 AM,Bridle Path-Sunnybrook-York Mills (41),NA,NA,0,1,Shooting,NA
GO-2017754599,4/29/2017 4:00:00 AM,Rexdale-Kipling (4),NA,NA,0,0,Firearm Discharge,NA
GO-2017756929,4/30/2017 4:00:00 AM,Corso Italia-Davenport (92),NA,NA,0,1,Shooting,NA
GO-20171924437,5/1/2017 4:00:00 AM,West Humber-Clairville (1),NA,NA,0,0,Firearm Discharge,NA
GO-2017768882,5/2/2017 4:00:00 AM,Junction-Wallace Emerson (171),NA,NA,0,0,Firearm Discharge,NA
GO-2017774921,5/2/2017 4:00:00 AM,Glenfield-Jane Heights (25),NA,NA,0,0,Firearm Discharge,NA
GO-2017781872,5/3/2017 4:00:00 AM,York University Heights (27),NA,NA,0,0,Firearm Discharge,NA
GO-2017781008,5/3/2017 4:00:00 AM,Victoria Village (43),NA,NA,0,0,Firearm Discharge,NA
GO-2017791228,5/5/2017 4:00:00 AM,Dorset Park (126),NA,NA,0,2,Shooting,NA
GO-2017803521,5/7/2017 4:00:00 AM,Kensington-Chinatown (78),NA,NA,0,1,Shooting,NA
GO-2017801811,5/7/2017 4:00:00 AM,Downsview (155),NA,NA,0,1,Shooting,NA
GO-2017824881,5/10/2017 4:00:00 AM,Wexford/Maryvale (119),NA,NA,0,1,Shooting,NA
GO-2017832611,5/11/2017 4:00:00 AM,Glenfield-Jane Heights (25),NA,NA,0,0,Firearm Discharge,NA
GO-2017837805,5/12/2017 4:00:00 AM,Weston (113),NA,NA,0,0,Firearm Discharge,NA
GO-2017844408,5/13/2017 4:00:00 AM,Thistletown-Beaumond Heights (3),NA,NA,0,0,Firearm Discharge,NA
GO-2017845824,5/13/2017 4:00:00 AM,Rustic (28),NA,NA,0,0,Firearm Discharge,NA
GO-2017852249,5/14/2017 4:00:00 AM,Parkwoods-O'Connor Hills (149),NA,NA,0,3,Shooting,NA
GO-2017877612,5/18/2017 4:00:00 AM,Junction-Wallace Emerson (171),NA,NA,0,0,Firearm Discharge,NA
GO-2017879427,5/18/2017 4:00:00 AM,Mount Olive-Silverstone-Jamestown (2),NA,NA,0,1,Shooting,NA
GO-2017909311,5/19/2017 4:00:00 AM,York University Heights (27),NA,NA,0,0,Firearm Discharge,NA
GO-2017904488,5/22/2017 4:00:00 AM,Princess-Rosethorn (10),NA,NA,0,0,Firearm Discharge,NA
GO-2017903595,5/22/2017 4:00:00 AM,Old East York (58),NA,NA,0,0,Firearm Discharge,NA
GO-2017904599,5/22/2017 4:00:00 AM,South Riverdale (70),NA,NA,1,0,Shooting,NA
GO-2017902366,5/22/2017 4:00:00 AM,Highland Creek (134),NA,NA,0,0,Firearm Discharge,NA
GO-2017911682,5/23/2017 4:00:00 AM,South Parkdale (85),NA,NA,0,0,Firearm Discharge,NA
GO-2017944192,5/28/2017 4:00:00 AM,East L'Amoreaux (148),NA,NA,0,1,Shooting,NA
GO-2017945381,5/29/2017 4:00:00 AM,Englemount-Lawrence (32),NA,NA,0,0,Firearm Discharge,NA
GO-2017963326,5/31/2017 4:00:00 AM,Keelesdale-Eglinton West (110),NA,NA,0,1,Shooting,NA
GO-2017966559,6/1/2017 4:00:00 AM,Kingsview Village-The Westway (6),NA,NA,0,0,Firearm Discharge,NA
GO-20171018735,6/8/2017 4:00:00 AM,Elms-Old Rexdale (5),NA,NA,0,0,Firearm Discharge,NA
GO-20171030956,6/10/2017 4:00:00 AM,Humber Summit (21),NA,NA,0,1,Shooting,NA
GO-20171035212,6/11/2017 4:00:00 AM,Briar Hill-Belgravia (108),NA,NA,0,0,Firearm Discharge,NA
GO-20171035570,6/11/2017 4:00:00 AM,Wellington Place (164),NA,NA,0,1,Shooting,NA
GO-20171035511,6/11/2017 4:00:00 AM,Humbermede (22),NA,NA,1,0,Shooting,NA
GO-20171046225,6/12/2017 4:00:00 AM,Tam O'Shanter-Sullivan (118),NA,NA,0,2,Shooting,NA
GO-20171061488,6/14/2017 4:00:00 AM,Oakdale-Beverley Heights (154),NA,NA,0,0,Firearm Discharge,NA
GO-20171075752,6/16/2017 4:00:00 AM,Woodbine-Lumsden (60),NA,NA,0,0,Firearm Discharge,NA
GO-20171070219,6/16/2017 4:00:00 AM,Annex (95),NA,NA,0,1,Shooting,NA
GO-20171073092,6/16/2017 4:00:00 AM,Glenfield-Jane Heights (25),NA,NA,0,0,Firearm Discharge,NA
GO-20171077481,6/17/2017 4:00:00 AM,South Riverdale (70),NA,NA,0,0,Firearm Discharge,NA
GO-20171084087,6/18/2017 4:00:00 AM,Kingsview Village-The Westway (6),NA,NA,0,1,Shooting,NA
GO-20171104608,6/21/2017 4:00:00 AM,Kingsview Village-The Westway (6),NA,NA,0,0,Firearm Discharge,NA
GO-20171109788,6/21/2017 4:00:00 AM,Keelesdale-Eglinton West (110),NA,NA,0,0,Firearm Discharge,NA
GO-20171114938,6/21/2017 4:00:00 AM,Bendale-Glen Andrew (156),NA,NA,0,1,Shooting,NA
GO-20171110592,6/21/2017 4:00:00 AM,Wexford/Maryvale (119),NA,NA,0,0,Firearm Discharge,NA
GO-20171123726,6/23/2017 4:00:00 AM,Caledonia-Fairbank (109),NA,NA,0,0,Firearm Discharge,NA
GO-20171121957,6/23/2017 4:00:00 AM,Beechborough-Greenbrook (112),NA,NA,0,1,Shooting,NA
GO-20171125054,6/23/2017 4:00:00 AM,Junction-Wallace Emerson (171),NA,NA,0,0,Firearm Discharge,NA
GO-20171130532,6/24/2017 4:00:00 AM,Dorset Park (126),NA,NA,0,0,Firearm Discharge,NA
GO-20171126546,6/24/2017 4:00:00 AM,Downsview (155),NA,NA,0,0,Firearm Discharge,NA
GO-20171140402,6/26/2017 4:00:00 AM,Maple Leaf (29),NA,NA,0,1,Shooting,NA
GO-20171152808,6/28/2017 4:00:00 AM,York University Heights (27),NA,NA,0,0,Firearm Discharge,NA
GO-20171152603,6/28/2017 4:00:00 AM,Kensington-Chinatown (78),NA,NA,0,0,Firearm Discharge,NA
GO-20171152868,6/28/2017 4:00:00 AM,Black Creek (24),NA,NA,0,1,Shooting,NA
GO-20171165113,6/29/2017 4:00:00 AM,Oakridge (121),NA,NA,0,0,Firearm Discharge,NA
GO-20171168889,6/30/2017 4:00:00 AM,Eglinton East (138),NA,NA,0,0,Firearm Discharge,NA
GO-20171180814,7/1/2017 4:00:00 AM,Fenside-Parkwoods (150),NA,NA,0,0,Firearm Discharge,NA
GO-20171184598,7/2/2017 4:00:00 AM,Regent Park (72),NA,NA,1,0,Shooting,NA
GO-20171183827,7/2/2017 4:00:00 AM,Briar Hill-Belgravia (108),NA,NA,0,1,Shooting,NA
GO-20171180144,7/2/2017 4:00:00 AM,South Riverdale (70),NA,NA,0,0,Firearm Discharge,NA
GO-20171180283,7/2/2017 4:00:00 AM,Long Branch (19),NA,NA,0,1,Shooting,NA
GO-20171191493,7/4/2017 4:00:00 AM,Mount Olive-Silverstone-Jamestown (2),NA,NA,0,2,Shooting,NA
GO-20171209926,7/6/2017 4:00:00 AM,Fenside-Parkwoods (150),NA,NA,0,1,Shooting,NA
GO-20171205917,7/6/2017 4:00:00 AM,Golfdale-Cedarbrae-Woburn (141),NA,NA,0,0,Firearm Discharge,NA
GO-20171221370,7/8/2017 4:00:00 AM,Etobicoke City Centre (159),NA,NA,0,1,Shooting,NA
GO-20171225130,7/8/2017 4:00:00 AM,Eglinton East (138),NA,NA,0,0,Firearm Discharge,NA
GO-20171220448,7/8/2017 4:00:00 AM,York University Heights (27),NA,NA,0,1,Shooting,NA
GO-20171225710,7/8/2017 4:00:00 AM,Wexford/Maryvale (119),NA,NA,0,0,Firearm Discharge,NA
GO-20171227401,7/9/2017 4:00:00 AM,Eglinton East (138),NA,NA,0,0,Firearm Discharge,NA
GO-20171230842,7/9/2017 4:00:00 AM,York University Heights (27),NA,NA,0,0,Firearm Discharge,NA
GO-20171232633,7/10/2017 4:00:00 AM,Wellington Place (164),NA,NA,0,1,Shooting,NA
GO-20171238887,7/11/2017 4:00:00 AM,Oakridge (121),NA,NA,0,0,Firearm Discharge,NA
GO-20171242657,7/11/2017 4:00:00 AM,Glenfield-Jane Heights (25),NA,NA,0,1,Shooting,NA
GO-20171239062,7/11/2017 4:00:00 AM,Eglinton East (138),NA,NA,0,1,Shooting,NA
GO-20171259527,7/14/2017 4:00:00 AM,Woburn North (142),NA,NA,0,0,Firearm Discharge,NA
GO-20171259506,7/14/2017 4:00:00 AM,West Humber-Clairville (1),NA,NA,0,0,Firearm Discharge,NA
GO-20171284508,7/17/2017 4:00:00 AM,Wexford/Maryvale (119),NA,NA,0,1,Shooting,NA
GO-20171279298,7/17/2017 4:00:00 AM,Morningside (135),NA,NA,0,0,Firearm Discharge,NA
GO-20171291869,7/18/2017 4:00:00 AM,Eglinton East (138),NA,NA,0,0,Firearm Discharge,NA
GO-20171298108,7/19/2017 4:00:00 AM,Scarborough Village (139),NA,NA,0,0,Firearm Discharge,NA
GO-20171293194,7/19/2017 4:00:00 AM,Victoria Village (43),NA,NA,0,1,Shooting,NA
GO-20171292885,7/19/2017 4:00:00 AM,Lambton Baby Point (114),NA,NA,0,0,Firearm Discharge,NA
GO-20171314720,7/21/2017 4:00:00 AM,Forest Hill South (101),NA,NA,0,0,Firearm Discharge,NA
GO-20171319252,7/22/2017 4:00:00 AM,Eglinton East (138),NA,NA,0,2,Shooting,NA
GO-20171313983,7/22/2017 4:00:00 AM,Yonge-Bay Corridor (170),NA,NA,0,0,Firearm Discharge,NA
GO-20171321572,7/23/2017 4:00:00 AM,Malvern East (146),NA,NA,0,0,Firearm Discharge,NA
GO-20171320049,7/23/2017 4:00:00 AM,Wexford/Maryvale (119),NA,NA,0,6,Shooting,NA
GO-20171323827,7/23/2017 4:00:00 AM,Malvern East (146),NA,NA,1,0,Shooting,NA
GO-20171319697,7/23/2017 4:00:00 AM,Morningside Heights (144),NA,NA,2,1,Shooting,NA
GO-20171356607,7/28/2017 4:00:00 AM,Moss Park (73),NA,NA,0,0,Firearm Discharge,NA
GO-20171352418,7/28/2017 4:00:00 AM,Kensington-Chinatown (78),NA,NA,0,0,Firearm Discharge,NA
GO-20171364946,7/29/2017 4:00:00 AM,Glenfield-Jane Heights (25),NA,NA,0,1,Shooting,NA
GO-20171366736,7/30/2017 4:00:00 AM,Oakdale-Beverley Heights (154),NA,NA,0,0,Firearm Discharge,NA
GO-20171369646,7/30/2017 4:00:00 AM,Junction-Wallace Emerson (171),NA,NA,0,0,Firearm Discharge,NA
GO-20171365629,7/30/2017 4:00:00 AM,Glenfield-Jane Heights (25),NA,NA,0,2,Shooting,NA
GO-20171365795,7/30/2017 4:00:00 AM,Humber Summit (21),NA,NA,0,0,Firearm Discharge,NA
GO-20171366679,7/30/2017 4:00:00 AM,Oakwood Village (107),NA,NA,0,0,Firearm Discharge,NA
GO-20171371751,7/30/2017 4:00:00 AM,Yorkdale-Glen Park (31),NA,NA,1,0,Shooting,NA
GO-20171394263,7/31/2017 4:00:00 AM,Humbermede (22),NA,NA,0,0,Firearm Discharge,NA
GO-20171378728,7/31/2017 4:00:00 AM,Moss Park (73),NA,NA,1,4,Shooting,NA
GO-20171379055,8/1/2017 4:00:00 AM,Humewood-Cedarvale (106),NA,NA,1,0,Shooting,NA
GO-20171399396,8/3/2017 4:00:00 AM,Humber Summit (21),NA,NA,0,0,Firearm Discharge,NA
GO-20171394146,8/3/2017 4:00:00 AM,North St.James Town (74),NA,NA,0,0,Firearm Discharge,NA
GO-20171393257,8/3/2017 4:00:00 AM,West Hill (136),NA,NA,0,0,Firearm Discharge,NA
GO-20171399455,8/3/2017 4:00:00 AM,Willowridge-Martingrove-Richview (7),NA,NA,0,1,Shooting,NA
GO-20171402593,8/4/2017 4:00:00 AM,Agincourt South-Malvern West (128),NA,NA,0,0,Firearm Discharge,NA
GO-20171429283,8/4/2017 4:00:00 AM,Mount Olive-Silverstone-Jamestown (2),NA,NA,0,0,Firearm Discharge,NA
GO-20171412339,8/5/2017 4:00:00 AM,Yonge-Bay Corridor (170),NA,NA,0,0,Firearm Discharge,NA
GO-20171406927,8/5/2017 4:00:00 AM,South Riverdale (70),NA,NA,0,0,Firearm Discharge,NA
GO-20171416323,8/6/2017 4:00:00 AM,Weston (113),NA,NA,0,1,Shooting,NA
GO-20171413582,8/6/2017 4:00:00 AM,Kensington-Chinatown (78),NA,NA,0,0,Firearm Discharge,NA
GO-20171413731,8/6/2017 4:00:00 AM,West Hill (136),NA,NA,0,0,Firearm Discharge,NA
GO-20171414169,8/6/2017 4:00:00 AM,Glenfield-Jane Heights (25),NA,NA,0,1,Shooting,NA
GO-20171425472,8/8/2017 4:00:00 AM,Agincourt North (129),NA,NA,0,0,Firearm Discharge,NA
GO-20171424013,8/8/2017 4:00:00 AM,Brookhaven-Amesbury (30),NA,NA,0,0,Firearm Discharge,NA
GO-20171428579,8/8/2017 4:00:00 AM,Dorset Park (126),NA,NA,0,0,Firearm Discharge,NA
GO-20171424273,8/8/2017 4:00:00 AM,Wellington Place (164),NA,NA,0,1,Shooting,NA
GO-20171436949,8/9/2017 4:00:00 AM,L'Amoreaux West (147),NA,NA,0,0,Firearm Discharge,NA
GO-20171431669,8/9/2017 4:00:00 AM,West Queen West (162),NA,NA,0,0,Firearm Discharge,NA
GO-20171455255,8/12/2017 4:00:00 AM,Flemingdon Park (44),NA,NA,0,1,Shooting,NA
GO-20171456750,8/12/2017 4:00:00 AM,Glenfield-Jane Heights (25),NA,NA,0,0,Firearm Discharge,NA
GO-20171474326,8/15/2017 4:00:00 AM,Glenfield-Jane Heights (25),NA,NA,0,2,Shooting,NA
GO-20171483080,8/16/2017 4:00:00 AM,Woburn North (142),NA,NA,0,0,Firearm Discharge,NA
GO-20171481910,8/16/2017 4:00:00 AM,Etobicoke City Centre (159),NA,NA,0,1,Shooting,NA
GO-20171497442,8/19/2017 4:00:00 AM,Wellington Place (164),NA,NA,0,2,Shooting,NA
GO-20171504329,8/19/2017 4:00:00 AM,Kingsview Village-The Westway (6),NA,NA,0,0,Firearm Discharge,NA
GO-20171503120,8/20/2017 4:00:00 AM,Brookhaven-Amesbury (30),NA,NA,0,0,Firearm Discharge,NA
GO-20171504990,8/20/2017 4:00:00 AM,Long Branch (19),NA,NA,0,0,Firearm Discharge,NA
GO-20171508308,8/20/2017 4:00:00 AM,Bendale-Glen Andrew (156),NA,NA,0,0,Firearm Discharge,NA
GO-20171503946,8/20/2017 4:00:00 AM,University (79),NA,NA,1,0,Shooting,NA
GO-20171518815,8/22/2017 4:00:00 AM,South Riverdale (70),NA,NA,0,0,Firearm Discharge,NA
GO-20171520743,8/22/2017 4:00:00 AM,Briar Hill-Belgravia (108),NA,NA,0,0,Firearm Discharge,NA
GO-20171515382,8/22/2017 4:00:00 AM,New Toronto (18),NA,NA,0,0,Firearm Discharge,NA
GO-20171529504,8/24/2017 4:00:00 AM,Eringate-Centennial-West Deane (11),NA,NA,0,1,Shooting,NA
GO-20171534755,8/24/2017 4:00:00 AM,Bendale-Glen Andrew (156),NA,NA,0,1,Shooting,NA
GO-20171560468,8/28/2017 4:00:00 AM,Regent Park (72),NA,NA,0,1,Shooting,NA
GO-20171567091,8/29/2017 4:00:00 AM,Brookhaven-Amesbury (30),NA,NA,0,0,Firearm Discharge,NA
GO-20171571827,8/30/2017 4:00:00 AM,Brookhaven-Amesbury (30),NA,NA,0,2,Shooting,NA
GO-20171578601,8/31/2017 4:00:00 AM,Oakdale-Beverley Heights (154),NA,NA,1,0,Shooting,NA
GO-20171583909,9/1/2017 4:00:00 AM,Yorkdale-Glen Park (31),NA,NA,0,2,Shooting,NA
GO-20171581043,9/1/2017 4:00:00 AM,Kingsview Village-The Westway (6),NA,NA,0,0,Firearm Discharge,NA
GO-20171592752,9/2/2017 4:00:00 AM,Brookhaven-Amesbury (30),NA,NA,0,0,Firearm Discharge,NA
GO-20171592166,9/2/2017 4:00:00 AM,Elms-Old Rexdale (5),NA,NA,1,0,Shooting,NA
GO-20171593052,9/2/2017 4:00:00 AM,Golfdale-Cedarbrae-Woburn (141),NA,NA,0,0,Firearm Discharge,NA
GO-20171596122,9/3/2017 4:00:00 AM,Black Creek (24),NA,NA,0,2,Shooting,NA
GO-20171593974,9/3/2017 4:00:00 AM,West Humber-Clairville (1),NA,NA,0,1,Shooting,NA
GO-20171598993,9/4/2017 4:00:00 AM,Regent Park (72),NA,NA,0,1,Shooting,NA
GO-20171610668,9/5/2017 4:00:00 AM,Kensington-Chinatown (78),NA,NA,0,1,Shooting,NA
GO-20171604100,9/5/2017 4:00:00 AM,New Toronto (18),NA,NA,0,0,Firearm Discharge,NA
GO-20171613046,9/5/2017 4:00:00 AM,Black Creek (24),NA,NA,0,0,Firearm Discharge,NA
GO-20171616777,9/6/2017 4:00:00 AM,O'Connor-Parkview (54),NA,NA,0,0,Firearm Discharge,NA
GO-20171630333,9/8/2017 4:00:00 AM,Oakdale-Beverley Heights (154),NA,NA,0,0,Firearm Discharge,NA
GO-20171630338,9/8/2017 4:00:00 AM,Fenside-Parkwoods (150),NA,NA,0,0,Firearm Discharge,NA
GO-20171631303,9/8/2017 4:00:00 AM,Scarborough Village (139),NA,NA,0,2,Shooting,NA
GO-20171636317,9/9/2017 4:00:00 AM,L'Amoreaux West (147),NA,NA,0,0,Firearm Discharge,NA
GO-20171651544,9/11/2017 4:00:00 AM,Annex (95),NA,NA,0,0,Firearm Discharge,NA
GO-20171643442,9/11/2017 4:00:00 AM,Weston (113),NA,NA,0,0,Firearm Discharge,NA
GO-20171656343,9/12/2017 4:00:00 AM,Roncesvalles (86),NA,NA,0,1,Shooting,NA
GO-20171670421,9/14/2017 4:00:00 AM,Glenfield-Jane Heights (25),NA,NA,0,0,Firearm Discharge,NA
GO-20171669622,9/14/2017 4:00:00 AM,Keelesdale-Eglinton West (110),NA,NA,0,1,Shooting,NA
GO-20171663919,9/14/2017 4:00:00 AM,Dorset Park (126),NA,NA,1,0,Shooting,NA
GO-20171665679,9/14/2017 4:00:00 AM,Kennedy Park (124),NA,NA,0,1,Shooting,NA
GO-20171663581,9/14/2017 4:00:00 AM,Kensington-Chinatown (78),NA,NA,0,0,Firearm Discharge,NA
GO-20171677843,9/16/2017 4:00:00 AM,Regent Park (72),NA,NA,1,1,Shooting,NA
GO-20171682920,9/16/2017 4:00:00 AM,Wellington Place (164),NA,NA,1,0,Shooting,NA
GO-20171680250,9/16/2017 4:00:00 AM,Malvern West (145),NA,NA,0,0,Firearm Discharge,NA
GO-20171693319,9/18/2017 4:00:00 AM,Clanton Park (33),NA,NA,0,0,Firearm Discharge,NA
GO-20171697625,9/19/2017 4:00:00 AM,Kensington-Chinatown (78),NA,NA,0,0,Firearm Discharge,NA
GO-20171697619,9/19/2017 4:00:00 AM,Kensington-Chinatown (78),NA,NA,0,0,Firearm Discharge,NA
GO-20171697219,9/19/2017 4:00:00 AM,St Lawrence-East Bayfront-The Islands (166),NA,NA,0,1,Shooting,NA
GO-20171713629,9/20/2017 4:00:00 AM,Bendale-Glen Andrew (156),NA,NA,0,0,Firearm Discharge,NA
GO-20171710463,9/20/2017 4:00:00 AM,Eglinton East (138),NA,NA,0,0,Firearm Discharge,NA
GO-20171731174,9/23/2017 4:00:00 AM,Regent Park (72),NA,NA,0,1,Shooting,NA
GO-20171751099,9/26/2017 4:00:00 AM,Malvern East (146),NA,NA,0,0,Firearm Discharge,NA
GO-20171770154,9/29/2017 4:00:00 AM,Oakdale-Beverley Heights (154),NA,NA,1,0,Shooting,NA
GO-20171776658,9/30/2017 4:00:00 AM,Weston-Pelham Park (91),NA,NA,0,0,Firearm Discharge,NA
GO-20171778161,10/1/2017 4:00:00 AM,South Riverdale (70),NA,NA,2,0,Shooting,NA
GO-20171799831,10/4/2017 4:00:00 AM,Kennedy Park (124),NA,NA,0,1,Shooting,NA
GO-20171813923,10/5/2017 4:00:00 AM,Broadview North (57),NA,NA,0,0,Firearm Discharge,NA
GO-20171807017,10/5/2017 4:00:00 AM,Kingsview Village-The Westway (6),NA,NA,1,0,Shooting,NA
GO-20171816868,10/7/2017 4:00:00 AM,Yorkdale-Glen Park (31),NA,NA,0,0,Firearm Discharge,NA
GO-20171821521,10/7/2017 4:00:00 AM,St Lawrence-East Bayfront-The Islands (166),NA,NA,0,0,Firearm Discharge,NA
GO-20171828016,10/8/2017 4:00:00 AM,Kingsview Village-The Westway (6),NA,NA,1,2,Shooting,NA
GO-20171846376,10/12/2017 4:00:00 AM,York University Heights (27),NA,NA,0,0,Firearm Discharge,NA
GO-20171852227,10/12/2017 4:00:00 AM,High Park-Swansea (87),NA,NA,0,0,Firearm Discharge,NA
GO-20171852814,10/13/2017 4:00:00 AM,L'Amoreaux West (147),NA,NA,0,0,Firearm Discharge,NA
GO-20171858662,10/13/2017 4:00:00 AM,Englemount-Lawrence (32),NA,NA,0,1,Shooting,NA
GO-20171864268,10/14/2017 4:00:00 AM,Humber Summit (21),NA,NA,1,0,Shooting,NA
GO-20171865579,10/14/2017 4:00:00 AM,Willowridge-Martingrove-Richview (7),NA,NA,0,0,Firearm Discharge,NA
GO-20171859503,10/14/2017 4:00:00 AM,Trinity-Bellwoods (81),NA,NA,0,0,Firearm Discharge,NA
GO-20171902511,10/20/2017 4:00:00 AM,South Parkdale (85),NA,NA,0,0,Firearm Discharge,NA
GO-20171910915,10/22/2017 4:00:00 AM,Weston (113),NA,NA,0,0,Firearm Discharge,NA
GO-20171942818,10/26/2017 4:00:00 AM,Eglinton East (138),NA,NA,0,0,Firearm Discharge,NA
GO-20171942590,10/26/2017 4:00:00 AM,Roncesvalles (86),NA,NA,0,0,Firearm Discharge,NA
GO-20171945900,10/27/2017 4:00:00 AM,Glenfield-Jane Heights (25),NA,NA,0,0,Firearm Discharge,NA
GO-20171942814,10/27/2017 4:00:00 AM,Willowridge-Martingrove-Richview (7),NA,NA,0,0,Firearm Discharge,NA
GO-20171950514,10/28/2017 4:00:00 AM,Humbermede (22),NA,NA,0,1,Shooting,NA
GO-20171967442,10/30/2017 4:00:00 AM,Blake-Jones (69),NA,NA,0,1,Shooting,NA
GO-20171984122,11/2/2017 4:00:00 AM,Eglinton East (138),NA,NA,0,1,Shooting,NA
GO-20171988934,11/3/2017 4:00:00 AM,Eglinton East (138),NA,NA,0,0,Firearm Discharge,NA
GO-20171990464,11/3/2017 4:00:00 AM,Downsview (155),NA,NA,0,0,Firearm Discharge,NA
GO-20171998108,11/4/2017 4:00:00 AM,Weston (113),NA,NA,0,0,Firearm Discharge,NA
GO-20172005569,11/5/2017 4:00:00 AM,Oakridge (121),NA,NA,0,0,Firearm Discharge,NA
GO-20172012689,11/6/2017 5:00:00 AM,Weston (113),NA,NA,0,0,Firearm Discharge,NA
GO-20172012893,11/6/2017 5:00:00 AM,Taylor-Massey (61),NA,NA,0,0,Firearm Discharge,NA
GO-20172029032,11/9/2017 5:00:00 AM,Regent Park (72),NA,NA,0,0,Firearm Discharge,NA
GO-20172038675,11/10/2017 5:00:00 AM,Morningside Heights (144),NA,NA,0,0,Firearm Discharge,NA
GO-20172038346,11/10/2017 5:00:00 AM,Elms-Old Rexdale (5),NA,NA,0,0,Firearm Discharge,NA
GO-20172045637,11/12/2017 5:00:00 AM,Eglinton East (138),NA,NA,0,0,Firearm Discharge,NA
GO-20172045826,11/12/2017 5:00:00 AM,Oakridge (121),NA,NA,0,0,Firearm Discharge,NA
GO-20172046663,11/12/2017 5:00:00 AM,Morningside Heights (144),NA,NA,0,0,Firearm Discharge,NA
GO-20172057499,11/13/2017 5:00:00 AM,Morningside Heights (144),NA,NA,0,0,Firearm Discharge,NA
GO-20172056702,11/13/2017 5:00:00 AM,Humber Summit (21),NA,NA,0,1,Shooting,NA
GO-20172057548,11/13/2017 5:00:00 AM,Regent Park (72),NA,NA,1,0,Shooting,NA
GO-20173003589,11/15/2017 5:00:00 AM,West Hill (136),NA,NA,0,0,Firearm Discharge,NA
GO-20173011022,11/16/2017 5:00:00 AM,Morningside Heights (144),NA,NA,0,0,Firearm Discharge,NA
GO-20173013149,11/17/2017 5:00:00 AM,Englemount-Lawrence (32),NA,NA,0,0,Firearm Discharge,NA
GO-20173014366,11/17/2017 5:00:00 AM,Wexford/Maryvale (119),NA,NA,0,1,Shooting,NA
GO-20173019693,11/18/2017 5:00:00 AM,Regent Park (72),NA,NA,0,0,Firearm Discharge,NA
GO-20173019968,11/18/2017 5:00:00 AM,Bendale South (157),NA,NA,0,0,Firearm Discharge,NA
GO-20173029817,11/19/2017 5:00:00 AM,Wellington Place (164),NA,NA,0,0,Firearm Discharge,NA
GO-20173026043,11/19/2017 5:00:00 AM,Oakridge (121),NA,NA,0,0,Firearm Discharge,NA
GO-20173033256,11/20/2017 5:00:00 AM,Oakridge (121),NA,NA,0,0,Firearm Discharge,NA
GO-20173043848,11/21/2017 5:00:00 AM,Thistletown-Beaumond Heights (3),NA,NA,0,1,Shooting,NA
GO-20173042488,11/21/2017 5:00:00 AM,South Parkdale (85),NA,NA,0,1,Shooting,NA
GO-20173043087,11/21/2017 5:00:00 AM,Willowridge-Martingrove-Richview (7),NA,NA,0,0,Firearm Discharge,NA
GO-20173043943,11/21/2017 5:00:00 AM,Morningside Heights (144),NA,NA,1,0,Shooting,NA
GO-20173055678,11/23/2017 5:00:00 AM,Humber Heights-Westmount (8),NA,NA,0,0,Firearm Discharge,NA
GO-20173059613,11/24/2017 5:00:00 AM,Agincourt South-Malvern West (128),NA,NA,0,0,Firearm Discharge,NA
GO-20173058371,11/24/2017 5:00:00 AM,Malvern East (146),NA,NA,0,0,Firearm Discharge,NA
GO-20173070996,11/25/2017 5:00:00 AM,Junction-Wallace Emerson (171),NA,NA,0,0,Firearm Discharge,NA
GO-20173077678,11/26/2017 5:00:00 AM,Weston (113),NA,NA,0,0,Firearm Discharge,NA
GO-20173076860,11/26/2017 5:00:00 AM,York University Heights (27),NA,NA,0,0,Firearm Discharge,NA
GO-20173071786,11/26/2017 5:00:00 AM,Mount Olive-Silverstone-Jamestown (2),NA,NA,0,1,Shooting,NA
GO-20173077856,11/27/2017 5:00:00 AM,Bendale-Glen Andrew (156),NA,NA,0,1,Shooting,NA
GO-20173085439,11/27/2017 5:00:00 AM,Downsview (155),NA,NA,0,0,Firearm Discharge,NA
GO-20173083077,11/27/2017 5:00:00 AM,Willowridge-Martingrove-Richview (7),NA,NA,0,0,Firearm Discharge,NA
GO-20173082761,11/27/2017 5:00:00 AM,Woburn North (142),NA,NA,0,0,Firearm Discharge,NA
GO-20173084801,11/28/2017 5:00:00 AM,Oakwood Village (107),NA,NA,0,1,Shooting,NA
GO-20173090989,11/28/2017 5:00:00 AM,New Toronto (18),NA,NA,0,0,Firearm Discharge,NA
GO-20173091969,11/29/2017 5:00:00 AM,Glenfield-Jane Heights (25),NA,NA,0,0,Firearm Discharge,NA
GO-20173112299,12/1/2017 5:00:00 AM,Brookhaven-Amesbury (30),NA,NA,0,0,Firearm Discharge,NA
GO-20173105796,12/1/2017 5:00:00 AM,Moss Park (73),NA,NA,0,0,Firearm Discharge,NA
GO-20173120914,12/3/2017 5:00:00 AM,Greenwood-Coxwell (65),NA,NA,0,0,Firearm Discharge,NA
GO-20173122592,12/3/2017 5:00:00 AM,Weston (113),NA,NA,0,1,Shooting,NA
GO-20173120659,12/3/2017 5:00:00 AM,L'Amoreaux West (147),NA,NA,0,1,Shooting,NA
GO-20173121720,12/3/2017 5:00:00 AM,Scarborough Village (139),NA,NA,1,0,Shooting,NA
GO-20173183770,12/12/2017 5:00:00 AM,Dorset Park (126),NA,NA,0,1,Shooting,NA
GO-20173190508,12/13/2017 5:00:00 AM,Glenfield-Jane Heights (25),NA,NA,0,0,Firearm Discharge,NA
GO-20173191473,12/14/2017 5:00:00 AM,Morningside Heights (144),NA,NA,0,0,Firearm Discharge,NA
GO-20173197958,12/14/2017 5:00:00 AM,Playter Estates-Danforth (67),NA,NA,0,0,Firearm Discharge,NA
GO-20173205177,12/16/2017 5:00:00 AM,St Lawrence-East Bayfront-The Islands (166),NA,NA,1,0,Shooting,NA
GO-20173212015,12/17/2017 5:00:00 AM,Woburn North (142),NA,NA,0,0,Firearm Discharge,NA
GO-20173212144,12/17/2017 5:00:00 AM,Yorkdale-Glen Park (31),NA,NA,0,0,Firearm Discharge,NA
GO-20173206329,12/17/2017 5:00:00 AM,Harbourfront-CityPlace (165),NA,NA,0,0,Firearm Discharge,NA
GO-20173223614,12/18/2017 5:00:00 AM,West Humber-Clairville (1),NA,NA,0,3,Shooting,NA
GO-20173223278,12/18/2017 5:00:00 AM,Etobicoke City Centre (159),NA,NA,0,0,Firearm Discharge,NA
GO-20173217491,12/18/2017 5:00:00 AM,Weston-Pelham Park (91),NA,NA,0,0,Firearm Discharge,NA
GO-20173225003,12/19/2017 5:00:00 AM,Mount Dennis (115),NA,NA,0,0,Firearm Discharge,NA
GO-20173234441,12/20/2017 5:00:00 AM,York University Heights (27),NA,NA,0,0,Firearm Discharge,NA
GO-20173184330,12/21/2017 5:00:00 AM,Fenside-Parkwoods (150),NA,NA,0,0,Firearm Discharge,NA
GO-20173244614,12/22/2017 5:00:00 AM,Playter Estates-Danforth (67),NA,NA,0,0,Firearm Discharge,NA
GO-20173255264,12/23/2017 5:00:00 AM,O'Connor-Parkview (54),NA,NA,0,1,Shooting,NA
GO-20173272773,12/26/2017 5:00:00 AM,Malvern West (145),NA,NA,0,0,Firearm Discharge,NA
GO-20173272289,12/27/2017 5:00:00 AM,Malvern East (146),NA,NA,0,0,Firearm Discharge,NA
GO-20173270542,12/27/2017 5:00:00 AM,Glenfield-Jane Heights (25),NA,NA,0,0,Firearm Discharge,NA
GO-20173276411,12/28/2017 5:00:00 AM,L'Amoreaux West (147),NA,NA,0,0,Firearm Discharge,NA
GO-20173277723,12/28/2017 5:00:00 AM,Parkwoods-O'Connor Hills (149),NA,NA,0,0,Firearm Discharge,NA
GO-20173288087,12/29/2017 5:00:00 AM,Black Creek (24),NA,NA,0,1,Shooting,NA
GO-20173289117,12/30/2017 5:00:00 AM,Corso Italia-Davenport (92),NA,NA,0,0,Firearm Discharge,NA
GO-20173293478,12/30/2017 5:00:00 AM,Long Branch (19),NA,NA,0,1,Shooting,NA
GO-20173295911,12/31/2017 5:00:00 AM,Humbermede (22),NA,NA,0,0,Firearm Discharge,NA
GO-20173294585,12/31/2017 5:00:00 AM,Agincourt South-Malvern West (128),NA,NA,0,0,Firearm Discharge,NA
GO-20181475,1/1/2018 5:00:00 AM,O'Connor-Parkview (54),NA,NA,0,0,Firearm Discharge,NA
GO-20186501,1/2/2018 5:00:00 AM,Kensington-Chinatown (78),NA,NA,0,1,Shooting,NA
GO-201818500,1/4/2018 5:00:00 AM,Dorset Park (126),NA,NA,0,0,Firearm Discharge,NA
GO-201831049,1/6/2018 5:00:00 AM,Regent Park (72),NA,NA,0,1,Shooting,NA
GO-201830601,1/6/2018 5:00:00 AM,Glenfield-Jane Heights (25),NA,NA,0,1,Shooting,NA
GO-201836770,1/7/2018 5:00:00 AM,Morningside Heights (144),NA,NA,0,0,Firearm Discharge,NA
GO-201840706,1/7/2018 5:00:00 AM,West Humber-Clairville (1),NA,NA,0,0,Firearm Discharge,NA
GO-201845743,1/8/2018 5:00:00 AM,Yorkdale-Glen Park (31),NA,NA,0,2,Shooting,NA
GO-201852931,1/9/2018 5:00:00 AM,Roncesvalles (86),NA,NA,0,0,Firearm Discharge,NA
GO-201852484,1/9/2018 5:00:00 AM,Etobicoke West Mall (13),NA,NA,0,1,Shooting,NA
GO-201854152,1/9/2018 5:00:00 AM,Humber Heights-Westmount (8),NA,NA,1,0,Shooting,NA
GO-201854003,1/9/2018 5:00:00 AM,Weston-Pelham Park (91),NA,NA,0,1,Shooting,NA
GO-201862395,1/11/2018 5:00:00 AM,Wellington Place (164),NA,NA,0,2,Shooting,NA
GO-201875840,1/13/2018 5:00:00 AM,Milliken (130),NA,NA,0,1,Shooting,NA
GO-201884506,1/13/2018 5:00:00 AM,Taylor-Massey (61),NA,NA,0,0,Firearm Discharge,NA
GO-201880821,1/13/2018 5:00:00 AM,West Humber-Clairville (1),NA,NA,0,0,Firearm Discharge,NA
GO-201897298,1/16/2018 5:00:00 AM,Humbermede (22),NA,NA,0,1,Shooting,NA
GO-201899954,1/16/2018 5:00:00 AM,Ionview (125),NA,NA,0,0,Firearm Discharge,NA
GO-2018115142,1/19/2018 5:00:00 AM,Keelesdale-Eglinton West (110),NA,NA,0,0,Firearm Discharge,NA
GO-2018113424,1/19/2018 5:00:00 AM,Eringate-Centennial-West Deane (11),NA,NA,2,2,Shooting,NA
GO-2018125866,1/20/2018 5:00:00 AM,North St.James Town (74),NA,NA,0,0,Firearm Discharge,NA
GO-2018124384,1/20/2018 5:00:00 AM,Humbermede (22),NA,NA,0,0,Firearm Discharge,NA
GO-2018129941,1/21/2018 5:00:00 AM,Humbermede (22),NA,NA,0,0,Firearm Discharge,NA
GO-2018130229,1/21/2018 5:00:00 AM,Etobicoke West Mall (13),NA,NA,0,1,Shooting,NA
GO-2018132179,1/21/2018 5:00:00 AM,Regent Park (72),NA,NA,0,0,Firearm Discharge,NA
GO-2018127490,1/21/2018 5:00:00 AM,Briar Hill-Belgravia (108),NA,NA,0,1,Shooting,NA
GO-2018132065,1/21/2018 5:00:00 AM,Glenfield-Jane Heights (25),NA,NA,0,0,Firearm Discharge,NA
GO-2018126925,1/21/2018 5:00:00 AM,O'Connor-Parkview (54),NA,NA,0,1,Shooting,NA
GO-2018138955,1/22/2018 5:00:00 AM,Lansing-Westgate (38),NA,NA,0,0,Firearm Discharge,NA
GO-2018132326,1/22/2018 5:00:00 AM,Humber Summit (21),NA,NA,0,0,Firearm Discharge,NA
GO-2018164498,1/26/2018 5:00:00 AM,South Parkdale (85),NA,NA,0,0,Firearm Discharge,NA
GO-2018164731,1/26/2018 5:00:00 AM,Dufferin Grove (83),NA,NA,0,1,Shooting,NA
GO-2018167003,1/27/2018 5:00:00 AM,Yorkdale-Glen Park (31),NA,NA,0,1,Shooting,NA
GO-2018172846,1/28/2018 5:00:00 AM,York University Heights (27),NA,NA,0,0,Firearm Discharge,NA
GO-2018183036,1/29/2018 5:00:00 AM,Regent Park (72),NA,NA,0,0,Firearm Discharge,NA
GO-2018205479,2/2/2018 5:00:00 AM,Oakdale-Beverley Heights (154),NA,NA,0,0,Firearm Discharge,NA
GO-2018217306,2/3/2018 5:00:00 AM,East End-Danforth (62),NA,NA,0,0,Firearm Discharge,NA
GO-2018249547,2/8/2018 5:00:00 AM,Bayview Village (52),NA,NA,1,0,Shooting,NA
GO-2018249311,2/8/2018 5:00:00 AM,Black Creek (24),NA,NA,0,0,Firearm Discharge,NA
GO-2018255930,2/9/2018 5:00:00 AM,West Hill (136),NA,NA,0,1,Shooting,NA
GO-2018285673,2/14/2018 5:00:00 AM,Mount Dennis (115),NA,NA,0,0,Firearm Discharge,NA
GO-2018289971,2/15/2018 5:00:00 AM,Elms-Old Rexdale (5),NA,NA,0,1,Shooting,NA
GO-2018363226,2/15/2018 5:00:00 AM,Keelesdale-Eglinton West (110),NA,NA,0,0,Firearm Discharge,NA
GO-2018289167,2/15/2018 5:00:00 AM,Centennial Scarborough (133),NA,NA,1,0,Shooting,NA
GO-2018301555,2/16/2018 5:00:00 AM,South Parkdale (85),NA,NA,0,0,Firearm Discharge,NA
GO-2018296500,2/16/2018 5:00:00 AM,West Humber-Clairville (1),NA,NA,0,1,Shooting,NA
GO-2018296913,2/16/2018 5:00:00 AM,Willowridge-Martingrove-Richview (7),NA,NA,0,0,Firearm Discharge,NA
GO-2018309202,2/18/2018 5:00:00 AM,Moss Park (73),NA,NA,0,0,Firearm Discharge,NA
GO-2018346962,2/18/2018 5:00:00 AM,North St.James Town (74),NA,NA,0,0,Firearm Discharge,NA
GO-2018311656,2/18/2018 5:00:00 AM,Harbourfront-CityPlace (165),NA,NA,0,0,Firearm Discharge,NA
GO-2018339587,2/22/2018 5:00:00 AM,Oakdale-Beverley Heights (154),NA,NA,0,1,Shooting,NA
GO-2018334012,2/22/2018 5:00:00 AM,Weston (113),NA,NA,0,0,Firearm Discharge,NA
GO-2018345669,2/23/2018 5:00:00 AM,South Parkdale (85),NA,NA,0,0,Firearm Discharge,NA
GO-2018361533,2/23/2018 5:00:00 AM,Harbourfront-CityPlace (165),NA,NA,0,1,Shooting,NA
GO-2018347739,2/24/2018 5:00:00 AM,Maple Leaf (29),NA,NA,0,0,Firearm Discharge,NA
GO-2018354304,2/25/2018 5:00:00 AM,Moss Park (73),NA,NA,0,0,Firearm Discharge,NA
GO-2018359932,2/26/2018 5:00:00 AM,Wellington Place (164),NA,NA,0,1,Shooting,NA
GO-2018365879,2/26/2018 5:00:00 AM,Fort York-Liberty Village (163),NA,NA,0,0,Firearm Discharge,NA
GO-2018374628,2/28/2018 5:00:00 AM,Mount Olive-Silverstone-Jamestown (2),NA,NA,0,0,Firearm Discharge,NA
GO-2018373506,2/28/2018 5:00:00 AM,Regent Park (72),NA,NA,0,0,Firearm Discharge,NA
GO-2018392879,3/2/2018 5:00:00 AM,West Humber-Clairville (1),NA,NA,0,0,Firearm Discharge,NA
GO-2018393677,3/2/2018 5:00:00 AM,Black Creek (24),NA,NA,1,0,Shooting,NA
GO-2018426283,3/8/2018 5:00:00 AM,South Riverdale (70),NA,NA,0,0,Firearm Discharge,NA
GO-2018444497,3/10/2018 5:00:00 AM,Mount Olive-Silverstone-Jamestown (2),NA,NA,1,0,Shooting,NA
GO-2018452059,3/12/2018 4:00:00 AM,Wexford/Maryvale (119),NA,NA,0,0,Firearm Discharge,NA
GO-2018470489,3/14/2018 4:00:00 AM,L'Amoreaux West (147),NA,NA,0,1,Shooting,NA
GO-2018477504,3/15/2018 4:00:00 AM,Flemingdon Park (44),NA,NA,0,1,Shooting,NA
GO-2018484039,3/16/2018 4:00:00 AM,Humber Heights-Westmount (8),NA,NA,1,0,Shooting,NA
GO-2018489653,3/17/2018 4:00:00 AM,Yorkdale-Glen Park (31),NA,NA,2,0,Shooting,NA
GO-2018496558,3/19/2018 4:00:00 AM,Bay-Cloverhill (169),NA,NA,0,1,Shooting,NA
GO-2018502292,3/19/2018 4:00:00 AM,Mount Olive-Silverstone-Jamestown (2),NA,NA,0,0,Firearm Discharge,NA
GO-2018510051,3/21/2018 4:00:00 AM,Flemingdon Park (44),NA,NA,0,1,Shooting,NA
GO-2018522710,3/22/2018 4:00:00 AM,Glenfield-Jane Heights (25),NA,NA,0,0,Firearm Discharge,NA
GO-2018534556,3/24/2018 4:00:00 AM,Humber Summit (21),NA,NA,0,1,Shooting,NA
GO-2018531279,3/24/2018 4:00:00 AM,Mount Olive-Silverstone-Jamestown (2),NA,NA,0,0,Firearm Discharge,NA
GO-2018543923,3/24/2018 4:00:00 AM,West Humber-Clairville (1),NA,NA,0,0,Firearm Discharge,NA
GO-2018538515,3/24/2018 4:00:00 AM,Humber Heights-Westmount (8),NA,NA,0,0,Firearm Discharge,NA
GO-2018569442,3/29/2018 4:00:00 AM,Englemount-Lawrence (32),NA,NA,0,0,Firearm Discharge,NA
GO-2018563076,3/29/2018 4:00:00 AM,O'Connor-Parkview (54),NA,NA,0,0,Firearm Discharge,NA
GO-2018569341,3/30/2018 4:00:00 AM,East Willowdale (152),NA,NA,0,0,Firearm Discharge,NA
GO-2018576274,3/31/2018 4:00:00 AM,Rustic (28),NA,NA,0,0,Firearm Discharge,NA
GO-2018587199,4/2/2018 4:00:00 AM,West Humber-Clairville (1),NA,NA,0,1,Shooting,NA
GO-2018592721,4/3/2018 4:00:00 AM,Yonge-Bay Corridor (170),NA,NA,0,2,Shooting,NA
GO-2018616784,4/6/2018 4:00:00 AM,Weston (113),NA,NA,0,0,Firearm Discharge,NA
GO-2018619032,4/6/2018 4:00:00 AM,Wexford/Maryvale (119),NA,NA,1,0,Shooting,NA
GO-20189010957,4/7/2018 4:00:00 AM,Black Creek (24),NA,NA,0,0,Firearm Discharge,NA
GO-2018638311,4/9/2018 4:00:00 AM,Woburn North (142),NA,NA,0,1,Shooting,NA
GO-2018651626,4/11/2018 4:00:00 AM,Malvern East (146),NA,NA,0,1,Shooting,NA
GO-2018646753,4/11/2018 4:00:00 AM,Malvern East (146),NA,NA,0,0,Firearm Discharge,NA
GO-2018660490,4/11/2018 4:00:00 AM,Steeles (116),NA,NA,0,0,Firearm Discharge,NA
GO-2018658886,4/13/2018 4:00:00 AM,Kingsway South (15),NA,NA,0,1,Shooting,NA
GO-2018659292,4/13/2018 4:00:00 AM,Oakdale-Beverley Heights (154),NA,NA,0,1,Shooting,NA
GO-2018659416,4/13/2018 4:00:00 AM,Bridle Path-Sunnybrook-York Mills (41),NA,NA,0,1,Shooting,NA
GO-2018659405,4/13/2018 4:00:00 AM,Kensington-Chinatown (78),NA,NA,0,0,Firearm Discharge,NA
GO-2018668742,4/14/2018 4:00:00 AM,Mimico-Queensway (160),NA,NA,0,1,Shooting,NA
GO-2018666307,4/14/2018 4:00:00 AM,Oakwood Village (107),NA,NA,0,0,Firearm Discharge,NA
GO-2018683205,4/17/2018 4:00:00 AM,Downtown Yonge East (168),NA,NA,0,1,Shooting,NA
GO-2018701983,4/19/2018 4:00:00 AM,Rexdale-Kipling (4),NA,NA,0,0,Firearm Discharge,NA
GO-2018703401,4/20/2018 4:00:00 AM,Wexford/Maryvale (119),NA,NA,0,1,Shooting,NA
GO-2018714693,4/21/2018 4:00:00 AM,Black Creek (24),NA,NA,0,1,Shooting,NA
GO-2018716403,4/21/2018 4:00:00 AM,Junction-Wallace Emerson (171),NA,NA,0,1,Shooting,NA
GO-2018721666,4/22/2018 4:00:00 AM,Hillcrest Village (48),NA,NA,0,1,Shooting,NA
GO-2018726842,4/23/2018 4:00:00 AM,Weston (113),NA,NA,0,0,Firearm Discharge,NA
GO-2018729060,4/23/2018 4:00:00 AM,Agincourt South-Malvern West (128),NA,NA,0,0,Firearm Discharge,NA
GO-2018728800,4/23/2018 4:00:00 AM,Mount Olive-Silverstone-Jamestown (2),NA,NA,0,0,Firearm Discharge,NA
GO-2018730285,4/24/2018 4:00:00 AM,Yonge-Bay Corridor (170),NA,NA,0,0,Firearm Discharge,NA
GO-2018742829,4/25/2018 4:00:00 AM,Oakdale-Beverley Heights (154),NA,NA,0,0,Firearm Discharge,NA
GO-2018755950,4/26/2018 4:00:00 AM,Mount Olive-Silverstone-Jamestown (2),NA,NA,0,0,Firearm Discharge,NA
GO-2018746212,4/26/2018 4:00:00 AM,Clairlea-Birchmount (120),NA,NA,0,0,Firearm Discharge,NA
GO-2018750678,4/27/2018 4:00:00 AM,Little Portugal (84),NA,NA,0,0,Firearm Discharge,NA
GO-2018757775,4/28/2018 4:00:00 AM,Dufferin Grove (83),NA,NA,0,0,Firearm Discharge,NA
GO-2018758021,4/28/2018 4:00:00 AM,Malvern East (146),NA,NA,0,0,Firearm Discharge,NA
GO-2018757381,4/28/2018 4:00:00 AM,Regent Park (72),NA,NA,0,1,Shooting,NA
GO-2018757706,4/28/2018 4:00:00 AM,South Riverdale (70),NA,NA,0,0,Firearm Discharge,NA
GO-2018763442,4/29/2018 4:00:00 AM,Humber Summit (21),NA,NA,0,1,Shooting,NA
GO-2018764153,4/29/2018 4:00:00 AM,West Humber-Clairville (1),NA,NA,0,0,Firearm Discharge,NA
GO-2018767104,4/29/2018 4:00:00 AM,Glenfield-Jane Heights (25),NA,NA,0,1,Shooting,NA
GO-2018775097,4/30/2018 4:00:00 AM,Humber Summit (21),NA,NA,0,1,Shooting,NA
GO-2018773924,4/30/2018 4:00:00 AM,Weston (113),NA,NA,0,0,Firearm Discharge,NA
GO-2018774296,4/30/2018 4:00:00 AM,Harbourfront-CityPlace (165),NA,NA,0,0,Firearm Discharge,NA
GO-2018782478,5/1/2018 4:00:00 AM,St Lawrence-East Bayfront-The Islands (166),NA,NA,0,0,Firearm Discharge,NA
GO-2018811150,5/5/2018 4:00:00 AM,Weston (113),NA,NA,0,0,Firearm Discharge,NA
GO-2018821806,5/7/2018 4:00:00 AM,Princess-Rosethorn (10),NA,NA,1,0,Shooting,NA
GO-2018833125,5/8/2018 4:00:00 AM,Weston-Pelham Park (91),NA,NA,0,1,Shooting,NA
GO-2018833450,5/9/2018 4:00:00 AM,Malvern East (146),NA,NA,0,0,Firearm Discharge,NA
GO-2018838034,5/9/2018 4:00:00 AM,Regent Park (72),NA,NA,0,0,Firearm Discharge,NA
GO-2018846720,5/10/2018 4:00:00 AM,Mount Olive-Silverstone-Jamestown (2),NA,NA,0,0,Firearm Discharge,NA
GO-2018846847,5/10/2018 4:00:00 AM,North St.James Town (74),NA,NA,0,0,Firearm Discharge,NA
GO-2018853701,5/11/2018 4:00:00 AM,Old East York (58),NA,NA,0,0,Firearm Discharge,NA
GO-2018853463,5/11/2018 4:00:00 AM,Keelesdale-Eglinton West (110),NA,NA,0,1,Shooting,NA
GO-2018849989,5/11/2018 4:00:00 AM,Highland Creek (134),NA,NA,0,0,Firearm Discharge,NA
GO-2018878572,5/12/2018 4:00:00 AM,Weston (113),NA,NA,0,0,Firearm Discharge,NA
GO-2018854463,5/12/2018 4:00:00 AM,Mount Dennis (115),NA,NA,0,1,Shooting,NA
GO-2018856524,5/12/2018 4:00:00 AM,Black Creek (24),NA,NA,0,0,Firearm Discharge,NA
GO-2018854719,5/12/2018 4:00:00 AM,South Eglinton-Davisville (174),NA,NA,0,0,Firearm Discharge,NA
GO-2018872021,5/14/2018 4:00:00 AM,Guildwood (140),NA,NA,0,0,Firearm Discharge,NA
GO-2018879670,5/16/2018 4:00:00 AM,Flemingdon Park (44),NA,NA,0,0,Firearm Discharge,NA
GO-2018892896,5/17/2018 4:00:00 AM,Wexford/Maryvale (119),NA,NA,0,1,Shooting,NA
GO-2018892828,5/17/2018 4:00:00 AM,Oakwood Village (107),NA,NA,0,1,Shooting,NA
GO-2018897881,5/18/2018 4:00:00 AM,Englemount-Lawrence (32),NA,NA,0,1,Shooting,NA
GO-2018904910,5/18/2018 4:00:00 AM,Golfdale-Cedarbrae-Woburn (141),NA,NA,0,0,Firearm Discharge,NA
GO-2018919403,5/18/2018 4:00:00 AM,Clairlea-Birchmount (120),NA,NA,0,0,Firearm Discharge,NA
GO-2018912154,5/19/2018 4:00:00 AM,Mount Olive-Silverstone-Jamestown (2),NA,NA,0,0,Firearm Discharge,NA
GO-2018901182,5/19/2018 4:00:00 AM,Weston (113),NA,NA,0,0,Firearm Discharge,NA
GO-2018903044,5/19/2018 4:00:00 AM,Willowridge-Martingrove-Richview (7),NA,NA,0,0,Firearm Discharge,NA
GO-2018907125,5/20/2018 4:00:00 AM,Morningside (135),NA,NA,1,1,Shooting,NA
GO-2018911506,5/20/2018 4:00:00 AM,Yonge-Bay Corridor (170),NA,NA,1,0,Shooting,NA
GO-2018915106,5/21/2018 4:00:00 AM,Glenfield-Jane Heights (25),NA,NA,0,1,Shooting,NA
GO-2018922689,5/21/2018 4:00:00 AM,Golfdale-Cedarbrae-Woburn (141),NA,NA,0,0,Firearm Discharge,NA
GO-2018928575,5/21/2018 4:00:00 AM,Black Creek (24),NA,NA,0,0,Firearm Discharge,NA
GO-2018921021,5/21/2018 4:00:00 AM,West Humber-Clairville (1),NA,NA,0,0,Firearm Discharge,NA
GO-2018912639,5/21/2018 4:00:00 AM,L'Amoreaux West (147),NA,NA,0,0,Firearm Discharge,NA
GO-2018916925,5/21/2018 4:00:00 AM,Glenfield-Jane Heights (25),NA,NA,0,0,Firearm Discharge,NA
GO-2018917214,5/21/2018 4:00:00 AM,Rustic (28),NA,NA,0,0,Firearm Discharge,NA
GO-2018918825,5/22/2018 4:00:00 AM,Dorset Park (126),NA,NA,0,0,Firearm Discharge,NA
GO-2018931549,5/23/2018 4:00:00 AM,L'Amoreaux West (147),NA,NA,0,0,Firearm Discharge,NA
GO-2018925114,5/23/2018 4:00:00 AM,Regent Park (72),NA,NA,0,1,Shooting,NA
GO-2018938449,5/24/2018 4:00:00 AM,Flemingdon Park (44),NA,NA,0,0,Firearm Discharge,NA
GO-2018938247,5/24/2018 4:00:00 AM,L'Amoreaux West (147),NA,NA,0,0,Firearm Discharge,NA
GO-2018936688,5/24/2018 4:00:00 AM,Clairlea-Birchmount (120),NA,NA,0,0,Firearm Discharge,NA
GO-2018943434,5/25/2018 4:00:00 AM,Danforth East York (59),NA,NA,0,0,Firearm Discharge,NA
GO-2018958180,5/27/2018 4:00:00 AM,Kensington-Chinatown (78),NA,NA,0,1,Shooting,NA
GO-2018958246,5/27/2018 4:00:00 AM,North St.James Town (74),NA,NA,0,2,Shooting,NA
GO-2018958384,5/27/2018 4:00:00 AM,L'Amoreaux West (147),NA,NA,0,0,Firearm Discharge,NA
GO-2018962306,5/28/2018 4:00:00 AM,Moss Park (73),NA,NA,0,0,Firearm Discharge,NA
GO-2018965415,5/28/2018 4:00:00 AM,Yorkdale-Glen Park (31),NA,NA,0,1,Shooting,NA
GO-2018958547,5/28/2018 4:00:00 AM,Malvern West (145),NA,NA,1,0,Shooting,NA
GO-2018965463,5/28/2018 4:00:00 AM,Annex (95),NA,NA,1,0,Shooting,NA
GO-2018969505,5/29/2018 4:00:00 AM,Malvern East (146),NA,NA,0,0,Firearm Discharge,NA
GO-2018972510,5/29/2018 4:00:00 AM,Rustic (28),NA,NA,0,0,Firearm Discharge,NA
GO-2018979942,5/30/2018 4:00:00 AM,Downtown Yonge East (168),NA,NA,1,0,Shooting,NA
GO-2018978451,5/30/2018 4:00:00 AM,Golfdale-Cedarbrae-Woburn (141),NA,NA,0,1,Shooting,NA
GO-2018987301,5/31/2018 4:00:00 AM,Pelmo Park-Humberlea (23),NA,NA,0,1,Shooting,NA
GO-2018981643,5/31/2018 4:00:00 AM,Rustic (28),NA,NA,0,0,Firearm Discharge,NA
GO-20181005288,6/2/2018 4:00:00 AM,Moss Park (73),NA,NA,0,0,Firearm Discharge,NA
GO-20181002550,6/3/2018 4:00:00 AM,Kensington-Chinatown (78),NA,NA,0,1,Shooting,NA
GO-20181012644,6/4/2018 4:00:00 AM,Regent Park (72),NA,NA,0,0,Firearm Discharge,NA
GO-20181013384,6/4/2018 4:00:00 AM,Weston-Pelham Park (91),NA,NA,0,0,Firearm Discharge,NA
GO-20181031095,6/5/2018 4:00:00 AM,West Humber-Clairville (1),NA,NA,0,0,Firearm Discharge,NA
GO-20181021340,6/5/2018 4:00:00 AM,New Toronto (18),NA,NA,1,0,Shooting,NA
GO-20181028277,6/7/2018 4:00:00 AM,Clairlea-Birchmount (120),NA,NA,0,1,Shooting,NA
GO-20181043541,6/9/2018 4:00:00 AM,Oakwood Village (107),NA,NA,0,0,Firearm Discharge,NA
GO-20181049461,6/10/2018 4:00:00 AM,Black Creek (24),NA,NA,0,1,Shooting,NA
GO-20181055166,6/11/2018 4:00:00 AM,L'Amoreaux West (147),NA,NA,0,0,Firearm Discharge,NA
GO-20181076092,6/13/2018 4:00:00 AM,North St.James Town (74),NA,NA,0,0,Firearm Discharge,NA
GO-20181076057,6/13/2018 4:00:00 AM,Dorset Park (126),NA,NA,0,0,Firearm Discharge,NA
GO-20181081199,6/14/2018 4:00:00 AM,Milliken (130),NA,NA,0,2,Shooting,NA
GO-20181090590,6/15/2018 4:00:00 AM,Glenfield-Jane Heights (25),NA,NA,0,0,Firearm Discharge,NA
GO-20181087409,6/15/2018 4:00:00 AM,Mount Dennis (115),NA,NA,0,0,Firearm Discharge,NA
GO-20181084055,6/15/2018 4:00:00 AM,Tam O'Shanter-Sullivan (118),NA,NA,0,0,Firearm Discharge,NA
GO-20181084066,6/15/2018 4:00:00 AM,Wellington Place (164),NA,NA,0,0,Firearm Discharge,NA
GO-20181091551,6/16/2018 4:00:00 AM,Wellington Place (164),NA,NA,0,0,Firearm Discharge,NA
GO-20181098055,6/16/2018 4:00:00 AM,South Parkdale (85),NA,NA,0,1,Shooting,NA
GO-20181096857,6/16/2018 4:00:00 AM,South Riverdale (70),NA,NA,0,1,Shooting,NA
GO-20181103058,6/17/2018 4:00:00 AM,Glenfield-Jane Heights (25),NA,NA,0,1,Shooting,NA
GO-20181120370,6/18/2018 4:00:00 AM,Cliffcrest (123),NA,NA,0,0,Firearm Discharge,NA
GO-20181117420,6/19/2018 4:00:00 AM,Blake-Jones (69),NA,NA,0,1,Shooting,NA
GO-20181146367,6/24/2018 4:00:00 AM,Englemount-Lawrence (32),NA,NA,1,0,Shooting,NA
GO-20181146418,6/24/2018 4:00:00 AM,Thistletown-Beaumond Heights (3),NA,NA,2,0,Shooting,NA
GO-20181152121,6/25/2018 4:00:00 AM,Moss Park (73),NA,NA,1,0,Shooting,NA
GO-20181179184,6/28/2018 4:00:00 AM,Rustic (28),NA,NA,0,1,Shooting,NA
GO-20181179595,6/29/2018 4:00:00 AM,Moss Park (73),NA,NA,0,2,Shooting,NA
GO-20181179931,6/29/2018 4:00:00 AM,Harbourfront-CityPlace (165),NA,NA,0,0,Firearm Discharge,NA
GO-20181190914,6/30/2018 4:00:00 AM,Glenfield-Jane Heights (25),NA,NA,0,0,Firearm Discharge,NA
GO-20181190716,6/30/2018 4:00:00 AM,Oakdale-Beverley Heights (154),NA,NA,0,1,Shooting,NA
GO-20181191880,6/30/2018 4:00:00 AM,Kensington-Chinatown (78),NA,NA,2,1,Shooting,NA
GO-20181187391,6/30/2018 4:00:00 AM,Mount Olive-Silverstone-Jamestown (2),NA,NA,0,0,Firearm Discharge,NA
GO-20181194997,7/1/2018 4:00:00 AM,Black Creek (24),NA,NA,0,0,Firearm Discharge,NA
GO-20181198918,7/1/2018 4:00:00 AM,Kensington-Chinatown (78),NA,NA,1,3,Shooting,NA
GO-20181211883,7/3/2018 4:00:00 AM,Golfdale-Cedarbrae-Woburn (141),NA,NA,0,0,Firearm Discharge,NA
GO-20181205734,7/3/2018 4:00:00 AM,Wellington Place (164),NA,NA,0,1,Shooting,NA
GO-20181213495,7/4/2018 4:00:00 AM,Glenfield-Jane Heights (25),NA,NA,0,0,Firearm Discharge,NA
GO-20181249896,7/6/2018 4:00:00 AM,Willowridge-Martingrove-Richview (7),NA,NA,0,0,Firearm Discharge,NA
GO-20181240749,7/8/2018 4:00:00 AM,Black Creek (24),NA,NA,1,0,Shooting,NA
GO-20181244040,7/8/2018 4:00:00 AM,West Rouge (143),NA,NA,0,0,Firearm Discharge,NA
GO-20181245963,7/9/2018 4:00:00 AM,Black Creek (24),NA,NA,1,0,Shooting,NA
GO-20181252343,7/9/2018 4:00:00 AM,Annex (95),NA,NA,0,1,Shooting,NA
GO-20181261648,7/10/2018 4:00:00 AM,York University Heights (27),NA,NA,0,0,Firearm Discharge,NA
GO-20181266907,7/11/2018 4:00:00 AM,Cliffcrest (123),NA,NA,0,1,Shooting,NA
GO-20181272694,7/12/2018 4:00:00 AM,Weston (113),NA,NA,0,0,Firearm Discharge,NA
GO-20181285120,7/14/2018 4:00:00 AM,Kingsview Village-The Westway (6),NA,NA,0,1,Shooting,NA
GO-20181305615,7/17/2018 4:00:00 AM,Fenside-Parkwoods (150),NA,NA,0,2,Shooting,NA
GO-20181314653,7/18/2018 4:00:00 AM,East L'Amoreaux (148),NA,NA,0,0,Firearm Discharge,NA
GO-20181320396,7/19/2018 4:00:00 AM,Oakwood Village (107),NA,NA,0,1,Shooting,NA
GO-20181315417,7/19/2018 4:00:00 AM,Pleasant View (46),NA,NA,0,0,Firearm Discharge,NA
GO-20181321847,7/19/2018 4:00:00 AM,Thorncliffe Park (55),NA,NA,0,0,Firearm Discharge,NA
GO-20181330028,7/21/2018 4:00:00 AM,Bendale-Glen Andrew (156),NA,NA,0,1,Shooting,NA
GO-20181341286,7/23/2018 4:00:00 AM,Playter Estates-Danforth (67),NA,NA,2,13,Shooting,NA
GO-20181345813,7/23/2018 4:00:00 AM,Rustic (28),NA,NA,0,1,Shooting,NA
GO-20181349096,7/24/2018 4:00:00 AM,Newtonbrook East (50),NA,NA,0,1,Shooting,NA
GO-20181358001,7/25/2018 4:00:00 AM,Humber Summit (21),NA,NA,1,0,Shooting,NA
GO-20181378370,7/28/2018 4:00:00 AM,Dorset Park (126),NA,NA,0,0,Firearm Discharge,NA
GO-20181378076,7/28/2018 4:00:00 AM,West Humber-Clairville (1),NA,NA,0,0,Firearm Discharge,NA
GO-20181410936,8/1/2018 4:00:00 AM,Dorset Park (126),NA,NA,0,0,Firearm Discharge,NA
GO-20181410856,8/1/2018 4:00:00 AM,South Riverdale (70),NA,NA,0,1,Shooting,NA
GO-20181419656,8/3/2018 4:00:00 AM,Willowridge-Martingrove-Richview (7),NA,NA,0,0,Firearm Discharge,NA
GO-20181432591,8/4/2018 4:00:00 AM,Junction-Wallace Emerson (171),NA,NA,0,0,Firearm Discharge,NA
GO-20181433915,8/5/2018 4:00:00 AM,Kensington-Chinatown (78),NA,NA,0,0,Firearm Discharge,NA
GO-20181444665,8/6/2018 4:00:00 AM,St Lawrence-East Bayfront-The Islands (166),NA,NA,0,0,Firearm Discharge,NA
GO-20181450797,8/7/2018 4:00:00 AM,O'Connor-Parkview (54),NA,NA,0,0,Firearm Discharge,NA
GO-20181459129,8/8/2018 4:00:00 AM,Junction-Wallace Emerson (171),NA,NA,0,0,Firearm Discharge,NA
GO-20181463825,8/9/2018 4:00:00 AM,Bayview Woods-Steeles (49),NA,NA,0,0,Firearm Discharge,NA
GO-20181463139,8/9/2018 4:00:00 AM,Glenfield-Jane Heights (25),NA,NA,0,1,Shooting,NA
GO-20181467921,8/10/2018 4:00:00 AM,Malvern East (146),NA,NA,0,0,Firearm Discharge,NA
GO-20181473379,8/10/2018 4:00:00 AM,Henry Farm (53),NA,NA,0,1,Shooting,NA
GO-20181478926,8/11/2018 4:00:00 AM,Bayview Woods-Steeles (49),NA,NA,0,2,Shooting,NA
GO-20181474924,8/11/2018 4:00:00 AM,Oakridge (121),NA,NA,0,0,Firearm Discharge,NA
GO-20181484079,8/12/2018 4:00:00 AM,Woburn North (142),NA,NA,0,0,Firearm Discharge,NA
GO-20181483997,8/12/2018 4:00:00 AM,Glenfield-Jane Heights (25),NA,NA,0,0,Firearm Discharge,NA
GO-20181492923,8/13/2018 4:00:00 AM,Glenfield-Jane Heights (25),NA,NA,0,0,Firearm Discharge,NA
GO-20181487567,8/13/2018 4:00:00 AM,Oakdale-Beverley Heights (154),NA,NA,0,3,Shooting,NA
GO-20181507367,8/13/2018 4:00:00 AM,Bridle Path-Sunnybrook-York Mills (41),NA,NA,0,1,Shooting,NA
GO-20181501129,8/14/2018 4:00:00 AM,Cabbagetown-South St.James Town (71),NA,NA,0,1,Shooting,NA
GO-20181497736,8/14/2018 4:00:00 AM,Rockcliffe-Smythe (111),NA,NA,0,0,Firearm Discharge,NA
GO-20181497445,8/14/2018 4:00:00 AM,Rockcliffe-Smythe (111),NA,NA,0,0,Firearm Discharge,NA
GO-20181496912,8/14/2018 4:00:00 AM,Mount Olive-Silverstone-Jamestown (2),NA,NA,0,1,Shooting,NA
GO-20181508181,8/15/2018 4:00:00 AM,Mount Olive-Silverstone-Jamestown (2),NA,NA,1,0,Shooting,NA
GO-20181528291,8/18/2018 4:00:00 AM,Centennial Scarborough (133),NA,NA,0,0,Firearm Discharge,NA
GO-20181533935,8/19/2018 4:00:00 AM,West Humber-Clairville (1),NA,NA,0,1,Shooting,NA
GO-20181533681,8/19/2018 4:00:00 AM,High Park-Swansea (87),NA,NA,0,1,Shooting,NA
GO-20181533880,8/19/2018 4:00:00 AM,Dorset Park (126),NA,NA,0,1,Shooting,NA
GO-20181528994,8/19/2018 4:00:00 AM,Moss Park (73),NA,NA,1,0,Shooting,NA
GO-20181540992,8/20/2018 4:00:00 AM,Flemingdon Park (44),NA,NA,0,1,Shooting,NA
GO-20181535298,8/20/2018 4:00:00 AM,West Hill (136),NA,NA,0,1,Shooting,NA
GO-20181534830,8/20/2018 4:00:00 AM,Agincourt South-Malvern West (128),NA,NA,0,0,Firearm Discharge,NA
GO-20181594511,8/21/2018 4:00:00 AM,Golfdale-Cedarbrae-Woburn (141),NA,NA,0,0,Firearm Discharge,NA
GO-20181548638,8/22/2018 4:00:00 AM,Wexford/Maryvale (119),NA,NA,0,0,Firearm Discharge,NA
GO-20181548479,8/22/2018 4:00:00 AM,Danforth (66),NA,NA,1,0,Shooting,NA
GO-20181549969,8/22/2018 4:00:00 AM,Mount Dennis (115),NA,NA,1,0,Shooting,NA
GO-20181562231,8/24/2018 4:00:00 AM,Yorkdale-Glen Park (31),NA,NA,0,0,Firearm Discharge,NA
GO-20181569685,8/25/2018 4:00:00 AM,Kennedy Park (124),NA,NA,0,1,Shooting,NA
GO-20181581116,8/27/2018 4:00:00 AM,Clairlea-Birchmount (120),NA,NA,0,0,Firearm Discharge,NA
GO-20181598269,8/29/2018 4:00:00 AM,Rockcliffe-Smythe (111),NA,NA,0,1,Shooting,NA
GO-20181605887,8/30/2018 4:00:00 AM,Yorkdale-Glen Park (31),NA,NA,0,0,Firearm Discharge,NA
GO-20181609047,8/30/2018 4:00:00 AM,Mount Olive-Silverstone-Jamestown (2),NA,NA,0,1,Shooting,NA
GO-20181618545,8/31/2018 4:00:00 AM,Kennedy Park (124),NA,NA,0,0,Firearm Discharge,NA
GO-20181609974,8/31/2018 4:00:00 AM,Clairlea-Birchmount (120),NA,NA,1,0,Shooting,NA
GO-20181615683,8/31/2018 4:00:00 AM,Caledonia-Fairbank (109),NA,NA,0,0,Firearm Discharge,NA
GO-20181627357,9/2/2018 4:00:00 AM,Rexdale-Kipling (4),NA,NA,0,0,Firearm Discharge,NA
GO-20181622924,9/2/2018 4:00:00 AM,Oakwood Village (107),NA,NA,0,1,Shooting,NA
GO-20181622696,9/2/2018 4:00:00 AM,Malvern East (146),NA,NA,1,1,Shooting,NA
GO-20181622929,9/2/2018 4:00:00 AM,West Humber-Clairville (1),NA,NA,0,0,Firearm Discharge,NA
GO-20181626502,9/2/2018 4:00:00 AM,Fort York-Liberty Village (163),NA,NA,1,0,Shooting,NA
GO-20181631597,9/3/2018 4:00:00 AM,Golfdale-Cedarbrae-Woburn (141),NA,NA,0,1,Shooting,NA
GO-20181672135,9/4/2018 4:00:00 AM,Rexdale-Kipling (4),NA,NA,0,0,Firearm Discharge,NA
GO-20181640268,9/4/2018 4:00:00 AM,Etobicoke West Mall (13),NA,NA,0,0,Firearm Discharge,NA
GO-20181640128,9/4/2018 4:00:00 AM,Dorset Park (126),NA,NA,0,1,Shooting,NA
GO-20181646204,9/5/2018 4:00:00 AM,Agincourt South-Malvern West (128),NA,NA,0,1,Shooting,NA
GO-20181665625,9/8/2018 4:00:00 AM,Weston-Pelham Park (91),NA,NA,1,0,Shooting,NA
GO-20181686037,9/11/2018 4:00:00 AM,Glenfield-Jane Heights (25),NA,NA,0,0,Firearm Discharge,NA
GO-20181690360,9/12/2018 4:00:00 AM,Islington (158),NA,NA,0,1,Shooting,NA
GO-20181689961,9/12/2018 4:00:00 AM,Kennedy Park (124),NA,NA,0,1,Shooting,NA
GO-20181707218,9/14/2018 4:00:00 AM,Westminster-Branson (35),NA,NA,0,0,Firearm Discharge,NA
GO-20181707663,9/14/2018 4:00:00 AM,O'Connor-Parkview (54),NA,NA,0,1,Shooting,NA
GO-20181706301,9/14/2018 4:00:00 AM,Eglinton East (138),NA,NA,1,0,Shooting,NA
GO-20181708614,9/15/2018 4:00:00 AM,York University Heights (27),NA,NA,0,1,Shooting,NA
GO-20181709171,9/15/2018 4:00:00 AM,Woburn North (142),NA,NA,0,0,Firearm Discharge,NA
GO-20181718914,9/16/2018 4:00:00 AM,Maple Leaf (29),NA,NA,0,0,Firearm Discharge,NA
GO-20181718922,9/16/2018 4:00:00 AM,Maple Leaf (29),NA,NA,0,0,Firearm Discharge,NA
GO-20181731495,9/16/2018 4:00:00 AM,Pelmo Park-Humberlea (23),NA,NA,0,0,Firearm Discharge,NA
GO-20181715414,9/16/2018 4:00:00 AM,Humber Summit (21),NA,NA,0,0,Firearm Discharge,NA
GO-20181720536,9/17/2018 4:00:00 AM,Oakwood Village (107),NA,NA,0,0,Firearm Discharge,NA
GO-20181733104,9/18/2018 4:00:00 AM,Agincourt South-Malvern West (128),NA,NA,1,0,Shooting,NA
GO-20181733135,9/18/2018 4:00:00 AM,Regent Park (72),NA,NA,0,0,Firearm Discharge,NA
GO-20181739123,9/19/2018 4:00:00 AM,Glenfield-Jane Heights (25),NA,NA,0,1,Shooting,NA
GO-20181733989,9/19/2018 4:00:00 AM,Keelesdale-Eglinton West (110),NA,NA,0,1,Shooting,NA
GO-20181734852,9/19/2018 4:00:00 AM,Black Creek (24),NA,NA,0,0,Firearm Discharge,NA
GO-20181760411,9/23/2018 4:00:00 AM,Bayview Woods-Steeles (49),NA,NA,0,0,Firearm Discharge,NA
GO-20181772173,9/24/2018 4:00:00 AM,Henry Farm (53),NA,NA,1,1,Shooting,NA
GO-20181771219,9/24/2018 4:00:00 AM,York University Heights (27),NA,NA,0,1,Shooting,NA
GO-20181777456,9/25/2018 4:00:00 AM,Regent Park (72),NA,NA,1,0,Shooting,NA
GO-20181774375,9/25/2018 4:00:00 AM,Elms-Old Rexdale (5),NA,NA,0,2,Shooting,NA
GO-20181810938,9/30/2018 4:00:00 AM,Don Valley Village (47),NA,NA,0,0,Firearm Discharge,NA
GO-20181810929,9/30/2018 4:00:00 AM,Glenfield-Jane Heights (25),NA,NA,0,0,Firearm Discharge,NA
GO-20181815660,10/1/2018 4:00:00 AM,York University Heights (27),NA,NA,0,0,Firearm Discharge,NA
GO-20181823974,10/2/2018 4:00:00 AM,York University Heights (27),NA,NA,1,0,Shooting,NA
GO-20181823652,10/2/2018 4:00:00 AM,Eringate-Centennial-West Deane (11),NA,NA,0,0,Firearm Discharge,NA
GO-20181827810,10/3/2018 4:00:00 AM,Tam O'Shanter-Sullivan (118),NA,NA,1,0,Shooting,NA
GO-20181824972,10/3/2018 4:00:00 AM,Woburn North (142),NA,NA,0,0,Firearm Discharge,NA
GO-20181837190,10/4/2018 4:00:00 AM,Tam O'Shanter-Sullivan (118),NA,NA,0,0,Firearm Discharge,NA
GO-20181845331,10/6/2018 4:00:00 AM,Kingsview Village-The Westway (6),NA,NA,0,0,Firearm Discharge,NA
GO-20181855713,10/7/2018 4:00:00 AM,Yonge-Bay Corridor (170),NA,NA,0,1,Shooting,NA
GO-20181851769,10/7/2018 4:00:00 AM,South Parkdale (85),NA,NA,0,0,Firearm Discharge,NA
GO-20181862215,10/9/2018 4:00:00 AM,Caledonia-Fairbank (109),NA,NA,0,1,Shooting,NA
GO-20181879521,10/11/2018 4:00:00 AM,Downsview (155),NA,NA,1,0,Shooting,NA
GO-20181876468,10/11/2018 4:00:00 AM,Moss Park (73),NA,NA,0,0,Firearm Discharge,NA
GO-20181883154,10/12/2018 4:00:00 AM,Englemount-Lawrence (32),NA,NA,0,0,Firearm Discharge,NA
GO-20181896252,10/14/2018 4:00:00 AM,Wellington Place (164),NA,NA,0,0,Firearm Discharge,NA
GO-20181925125,10/18/2018 4:00:00 AM,Oakwood Village (107),NA,NA,0,0,Firearm Discharge,NA
GO-20181926740,10/18/2018 4:00:00 AM,Wexford/Maryvale (119),NA,NA,0,0,Firearm Discharge,NA
GO-20181933342,10/19/2018 4:00:00 AM,Mount Olive-Silverstone-Jamestown (2),NA,NA,0,0,Firearm Discharge,NA
GO-20181933444,10/19/2018 4:00:00 AM,Glenfield-Jane Heights (25),NA,NA,0,0,Firearm Discharge,NA
GO-20181940274,10/20/2018 4:00:00 AM,Mount Olive-Silverstone-Jamestown (2),NA,NA,0,0,Firearm Discharge,NA
GO-20181945719,10/21/2018 4:00:00 AM,Keelesdale-Eglinton West (110),NA,NA,0,0,Firearm Discharge,NA
GO-20181941669,10/21/2018 4:00:00 AM,Agincourt South-Malvern West (128),NA,NA,0,1,Shooting,NA
GO-20181961759,10/22/2018 4:00:00 AM,Etobicoke City Centre (159),NA,NA,0,0,Firearm Discharge,NA
GO-20181952810,10/22/2018 4:00:00 AM,Glenfield-Jane Heights (25),NA,NA,0,0,Firearm Discharge,NA
GO-20181966072,10/24/2018 4:00:00 AM,High Park-Swansea (87),NA,NA,0,1,Shooting,NA
GO-20181972878,10/25/2018 4:00:00 AM,Scarborough Village (139),NA,NA,0,1,Shooting,NA
GO-20181974902,10/26/2018 4:00:00 AM,Harbourfront-CityPlace (165),NA,NA,0,0,Firearm Discharge,NA
GO-20181987493,10/28/2018 4:00:00 AM,Malvern West (145),NA,NA,0,0,Firearm Discharge,NA
GO-20181998101,10/29/2018 4:00:00 AM,Don Valley Village (47),NA,NA,0,0,Firearm Discharge,NA
GO-20182005547,10/30/2018 4:00:00 AM,Blake-Jones (69),NA,NA,0,0,Firearm Discharge,NA
GO-20182004426,10/30/2018 4:00:00 AM,Mount Olive-Silverstone-Jamestown (2),NA,NA,0,2,Shooting,NA
GO-20182012221,10/31/2018 4:00:00 AM,Malvern West (145),NA,NA,0,0,Firearm Discharge,NA
GO-20182009638,10/31/2018 4:00:00 AM,York University Heights (27),NA,NA,0,0,Firearm Discharge,NA
GO-20182018665,11/1/2018 4:00:00 AM,Moss Park (73),NA,NA,0,1,Shooting,NA
GO-20182012975,11/1/2018 4:00:00 AM,Wellington Place (164),NA,NA,0,1,Shooting,NA
GO-20182012841,11/1/2018 4:00:00 AM,Woodbine-Lumsden (60),NA,NA,0,1,Shooting,NA
GO-20182019531,11/2/2018 4:00:00 AM,Junction Area (90),NA,NA,0,1,Shooting,NA
GO-20182030519,11/3/2018 4:00:00 AM,West Humber-Clairville (1),NA,NA,0,1,Shooting,NA
GO-20182042369,11/5/2018 5:00:00 AM,Oakwood Village (107),NA,NA,0,1,Shooting,NA
GO-20182058108,11/7/2018 5:00:00 AM,Rustic (28),NA,NA,0,0,Firearm Discharge,NA
GO-20182056382,11/7/2018 5:00:00 AM,Mount Olive-Silverstone-Jamestown (2),NA,NA,0,1,Shooting,NA
GO-20182064549,11/8/2018 5:00:00 AM,Forest Hill North (102),NA,NA,0,0,Firearm Discharge,NA
GO-20182058352,11/8/2018 5:00:00 AM,Glenfield-Jane Heights (25),NA,NA,0,0,Firearm Discharge,NA
GO-20182058926,11/8/2018 5:00:00 AM,Glenfield-Jane Heights (25),NA,NA,0,0,Firearm Discharge,NA
GO-20182075607,11/9/2018 5:00:00 AM,Downsview (155),NA,NA,0,0,Firearm Discharge,NA
GO-20182128604,11/9/2018 5:00:00 AM,Humber Summit (21),NA,NA,0,0,Firearm Discharge,NA
GO-20182077053,11/10/2018 5:00:00 AM,Golfdale-Cedarbrae-Woburn (141),NA,NA,0,0,Firearm Discharge,NA
GO-20182096419,11/14/2018 5:00:00 AM,Pelmo Park-Humberlea (23),NA,NA,1,0,Shooting,NA
GO-20182108103,11/15/2018 5:00:00 AM,Englemount-Lawrence (32),NA,NA,0,0,Firearm Discharge,NA
GO-20182116655,11/17/2018 5:00:00 AM,Annex (95),NA,NA,0,1,Shooting,NA
GO-20182126466,11/18/2018 5:00:00 AM,West Humber-Clairville (1),NA,NA,0,0,Firearm Discharge,NA
GO-20182124586,11/18/2018 5:00:00 AM,West Hill (136),NA,NA,1,0,Shooting,NA
GO-20182134885,11/20/2018 5:00:00 AM,Wellington Place (164),NA,NA,0,0,Firearm Discharge,NA
GO-20182140195,11/20/2018 5:00:00 AM,Black Creek (24),NA,NA,0,1,Shooting,NA
GO-20182147973,11/21/2018 5:00:00 AM,Englemount-Lawrence (32),NA,NA,0,0,Firearm Discharge,NA
GO-20182148350,11/21/2018 5:00:00 AM,Willowridge-Martingrove-Richview (7),NA,NA,0,0,Firearm Discharge,NA
GO-20182153757,11/22/2018 5:00:00 AM,Glenfield-Jane Heights (25),NA,NA,0,0,Firearm Discharge,NA
GO-20182171470,11/25/2018 5:00:00 AM,Victoria Village (43),NA,NA,0,0,Firearm Discharge,NA
GO-20182167440,11/25/2018 5:00:00 AM,Yorkdale-Glen Park (31),NA,NA,0,1,Shooting,NA
GO-20182178151,11/26/2018 5:00:00 AM,Oakwood Village (107),NA,NA,0,1,Shooting,NA
GO-20182184355,11/27/2018 5:00:00 AM,Englemount-Lawrence (32),NA,NA,0,0,Firearm Discharge,NA
GO-20182187171,11/28/2018 5:00:00 AM,West Hill (136),NA,NA,0,0,Firearm Discharge,NA
GO-20182191563,11/28/2018 5:00:00 AM,Oakdale-Beverley Heights (154),NA,NA,0,1,Shooting,NA
GO-20182193021,11/29/2018 5:00:00 AM,Flemingdon Park (44),NA,NA,0,0,Firearm Discharge,NA
GO-20182196647,11/29/2018 5:00:00 AM,Dorset Park (126),NA,NA,0,0,Firearm Discharge,NA
GO-20182212767,12/2/2018 5:00:00 AM,Trinity-Bellwoods (81),NA,NA,0,1,Shooting,NA
GO-20182216708,12/2/2018 5:00:00 AM,Rockcliffe-Smythe (111),NA,NA,0,0,Firearm Discharge,NA
GO-20182222781,12/3/2018 5:00:00 AM,Englemount-Lawrence (32),NA,NA,0,0,Firearm Discharge,NA
GO-20182218799,12/3/2018 5:00:00 AM,Black Creek (24),NA,NA,0,0,Firearm Discharge,NA
GO-20182218561,12/3/2018 5:00:00 AM,York University Heights (27),NA,NA,0,1,Shooting,NA
GO-20182236525,12/5/2018 5:00:00 AM,Golfdale-Cedarbrae-Woburn (141),NA,NA,0,0,Firearm Discharge,NA
GO-20182237376,12/5/2018 5:00:00 AM,North St.James Town (74),NA,NA,0,0,Firearm Discharge,NA
GO-20182255831,12/8/2018 5:00:00 AM,East End-Danforth (62),NA,NA,0,1,Shooting,NA
GO-20182249906,12/8/2018 5:00:00 AM,Clairlea-Birchmount (120),NA,NA,0,0,Firearm Discharge,NA
GO-20182251222,12/8/2018 5:00:00 AM,Guildwood (140),NA,NA,0,0,Firearm Discharge,NA
GO-20182268325,12/10/2018 5:00:00 AM,South Parkdale (85),NA,NA,0,0,Firearm Discharge,NA
GO-20182269158,12/10/2018 5:00:00 AM,Highland Creek (134),NA,NA,0,1,Shooting,NA
GO-20182268543,12/11/2018 5:00:00 AM,Eglinton East (138),NA,NA,0,1,Shooting,NA
GO-20182280579,12/12/2018 5:00:00 AM,Kingsview Village-The Westway (6),NA,NA,1,0,Shooting,NA
GO-20182275596,12/12/2018 5:00:00 AM,West Hill (136),NA,NA,0,0,Firearm Discharge,NA
GO-20182289202,12/13/2018 5:00:00 AM,Thorncliffe Park (55),NA,NA,0,0,Firearm Discharge,NA
GO-20182287950,12/13/2018 5:00:00 AM,Thorncliffe Park (55),NA,NA,0,1,Shooting,NA
GO-20182295618,12/14/2018 5:00:00 AM,Woburn North (142),NA,NA,0,1,Shooting,NA
GO-20182300031,12/14/2018 5:00:00 AM,Markland Wood (12),NA,NA,0,0,Firearm Discharge,NA
GO-20182289268,12/14/2018 5:00:00 AM,Harbourfront-CityPlace (165),NA,NA,0,1,Shooting,NA
GO-20182314423,12/18/2018 5:00:00 AM,Malvern West (145),NA,NA,0,1,Shooting,NA
GO-20182318418,12/18/2018 5:00:00 AM,Black Creek (24),NA,NA,0,1,Shooting,NA
GO-20182315055,12/18/2018 5:00:00 AM,Black Creek (24),NA,NA,1,0,Shooting,NA
GO-20182319681,12/18/2018 5:00:00 AM,Brookhaven-Amesbury (30),NA,NA,0,1,Shooting,NA
GO-20182315997,12/18/2018 5:00:00 AM,Wychwood (94),NA,NA,0,1,Shooting,NA
GO-20182320758,12/19/2018 5:00:00 AM,Wellington Place (164),NA,NA,1,1,Shooting,NA
GO-20182326768,12/19/2018 5:00:00 AM,Oakridge (121),NA,NA,0,0,Firearm Discharge,NA
GO-20182324586,12/19/2018 5:00:00 AM,Glenfield-Jane Heights (25),NA,NA,0,0,Firearm Discharge,NA
GO-20182320977,12/19/2018 5:00:00 AM,Roncesvalles (86),NA,NA,0,0,Firearm Discharge,NA
GO-20182328303,12/20/2018 5:00:00 AM,Fort York-Liberty Village (163),NA,NA,0,0,Firearm Discharge,NA
GO-20182333053,12/20/2018 5:00:00 AM,Scarborough Village (139),NA,NA,0,0,Firearm Discharge,NA
GO-20182334954,12/21/2018 5:00:00 AM,Yorkdale-Glen Park (31),NA,NA,0,0,Firearm Discharge,NA
GO-20182339244,12/21/2018 5:00:00 AM,Mount Olive-Silverstone-Jamestown (2),NA,NA,1,2,Shooting,NA
GO-20182340948,12/22/2018 5:00:00 AM,Yorkdale-Glen Park (31),NA,NA,0,1,Shooting,NA
GO-20182351896,12/24/2018 5:00:00 AM,Elms-Old Rexdale (5),NA,NA,0,1,Shooting,NA
GO-20182351666,12/24/2018 5:00:00 AM,St.Andrew-Windfields (40),NA,NA,0,1,Shooting,NA
GO-20182355428,12/24/2018 5:00:00 AM,Islington (158),NA,NA,0,0,Firearm Discharge,NA
GO-20182360311,12/25/2018 5:00:00 AM,Tam O'Shanter-Sullivan (118),NA,NA,0,1,Shooting,NA
GO-20182356299,12/25/2018 5:00:00 AM,Eringate-Centennial-West Deane (11),NA,NA,0,0,Firearm Discharge,NA
GO-20182360907,12/26/2018 5:00:00 AM,Oakridge (121),NA,NA,0,0,Firearm Discharge,NA
GO-20182363223,12/26/2018 5:00:00 AM,Oakridge (121),NA,NA,0,0,Firearm Discharge,NA
GO-20182369306,12/27/2018 5:00:00 AM,Glenfield-Jane Heights (25),NA,NA,0,1,Shooting,NA
GO-20182369435,12/27/2018 5:00:00 AM,Yorkdale-Glen Park (31),NA,NA,0,0,Firearm Discharge,NA
GO-20182369864,12/27/2018 5:00:00 AM,Morningside Heights (144),NA,NA,0,0,Firearm Discharge,NA
GO-20182365732,12/27/2018 5:00:00 AM,Oakwood Village (107),NA,NA,0,0,Firearm Discharge,NA
GO-20182366356,12/27/2018 5:00:00 AM,Black Creek (24),NA,NA,0,1,Shooting,NA
GO-20182377356,12/29/2018 5:00:00 AM,West Queen West (162),NA,NA,0,1,Shooting,NA
GO-20182392013,12/31/2018 5:00:00 AM,Rustic (28),NA,NA,0,0,Firearm Discharge,NA
GO-20182390414,12/31/2018 5:00:00 AM,Glenfield-Jane Heights (25),NA,NA,0,1,Shooting,NA
GO-20191512,1/1/2019 5:00:00 AM,Oakwood Village (107),NA,NA,0,1,Shooting,NA
GO-201917049,1/3/2019 5:00:00 AM,West Rouge (143),NA,NA,0,1,Shooting,NA
GO-201917066,1/3/2019 5:00:00 AM,Wexford/Maryvale (119),NA,NA,0,0,Firearm Discharge,NA
GO-201918363,1/4/2019 5:00:00 AM,Greenwood-Coxwell (65),NA,NA,0,1,Shooting,NA
GO-201918651,1/4/2019 5:00:00 AM,Henry Farm (53),NA,NA,0,0,Firearm Discharge,NA
GO-201929353,1/5/2019 5:00:00 AM,Tam O'Shanter-Sullivan (118),NA,NA,0,0,Firearm Discharge,NA
GO-201928156,1/5/2019 5:00:00 AM,Yorkdale-Glen Park (31),NA,NA,0,1,Shooting,NA
GO-201929256,1/5/2019 5:00:00 AM,Tam O'Shanter-Sullivan (118),NA,NA,0,1,Shooting,NA
GO-201935326,1/6/2019 5:00:00 AM,Forest Hill North (102),NA,NA,0,0,Firearm Discharge,NA
GO-201932993,1/6/2019 5:00:00 AM,The Beaches (63),NA,NA,0,2,Shooting,NA
GO-201954928,1/9/2019 5:00:00 AM,Rexdale-Kipling (4),NA,NA,1,0,Shooting,NA
GO-201952004,1/9/2019 5:00:00 AM,Willowridge-Martingrove-Richview (7),NA,NA,0,0,Firearm Discharge,NA
GO-201968185,1/11/2019 5:00:00 AM,Harbourfront-CityPlace (165),NA,NA,0,1,Shooting,NA
GO-201969065,1/12/2019 5:00:00 AM,Dorset Park (126),NA,NA,1,0,Shooting,NA
GO-201969183,1/12/2019 5:00:00 AM,Victoria Village (43),NA,NA,0,1,Shooting,NA
GO-201978676,1/13/2019 5:00:00 AM,Downtown Yonge East (168),NA,NA,0,1,Shooting,NA
GO-201982629,1/13/2019 5:00:00 AM,Church-Wellesley (167),NA,NA,0,1,Shooting,NA
GO-201975738,1/13/2019 5:00:00 AM,Pelmo Park-Humberlea (23),NA,NA,0,1,Shooting,NA
GO-2019121511,1/20/2019 5:00:00 AM,Oakwood Village (107),NA,NA,0,1,Shooting,NA
GO-2019132034,1/21/2019 5:00:00 AM,Eringate-Centennial-West Deane (11),NA,NA,0,0,Firearm Discharge,NA
GO-2019151831,1/24/2019 5:00:00 AM,High Park-Swansea (87),NA,NA,0,0,Firearm Discharge,NA
GO-2019152876,1/25/2019 5:00:00 AM,Etobicoke West Mall (13),NA,NA,0,0,Firearm Discharge,NA
GO-2019160577,1/26/2019 5:00:00 AM,Rockcliffe-Smythe (111),NA,NA,0,0,Firearm Discharge,NA
GO-2019164273,1/26/2019 5:00:00 AM,Humber Summit (21),NA,NA,0,0,Firearm Discharge,NA
GO-2019224418,2/1/2019 5:00:00 AM,St.Andrew-Windfields (40),NA,NA,0,0,Firearm Discharge,NA
GO-2019237500,2/6/2019 5:00:00 AM,Banbury-Don Mills (42),NA,NA,0,0,Firearm Discharge,NA
GO-2019241696,2/7/2019 5:00:00 AM,Downsview (155),NA,NA,0,0,Firearm Discharge,NA
GO-2019244561,2/8/2019 5:00:00 AM,Regent Park (72),NA,NA,1,0,Shooting,NA
GO-2019258675,2/10/2019 5:00:00 AM,Humber Bay Shores (161),NA,NA,1,0,Shooting,NA
GO-2019262718,2/10/2019 5:00:00 AM,Kingsview Village-The Westway (6),NA,NA,0,2,Shooting,NA
GO-2019267428,2/11/2019 5:00:00 AM,Agincourt South-Malvern West (128),NA,NA,0,1,Shooting,NA
GO-2019268548,2/11/2019 5:00:00 AM,Yorkdale-Glen Park (31),NA,NA,0,0,Firearm Discharge,NA
GO-2019272774,2/12/2019 5:00:00 AM,West Hill (136),NA,NA,1,0,Shooting,NA
GO-2019273878,2/12/2019 5:00:00 AM,Yorkdale-Glen Park (31),NA,NA,0,1,Shooting,NA
GO-2019275306,2/13/2019 5:00:00 AM,Moss Park (73),NA,NA,0,1,Shooting,NA
GO-2019281405,2/13/2019 5:00:00 AM,Rexdale-Kipling (4),NA,NA,1,0,Shooting,NA
GO-2019282221,2/14/2019 5:00:00 AM,Scarborough Village (139),NA,NA,0,0,Firearm Discharge,NA
GO-2019301955,2/17/2019 5:00:00 AM,Playter Estates-Danforth (67),NA,NA,0,1,Shooting,NA
GO-2019312455,2/18/2019 5:00:00 AM,Islington (158),NA,NA,0,0,Firearm Discharge,NA
GO-2019314301,2/19/2019 5:00:00 AM,Yorkdale-Glen Park (31),NA,NA,0,2,Shooting,NA
GO-2019349242,2/24/2019 5:00:00 AM,Mount Olive-Silverstone-Jamestown (2),NA,NA,1,1,Shooting,NA
GO-2019352275,2/25/2019 5:00:00 AM,Glenfield-Jane Heights (25),NA,NA,0,0,Firearm Discharge,NA
GO-2019354402,2/25/2019 5:00:00 AM,Thistletown-Beaumond Heights (3),NA,NA,0,0,Firearm Discharge,NA
GO-2019364636,2/26/2019 5:00:00 AM,Rustic (28),NA,NA,0,1,Shooting,NA
GO-2019385152,3/1/2019 5:00:00 AM,Clanton Park (33),NA,NA,0,1,Shooting,NA
GO-2019394132,3/3/2019 5:00:00 AM,Oakridge (121),NA,NA,0,0,Firearm Discharge,NA
GO-2019412279,3/6/2019 5:00:00 AM,Corso Italia-Davenport (92),NA,NA,0,0,Firearm Discharge,NA
GO-2019418108,3/6/2019 5:00:00 AM,Alderwood (20),NA,NA,0,0,Firearm Discharge,NA
GO-2019424256,3/8/2019 5:00:00 AM,Yonge-Eglinton (100),NA,NA,1,0,Shooting,NA
GO-2019431405,3/9/2019 5:00:00 AM,Weston (113),NA,NA,0,0,Firearm Discharge,NA
GO-2019439605,3/10/2019 5:00:00 AM,Glenfield-Jane Heights (25),NA,NA,0,0,Firearm Discharge,NA
GO-2019449223,3/11/2019 4:00:00 AM,Clairlea-Birchmount (120),NA,NA,0,0,Firearm Discharge,NA
GO-2019448210,3/11/2019 4:00:00 AM,York University Heights (27),NA,NA,0,0,Firearm Discharge,NA
GO-2019449448,3/11/2019 4:00:00 AM,Downsview (155),NA,NA,1,0,Shooting,NA
GO-2019462386,3/13/2019 4:00:00 AM,Flemingdon Park (44),NA,NA,0,0,Firearm Discharge,NA
GO-2019456392,3/13/2019 4:00:00 AM,Lambton Baby Point (114),NA,NA,0,1,Shooting,NA
GO-2019470252,3/14/2019 4:00:00 AM,Humber Summit (21),NA,NA,0,0,Firearm Discharge,NA
GO-2019473958,3/15/2019 4:00:00 AM,Clanton Park (33),NA,NA,0,0,Firearm Discharge,NA
GO-2019481657,3/16/2019 4:00:00 AM,Malvern East (146),NA,NA,0,1,Shooting,NA
GO-2019483415,3/17/2019 4:00:00 AM,Brookhaven-Amesbury (30),NA,NA,0,3,Shooting,NA
GO-2019499872,3/19/2019 4:00:00 AM,Yorkdale-Glen Park (31),NA,NA,0,1,Shooting,NA
GO-2019499452,3/19/2019 4:00:00 AM,Eringate-Centennial-West Deane (11),NA,NA,0,0,Firearm Discharge,NA
GO-2019499554,3/19/2019 4:00:00 AM,Junction-Wallace Emerson (171),NA,NA,1,0,Shooting,NA
GO-2019508688,3/20/2019 4:00:00 AM,Malvern West (145),NA,NA,0,1,Shooting,NA
GO-2019502636,3/20/2019 4:00:00 AM,Oakwood Village (107),NA,NA,0,0,Firearm Discharge,NA
GO-2019523007,3/22/2019 4:00:00 AM,Morningside (135),NA,NA,0,0,Firearm Discharge,NA
GO-2019529367,3/23/2019 4:00:00 AM,Englemount-Lawrence (32),NA,NA,0,1,Shooting,NA
GO-2019533919,3/24/2019 4:00:00 AM,South Parkdale (85),NA,NA,0,1,Shooting,NA
GO-2019535361,3/24/2019 4:00:00 AM,Oakdale-Beverley Heights (154),NA,NA,0,0,Firearm Discharge,NA
GO-2019536018,3/25/2019 4:00:00 AM,Fenside-Parkwoods (150),NA,NA,0,0,Firearm Discharge,NA
GO-2019542369,3/26/2019 4:00:00 AM,Moss Park (73),NA,NA,0,1,Shooting,NA
GO-2019555646,3/27/2019 4:00:00 AM,West Hill (136),NA,NA,0,0,Firearm Discharge,NA
GO-2019555347,3/27/2019 4:00:00 AM,Black Creek (24),NA,NA,0,0,Firearm Discharge,NA
GO-2019562263,3/28/2019 4:00:00 AM,Scarborough Village (139),NA,NA,0,1,Shooting,NA
GO-2019561471,3/28/2019 4:00:00 AM,Black Creek (24),NA,NA,0,0,Firearm Discharge,NA
GO-2019572242,3/29/2019 4:00:00 AM,Dorset Park (126),NA,NA,0,0,Firearm Discharge,NA
GO-2019576064,3/30/2019 4:00:00 AM,Willowridge-Martingrove-Richview (7),NA,NA,0,0,Firearm Discharge,NA
GO-2019575536,3/30/2019 4:00:00 AM,Golfdale-Cedarbrae-Woburn (141),NA,NA,0,0,Firearm Discharge,NA
GO-2019582533,4/1/2019 4:00:00 AM,Golfdale-Cedarbrae-Woburn (141),NA,NA,0,1,Shooting,NA
GO-2019588368,4/1/2019 4:00:00 AM,West Humber-Clairville (1),NA,NA,0,0,Firearm Discharge,NA
GO-2019585528,4/1/2019 4:00:00 AM,Yorkdale-Glen Park (31),NA,NA,0,1,Shooting,NA
GO-2019592222,4/2/2019 4:00:00 AM,Morningside Heights (144),NA,NA,0,0,Firearm Discharge,NA
GO-2019593724,4/2/2019 4:00:00 AM,West Hill (136),NA,NA,0,0,Firearm Discharge,NA
GO-2019601468,4/3/2019 4:00:00 AM,Beechborough-Greenbrook (112),NA,NA,0,2,Shooting,NA
GO-2019598824,4/3/2019 4:00:00 AM,Woodbine Corridor (64),NA,NA,0,0,Firearm Discharge,NA
GO-2019608989,4/4/2019 4:00:00 AM,Agincourt North (129),NA,NA,0,1,Shooting,NA
GO-2019602727,4/4/2019 4:00:00 AM,Yorkdale-Glen Park (31),NA,NA,0,1,Shooting,NA
GO-2019602936,4/4/2019 4:00:00 AM,East Willowdale (152),NA,NA,0,0,Firearm Discharge,NA
GO-2019606490,4/4/2019 4:00:00 AM,Glenfield-Jane Heights (25),NA,NA,0,1,Shooting,NA
GO-2019620329,4/6/2019 4:00:00 AM,Annex (95),NA,NA,0,0,Firearm Discharge,NA
GO-2019619608,4/6/2019 4:00:00 AM,O'Connor-Parkview (54),NA,NA,0,0,Firearm Discharge,NA
GO-2019641812,4/9/2019 4:00:00 AM,Weston-Pelham Park (91),NA,NA,0,1,Shooting,NA
GO-2019658967,4/9/2019 4:00:00 AM,Glenfield-Jane Heights (25),NA,NA,0,0,Firearm Discharge,NA
GO-2019638800,4/9/2019 4:00:00 AM,Weston (113),NA,NA,0,0,Firearm Discharge,NA
GO-2019664787,4/13/2019 4:00:00 AM,Wellington Place (164),NA,NA,0,1,Shooting,NA
GO-2019669496,4/13/2019 4:00:00 AM,Edenbridge-Humber Valley (9),NA,NA,0,1,Shooting,NA
GO-2019664989,4/13/2019 4:00:00 AM,Flemingdon Park (44),NA,NA,0,0,Firearm Discharge,NA
GO-2019671145,4/14/2019 4:00:00 AM,Thorncliffe Park (55),NA,NA,0,0,Firearm Discharge,NA
GO-2019677149,4/15/2019 4:00:00 AM,Glenfield-Jane Heights (25),NA,NA,0,0,Firearm Discharge,NA
GO-2019696176,4/17/2019 4:00:00 AM,Glenfield-Jane Heights (25),NA,NA,0,1,Shooting,NA
GO-2019690444,4/17/2019 4:00:00 AM,West Hill (136),NA,NA,0,0,Firearm Discharge,NA
GO-2019703920,4/18/2019 4:00:00 AM,Rustic (28),NA,NA,0,1,Shooting,NA
GO-2019697300,4/18/2019 4:00:00 AM,Glenfield-Jane Heights (25),NA,NA,0,1,Shooting,NA
GO-2019705361,4/19/2019 4:00:00 AM,Yorkdale-Glen Park (31),NA,NA,0,0,Firearm Discharge,NA
GO-2019709122,4/19/2019 4:00:00 AM,West Humber-Clairville (1),NA,NA,0,1,Shooting,NA
GO-2019719537,4/21/2019 4:00:00 AM,Black Creek (24),NA,NA,0,0,Firearm Discharge,NA
GO-2019716384,4/21/2019 4:00:00 AM,Oakwood Village (107),NA,NA,1,0,Shooting,NA
GO-2019733877,4/23/2019 4:00:00 AM,L'Amoreaux West (147),NA,NA,0,0,Firearm Discharge,NA
GO-2019738266,4/24/2019 4:00:00 AM,Rustic (28),NA,NA,0,0,Firearm Discharge,NA
GO-2019755108,4/26/2019 4:00:00 AM,Roncesvalles (86),NA,NA,0,0,Firearm Discharge,NA
GO-2019755073,4/27/2019 4:00:00 AM,Edenbridge-Humber Valley (9),NA,NA,0,1,Shooting,NA
GO-2019766730,4/28/2019 4:00:00 AM,Mount Olive-Silverstone-Jamestown (2),NA,NA,0,0,Firearm Discharge,NA
GO-2019767371,4/28/2019 4:00:00 AM,Morningside (135),NA,NA,1,0,Shooting,NA
GO-2019766390,4/28/2019 4:00:00 AM,Taylor-Massey (61),NA,NA,0,1,Shooting,NA
GO-2019785029,5/1/2019 4:00:00 AM,West Humber-Clairville (1),NA,NA,1,0,Shooting,NA
GO-2019798063,5/3/2019 4:00:00 AM,Humber Summit (21),NA,NA,1,0,Shooting,NA
GO-2019802849,5/3/2019 4:00:00 AM,Humber Heights-Westmount (8),NA,NA,0,1,Shooting,NA
GO-2019809572,5/4/2019 4:00:00 AM,Downtown Yonge East (168),NA,NA,0,1,Shooting,NA
GO-2019810684,5/5/2019 4:00:00 AM,West Hill (136),NA,NA,0,1,Shooting,NA
GO-2019950290,5/5/2019 4:00:00 AM,Mount Olive-Silverstone-Jamestown (2),NA,NA,0,0,Firearm Discharge,NA
GO-2019823843,5/6/2019 4:00:00 AM,Elms-Old Rexdale (5),NA,NA,0,2,Shooting,NA
GO-2019916269,5/6/2019 4:00:00 AM,Oakdale-Beverley Heights (154),NA,NA,0,0,Firearm Discharge,NA
GO-2019818061,5/6/2019 4:00:00 AM,West Hill (136),NA,NA,0,0,Firearm Discharge,NA
GO-2019832649,5/8/2019 4:00:00 AM,Rockcliffe-Smythe (111),NA,NA,0,0,Firearm Discharge,NA
GO-2019867501,5/10/2019 4:00:00 AM,Scarborough Village (139),NA,NA,0,0,Firearm Discharge,NA
GO-2019853461,5/10/2019 4:00:00 AM,Cabbagetown-South St.James Town (71),NA,NA,0,1,Shooting,NA
GO-2019854331,5/11/2019 4:00:00 AM,Clairlea-Birchmount (120),NA,NA,0,0,Firearm Discharge,NA
GO-2019854459,5/11/2019 4:00:00 AM,Victoria Village (43),NA,NA,0,0,Firearm Discharge,NA
GO-2019854323,5/11/2019 4:00:00 AM,Downtown Yonge East (168),NA,NA,0,1,Shooting,NA
GO-2019863595,5/12/2019 4:00:00 AM,Kingsview Village-The Westway (6),NA,NA,0,1,Shooting,NA
GO-2019932213,5/15/2019 4:00:00 AM,Mount Olive-Silverstone-Jamestown (2),NA,NA,0,0,Firearm Discharge,NA
GO-2019911758,5/19/2019 4:00:00 AM,Lansing-Westgate (38),NA,NA,0,0,Firearm Discharge,NA
GO-2019915882,5/19/2019 4:00:00 AM,Brookhaven-Amesbury (30),NA,NA,0,1,Shooting,NA
GO-2019935476,5/19/2019 4:00:00 AM,West Hill (136),NA,NA,0,0,Firearm Discharge,NA
GO-2019916742,5/20/2019 4:00:00 AM,West Humber-Clairville (1),NA,NA,0,1,Shooting,NA
GO-2019929534,5/21/2019 4:00:00 AM,Markland Wood (12),NA,NA,0,0,Firearm Discharge,NA
GO-2019926617,5/21/2019 4:00:00 AM,Agincourt South-Malvern West (128),NA,NA,0,1,Shooting,NA
GO-2019931605,5/21/2019 4:00:00 AM,Islington (158),NA,NA,0,0,Firearm Discharge,NA
GO-2019931486,5/22/2019 4:00:00 AM,Rockcliffe-Smythe (111),NA,NA,0,0,Firearm Discharge,NA
GO-2019943830,5/23/2019 4:00:00 AM,Mount Dennis (115),NA,NA,0,2,Shooting,NA
GO-2019944641,5/24/2019 4:00:00 AM,West Humber-Clairville (1),NA,NA,0,1,Shooting,NA
GO-2019965284,5/26/2019 4:00:00 AM,Woburn North (142),NA,NA,0,0,Firearm Discharge,NA
GO-2019965763,5/27/2019 4:00:00 AM,Woburn North (142),NA,NA,0,0,Firearm Discharge,NA
GO-2019966925,5/27/2019 4:00:00 AM,Weston (113),NA,NA,0,0,Firearm Discharge,NA
GO-2019973490,5/28/2019 4:00:00 AM,Downsview (155),NA,NA,0,1,Shooting,NA
GO-2019973434,5/28/2019 4:00:00 AM,York University Heights (27),NA,NA,0,0,Firearm Discharge,NA
GO-2019986263,5/29/2019 4:00:00 AM,Roncesvalles (86),NA,NA,0,1,Shooting,NA
GO-2019996260,5/31/2019 4:00:00 AM,Edenbridge-Humber Valley (9),NA,NA,0,1,Shooting,NA
GO-20191007031,6/1/2019 4:00:00 AM,Henry Farm (53),NA,NA,0,0,Firearm Discharge,NA
GO-20191003706,6/1/2019 4:00:00 AM,O'Connor-Parkview (54),NA,NA,0,0,Firearm Discharge,NA
GO-20191009672,6/2/2019 4:00:00 AM,Elms-Old Rexdale (5),NA,NA,0,1,Shooting,NA
GO-20191030920,6/4/2019 4:00:00 AM,Golfdale-Cedarbrae-Woburn (141),NA,NA,0,0,Firearm Discharge,NA
GO-20191031511,6/5/2019 4:00:00 AM,Kensington-Chinatown (78),NA,NA,0,1,Shooting,NA
GO-20191053925,6/8/2019 4:00:00 AM,Islington (158),NA,NA,0,2,Shooting,NA
GO-20191060237,6/9/2019 4:00:00 AM,Lambton Baby Point (114),NA,NA,0,0,Firearm Discharge,NA
GO-20191071851,6/10/2019 4:00:00 AM,Brookhaven-Amesbury (30),NA,NA,0,0,Firearm Discharge,NA
GO-20191080241,6/11/2019 4:00:00 AM,Downsview (155),NA,NA,0,0,Firearm Discharge,NA
GO-20191087667,6/12/2019 4:00:00 AM,Glenfield-Jane Heights (25),NA,NA,0,1,Shooting,NA
GO-20191096087,6/14/2019 4:00:00 AM,Downtown Yonge East (168),NA,NA,0,1,Shooting,NA
GO-20191096865,6/14/2019 4:00:00 AM,Rockcliffe-Smythe (111),NA,NA,0,0,Firearm Discharge,NA
GO-20191095814,6/14/2019 4:00:00 AM,Rexdale-Kipling (4),NA,NA,0,0,Firearm Discharge,NA
GO-20191120169,6/14/2019 4:00:00 AM,Harbourfront-CityPlace (165),NA,NA,0,0,Firearm Discharge,NA
GO-20191096593,6/14/2019 4:00:00 AM,North St.James Town (74),NA,NA,0,0,Firearm Discharge,NA
GO-20191096394,6/14/2019 4:00:00 AM,Blake-Jones (69),NA,NA,0,0,Firearm Discharge,NA
GO-20191113111,6/16/2019 4:00:00 AM,Glenfield-Jane Heights (25),NA,NA,0,0,Firearm Discharge,NA
GO-20191114188,6/16/2019 4:00:00 AM,Humber Bay Shores (161),NA,NA,0,1,Shooting,NA
GO-20191123537,6/17/2019 4:00:00 AM,Willowridge-Martingrove-Richview (7),NA,NA,0,3,Shooting,NA
GO-20191120678,6/17/2019 4:00:00 AM,Yonge-Bay Corridor (170),NA,NA,0,5,Shooting,NA
GO-20191131967,6/18/2019 4:00:00 AM,Elms-Old Rexdale (5),NA,NA,0,0,Firearm Discharge,NA
GO-20191151770,6/21/2019 4:00:00 AM,Malvern East (146),NA,NA,0,1,Shooting,NA
GO-20191167138,6/23/2019 4:00:00 AM,Weston (113),NA,NA,0,0,Firearm Discharge,NA
GO-20191162463,6/23/2019 4:00:00 AM,Yonge-Bay Corridor (170),NA,NA,0,0,Firearm Discharge,NA
GO-20191190241,6/26/2019 4:00:00 AM,Kensington-Chinatown (78),NA,NA,0,0,Firearm Discharge,NA
GO-20191189922,6/26/2019 4:00:00 AM,Rustic (28),NA,NA,0,0,Firearm Discharge,NA
GO-20191196742,6/27/2019 4:00:00 AM,Newtonbrook West (36),NA,NA,0,0,Firearm Discharge,NA
GO-20191198026,6/27/2019 4:00:00 AM,West Hill (136),NA,NA,1,0,Shooting,NA
GO-20191205238,6/28/2019 4:00:00 AM,Golfdale-Cedarbrae-Woburn (141),NA,NA,0,0,Firearm Discharge,NA
GO-20191198996,6/28/2019 4:00:00 AM,Yonge-Bay Corridor (170),NA,NA,0,0,Firearm Discharge,NA
GO-20191206091,6/29/2019 4:00:00 AM,Mount Dennis (115),NA,NA,2,1,Shooting,NA
GO-20191213308,6/30/2019 4:00:00 AM,Wellington Place (164),NA,NA,1,0,Shooting,NA
GO-20191219915,7/1/2019 4:00:00 AM,Wellington Place (164),NA,NA,0,0,Firearm Discharge,NA
GO-20191224641,7/1/2019 4:00:00 AM,Rustic (28),NA,NA,0,1,Shooting,NA
GO-20191223050,7/1/2019 4:00:00 AM,Don Valley Village (47),NA,NA,0,1,Shooting,NA
GO-20191225932,7/2/2019 4:00:00 AM,Maple Leaf (29),NA,NA,0,0,Firearm Discharge,NA
GO-20191239724,7/3/2019 4:00:00 AM,Scarborough Village (139),NA,NA,0,1,Shooting,NA
GO-20191237035,7/3/2019 4:00:00 AM,Rustic (28),NA,NA,0,0,Firearm Discharge,NA
GO-20191262049,7/6/2019 4:00:00 AM,St.Andrew-Windfields (40),NA,NA,0,1,Shooting,NA
GO-20191257717,7/6/2019 4:00:00 AM,Flemingdon Park (44),NA,NA,0,0,Firearm Discharge,NA
GO-20191256476,7/6/2019 4:00:00 AM,East End-Danforth (62),NA,NA,0,0,Firearm Discharge,NA
GO-20191260575,7/6/2019 4:00:00 AM,Victoria Village (43),NA,NA,0,0,Firearm Discharge,NA
GO-20191269922,7/8/2019 4:00:00 AM,Roncesvalles (86),NA,NA,0,3,Shooting,NA
GO-20191277339,7/9/2019 4:00:00 AM,Oakwood Village (107),NA,NA,0,0,Firearm Discharge,NA
GO-20191290882,7/10/2019 4:00:00 AM,Weston (113),NA,NA,0,0,Firearm Discharge,NA
GO-20191284178,7/10/2019 4:00:00 AM,Greenwood-Coxwell (65),NA,NA,0,0,Firearm Discharge,NA
GO-20191292718,7/11/2019 4:00:00 AM,North Riverdale (68),NA,NA,0,0,Firearm Discharge,NA
GO-20191406355,7/12/2019 4:00:00 AM,Englemount-Lawrence (32),NA,NA,0,0,Firearm Discharge,NA
GO-20191300251,7/12/2019 4:00:00 AM,L'Amoreaux West (147),NA,NA,0,0,Firearm Discharge,NA
GO-20191307337,7/12/2019 4:00:00 AM,Elms-Old Rexdale (5),NA,NA,0,1,Shooting,NA
GO-20191310928,7/13/2019 4:00:00 AM,Humber Heights-Westmount (8),NA,NA,0,0,Firearm Discharge,NA
GO-20191309066,7/13/2019 4:00:00 AM,Malvern West (145),NA,NA,0,1,Shooting,NA
GO-20191307972,7/13/2019 4:00:00 AM,Don Valley Village (47),NA,NA,0,0,Firearm Discharge,NA
GO-20191320956,7/14/2019 4:00:00 AM,Beechborough-Greenbrook (112),NA,NA,0,1,Shooting,NA
GO-20191320428,7/14/2019 4:00:00 AM,Bendale-Glen Andrew (156),NA,NA,0,1,Shooting,NA
GO-20191318195,7/14/2019 4:00:00 AM,West Humber-Clairville (1),NA,NA,0,0,Firearm Discharge,NA
GO-20191321859,7/15/2019 4:00:00 AM,Humber Summit (21),NA,NA,0,0,Firearm Discharge,NA
GO-20191321829,7/15/2019 4:00:00 AM,Kensington-Chinatown (78),NA,NA,0,2,Shooting,NA
GO-20191326279,7/15/2019 4:00:00 AM,Yorkdale-Glen Park (31),NA,NA,0,0,Firearm Discharge,NA
GO-20191335586,7/16/2019 4:00:00 AM,Humber Heights-Westmount (8),NA,NA,0,0,Firearm Discharge,NA
GO-20191336209,7/16/2019 4:00:00 AM,Oakwood Village (107),NA,NA,0,0,Firearm Discharge,NA
GO-20191337088,7/17/2019 4:00:00 AM,Bayview Woods-Steeles (49),NA,NA,0,0,Firearm Discharge,NA
GO-20191343391,7/17/2019 4:00:00 AM,Cabbagetown-South St.James Town (71),NA,NA,0,0,Firearm Discharge,NA
GO-20191344220,7/18/2019 4:00:00 AM,Thorncliffe Park (55),NA,NA,0,0,Firearm Discharge,NA
GO-20191351904,7/19/2019 4:00:00 AM,Weston (113),NA,NA,0,0,Firearm Discharge,NA
GO-20191354370,7/19/2019 4:00:00 AM,Malvern West (145),NA,NA,0,1,Shooting,NA
GO-20191359976,7/20/2019 4:00:00 AM,South Riverdale (70),NA,NA,0,1,Shooting,NA
GO-20191359890,7/20/2019 4:00:00 AM,Thorncliffe Park (55),NA,NA,0,0,Firearm Discharge,NA
GO-20191372216,7/21/2019 4:00:00 AM,North St.James Town (74),NA,NA,0,0,Firearm Discharge,NA
GO-20191371204,7/21/2019 4:00:00 AM,Dorset Park (126),NA,NA,0,0,Firearm Discharge,NA
GO-20191374460,7/22/2019 4:00:00 AM,Oakwood Village (107),NA,NA,0,1,Shooting,NA
GO-20191374656,7/22/2019 4:00:00 AM,Willowridge-Martingrove-Richview (7),NA,NA,0,0,Firearm Discharge,NA
GO-20191387007,7/23/2019 4:00:00 AM,O'Connor-Parkview (54),NA,NA,0,0,Firearm Discharge,NA
GO-20191386367,7/23/2019 4:00:00 AM,Briar Hill-Belgravia (108),NA,NA,0,2,Shooting,NA
GO-20191387477,7/23/2019 4:00:00 AM,Wychwood (94),NA,NA,0,0,Firearm Discharge,NA
GO-20191401321,7/25/2019 4:00:00 AM,Glenfield-Jane Heights (25),NA,NA,0,0,Firearm Discharge,NA
GO-20191428747,7/25/2019 4:00:00 AM,Bedford Park-Nortown (39),NA,NA,0,0,Firearm Discharge,NA
GO-20191403321,7/26/2019 4:00:00 AM,Eglinton East (138),NA,NA,0,1,Shooting,NA
GO-20191408369,7/26/2019 4:00:00 AM,Englemount-Lawrence (32),NA,NA,0,0,Firearm Discharge,NA
GO-20191408371,7/26/2019 4:00:00 AM,Brookhaven-Amesbury (30),NA,NA,0,0,Firearm Discharge,NA
GO-20191408836,7/26/2019 4:00:00 AM,Weston (113),NA,NA,0,0,Firearm Discharge,NA
GO-20191410266,7/27/2019 4:00:00 AM,Englemount-Lawrence (32),NA,NA,0,0,Firearm Discharge,NA
GO-20191410267,7/27/2019 4:00:00 AM,Englemount-Lawrence (32),NA,NA,0,0,Firearm Discharge,NA
GO-20191418450,7/28/2019 4:00:00 AM,Mount Olive-Silverstone-Jamestown (2),NA,NA,0,0,Firearm Discharge,NA
GO-20191430858,7/29/2019 4:00:00 AM,Yorkdale-Glen Park (31),NA,NA,0,0,Firearm Discharge,NA
GO-20191437824,7/30/2019 4:00:00 AM,L'Amoreaux West (147),NA,NA,0,0,Firearm Discharge,NA
GO-20191430968,7/30/2019 4:00:00 AM,Glenfield-Jane Heights (25),NA,NA,0,0,Firearm Discharge,NA
GO-20191431230,7/30/2019 4:00:00 AM,Englemount-Lawrence (32),NA,NA,0,0,Firearm Discharge,NA
GO-20191445276,8/1/2019 4:00:00 AM,Wellington Place (164),NA,NA,0,0,Firearm Discharge,NA
GO-20191445359,8/1/2019 4:00:00 AM,Rustic (28),NA,NA,1,0,Shooting,NA
GO-20191482418,8/2/2019 4:00:00 AM,Elms-Old Rexdale (5),NA,NA,0,0,Firearm Discharge,NA
GO-20191453204,8/2/2019 4:00:00 AM,Glenfield-Jane Heights (25),NA,NA,0,1,Shooting,NA
GO-20191453339,8/2/2019 4:00:00 AM,Oakwood Village (107),NA,NA,0,0,Firearm Discharge,NA
GO-20191464010,8/3/2019 4:00:00 AM,Yorkdale-Glen Park (31),NA,NA,0,2,Shooting,NA
GO-20191468738,8/4/2019 4:00:00 AM,Humber Summit (21),NA,NA,0,0,Firearm Discharge,NA
GO-20191468236,8/4/2019 4:00:00 AM,South Parkdale (85),NA,NA,0,0,Firearm Discharge,NA
GO-20191468635,8/4/2019 4:00:00 AM,Bridle Path-Sunnybrook-York Mills (41),NA,NA,0,1,Shooting,NA
GO-20191471317,8/4/2019 4:00:00 AM,Fort York-Liberty Village (163),NA,NA,0,1,Shooting,NA
GO-20191480097,8/5/2019 4:00:00 AM,Golfdale-Cedarbrae-Woburn (141),NA,NA,0,1,Shooting,NA
GO-20191474757,8/5/2019 4:00:00 AM,Annex (95),NA,NA,0,0,Firearm Discharge,NA
GO-20191474744,8/5/2019 4:00:00 AM,Downtown Yonge East (168),NA,NA,0,2,Shooting,NA
GO-20191474276,8/5/2019 4:00:00 AM,York University Heights (27),NA,NA,0,4,Shooting,NA
GO-20191475119,8/5/2019 4:00:00 AM,Weston (113),NA,NA,0,2,Shooting,NA
GO-20191478014,8/5/2019 4:00:00 AM,Yorkdale-Glen Park (31),NA,NA,0,2,Shooting,NA
GO-20191474617,8/5/2019 4:00:00 AM,Oakwood Village (107),NA,NA,0,0,Firearm Discharge,NA
GO-20191479734,8/5/2019 4:00:00 AM,Humber Heights-Westmount (8),NA,NA,0,1,Shooting,NA
GO-20191474766,8/5/2019 4:00:00 AM,Humber Summit (21),NA,NA,0,0,Firearm Discharge,NA
GO-20191494724,8/7/2019 4:00:00 AM,Englemount-Lawrence (32),NA,NA,0,0,Firearm Discharge,NA
GO-20191495299,8/7/2019 4:00:00 AM,Mimico-Queensway (160),NA,NA,0,1,Shooting,NA
GO-20191492247,8/7/2019 4:00:00 AM,Flemingdon Park (44),NA,NA,0,2,Shooting,NA
GO-20191502183,8/8/2019 4:00:00 AM,Mount Olive-Silverstone-Jamestown (2),NA,NA,0,0,Firearm Discharge,NA
GO-20191495398,8/8/2019 4:00:00 AM,Golfdale-Cedarbrae-Woburn (141),NA,NA,0,1,Shooting,NA
GO-20191506357,8/9/2019 4:00:00 AM,Victoria Village (43),NA,NA,1,1,Shooting,NA
GO-20191502929,8/9/2019 4:00:00 AM,West Hill (136),NA,NA,0,1,Shooting,NA
GO-20191510516,8/10/2019 4:00:00 AM,West Humber-Clairville (1),NA,NA,0,1,Shooting,NA
GO-20191513628,8/10/2019 4:00:00 AM,Black Creek (24),NA,NA,0,0,Firearm Discharge,NA
GO-20191510854,8/10/2019 4:00:00 AM,Oakdale-Beverley Heights (154),NA,NA,0,1,Shooting,NA
GO-20191516657,8/10/2019 4:00:00 AM,Scarborough Village (139),NA,NA,0,0,Firearm Discharge,NA
GO-20191520545,8/11/2019 4:00:00 AM,Lansing-Westgate (38),NA,NA,0,1,Shooting,NA
GO-20191518041,8/11/2019 4:00:00 AM,Danforth (66),NA,NA,0,1,Shooting,NA
GO-20191528652,8/12/2019 4:00:00 AM,Malvern West (145),NA,NA,0,0,Firearm Discharge,NA
GO-20191530971,8/12/2019 4:00:00 AM,Regent Park (72),NA,NA,0,0,Firearm Discharge,NA
GO-20191538552,8/13/2019 4:00:00 AM,Glenfield-Jane Heights (25),NA,NA,0,0,Firearm Discharge,NA
GO-20191550899,8/15/2019 4:00:00 AM,Malvern East (146),NA,NA,0,1,Shooting,NA
GO-20191558069,8/16/2019 4:00:00 AM,Roncesvalles (86),NA,NA,1,0,Shooting,NA
GO-20191566708,8/17/2019 4:00:00 AM,Flemingdon Park (44),NA,NA,0,1,Shooting,NA
GO-20191570981,8/18/2019 4:00:00 AM,Kingsview Village-The Westway (6),NA,NA,0,1,Shooting,NA
GO-20191570352,8/18/2019 4:00:00 AM,Bendale-Glen Andrew (156),NA,NA,0,0,Firearm Discharge,NA
GO-20191581519,8/19/2019 4:00:00 AM,Mount Olive-Silverstone-Jamestown (2),NA,NA,0,2,Shooting,NA
GO-20191584168,8/19/2019 4:00:00 AM,Dorset Park (126),NA,NA,0,0,Firearm Discharge,NA
GO-20191581139,8/19/2019 4:00:00 AM,Oakwood Village (107),NA,NA,0,0,Firearm Discharge,NA
GO-20191577803,8/19/2019 4:00:00 AM,Dorset Park (126),NA,NA,0,0,Firearm Discharge,NA
GO-20191581564,8/19/2019 4:00:00 AM,Pelmo Park-Humberlea (23),NA,NA,1,0,Shooting,NA
GO-20191589083,8/20/2019 4:00:00 AM,Bayview Village (52),NA,NA,0,0,Firearm Discharge,NA
GO-20191588660,8/20/2019 4:00:00 AM,East L'Amoreaux (148),NA,NA,0,0,Firearm Discharge,NA
GO-20191595863,8/21/2019 4:00:00 AM,Mount Dennis (115),NA,NA,1,0,Shooting,NA
GO-20191627779,8/23/2019 4:00:00 AM,Briar Hill-Belgravia (108),NA,NA,0,0,Firearm Discharge,NA
GO-20191616876,8/23/2019 4:00:00 AM,Birchcliffe-Cliffside (122),NA,NA,0,0,Firearm Discharge,NA
GO-20191611450,8/24/2019 4:00:00 AM,Yorkdale-Glen Park (31),NA,NA,0,4,Shooting,NA
GO-20191619393,8/25/2019 4:00:00 AM,Humber Summit (21),NA,NA,1,0,Shooting,NA
GO-20191621574,8/25/2019 4:00:00 AM,Bayview Woods-Steeles (49),NA,NA,0,2,Shooting,NA
GO-20191715957,8/25/2019 4:00:00 AM,Victoria Village (43),NA,NA,0,0,Firearm Discharge,NA
GO-20191665362,8/31/2019 4:00:00 AM,Humbermede (22),NA,NA,0,0,Firearm Discharge,NA
GO-20191672286,9/1/2019 4:00:00 AM,Woodbine Corridor (64),NA,NA,0,0,Firearm Discharge,NA
GO-20191674620,9/1/2019 4:00:00 AM,L'Amoreaux West (147),NA,NA,0,0,Firearm Discharge,NA
GO-20191669532,9/1/2019 4:00:00 AM,North Toronto (173),NA,NA,0,0,Firearm Discharge,NA
GO-20191675030,9/1/2019 4:00:00 AM,Malvern West (145),NA,NA,0,0,Firearm Discharge,NA
GO-20191676041,9/2/2019 4:00:00 AM,Glenfield-Jane Heights (25),NA,NA,0,0,Firearm Discharge,NA
GO-20191723232,9/2/2019 4:00:00 AM,Kennedy Park (124),NA,NA,0,0,Firearm Discharge,NA
GO-20191695906,9/4/2019 4:00:00 AM,Rockcliffe-Smythe (111),NA,NA,0,1,Shooting,NA
GO-20191906053,9/6/2019 4:00:00 AM,West Humber-Clairville (1),NA,NA,0,0,Firearm Discharge,NA
GO-20191719001,9/7/2019 4:00:00 AM,Weston-Pelham Park (91),NA,NA,0,1,Shooting,NA
GO-20191713176,9/7/2019 4:00:00 AM,Glenfield-Jane Heights (25),NA,NA,0,0,Firearm Discharge,NA
GO-20191711676,9/7/2019 4:00:00 AM,Ionview (125),NA,NA,0,0,Firearm Discharge,NA
GO-20191727348,9/8/2019 4:00:00 AM,Black Creek (24),NA,NA,0,0,Firearm Discharge,NA
GO-20191724928,9/8/2019 4:00:00 AM,Hillcrest Village (48),NA,NA,0,0,Firearm Discharge,NA
GO-20191724912,9/8/2019 4:00:00 AM,Don Valley Village (47),NA,NA,0,0,Firearm Discharge,NA
GO-20191732289,9/9/2019 4:00:00 AM,West Humber-Clairville (1),NA,NA,0,1,Shooting,NA
GO-20191731204,9/9/2019 4:00:00 AM,Cliffcrest (123),NA,NA,0,1,Shooting,NA
GO-20191732303,9/9/2019 4:00:00 AM,East Willowdale (152),NA,NA,0,0,Firearm Discharge,NA
GO-20191731768,9/9/2019 4:00:00 AM,Rockcliffe-Smythe (111),NA,NA,0,0,Firearm Discharge,NA
GO-20191730541,9/9/2019 4:00:00 AM,Glenfield-Jane Heights (25),NA,NA,0,0,Firearm Discharge,NA
GO-20191748455,9/12/2019 4:00:00 AM,Golfdale-Cedarbrae-Woburn (141),NA,NA,0,1,Shooting,NA
GO-20191761264,9/13/2019 4:00:00 AM,Stonegate-Queensway (16),NA,NA,0,0,Firearm Discharge,NA
GO-20191758636,9/13/2019 4:00:00 AM,Elms-Old Rexdale (5),NA,NA,0,1,Shooting,NA
GO-20191759586,9/13/2019 4:00:00 AM,Thorncliffe Park (55),NA,NA,0,0,Firearm Discharge,NA
GO-20191768766,9/14/2019 4:00:00 AM,Malvern West (145),NA,NA,0,1,Shooting,NA
GO-20191774912,9/15/2019 4:00:00 AM,Eglinton East (138),NA,NA,0,0,Firearm Discharge,NA
GO-20191783450,9/16/2019 4:00:00 AM,Regent Park (72),NA,NA,0,0,Firearm Discharge,NA
GO-20191781167,9/16/2019 4:00:00 AM,Elms-Old Rexdale (5),NA,NA,0,1,Shooting,NA
GO-20191782132,9/16/2019 4:00:00 AM,Yorkdale-Glen Park (31),NA,NA,1,0,Shooting,NA
GO-20191791199,9/17/2019 4:00:00 AM,West Humber-Clairville (1),NA,NA,0,0,Firearm Discharge,NA
GO-20191789088,9/17/2019 4:00:00 AM,Willowridge-Martingrove-Richview (7),NA,NA,0,1,Shooting,NA
GO-20191787888,9/17/2019 4:00:00 AM,Mount Olive-Silverstone-Jamestown (2),NA,NA,0,0,Firearm Discharge,NA
GO-20191791301,9/17/2019 4:00:00 AM,West Humber-Clairville (1),NA,NA,0,0,Firearm Discharge,NA
GO-20191790515,9/17/2019 4:00:00 AM,Glenfield-Jane Heights (25),NA,NA,0,2,Shooting,NA
GO-20191795075,9/18/2019 4:00:00 AM,West Humber-Clairville (1),NA,NA,0,1,Shooting,NA
GO-20191806337,9/19/2019 4:00:00 AM,Milliken (130),NA,NA,1,1,Shooting,NA
GO-20191806345,9/19/2019 4:00:00 AM,Regent Park (72),NA,NA,0,1,Shooting,NA
GO-20191806831,9/19/2019 4:00:00 AM,Yonge-Bay Corridor (170),NA,NA,0,0,Firearm Discharge,NA
GO-20191811359,9/20/2019 4:00:00 AM,Roncesvalles (86),NA,NA,0,0,Firearm Discharge,NA
GO-20191818278,9/21/2019 4:00:00 AM,Beechborough-Greenbrook (112),NA,NA,0,0,Firearm Discharge,NA
GO-20191823223,9/22/2019 4:00:00 AM,Weston-Pelham Park (91),NA,NA,0,0,Firearm Discharge,NA
GO-20191824315,9/22/2019 4:00:00 AM,Golfdale-Cedarbrae-Woburn (141),NA,NA,0,0,Firearm Discharge,NA
GO-20191828916,9/22/2019 4:00:00 AM,Dorset Park (126),NA,NA,0,0,Firearm Discharge,NA
GO-20191840647,9/22/2019 4:00:00 AM,Henry Farm (53),NA,NA,0,0,Firearm Discharge,NA
GO-20191843518,9/24/2019 4:00:00 AM,Malvern East (146),NA,NA,0,0,Firearm Discharge,NA
GO-20191840069,9/24/2019 4:00:00 AM,Etobicoke West Mall (13),NA,NA,1,0,Shooting,NA
GO-20191857523,9/26/2019 4:00:00 AM,Humber Heights-Westmount (8),NA,NA,0,0,Firearm Discharge,NA
GO-20191865252,9/26/2019 4:00:00 AM,Glenfield-Jane Heights (25),NA,NA,0,0,Firearm Discharge,NA
GO-20191866206,9/27/2019 4:00:00 AM,South Riverdale (70),NA,NA,0,1,Shooting,NA
GO-20191863012,9/27/2019 4:00:00 AM,New Toronto (18),NA,NA,0,0,Firearm Discharge,NA
GO-20191867099,9/28/2019 4:00:00 AM,Victoria Village (43),NA,NA,0,0,Firearm Discharge,NA
GO-20191878460,9/29/2019 4:00:00 AM,Mount Olive-Silverstone-Jamestown (2),NA,NA,1,0,Shooting,NA
GO-20191873766,9/29/2019 4:00:00 AM,Wellington Place (164),NA,NA,0,2,Shooting,NA
GO-20191873716,9/29/2019 4:00:00 AM,Dorset Park (126),NA,NA,0,3,Shooting,NA
GO-20191873981,9/29/2019 4:00:00 AM,Mount Olive-Silverstone-Jamestown (2),NA,NA,0,1,Shooting,NA
GO-20191879812,9/30/2019 4:00:00 AM,South Riverdale (70),NA,NA,0,0,Firearm Discharge,NA
GO-20191886908,9/30/2019 4:00:00 AM,East L'Amoreaux (148),NA,NA,0,1,Shooting,NA
GO-20191880075,9/30/2019 4:00:00 AM,Wexford/Maryvale (119),NA,NA,0,1,Shooting,NA
GO-20191894014,10/1/2019 4:00:00 AM,Glenfield-Jane Heights (25),NA,NA,2,0,Shooting,NA
GO-20191893867,10/1/2019 4:00:00 AM,Glenfield-Jane Heights (25),NA,NA,0,0,Firearm Discharge,NA
GO-20191894043,10/1/2019 4:00:00 AM,Glenfield-Jane Heights (25),NA,NA,0,0,Firearm Discharge,NA
GO-20191892624,10/1/2019 4:00:00 AM,Etobicoke City Centre (159),NA,NA,0,0,Firearm Discharge,NA
GO-20191893633,10/1/2019 4:00:00 AM,Glenfield-Jane Heights (25),NA,NA,0,1,Shooting,NA
GO-20191894862,10/2/2019 4:00:00 AM,Junction Area (90),NA,NA,0,0,Firearm Discharge,NA
GO-20191901945,10/2/2019 4:00:00 AM,Greenwood-Coxwell (65),NA,NA,0,0,Firearm Discharge,NA
GO-20191901607,10/2/2019 4:00:00 AM,Mount Olive-Silverstone-Jamestown (2),NA,NA,0,1,Shooting,NA
GO-20191909325,10/3/2019 4:00:00 AM,Regent Park (72),NA,NA,0,0,Firearm Discharge,NA
GO-20191910116,10/4/2019 4:00:00 AM,Briar Hill-Belgravia (108),NA,NA,0,0,Firearm Discharge,NA
GO-20191922193,10/5/2019 4:00:00 AM,Junction-Wallace Emerson (171),NA,NA,0,1,Shooting,NA
GO-20191921882,10/5/2019 4:00:00 AM,Mount Olive-Silverstone-Jamestown (2),NA,NA,0,1,Shooting,NA
GO-20191928350,10/6/2019 4:00:00 AM,Pelmo Park-Humberlea (23),NA,NA,0,1,Shooting,NA
GO-20191924112,10/6/2019 4:00:00 AM,Golfdale-Cedarbrae-Woburn (141),NA,NA,0,0,Firearm Discharge,NA
GO-20191936589,10/6/2019 4:00:00 AM,Morningside Heights (144),NA,NA,0,0,Firearm Discharge,NA
GO-20191924529,10/6/2019 4:00:00 AM,Victoria Village (43),NA,NA,0,0,Firearm Discharge,NA
GO-20191926274,10/6/2019 4:00:00 AM,Glenfield-Jane Heights (25),NA,NA,0,0,Firearm Discharge,NA
GO-20191944887,10/8/2019 4:00:00 AM,East L'Amoreaux (148),NA,NA,0,0,Firearm Discharge,NA
GO-20191960193,10/10/2019 4:00:00 AM,Regent Park (72),NA,NA,0,1,Shooting,NA
GO-20191960824,10/10/2019 4:00:00 AM,Bendale-Glen Andrew (156),NA,NA,0,1,Shooting,NA
GO-20191953962,10/10/2019 4:00:00 AM,O'Connor-Parkview (54),NA,NA,0,0,Firearm Discharge,NA
GO-20191968109,10/11/2019 4:00:00 AM,Yorkdale-Glen Park (31),NA,NA,0,2,Shooting,NA
GO-20191973829,10/12/2019 4:00:00 AM,Golfdale-Cedarbrae-Woburn (141),NA,NA,0,1,Shooting,NA
GO-20191975410,10/13/2019 4:00:00 AM,Oakwood Village (107),NA,NA,0,2,Shooting,NA
GO-20191975575,10/13/2019 4:00:00 AM,Kensington-Chinatown (78),NA,NA,0,1,Shooting,NA
GO-20191981086,10/14/2019 4:00:00 AM,Mount Olive-Silverstone-Jamestown (2),NA,NA,1,0,Shooting,NA
GO-20191987240,10/15/2019 4:00:00 AM,Kensington-Chinatown (78),NA,NA,0,1,Shooting,NA
GO-20192000634,10/16/2019 4:00:00 AM,Bedford Park-Nortown (39),NA,NA,0,0,Firearm Discharge,NA
GO-20192000921,10/17/2019 4:00:00 AM,Thorncliffe Park (55),NA,NA,0,0,Firearm Discharge,NA
GO-20192006688,10/17/2019 4:00:00 AM,Hillcrest Village (48),NA,NA,1,0,Shooting,NA
GO-20192013958,10/18/2019 4:00:00 AM,Mount Olive-Silverstone-Jamestown (2),NA,NA,0,1,Shooting,NA
GO-20192011710,10/18/2019 4:00:00 AM,Corso Italia-Davenport (92),NA,NA,0,3,Shooting,NA
GO-20192021028,10/19/2019 4:00:00 AM,High Park-Swansea (87),NA,NA,1,0,Shooting,NA
GO-20192016205,10/19/2019 4:00:00 AM,West Humber-Clairville (1),NA,NA,0,1,Shooting,NA
GO-20192015867,10/19/2019 4:00:00 AM,Flemingdon Park (44),NA,NA,0,0,Firearm Discharge,NA
GO-20192023210,10/20/2019 4:00:00 AM,Weston (113),NA,NA,0,0,Firearm Discharge,NA
GO-20192026604,10/20/2019 4:00:00 AM,Tam O'Shanter-Sullivan (118),NA,NA,0,1,Shooting,NA
GO-20192026430,10/20/2019 4:00:00 AM,Weston (113),NA,NA,0,1,Shooting,NA
GO-20192035817,10/21/2019 4:00:00 AM,York University Heights (27),NA,NA,0,0,Firearm Discharge,NA
GO-20192043075,10/22/2019 4:00:00 AM,Humber Heights-Westmount (8),NA,NA,0,1,Shooting,NA
GO-20192056635,10/24/2019 4:00:00 AM,Oakwood Village (107),NA,NA,0,1,Shooting,NA
GO-20192056626,10/24/2019 4:00:00 AM,Pleasant View (46),NA,NA,0,0,Firearm Discharge,NA
GO-20192050772,10/24/2019 4:00:00 AM,Humbermede (22),NA,NA,0,0,Firearm Discharge,NA
GO-20192055160,10/24/2019 4:00:00 AM,Birchcliffe-Cliffside (122),NA,NA,0,0,Firearm Discharge,NA
GO-20192058103,10/25/2019 4:00:00 AM,Eringate-Centennial-West Deane (11),NA,NA,0,1,Shooting,NA
GO-20192064991,10/26/2019 4:00:00 AM,Thorncliffe Park (55),NA,NA,0,2,Shooting,NA
GO-20192065224,10/26/2019 4:00:00 AM,Englemount-Lawrence (32),NA,NA,0,0,Firearm Discharge,NA
GO-20192071128,10/26/2019 4:00:00 AM,Glenfield-Jane Heights (25),NA,NA,0,1,Shooting,NA
GO-20192071165,10/26/2019 4:00:00 AM,Rustic (28),NA,NA,0,1,Shooting,NA
GO-20192065477,10/26/2019 4:00:00 AM,Rexdale-Kipling (4),NA,NA,0,0,Firearm Discharge,NA
GO-20192072734,10/27/2019 4:00:00 AM,Wellington Place (164),NA,NA,0,0,Firearm Discharge,NA
GO-20192105390,10/30/2019 4:00:00 AM,York University Heights (27),NA,NA,0,0,Firearm Discharge,NA
GO-20192093095,10/30/2019 4:00:00 AM,Weston (113),NA,NA,0,2,Shooting,NA
GO-20192098957,10/30/2019 4:00:00 AM,Beechborough-Greenbrook (112),NA,NA,0,5,Shooting,NA
GO-20192124248,10/31/2019 4:00:00 AM,Lambton Baby Point (114),NA,NA,0,1,Shooting,NA
GO-20192101941,10/31/2019 4:00:00 AM,Brookhaven-Amesbury (30),NA,NA,0,1,Shooting,NA
GO-20192106176,10/31/2019 4:00:00 AM,Danforth East York (59),NA,NA,0,2,Shooting,NA
GO-20192107415,11/1/2019 4:00:00 AM,Flemingdon Park (44),NA,NA,0,1,Shooting,NA
GO-20192111058,11/1/2019 4:00:00 AM,Flemingdon Park (44),NA,NA,0,0,Firearm Discharge,NA
GO-20192115002,11/1/2019 4:00:00 AM,Banbury-Don Mills (42),NA,NA,0,2,Shooting,NA
GO-20192119725,11/2/2019 4:00:00 AM,Malvern East (146),NA,NA,0,0,Firearm Discharge,NA
GO-20192121642,11/2/2019 4:00:00 AM,Eglinton East (138),NA,NA,0,1,Shooting,NA
GO-20192127849,11/3/2019 4:00:00 AM,Brookhaven-Amesbury (30),NA,NA,0,0,Firearm Discharge,NA
GO-20192137057,11/4/2019 5:00:00 AM,Downsview (155),NA,NA,0,0,Firearm Discharge,NA
GO-20192131648,11/4/2019 5:00:00 AM,Etobicoke City Centre (159),NA,NA,1,0,Shooting,NA
GO-20192136178,11/5/2019 5:00:00 AM,Taylor-Massey (61),NA,NA,1,0,Shooting,NA
GO-20192149027,11/6/2019 5:00:00 AM,Glenfield-Jane Heights (25),NA,NA,0,0,Firearm Discharge,NA
GO-20192144232,11/6/2019 5:00:00 AM,Humber Heights-Westmount (8),NA,NA,0,0,Firearm Discharge,NA
GO-20192149608,11/6/2019 5:00:00 AM,Thistletown-Beaumond Heights (3),NA,NA,0,1,Shooting,NA
GO-20192149339,11/6/2019 5:00:00 AM,Yorkdale-Glen Park (31),NA,NA,0,1,Shooting,NA
GO-20192142562,11/6/2019 5:00:00 AM,Eglinton East (138),NA,NA,0,0,Firearm Discharge,NA
GO-20192149692,11/6/2019 5:00:00 AM,Eglinton East (138),NA,NA,0,0,Firearm Discharge,NA
GO-20192150110,11/7/2019 5:00:00 AM,Weston (113),NA,NA,1,1,Shooting,NA
GO-20192150454,11/7/2019 5:00:00 AM,Greenwood-Coxwell (65),NA,NA,0,1,Shooting,NA
GO-20192152995,11/7/2019 5:00:00 AM,Greenwood-Coxwell (65),NA,NA,0,0,Firearm Discharge,NA
GO-20192156874,11/8/2019 5:00:00 AM,Humber Summit (21),NA,NA,0,1,Shooting,NA
GO-20192157141,11/8/2019 5:00:00 AM,Junction Area (90),NA,NA,0,0,Firearm Discharge,NA
GO-20192164429,11/9/2019 5:00:00 AM,New Toronto (18),NA,NA,0,0,Firearm Discharge,NA
GO-20192169539,11/9/2019 5:00:00 AM,West Rouge (143),NA,NA,0,1,Shooting,NA
GO-20192169634,11/9/2019 5:00:00 AM,East End-Danforth (62),NA,NA,0,0,Firearm Discharge,NA
GO-20192167373,11/9/2019 5:00:00 AM,Beechborough-Greenbrook (112),NA,NA,0,1,Shooting,NA
GO-20192170255,11/9/2019 5:00:00 AM,Weston (113),NA,NA,0,0,Firearm Discharge,NA
GO-20192170010,11/9/2019 5:00:00 AM,Little Portugal (84),NA,NA,0,0,Firearm Discharge,NA
GO-20192178633,11/11/2019 5:00:00 AM,Brookhaven-Amesbury (30),NA,NA,0,0,Firearm Discharge,NA
GO-20192196608,11/13/2019 5:00:00 AM,South Riverdale (70),NA,NA,0,0,Firearm Discharge,NA
GO-20192199214,11/14/2019 5:00:00 AM,York University Heights (27),NA,NA,0,2,Shooting,NA
GO-20192216522,11/14/2019 5:00:00 AM,High Park-Swansea (87),NA,NA,0,0,Firearm Discharge,NA
GO-20192207030,11/14/2019 5:00:00 AM,Glenfield-Jane Heights (25),NA,NA,0,0,Firearm Discharge,NA
GO-20192226096,11/15/2019 5:00:00 AM,Wexford/Maryvale (119),NA,NA,0,0,Firearm Discharge,NA
GO-20192212187,11/16/2019 5:00:00 AM,Oakwood Village (107),NA,NA,1,0,Shooting,NA
GO-20192222536,11/17/2019 5:00:00 AM,Mount Pleasant East (99),NA,NA,0,1,Shooting,NA
GO-20192229375,11/18/2019 5:00:00 AM,Oakridge (121),NA,NA,0,0,Firearm Discharge,NA
GO-20192231048,11/18/2019 5:00:00 AM,Agincourt South-Malvern West (128),NA,NA,0,1,Shooting,NA
GO-20192231247,11/19/2019 5:00:00 AM,Bridle Path-Sunnybrook-York Mills (41),NA,NA,0,1,Shooting,NA
GO-20192245786,11/21/2019 5:00:00 AM,Rexdale-Kipling (4),NA,NA,0,0,Firearm Discharge,NA
GO-20192251920,11/22/2019 5:00:00 AM,Golfdale-Cedarbrae-Woburn (141),NA,NA,0,1,Shooting,NA
GO-20192259584,11/23/2019 5:00:00 AM,Trinity-Bellwoods (81),NA,NA,0,1,Shooting,NA
GO-20192263515,11/23/2019 5:00:00 AM,Eglinton East (138),NA,NA,1,0,Shooting,NA
GO-20192277147,11/24/2019 5:00:00 AM,West Rouge (143),NA,NA,0,0,Firearm Discharge,NA
GO-20192286207,11/26/2019 5:00:00 AM,Scarborough Village (139),NA,NA,0,0,Firearm Discharge,NA
GO-20192293136,11/27/2019 5:00:00 AM,Black Creek (24),NA,NA,0,0,Firearm Discharge,NA
GO-20192313204,11/30/2019 5:00:00 AM,L'Amoreaux West (147),NA,NA,0,0,Firearm Discharge,NA
GO-20192314522,11/30/2019 5:00:00 AM,Englemount-Lawrence (32),NA,NA,0,0,Firearm Discharge,NA
GO-20192314748,11/30/2019 5:00:00 AM,Downsview (155),NA,NA,0,0,Firearm Discharge,NA
GO-20192315759,12/1/2019 5:00:00 AM,Kensington-Chinatown (78),NA,NA,0,0,Firearm Discharge,NA
GO-20192334459,12/3/2019 5:00:00 AM,Englemount-Lawrence (32),NA,NA,0,0,Firearm Discharge,NA
GO-20192348939,12/5/2019 5:00:00 AM,Elms-Old Rexdale (5),NA,NA,0,1,Shooting,NA
GO-20192344607,12/5/2019 5:00:00 AM,Humber Summit (21),NA,NA,0,1,Shooting,NA
GO-20192361770,12/7/2019 5:00:00 AM,Humber Summit (21),NA,NA,1,2,Shooting,NA
GO-20192368810,12/8/2019 5:00:00 AM,Humber Summit (21),NA,NA,0,1,Shooting,NA
GO-20192368719,12/8/2019 5:00:00 AM,Glenfield-Jane Heights (25),NA,NA,0,0,Firearm Discharge,NA
GO-20192390277,12/11/2019 5:00:00 AM,Bayview Woods-Steeles (49),NA,NA,1,0,Shooting,NA
GO-20192391323,12/12/2019 5:00:00 AM,Flemingdon Park (44),NA,NA,0,0,Firearm Discharge,NA
GO-20192392044,12/12/2019 5:00:00 AM,Englemount-Lawrence (32),NA,NA,0,0,Firearm Discharge,NA
GO-20192398025,12/12/2019 5:00:00 AM,Playter Estates-Danforth (67),NA,NA,0,1,Shooting,NA
GO-20192398297,12/12/2019 5:00:00 AM,Glenfield-Jane Heights (25),NA,NA,0,1,Shooting,NA
GO-20192412908,12/15/2019 5:00:00 AM,Downsview (155),NA,NA,1,0,Shooting,NA
GO-20192413538,12/15/2019 5:00:00 AM,Blake-Jones (69),NA,NA,0,0,Firearm Discharge,NA
GO-20192425488,12/16/2019 5:00:00 AM,Glenfield-Jane Heights (25),NA,NA,0,1,Shooting,NA
GO-20192432532,12/17/2019 5:00:00 AM,Bridle Path-Sunnybrook-York Mills (41),NA,NA,0,0,Firearm Discharge,NA
GO-20192427566,12/17/2019 5:00:00 AM,Malvern West (145),NA,NA,0,0,Firearm Discharge,NA
GO-20192439136,12/18/2019 5:00:00 AM,Morningside (135),NA,NA,0,1,Shooting,NA
GO-20192447061,12/19/2019 5:00:00 AM,Agincourt North (129),NA,NA,0,0,Firearm Discharge,NA
GO-20192460039,12/21/2019 5:00:00 AM,Thorncliffe Park (55),NA,NA,0,2,Shooting,NA
GO-20192466916,12/22/2019 5:00:00 AM,South Riverdale (70),NA,NA,0,0,Firearm Discharge,NA
GO-20192467915,12/23/2019 5:00:00 AM,West Humber-Clairville (1),NA,NA,0,0,Firearm Discharge,NA
GO-20192505499,12/23/2019 5:00:00 AM,Mount Olive-Silverstone-Jamestown (2),NA,NA,0,0,Firearm Discharge,NA
GO-20192474709,12/24/2019 5:00:00 AM,Westminster-Branson (35),NA,NA,0,1,Shooting,NA
GO-20192474441,12/24/2019 5:00:00 AM,Thorncliffe Park (55),NA,NA,0,1,Shooting,NA
GO-20192474963,12/24/2019 5:00:00 AM,L'Amoreaux West (147),NA,NA,0,0,Firearm Discharge,NA
GO-20192477796,12/24/2019 5:00:00 AM,Glenfield-Jane Heights (25),NA,NA,0,1,Shooting,NA
GO-20192474916,12/24/2019 5:00:00 AM,Yorkdale-Glen Park (31),NA,NA,0,0,Firearm Discharge,NA
GO-20192489369,12/26/2019 5:00:00 AM,Briar Hill-Belgravia (108),NA,NA,0,1,Shooting,NA
GO-20192484713,12/26/2019 5:00:00 AM,South Riverdale (70),NA,NA,0,1,Shooting,NA
GO-20192490349,12/27/2019 5:00:00 AM,Etobicoke West Mall (13),NA,NA,1,0,Shooting,NA
GO-20192499005,12/27/2019 5:00:00 AM,Elms-Old Rexdale (5),NA,NA,0,0,Firearm Discharge,NA
GO-20192511430,12/28/2019 5:00:00 AM,Morningside Heights (144),NA,NA,0,0,Firearm Discharge,NA
GO-20192505542,12/29/2019 5:00:00 AM,The Beaches (63),NA,NA,0,0,Firearm Discharge,NA
GO-20192503671,12/29/2019 5:00:00 AM,Eglinton East (138),NA,NA,1,0,Shooting,NA
GO-20192509002,12/30/2019 5:00:00 AM,Englemount-Lawrence (32),NA,NA,0,0,Firearm Discharge,NA
GO-20192509019,12/30/2019 5:00:00 AM,Clairlea-Birchmount (120),NA,NA,0,0,Firearm Discharge,NA
GO-20192508970,12/30/2019 5:00:00 AM,Mount Dennis (115),NA,NA,0,0,Firearm Discharge,NA
GO-20192520736,12/31/2019 5:00:00 AM,Malvern West (145),NA,NA,1,0,Shooting,NA
GO-20192516547,12/31/2019 5:00:00 AM,Glenfield-Jane Heights (25),NA,NA,0,2,Shooting,NA
GO-20205967,1/1/2020 5:00:00 AM,Regent Park (72),NA,NA,1,1,Shooting,NA
GO-202012411,1/2/2020 5:00:00 AM,Newtonbrook East (50),NA,NA,0,0,Firearm Discharge,NA
GO-202032177,1/5/2020 5:00:00 AM,Maple Leaf (29),NA,NA,0,0,Firearm Discharge,NA
GO-202028179,1/5/2020 5:00:00 AM,Thistletown-Beaumond Heights (3),NA,NA,0,0,Firearm Discharge,NA
GO-202042782,1/7/2020 5:00:00 AM,Yorkdale-Glen Park (31),NA,NA,0,1,Shooting,NA
GO-202054193,1/8/2020 5:00:00 AM,Golfdale-Cedarbrae-Woburn (141),NA,NA,0,0,Firearm Discharge,NA
GO-202060328,1/9/2020 5:00:00 AM,Malvern East (146),NA,NA,0,0,Firearm Discharge,NA
GO-202061191,1/9/2020 5:00:00 AM,Glenfield-Jane Heights (25),NA,NA,0,0,Firearm Discharge,NA
GO-202061244,1/9/2020 5:00:00 AM,Glenfield-Jane Heights (25),NA,NA,0,0,Firearm Discharge,NA
GO-202069552,1/11/2020 5:00:00 AM,Morningside (135),NA,NA,1,0,Shooting,NA
GO-202069853,1/11/2020 5:00:00 AM,Willowridge-Martingrove-Richview (7),NA,NA,0,0,Firearm Discharge,NA
GO-202091798,1/14/2020 5:00:00 AM,Malvern East (146),NA,NA,0,0,Firearm Discharge,NA
GO-2020104878,1/16/2020 5:00:00 AM,Junction-Wallace Emerson (171),NA,NA,0,1,Shooting,NA
GO-2020114770,1/17/2020 5:00:00 AM,Thorncliffe Park (55),NA,NA,0,0,Firearm Discharge,NA
GO-2020112915,1/17/2020 5:00:00 AM,Thorncliffe Park (55),NA,NA,0,0,Firearm Discharge,NA
GO-2020137704,1/18/2020 5:00:00 AM,West Hill (136),NA,NA,0,1,Shooting,NA
GO-2020120344,1/18/2020 5:00:00 AM,Briar Hill-Belgravia (108),NA,NA,0,0,Firearm Discharge,NA
GO-2020135493,1/20/2020 5:00:00 AM,Woburn North (142),NA,NA,1,0,Shooting,NA
GO-2020155698,1/22/2020 5:00:00 AM,Yorkdale-Glen Park (31),NA,NA,0,0,Firearm Discharge,NA
GO-2020152662,1/22/2020 5:00:00 AM,Malvern East (146),NA,NA,0,0,Firearm Discharge,NA
GO-2020152999,1/22/2020 5:00:00 AM,York University Heights (27),NA,NA,0,1,Shooting,NA
GO-2020174603,1/25/2020 5:00:00 AM,Scarborough Village (139),NA,NA,1,2,Shooting,NA
GO-2020170193,1/25/2020 5:00:00 AM,York University Heights (27),NA,NA,0,0,Firearm Discharge,NA
GO-2020175372,1/25/2020 5:00:00 AM,Golfdale-Cedarbrae-Woburn (141),NA,NA,0,0,Firearm Discharge,NA
GO-2020176164,1/26/2020 5:00:00 AM,Clanton Park (33),NA,NA,0,1,Shooting,NA
GO-2020182094,1/27/2020 5:00:00 AM,Oakdale-Beverley Heights (154),NA,NA,0,2,Shooting,NA
GO-2020197393,1/29/2020 5:00:00 AM,Morningside (135),NA,NA,0,0,Firearm Discharge,NA
GO-2020243344,1/30/2020 5:00:00 AM,Yonge-Bay Corridor (170),NA,NA,0,0,Firearm Discharge,NA
GO-2020212178,1/31/2020 5:00:00 AM,Glenfield-Jane Heights (25),NA,NA,0,0,Firearm Discharge,NA
GO-2020219180,1/31/2020 5:00:00 AM,Harbourfront-CityPlace (165),NA,NA,2,1,Shooting,NA
GO-2020938153,2/1/2020 5:00:00 AM,Humber Summit (21),NA,NA,0,0,Firearm Discharge,NA
GO-2020222735,2/1/2020 5:00:00 AM,Briar Hill-Belgravia (108),NA,NA,0,0,Firearm Discharge,NA
GO-2020286953,2/1/2020 5:00:00 AM,Harbourfront-CityPlace (165),NA,NA,0,0,Firearm Discharge,NA
GO-2020237052,2/1/2020 5:00:00 AM,Newtonbrook West (36),NA,NA,0,0,Firearm Discharge,NA
GO-2020231848,2/2/2020 5:00:00 AM,New Toronto (18),NA,NA,0,0,Firearm Discharge,NA
GO-2020239442,2/3/2020 5:00:00 AM,Mount Olive-Silverstone-Jamestown (2),NA,NA,0,0,Firearm Discharge,NA
GO-2020239496,2/3/2020 5:00:00 AM,Flemingdon Park (44),NA,NA,0,0,Firearm Discharge,NA
GO-2020252448,2/5/2020 5:00:00 AM,Golfdale-Cedarbrae-Woburn (141),NA,NA,0,0,Firearm Discharge,NA
GO-2020249282,2/5/2020 5:00:00 AM,Wellington Place (164),NA,NA,0,1,Shooting,NA
GO-2020249293,2/5/2020 5:00:00 AM,Danforth (66),NA,NA,1,0,Shooting,NA
GO-2020271347,2/7/2020 5:00:00 AM,Etobicoke West Mall (13),NA,NA,1,0,Shooting,NA
GO-2020278529,2/8/2020 5:00:00 AM,Rustic (28),NA,NA,0,0,Firearm Discharge,NA
GO-2020287498,2/8/2020 5:00:00 AM,Dorset Park (126),NA,NA,0,0,Firearm Discharge,NA
GO-2020285523,2/10/2020 5:00:00 AM,Roncesvalles (86),NA,NA,0,0,Firearm Discharge,NA
GO-2020308046,2/12/2020 5:00:00 AM,Clairlea-Birchmount (120),NA,NA,0,0,Firearm Discharge,NA
GO-2020320524,2/14/2020 5:00:00 AM,Kensington-Chinatown (78),NA,NA,0,1,Shooting,NA
GO-2020324573,2/15/2020 5:00:00 AM,Bendale South (157),NA,NA,0,1,Shooting,NA
GO-2020331367,2/16/2020 5:00:00 AM,Yonge-Bay Corridor (170),NA,NA,0,0,Firearm Discharge,NA
GO-2020450326,2/18/2020 5:00:00 AM,Rosedale-Moore Park (98),NA,NA,0,0,Firearm Discharge,NA
GO-2020343733,2/18/2020 5:00:00 AM,Etobicoke City Centre (159),NA,NA,0,0,Firearm Discharge,NA
GO-2020357698,2/19/2020 5:00:00 AM,Victoria Village (43),NA,NA,0,0,Firearm Discharge,NA
GO-2020350629,2/19/2020 5:00:00 AM,Willowridge-Martingrove-Richview (7),NA,NA,0,1,Shooting,NA
GO-2020373498,2/21/2020 5:00:00 AM,Mount Olive-Silverstone-Jamestown (2),NA,NA,0,0,Firearm Discharge,NA
GO-2020377547,2/22/2020 5:00:00 AM,Bridle Path-Sunnybrook-York Mills (41),NA,NA,0,0,Firearm Discharge,NA
GO-2020384721,2/23/2020 5:00:00 AM,Flemingdon Park (44),NA,NA,0,1,Shooting,NA
GO-2020387000,2/23/2020 5:00:00 AM,L'Amoreaux West (147),NA,NA,0,1,Shooting,NA
GO-2020401645,2/25/2020 5:00:00 AM,Yorkdale-Glen Park (31),NA,NA,0,0,Firearm Discharge,NA
GO-2020400877,2/25/2020 5:00:00 AM,Henry Farm (53),NA,NA,0,0,Firearm Discharge,NA
GO-2020403243,2/26/2020 5:00:00 AM,Agincourt North (129),NA,NA,0,0,Firearm Discharge,NA
GO-2020417741,2/28/2020 5:00:00 AM,Yorkdale-Glen Park (31),NA,NA,0,0,Firearm Discharge,NA
GO-2020423733,2/28/2020 5:00:00 AM,Bendale-Glen Andrew (156),NA,NA,0,1,Shooting,NA
GO-2020431753,2/29/2020 5:00:00 AM,Mount Olive-Silverstone-Jamestown (2),NA,NA,0,0,Firearm Discharge,NA
GO-2020440978,3/2/2020 5:00:00 AM,Malvern East (146),NA,NA,0,0,Firearm Discharge,NA
GO-2020446123,3/2/2020 5:00:00 AM,Flemingdon Park (44),NA,NA,0,0,Firearm Discharge,NA
GO-2020438459,3/2/2020 5:00:00 AM,Regent Park (72),NA,NA,0,0,Firearm Discharge,NA
GO-2020446754,3/2/2020 5:00:00 AM,Kensington-Chinatown (78),NA,NA,0,1,Shooting,NA
GO-2020443514,3/2/2020 5:00:00 AM,Morningside (135),NA,NA,0,0,Firearm Discharge,NA
GO-2020453506,3/3/2020 5:00:00 AM,Princess-Rosethorn (10),NA,NA,0,1,Shooting,NA
GO-2020449830,3/3/2020 5:00:00 AM,Oakwood Village (107),NA,NA,0,0,Firearm Discharge,NA
GO-2020460737,3/4/2020 5:00:00 AM,St.Andrew-Windfields (40),NA,NA,0,1,Shooting,NA
GO-2020460227,3/4/2020 5:00:00 AM,Oakwood Village (107),NA,NA,0,1,Shooting,NA
GO-2020469335,3/5/2020 5:00:00 AM,Flemingdon Park (44),NA,NA,0,0,Firearm Discharge,NA
GO-2020470991,3/6/2020 5:00:00 AM,Etobicoke West Mall (13),NA,NA,0,0,Firearm Discharge,NA
GO-2020477453,3/6/2020 5:00:00 AM,Humbermede (22),NA,NA,0,1,Shooting,NA
GO-2020484182,3/7/2020 5:00:00 AM,Flemingdon Park (44),NA,NA,0,1,Shooting,NA
GO-2020493150,3/9/2020 4:00:00 AM,Old East York (58),NA,NA,0,0,Firearm Discharge,NA
GO-2020500219,3/10/2020 4:00:00 AM,Eringate-Centennial-West Deane (11),NA,NA,0,0,Firearm Discharge,NA
GO-2020521708,3/12/2020 4:00:00 AM,Pelmo Park-Humberlea (23),NA,NA,0,0,Firearm Discharge,NA
GO-2020515362,3/12/2020 4:00:00 AM,Corso Italia-Davenport (92),NA,NA,0,1,Shooting,NA
GO-2020514730,3/12/2020 4:00:00 AM,L'Amoreaux West (147),NA,NA,0,1,Shooting,NA
GO-2020524758,3/13/2020 4:00:00 AM,Agincourt South-Malvern West (128),NA,NA,1,1,Shooting,NA
GO-2020523326,3/13/2020 4:00:00 AM,Rustic (28),NA,NA,0,1,Shooting,NA
GO-2020523487,3/13/2020 4:00:00 AM,Mount Olive-Silverstone-Jamestown (2),NA,NA,0,1,Shooting,NA
GO-2020523304,3/13/2020 4:00:00 AM,Malvern West (145),NA,NA,0,1,Shooting,NA
GO-2020529434,3/13/2020 4:00:00 AM,L'Amoreaux West (147),NA,NA,0,0,Firearm Discharge,NA
GO-2020537881,3/15/2020 4:00:00 AM,Parkwoods-O'Connor Hills (149),NA,NA,0,1,Shooting,NA
GO-2020548945,3/16/2020 4:00:00 AM,Flemingdon Park (44),NA,NA,0,0,Firearm Discharge,NA
GO-2020549715,3/16/2020 4:00:00 AM,Caledonia-Fairbank (109),NA,NA,0,1,Shooting,NA
GO-2020556912,3/17/2020 4:00:00 AM,Regent Park (72),NA,NA,0,1,Shooting,NA
GO-2020563435,3/18/2020 4:00:00 AM,Oakridge (121),NA,NA,0,0,Firearm Discharge,NA
GO-2020559766,3/18/2020 4:00:00 AM,Glenfield-Jane Heights (25),NA,NA,0,1,Shooting,NA
GO-2020562795,3/18/2020 4:00:00 AM,Clairlea-Birchmount (120),NA,NA,1,0,Shooting,NA
GO-2020580138,3/21/2020 4:00:00 AM,Downtown Yonge East (168),NA,NA,1,0,Shooting,NA
GO-2020578751,3/21/2020 4:00:00 AM,Etobicoke West Mall (13),NA,NA,0,0,Firearm Discharge,NA
GO-2020586163,3/22/2020 4:00:00 AM,Mount Olive-Silverstone-Jamestown (2),NA,NA,0,0,Firearm Discharge,NA
GO-2020591902,3/23/2020 4:00:00 AM,Etobicoke City Centre (159),NA,NA,0,1,Shooting,NA
GO-2020586301,3/23/2020 4:00:00 AM,Black Creek (24),NA,NA,0,0,Firearm Discharge,NA
GO-2020597872,3/24/2020 4:00:00 AM,Etobicoke West Mall (13),NA,NA,0,0,Firearm Discharge,NA
GO-2020597828,3/24/2020 4:00:00 AM,Humber Summit (21),NA,NA,0,0,Firearm Discharge,NA
GO-2020602728,3/25/2020 4:00:00 AM,Flemingdon Park (44),NA,NA,0,0,Firearm Discharge,NA
GO-2020600965,3/25/2020 4:00:00 AM,Cliffcrest (123),NA,NA,0,0,Firearm Discharge,NA
GO-2020603291,3/25/2020 4:00:00 AM,Woburn North (142),NA,NA,0,0,Firearm Discharge,NA
GO-2020609398,3/26/2020 4:00:00 AM,Oakridge (121),NA,NA,0,1,Shooting,NA
GO-2020615848,3/28/2020 4:00:00 AM,Flemingdon Park (44),NA,NA,0,0,Firearm Discharge,NA
GO-2020623661,3/29/2020 4:00:00 AM,South Parkdale (85),NA,NA,0,0,Firearm Discharge,NA
GO-2020623640,3/29/2020 4:00:00 AM,Humbermede (22),NA,NA,0,1,Shooting,NA
GO-2020630978,3/30/2020 4:00:00 AM,Moss Park (73),NA,NA,0,0,Firearm Discharge,NA
GO-2020628389,3/30/2020 4:00:00 AM,Morningside Heights (144),NA,NA,0,1,Shooting,NA
GO-2020626709,3/30/2020 4:00:00 AM,Golfdale-Cedarbrae-Woburn (141),NA,NA,0,0,Firearm Discharge,NA
GO-2020637744,3/31/2020 4:00:00 AM,Golfdale-Cedarbrae-Woburn (141),NA,NA,0,1,Shooting,NA
GO-2020642765,4/1/2020 4:00:00 AM,Bayview Village (52),NA,NA,0,0,Firearm Discharge,NA
GO-2020644247,4/1/2020 4:00:00 AM,Yorkdale-Glen Park (31),NA,NA,0,1,Shooting,NA
GO-2020659466,4/4/2020 4:00:00 AM,Englemount-Lawrence (32),NA,NA,0,1,Shooting,NA
GO-2020660869,4/4/2020 4:00:00 AM,Black Creek (24),NA,NA,0,0,Firearm Discharge,NA
GO-2020668167,4/5/2020 4:00:00 AM,Thorncliffe Park (55),NA,NA,1,0,Shooting,NA
GO-2020680229,4/7/2020 4:00:00 AM,Thorncliffe Park (55),NA,NA,0,0,Firearm Discharge,NA
GO-2020687100,4/8/2020 4:00:00 AM,Yorkdale-Glen Park (31),NA,NA,0,1,Shooting,NA
GO-2020686761,4/8/2020 4:00:00 AM,South Parkdale (85),NA,NA,0,0,Firearm Discharge,NA
GO-2020687205,4/8/2020 4:00:00 AM,Englemount-Lawrence (32),NA,NA,0,0,Firearm Discharge,NA
GO-2020686647,4/8/2020 4:00:00 AM,Wychwood (94),NA,NA,1,0,Shooting,NA
GO-2020686237,4/8/2020 4:00:00 AM,West Humber-Clairville (1),NA,NA,0,0,Firearm Discharge,NA
GO-2020698923,4/10/2020 4:00:00 AM,Glenfield-Jane Heights (25),NA,NA,0,0,Firearm Discharge,NA
GO-2020697432,4/10/2020 4:00:00 AM,Keelesdale-Eglinton West (110),NA,NA,0,0,Firearm Discharge,NA
GO-2020693864,4/10/2020 4:00:00 AM,Downtown Yonge East (168),NA,NA,0,1,Shooting,NA
GO-2020709139,4/11/2020 4:00:00 AM,Eringate-Centennial-West Deane (11),NA,NA,0,0,Firearm Discharge,NA
GO-2020715707,4/13/2020 4:00:00 AM,Clanton Park (33),NA,NA,0,0,Firearm Discharge,NA
GO-2020734662,4/17/2020 4:00:00 AM,Kingsview Village-The Westway (6),NA,NA,0,1,Shooting,NA
GO-2020734601,4/17/2020 4:00:00 AM,Black Creek (24),NA,NA,0,0,Firearm Discharge,NA
GO-2020746923,4/19/2020 4:00:00 AM,Eglinton East (138),NA,NA,0,0,Firearm Discharge,NA
GO-2020762935,4/21/2020 4:00:00 AM,Bridle Path-Sunnybrook-York Mills (41),NA,NA,0,1,Shooting,NA
GO-2020764103,4/22/2020 4:00:00 AM,Newtonbrook West (36),NA,NA,0,0,Firearm Discharge,NA
GO-2020768376,4/22/2020 4:00:00 AM,Morningside Heights (144),NA,NA,0,1,Shooting,NA
GO-2020768230,4/22/2020 4:00:00 AM,York University Heights (27),NA,NA,0,0,Firearm Discharge,NA
GO-2020769840,4/23/2020 4:00:00 AM,West Hill (136),NA,NA,0,0,Firearm Discharge,NA
GO-2020790951,4/26/2020 4:00:00 AM,Glenfield-Jane Heights (25),NA,NA,1,0,Shooting,NA
GO-2020809613,4/29/2020 4:00:00 AM,Victoria Village (43),NA,NA,0,1,Shooting,NA
GO-2020816473,4/30/2020 4:00:00 AM,Willowridge-Martingrove-Richview (7),NA,NA,0,0,Firearm Discharge,NA
GO-2020823152,5/2/2020 4:00:00 AM,Etobicoke West Mall (13),NA,NA,0,0,Firearm Discharge,NA
GO-2020828038,5/2/2020 4:00:00 AM,Wexford/Maryvale (119),NA,NA,1,0,Shooting,NA
GO-2020826456,5/2/2020 4:00:00 AM,Willowridge-Martingrove-Richview (7),NA,NA,0,0,Firearm Discharge,NA
GO-2020857035,5/7/2020 4:00:00 AM,Willowdale West (37),NA,NA,0,0,Firearm Discharge,NA
GO-2020858098,5/8/2020 4:00:00 AM,York University Heights (27),NA,NA,0,0,Firearm Discharge,NA
GO-2020869978,5/10/2020 4:00:00 AM,Dorset Park (126),NA,NA,0,0,Firearm Discharge,NA
GO-2020880209,5/11/2020 4:00:00 AM,Mount Olive-Silverstone-Jamestown (2),NA,NA,0,1,Shooting,NA
GO-2020891446,5/13/2020 4:00:00 AM,Dorset Park (126),NA,NA,0,0,Firearm Discharge,NA
GO-2020894360,5/14/2020 4:00:00 AM,Flemingdon Park (44),NA,NA,0,0,Firearm Discharge,NA
GO-2020898005,5/14/2020 4:00:00 AM,Mount Olive-Silverstone-Jamestown (2),NA,NA,1,0,Shooting,NA
GO-2020894903,5/14/2020 4:00:00 AM,Humbermede (22),NA,NA,0,0,Firearm Discharge,NA
GO-2020899084,5/15/2020 4:00:00 AM,West Hill (136),NA,NA,0,0,Firearm Discharge,NA
GO-2020899284,5/15/2020 4:00:00 AM,Dorset Park (126),NA,NA,0,0,Firearm Discharge,NA
GO-2020915335,5/17/2020 4:00:00 AM,L'Amoreaux West (147),NA,NA,1,1,Shooting,NA
GO-2020920910,5/18/2020 4:00:00 AM,Oakdale-Beverley Heights (154),NA,NA,0,1,Shooting,NA
GO-2020927896,5/19/2020 4:00:00 AM,Flemingdon Park (44),NA,NA,0,0,Firearm Discharge,NA
GO-2020927961,5/19/2020 4:00:00 AM,Flemingdon Park (44),NA,NA,0,0,Firearm Discharge,NA
GO-2020928155,5/19/2020 4:00:00 AM,Bridle Path-Sunnybrook-York Mills (41),NA,NA,0,1,Shooting,NA
GO-2020927836,5/19/2020 4:00:00 AM,Glenfield-Jane Heights (25),NA,NA,0,2,Shooting,NA
GO-2020922250,5/19/2020 4:00:00 AM,Etobicoke City Centre (159),NA,NA,0,1,Shooting,NA
GO-2020928008,5/19/2020 4:00:00 AM,Ionview (125),NA,NA,0,1,Shooting,NA
GO-2020933378,5/20/2020 4:00:00 AM,Oakridge (121),NA,NA,0,0,Firearm Discharge,NA
GO-2020954026,5/23/2020 4:00:00 AM,Glenfield-Jane Heights (25),NA,NA,0,0,Firearm Discharge,NA
GO-2020948015,5/23/2020 4:00:00 AM,Wychwood (94),NA,NA,0,0,Firearm Discharge,NA
GO-2020952313,5/23/2020 4:00:00 AM,Thorncliffe Park (55),NA,NA,0,2,Shooting,NA
GO-2020953569,5/23/2020 4:00:00 AM,Yorkdale-Glen Park (31),NA,NA,0,0,Firearm Discharge,NA
GO-2020960373,5/24/2020 4:00:00 AM,Greenwood-Coxwell (65),NA,NA,0,0,Firearm Discharge,NA
GO-2020959903,5/24/2020 4:00:00 AM,North St.James Town (74),NA,NA,0,0,Firearm Discharge,NA
GO-2020957438,5/24/2020 4:00:00 AM,Oakridge (121),NA,NA,0,1,Shooting,NA
GO-2020966697,5/25/2020 4:00:00 AM,Dorset Park (126),NA,NA,0,0,Firearm Discharge,NA
GO-2020982615,5/25/2020 4:00:00 AM,Black Creek (24),NA,NA,0,0,Firearm Discharge,NA
GO-2020971451,5/26/2020 4:00:00 AM,Wellington Place (164),NA,NA,1,2,Shooting,NA
GO-2020973347,5/26/2020 4:00:00 AM,Malvern East (146),NA,NA,0,1,Shooting,NA
GO-2020978994,5/27/2020 4:00:00 AM,South Parkdale (85),NA,NA,0,0,Firearm Discharge,NA
GO-2020978730,5/27/2020 4:00:00 AM,East End-Danforth (62),NA,NA,0,1,Shooting,NA
GO-2020983156,5/27/2020 4:00:00 AM,Glenfield-Jane Heights (25),NA,NA,0,0,Firearm Discharge,NA
GO-2020981128,5/28/2020 4:00:00 AM,Rustic (28),NA,NA,0,0,Firearm Discharge,NA
GO-2020984068,5/28/2020 4:00:00 AM,Glenfield-Jane Heights (25),NA,NA,0,0,Firearm Discharge,NA
GO-2020986875,5/28/2020 4:00:00 AM,Glenfield-Jane Heights (25),NA,NA,0,1,Shooting,NA
GO-2020988124,5/29/2020 4:00:00 AM,Glenfield-Jane Heights (25),NA,NA,0,0,Firearm Discharge,NA
GO-2020993900,5/30/2020 4:00:00 AM,Mount Olive-Silverstone-Jamestown (2),NA,NA,1,0,Shooting,NA
GO-20201020385,5/30/2020 4:00:00 AM,L'Amoreaux West (147),NA,NA,0,0,Firearm Discharge,NA
GO-20201005827,6/1/2020 4:00:00 AM,Glenfield-Jane Heights (25),NA,NA,0,0,Firearm Discharge,NA
GO-20201010845,6/1/2020 4:00:00 AM,East L'Amoreaux (148),NA,NA,0,1,Shooting,NA
GO-20201022651,6/3/2020 4:00:00 AM,Blake-Jones (69),NA,NA,0,0,Firearm Discharge,NA
GO-20201038148,6/5/2020 4:00:00 AM,Oakridge (121),NA,NA,0,0,Firearm Discharge,NA
GO-20201041652,6/6/2020 4:00:00 AM,Oakwood Village (107),NA,NA,0,0,Firearm Discharge,NA
GO-20201048310,6/7/2020 4:00:00 AM,Steeles (116),NA,NA,0,0,Firearm Discharge,NA
GO-20201050708,6/7/2020 4:00:00 AM,Centennial Scarborough (133),NA,NA,0,0,Firearm Discharge,NA
GO-20201045380,6/7/2020 4:00:00 AM,West Humber-Clairville (1),NA,NA,0,0,Firearm Discharge,NA
GO-20201063476,6/9/2020 4:00:00 AM,Thorncliffe Park (55),NA,NA,1,1,Shooting,NA
GO-20201064718,6/9/2020 4:00:00 AM,Oakdale-Beverley Heights (154),NA,NA,0,2,Shooting,NA
GO-20201084733,6/12/2020 4:00:00 AM,Englemount-Lawrence (32),NA,NA,0,0,Firearm Discharge,NA
GO-20201084266,6/12/2020 4:00:00 AM,Malvern West (145),NA,NA,0,1,Shooting,NA
GO-20201084762,6/12/2020 4:00:00 AM,Scarborough Village (139),NA,NA,0,0,Firearm Discharge,NA
GO-20201079155,6/12/2020 4:00:00 AM,Englemount-Lawrence (32),NA,NA,0,0,Firearm Discharge,NA
GO-20201091436,6/14/2020 4:00:00 AM,Rexdale-Kipling (4),NA,NA,0,0,Firearm Discharge,NA
GO-20201107893,6/16/2020 4:00:00 AM,St Lawrence-East Bayfront-The Islands (166),NA,NA,0,0,Firearm Discharge,NA
GO-20201110335,6/16/2020 4:00:00 AM,Morningside (135),NA,NA,0,0,Firearm Discharge,NA
GO-20201111288,6/17/2020 4:00:00 AM,Trinity-Bellwoods (81),NA,NA,0,0,Firearm Discharge,NA
GO-20201117519,6/17/2020 4:00:00 AM,Fenside-Parkwoods (150),NA,NA,0,1,Shooting,NA
GO-20201117830,6/17/2020 4:00:00 AM,Junction-Wallace Emerson (171),NA,NA,0,0,Firearm Discharge,NA
GO-20201125063,6/18/2020 4:00:00 AM,Downtown Yonge East (168),NA,NA,1,0,Shooting,NA
GO-20201121146,6/18/2020 4:00:00 AM,Pelmo Park-Humberlea (23),NA,NA,0,0,Firearm Discharge,NA
GO-20201127664,6/19/2020 4:00:00 AM,Corso Italia-Davenport (92),NA,NA,1,0,Shooting,NA
GO-20201132930,6/20/2020 4:00:00 AM,Downtown Yonge East (168),NA,NA,0,0,Firearm Discharge,NA
GO-20201141103,6/21/2020 4:00:00 AM,Malvern West (145),NA,NA,0,0,Firearm Discharge,NA
GO-20201139611,6/21/2020 4:00:00 AM,Tam O'Shanter-Sullivan (118),NA,NA,0,1,Shooting,NA
GO-20201150951,6/22/2020 4:00:00 AM,Yorkdale-Glen Park (31),NA,NA,0,0,Firearm Discharge,NA
GO-20201152428,6/23/2020 4:00:00 AM,Glenfield-Jane Heights (25),NA,NA,0,0,Firearm Discharge,NA
GO-20201168688,6/25/2020 4:00:00 AM,Glenfield-Jane Heights (25),NA,NA,0,0,Firearm Discharge,NA
GO-20201166299,6/25/2020 4:00:00 AM,Flemingdon Park (44),NA,NA,0,1,Shooting,NA
GO-20201187073,6/27/2020 4:00:00 AM,West Hill (136),NA,NA,0,0,Firearm Discharge,NA
GO-20201186615,6/27/2020 4:00:00 AM,Humber Summit (21),NA,NA,0,0,Firearm Discharge,NA
GO-20201213584,7/1/2020 4:00:00 AM,York University Heights (27),NA,NA,0,1,Shooting,NA
GO-20201213483,7/1/2020 4:00:00 AM,Eringate-Centennial-West Deane (11),NA,NA,0,0,Firearm Discharge,NA
GO-20201215086,7/1/2020 4:00:00 AM,Weston (113),NA,NA,0,0,Firearm Discharge,NA
GO-20201215118,7/1/2020 4:00:00 AM,Caledonia-Fairbank (109),NA,NA,0,0,Firearm Discharge,NA
GO-20201215557,7/2/2020 4:00:00 AM,Humber Bay Shores (161),NA,NA,0,0,Firearm Discharge,NA
GO-20201216349,7/2/2020 4:00:00 AM,Moss Park (73),NA,NA,0,0,Firearm Discharge,NA
GO-20201228666,7/3/2020 4:00:00 AM,Kensington-Chinatown (78),NA,NA,0,1,Shooting,NA
GO-20201233592,7/4/2020 4:00:00 AM,L'Amoreaux West (147),NA,NA,1,0,Shooting,NA
GO-20201262238,7/5/2020 4:00:00 AM,Malvern West (145),NA,NA,0,0,Firearm Discharge,NA
GO-20201242383,7/5/2020 4:00:00 AM,Malvern West (145),NA,NA,0,0,Firearm Discharge,NA
GO-20201251693,7/7/2020 4:00:00 AM,East Willowdale (152),NA,NA,0,1,Shooting,NA
GO-20201251620,7/7/2020 4:00:00 AM,Glenfield-Jane Heights (25),NA,NA,0,0,Firearm Discharge,NA
GO-20201259018,7/8/2020 4:00:00 AM,Englemount-Lawrence (32),NA,NA,0,0,Firearm Discharge,NA
GO-20201271617,7/9/2020 4:00:00 AM,Corso Italia-Davenport (92),NA,NA,0,0,Firearm Discharge,NA
GO-20201278229,7/10/2020 4:00:00 AM,Bendale-Glen Andrew (156),NA,NA,1,0,Shooting,NA
GO-20201279010,7/10/2020 4:00:00 AM,Flemingdon Park (44),NA,NA,0,0,Firearm Discharge,NA
GO-20201281439,7/10/2020 4:00:00 AM,Rockcliffe-Smythe (111),NA,NA,1,4,Shooting,NA
GO-20201281044,7/10/2020 4:00:00 AM,Victoria Village (43),NA,NA,0,0,Firearm Discharge,NA
GO-20201281509,7/10/2020 4:00:00 AM,Mount Olive-Silverstone-Jamestown (2),NA,NA,0,0,Firearm Discharge,NA
GO-20201282235,7/11/2020 4:00:00 AM,Parkwoods-O'Connor Hills (149),NA,NA,0,0,Firearm Discharge,NA
GO-20201282311,7/11/2020 4:00:00 AM,Scarborough Village (139),NA,NA,0,0,Firearm Discharge,NA
GO-20201288017,7/11/2020 4:00:00 AM,New Toronto (18),NA,NA,0,2,Shooting,NA
GO-20201289143,7/12/2020 4:00:00 AM,Junction-Wallace Emerson (171),NA,NA,0,1,Shooting,NA
GO-20201288438,7/12/2020 4:00:00 AM,Flemingdon Park (44),NA,NA,0,0,Firearm Discharge,NA
GO-20201301112,7/13/2020 4:00:00 AM,Glenfield-Jane Heights (25),NA,NA,0,3,Shooting,NA
GO-20201309311,7/15/2020 4:00:00 AM,Englemount-Lawrence (32),NA,NA,0,0,Firearm Discharge,NA
GO-20201309501,7/15/2020 4:00:00 AM,Bendale-Glen Andrew (156),NA,NA,0,0,Firearm Discharge,NA
GO-20201331135,7/17/2020 4:00:00 AM,Victoria Village (43),NA,NA,0,0,Firearm Discharge,NA
GO-20201335936,7/18/2020 4:00:00 AM,Mount Dennis (115),NA,NA,0,0,Firearm Discharge,NA
GO-20201332202,7/18/2020 4:00:00 AM,Thorncliffe Park (55),NA,NA,0,1,Shooting,NA
GO-20201331711,7/18/2020 4:00:00 AM,Newtonbrook West (36),NA,NA,0,0,Firearm Discharge,NA
GO-20201331384,7/18/2020 4:00:00 AM,Victoria Village (43),NA,NA,0,0,Firearm Discharge,NA
GO-20201339819,7/18/2020 4:00:00 AM,Oakwood Village (107),NA,NA,0,0,Firearm Discharge,NA
GO-20201340853,7/19/2020 4:00:00 AM,High Park-Swansea (87),NA,NA,0,0,Firearm Discharge,NA
GO-20201346655,7/20/2020 4:00:00 AM,West Rouge (143),NA,NA,0,1,Shooting,NA
GO-20201352369,7/21/2020 4:00:00 AM,Englemount-Lawrence (32),NA,NA,0,1,Shooting,NA
GO-20201365732,7/22/2020 4:00:00 AM,Rustic (28),NA,NA,0,1,Shooting,NA
GO-20201362068,7/22/2020 4:00:00 AM,Malvern East (146),NA,NA,0,1,Shooting,NA
GO-20201376926,7/24/2020 4:00:00 AM,Kensington-Chinatown (78),NA,NA,0,0,Firearm Discharge,NA
GO-20201380485,7/24/2020 4:00:00 AM,Newtonbrook West (36),NA,NA,0,0,Firearm Discharge,NA
GO-20201380440,7/24/2020 4:00:00 AM,Glenfield-Jane Heights (25),NA,NA,0,1,Shooting,NA
GO-20201381055,7/24/2020 4:00:00 AM,Mount Olive-Silverstone-Jamestown (2),NA,NA,0,0,Firearm Discharge,NA
GO-20201378110,7/24/2020 4:00:00 AM,Thorncliffe Park (55),NA,NA,0,0,Firearm Discharge,NA
GO-20201381949,7/25/2020 4:00:00 AM,Edenbridge-Humber Valley (9),NA,NA,0,0,Firearm Discharge,NA
GO-20201382946,7/25/2020 4:00:00 AM,Eglinton East (138),NA,NA,0,0,Firearm Discharge,NA
GO-20201387527,7/25/2020 4:00:00 AM,South Riverdale (70),NA,NA,0,1,Shooting,NA
GO-20201388311,7/26/2020 4:00:00 AM,O'Connor-Parkview (54),NA,NA,0,2,Shooting,NA
GO-20201401425,7/27/2020 4:00:00 AM,Regent Park (72),NA,NA,0,1,Shooting,NA
GO-20201394899,7/27/2020 4:00:00 AM,Morningside (135),NA,NA,0,0,Firearm Discharge,NA
GO-20201394919,7/27/2020 4:00:00 AM,Moss Park (73),NA,NA,0,1,Shooting,NA
GO-20201400800,7/27/2020 4:00:00 AM,Black Creek (24),NA,NA,0,1,Shooting,NA
GO-20201411020,7/28/2020 4:00:00 AM,Weston (113),NA,NA,0,0,Firearm Discharge,NA
GO-20201405466,7/28/2020 4:00:00 AM,Oakridge (121),NA,NA,0,1,Shooting,NA
GO-20201422924,7/30/2020 4:00:00 AM,Rustic (28),NA,NA,0,1,Shooting,NA
GO-20201430091,7/31/2020 4:00:00 AM,Englemount-Lawrence (32),NA,NA,0,0,Firearm Discharge,NA
GO-20201433636,8/1/2020 4:00:00 AM,South Riverdale (70),NA,NA,0,0,Firearm Discharge,NA
GO-20201436335,8/1/2020 4:00:00 AM,Junction-Wallace Emerson (171),NA,NA,0,0,Firearm Discharge,NA
GO-20201432187,8/1/2020 4:00:00 AM,Bathurst Manor (34),NA,NA,0,0,Firearm Discharge,NA
GO-20201438828,8/2/2020 4:00:00 AM,Black Creek (24),NA,NA,0,0,Firearm Discharge,NA
GO-20201438200,8/2/2020 4:00:00 AM,Eglinton East (138),NA,NA,0,0,Firearm Discharge,NA
GO-20201442950,8/2/2020 4:00:00 AM,Golfdale-Cedarbrae-Woburn (141),NA,NA,0,0,Firearm Discharge,NA
GO-20201439438,8/2/2020 4:00:00 AM,Mimico-Queensway (160),NA,NA,0,1,Shooting,NA
GO-20201442066,8/2/2020 4:00:00 AM,Kennedy Park (124),NA,NA,0,0,Firearm Discharge,NA
GO-20201445761,8/3/2020 4:00:00 AM,Rustic (28),NA,NA,0,0,Firearm Discharge,NA
GO-20201444572,8/3/2020 4:00:00 AM,Fort York-Liberty Village (163),NA,NA,0,0,Firearm Discharge,NA
GO-20201448384,8/3/2020 4:00:00 AM,York University Heights (27),NA,NA,0,0,Firearm Discharge,NA
GO-20201460533,8/5/2020 4:00:00 AM,Kensington-Chinatown (78),NA,NA,0,1,Shooting,NA
GO-20201464178,8/5/2020 4:00:00 AM,Wexford/Maryvale (119),NA,NA,0,0,Firearm Discharge,NA
GO-20201464000,8/5/2020 4:00:00 AM,Oakwood Village (107),NA,NA,0,1,Shooting,NA
GO-20201469489,8/6/2020 4:00:00 AM,Glenfield-Jane Heights (25),NA,NA,0,0,Firearm Discharge,NA
GO-20201480879,8/8/2020 4:00:00 AM,Wellington Place (164),NA,NA,0,0,Firearm Discharge,NA
GO-20201486448,8/9/2020 4:00:00 AM,Moss Park (73),NA,NA,0,0,Firearm Discharge,NA
GO-20201488418,8/9/2020 4:00:00 AM,West Humber-Clairville (1),NA,NA,0,0,Firearm Discharge,NA
GO-20201498020,8/10/2020 4:00:00 AM,Harbourfront-CityPlace (165),NA,NA,0,0,Firearm Discharge,NA
GO-20201498407,8/10/2020 4:00:00 AM,Regent Park (72),NA,NA,0,0,Firearm Discharge,NA
GO-20201506702,8/12/2020 4:00:00 AM,Eglinton East (138),NA,NA,1,0,Shooting,NA
GO-20201508656,8/12/2020 4:00:00 AM,West Humber-Clairville (1),NA,NA,0,1,Shooting,NA
GO-20201518923,8/13/2020 4:00:00 AM,Black Creek (24),NA,NA,0,0,Firearm Discharge,NA
GO-20201519044,8/13/2020 4:00:00 AM,Yorkdale-Glen Park (31),NA,NA,0,1,Shooting,NA
GO-20201514057,8/13/2020 4:00:00 AM,Corso Italia-Davenport (92),NA,NA,0,0,Firearm Discharge,NA
GO-20201514016,8/13/2020 4:00:00 AM,Rockcliffe-Smythe (111),NA,NA,0,0,Firearm Discharge,NA
GO-20201513873,8/13/2020 4:00:00 AM,East L'Amoreaux (148),NA,NA,0,2,Shooting,NA
GO-20201520957,8/14/2020 4:00:00 AM,Moss Park (73),NA,NA,0,0,Firearm Discharge,NA
GO-20201530235,8/15/2020 4:00:00 AM,Bendale South (157),NA,NA,0,0,Firearm Discharge,NA
GO-20201540039,8/16/2020 4:00:00 AM,Pelmo Park-Humberlea (23),NA,NA,0,1,Shooting,NA
GO-20201541728,8/17/2020 4:00:00 AM,Keelesdale-Eglinton West (110),NA,NA,0,1,Shooting,NA
GO-20201541835,8/17/2020 4:00:00 AM,Bedford Park-Nortown (39),NA,NA,0,0,Firearm Discharge,NA
GO-20201541717,8/17/2020 4:00:00 AM,Fenside-Parkwoods (150),NA,NA,0,0,Firearm Discharge,NA
GO-20201541395,8/17/2020 4:00:00 AM,Oakridge (121),NA,NA,0,1,Shooting,NA
GO-20201554093,8/18/2020 4:00:00 AM,West Humber-Clairville (1),NA,NA,0,0,Firearm Discharge,NA
GO-20201558138,8/18/2020 4:00:00 AM,St Lawrence-East Bayfront-The Islands (166),NA,NA,0,0,Firearm Discharge,NA
GO-20201555523,8/19/2020 4:00:00 AM,Rustic (28),NA,NA,0,1,Shooting,NA
GO-20201555698,8/19/2020 4:00:00 AM,Church-Wellesley (167),NA,NA,0,1,Shooting,NA
GO-20201560925,8/19/2020 4:00:00 AM,Mount Olive-Silverstone-Jamestown (2),NA,NA,0,2,Shooting,NA
GO-20201560993,8/19/2020 4:00:00 AM,Mount Olive-Silverstone-Jamestown (2),NA,NA,0,1,Shooting,NA
GO-20201555782,8/19/2020 4:00:00 AM,Weston (113),NA,NA,0,0,Firearm Discharge,NA
GO-20201555894,8/19/2020 4:00:00 AM,Eglinton East (138),NA,NA,0,0,Firearm Discharge,NA
GO-20201561477,8/19/2020 4:00:00 AM,Black Creek (24),NA,NA,0,3,Shooting,NA
GO-20201568746,8/20/2020 4:00:00 AM,Weston (113),NA,NA,0,0,Firearm Discharge,NA
GO-20201564702,8/20/2020 4:00:00 AM,Bendale-Glen Andrew (156),NA,NA,0,0,Firearm Discharge,NA
GO-20201568363,8/20/2020 4:00:00 AM,Avondale (153),NA,NA,1,0,Shooting,NA
GO-20201569974,8/21/2020 4:00:00 AM,Eglinton East (138),NA,NA,0,1,Shooting,NA
GO-20201570086,8/21/2020 4:00:00 AM,Bendale-Glen Andrew (156),NA,NA,0,0,Firearm Discharge,NA
GO-20201587728,8/22/2020 4:00:00 AM,Malvern West (145),NA,NA,0,0,Firearm Discharge,NA
GO-20201580315,8/22/2020 4:00:00 AM,St Lawrence-East Bayfront-The Islands (166),NA,NA,0,0,Firearm Discharge,NA
GO-20201589422,8/23/2020 4:00:00 AM,West Rouge (143),NA,NA,0,0,Firearm Discharge,NA
GO-20201588266,8/23/2020 4:00:00 AM,Etobicoke West Mall (13),NA,NA,0,0,Firearm Discharge,NA
GO-20201585075,8/23/2020 4:00:00 AM,Eringate-Centennial-West Deane (11),NA,NA,0,0,Firearm Discharge,NA
GO-20201604898,8/25/2020 4:00:00 AM,Bendale South (157),NA,NA,0,0,Firearm Discharge,NA
GO-20201598438,8/25/2020 4:00:00 AM,Eglinton East (138),NA,NA,0,0,Firearm Discharge,NA
GO-20201603867,8/25/2020 4:00:00 AM,New Toronto (18),NA,NA,0,0,Firearm Discharge,NA
GO-20201605969,8/26/2020 4:00:00 AM,Playter Estates-Danforth (67),NA,NA,0,1,Shooting,NA
GO-20201611751,8/26/2020 4:00:00 AM,Victoria Village (43),NA,NA,0,0,Firearm Discharge,NA
GO-20201609757,8/26/2020 4:00:00 AM,Morningside (135),NA,NA,0,1,Shooting,NA
GO-20201614593,8/26/2020 4:00:00 AM,Fenside-Parkwoods (150),NA,NA,0,0,Firearm Discharge,NA
GO-20201614884,8/26/2020 4:00:00 AM,York University Heights (27),NA,NA,0,0,Firearm Discharge,NA
GO-20201613759,8/27/2020 4:00:00 AM,Glenfield-Jane Heights (25),NA,NA,0,0,Firearm Discharge,NA
GO-20201618978,8/27/2020 4:00:00 AM,Eglinton East (138),NA,NA,0,2,Shooting,NA
GO-20201619480,8/27/2020 4:00:00 AM,Downsview (155),NA,NA,0,1,Shooting,NA
GO-20201624652,8/28/2020 4:00:00 AM,NSA,NA,NA,0,1,Shooting,NA
GO-20201624305,8/28/2020 4:00:00 AM,Glenfield-Jane Heights (25),NA,NA,0,2,Shooting,NA
GO-20201626085,8/28/2020 4:00:00 AM,Taylor-Massey (61),NA,NA,0,3,Shooting,NA
GO-20201633907,8/29/2020 4:00:00 AM,Dufferin Grove (83),NA,NA,0,1,Shooting,NA
GO-20201648800,9/1/2020 4:00:00 AM,Morningside (135),NA,NA,0,1,Shooting,NA
GO-20201655126,9/2/2020 4:00:00 AM,Golfdale-Cedarbrae-Woburn (141),NA,NA,0,0,Firearm Discharge,NA
GO-20201655784,9/2/2020 4:00:00 AM,York University Heights (27),NA,NA,1,0,Shooting,NA
GO-20201662133,9/2/2020 4:00:00 AM,Mount Olive-Silverstone-Jamestown (2),NA,NA,0,0,Firearm Discharge,NA
GO-20201660853,9/2/2020 4:00:00 AM,Yorkdale-Glen Park (31),NA,NA,0,1,Shooting,NA
GO-20201655391,9/2/2020 4:00:00 AM,Oakwood Village (107),NA,NA,0,6,Shooting,NA
GO-20201662411,9/3/2020 4:00:00 AM,Yorkdale-Glen Park (31),NA,NA,0,0,Firearm Discharge,NA
GO-20201662874,9/3/2020 4:00:00 AM,York University Heights (27),NA,NA,0,0,Firearm Discharge,NA
GO-20201663031,9/3/2020 4:00:00 AM,Dufferin Grove (83),NA,NA,0,0,Firearm Discharge,NA
GO-20201663136,9/3/2020 4:00:00 AM,Bayview Woods-Steeles (49),NA,NA,0,0,Firearm Discharge,NA
GO-20201669782,9/4/2020 4:00:00 AM,Black Creek (24),NA,NA,0,1,Shooting,NA
GO-20201693020,9/7/2020 4:00:00 AM,Glenfield-Jane Heights (25),NA,NA,0,0,Firearm Discharge,NA
GO-20201690636,9/7/2020 4:00:00 AM,Guildwood (140),NA,NA,0,0,Firearm Discharge,NA
GO-20201690854,9/7/2020 4:00:00 AM,Westminster-Branson (35),NA,NA,0,0,Firearm Discharge,NA
GO-20201696860,9/8/2020 4:00:00 AM,New Toronto (18),NA,NA,0,1,Shooting,NA
GO-20201709776,9/9/2020 4:00:00 AM,Willowridge-Martingrove-Richview (7),NA,NA,0,0,Firearm Discharge,NA
GO-20201704041,9/9/2020 4:00:00 AM,L'Amoreaux West (147),NA,NA,0,0,Firearm Discharge,NA
GO-20201710402,9/9/2020 4:00:00 AM,Dufferin Grove (83),NA,NA,0,0,Firearm Discharge,NA
GO-20201709842,9/9/2020 4:00:00 AM,Clanton Park (33),NA,NA,0,2,Shooting,NA
GO-20201703535,9/9/2020 4:00:00 AM,Malvern East (146),NA,NA,0,0,Firearm Discharge,NA
GO-20201713867,9/10/2020 4:00:00 AM,Rockcliffe-Smythe (111),NA,NA,1,0,Shooting,NA
GO-20201724754,9/11/2020 4:00:00 AM,York University Heights (27),NA,NA,0,0,Firearm Discharge,NA
GO-20201725089,9/12/2020 4:00:00 AM,Black Creek (24),NA,NA,0,0,Firearm Discharge,NA
GO-20201752100,9/15/2020 4:00:00 AM,Glenfield-Jane Heights (25),NA,NA,0,1,Shooting,NA
GO-20201765551,9/17/2020 4:00:00 AM,Weston-Pelham Park (91),NA,NA,0,0,Firearm Discharge,NA
GO-20201767683,9/18/2020 4:00:00 AM,Rockcliffe-Smythe (111),NA,NA,0,0,Firearm Discharge,NA
GO-20201774977,9/19/2020 4:00:00 AM,Steeles (116),NA,NA,0,0,Firearm Discharge,NA
GO-20201786596,9/20/2020 4:00:00 AM,Malvern East (146),NA,NA,1,0,Shooting,NA
GO-20201795293,9/21/2020 4:00:00 AM,Black Creek (24),NA,NA,0,0,Firearm Discharge,NA
GO-20201795480,9/21/2020 4:00:00 AM,Mount Olive-Silverstone-Jamestown (2),NA,NA,0,0,Firearm Discharge,NA
GO-20201795982,9/22/2020 4:00:00 AM,Malvern East (146),NA,NA,0,0,Firearm Discharge,NA
GO-20201802634,9/22/2020 4:00:00 AM,Oakdale-Beverley Heights (154),NA,NA,0,1,Shooting,NA
GO-20201810011,9/23/2020 4:00:00 AM,Mount Olive-Silverstone-Jamestown (2),NA,NA,0,0,Firearm Discharge,NA
GO-20201810247,9/23/2020 4:00:00 AM,Golfdale-Cedarbrae-Woburn (141),NA,NA,0,0,Firearm Discharge,NA
GO-20201816857,9/24/2020 4:00:00 AM,Black Creek (24),NA,NA,1,1,Shooting,NA
GO-20201816074,9/24/2020 4:00:00 AM,Black Creek (24),NA,NA,0,0,Firearm Discharge,NA
GO-20201816538,9/24/2020 4:00:00 AM,West Hill (136),NA,NA,0,1,Shooting,NA
GO-20201817133,9/24/2020 4:00:00 AM,Glenfield-Jane Heights (25),NA,NA,0,1,Shooting,NA
GO-20201818399,9/25/2020 4:00:00 AM,York University Heights (27),NA,NA,0,0,Firearm Discharge,NA
GO-20201832337,9/26/2020 4:00:00 AM,Yorkdale-Glen Park (31),NA,NA,0,0,Firearm Discharge,NA
GO-20201831863,9/26/2020 4:00:00 AM,Newtonbrook West (36),NA,NA,0,1,Shooting,NA
GO-20201830909,9/26/2020 4:00:00 AM,Glenfield-Jane Heights (25),NA,NA,0,2,Shooting,NA
GO-20201831970,9/26/2020 4:00:00 AM,York University Heights (27),NA,NA,0,0,Firearm Discharge,NA
GO-20201833715,9/27/2020 4:00:00 AM,Clanton Park (33),NA,NA,0,0,Firearm Discharge,NA
GO-20201838773,9/27/2020 4:00:00 AM,Black Creek (24),NA,NA,1,0,Shooting,NA
GO-20201839529,9/27/2020 4:00:00 AM,Humbermede (22),NA,NA,0,0,Firearm Discharge,NA
GO-20201833681,9/27/2020 4:00:00 AM,South Riverdale (70),NA,NA,0,1,Shooting,NA
GO-20201838399,9/27/2020 4:00:00 AM,Mount Olive-Silverstone-Jamestown (2),NA,NA,1,1,Shooting,NA
GO-20201854285,9/29/2020 4:00:00 AM,Regent Park (72),NA,NA,0,0,Firearm Discharge,NA
GO-20201847802,9/29/2020 4:00:00 AM,Wexford/Maryvale (119),NA,NA,0,0,Firearm Discharge,NA
GO-20201853895,9/29/2020 4:00:00 AM,Glenfield-Jane Heights (25),NA,NA,0,0,Firearm Discharge,NA
GO-20201853696,9/29/2020 4:00:00 AM,Bendale-Glen Andrew (156),NA,NA,0,1,Shooting,NA
GO-20201861632,9/30/2020 4:00:00 AM,Bendale-Glen Andrew (156),NA,NA,0,0,Firearm Discharge,NA
GO-20201863629,10/1/2020 4:00:00 AM,Weston (113),NA,NA,1,0,Shooting,NA
GO-20201868950,10/2/2020 4:00:00 AM,Eglinton East (138),NA,NA,0,0,Firearm Discharge,NA
GO-20201876749,10/3/2020 4:00:00 AM,Downsview (155),NA,NA,1,2,Shooting,NA
GO-20201880150,10/3/2020 4:00:00 AM,Lansing-Westgate (38),NA,NA,0,1,Shooting,NA
GO-20201887687,10/4/2020 4:00:00 AM,Golfdale-Cedarbrae-Woburn (141),NA,NA,0,0,Firearm Discharge,NA
GO-20201895534,10/6/2020 4:00:00 AM,Greenwood-Coxwell (65),NA,NA,0,0,Firearm Discharge,NA
GO-20201903089,10/7/2020 4:00:00 AM,Eglinton East (138),NA,NA,0,0,Firearm Discharge,NA
GO-20201908230,10/7/2020 4:00:00 AM,Englemount-Lawrence (32),NA,NA,1,0,Shooting,NA
GO-20201912250,10/8/2020 4:00:00 AM,Weston-Pelham Park (91),NA,NA,0,0,Firearm Discharge,NA
GO-20201908940,10/8/2020 4:00:00 AM,Blake-Jones (69),NA,NA,0,0,Firearm Discharge,NA
GO-20201908577,10/8/2020 4:00:00 AM,Glenfield-Jane Heights (25),NA,NA,0,0,Firearm Discharge,NA
GO-20201912354,10/8/2020 4:00:00 AM,Humbermede (22),NA,NA,0,0,Firearm Discharge,NA
GO-20201908973,10/8/2020 4:00:00 AM,Glenfield-Jane Heights (25),NA,NA,0,0,Firearm Discharge,NA
GO-20201926179,10/10/2020 4:00:00 AM,Glenfield-Jane Heights (25),NA,NA,0,0,Firearm Discharge,NA
GO-20201929675,10/11/2020 4:00:00 AM,Henry Farm (53),NA,NA,0,0,Firearm Discharge,NA
GO-20201938664,10/12/2020 4:00:00 AM,Beechborough-Greenbrook (112),NA,NA,0,0,Firearm Discharge,NA
GO-20201935558,10/12/2020 4:00:00 AM,East Willowdale (152),NA,NA,0,0,Firearm Discharge,NA
GO-20201940878,10/13/2020 4:00:00 AM,Harbourfront-CityPlace (165),NA,NA,0,0,Firearm Discharge,NA
GO-20201951984,10/14/2020 4:00:00 AM,Black Creek (24),NA,NA,0,0,Firearm Discharge,NA
GO-20201960968,10/15/2020 4:00:00 AM,Black Creek (24),NA,NA,0,0,Firearm Discharge,NA
GO-20201963267,10/16/2020 4:00:00 AM,West Hill (136),NA,NA,0,1,Shooting,NA
GO-20201968941,10/17/2020 4:00:00 AM,Islington (158),NA,NA,0,0,Firearm Discharge,NA
GO-20201987459,10/20/2020 4:00:00 AM,Regent Park (72),NA,NA,0,0,Firearm Discharge,NA
GO-20201994285,10/21/2020 4:00:00 AM,Banbury-Don Mills (42),NA,NA,0,0,Firearm Discharge,NA
GO-20202001076,10/22/2020 4:00:00 AM,Dorset Park (126),NA,NA,0,0,Firearm Discharge,NA
GO-20202016445,10/24/2020 4:00:00 AM,Golfdale-Cedarbrae-Woburn (141),NA,NA,0,0,Firearm Discharge,NA
GO-20202020745,10/24/2020 4:00:00 AM,South Eglinton-Davisville (174),NA,NA,0,1,Shooting,NA
GO-20202026517,10/25/2020 4:00:00 AM,Oakridge (121),NA,NA,1,0,Shooting,NA
GO-20202049276,10/28/2020 4:00:00 AM,Glenfield-Jane Heights (25),NA,NA,0,0,Firearm Discharge,NA
GO-20202061108,10/30/2020 4:00:00 AM,Humber Summit (21),NA,NA,0,0,Firearm Discharge,NA
GO-20202082087,11/2/2020 5:00:00 AM,West Hill (136),NA,NA,0,0,Firearm Discharge,NA
GO-20202082577,11/2/2020 5:00:00 AM,L'Amoreaux West (147),NA,NA,0,0,Firearm Discharge,NA
GO-20202081634,11/2/2020 5:00:00 AM,Glenfield-Jane Heights (25),NA,NA,0,0,Firearm Discharge,NA
GO-20202086474,11/3/2020 5:00:00 AM,Glenfield-Jane Heights (25),NA,NA,0,0,Firearm Discharge,NA
GO-20202096368,11/4/2020 5:00:00 AM,Black Creek (24),NA,NA,0,1,Shooting,NA
GO-20202114189,11/7/2020 5:00:00 AM,Black Creek (24),NA,NA,1,3,Shooting,NA
GO-20202116740,11/7/2020 5:00:00 AM,Tam O'Shanter-Sullivan (118),NA,NA,0,0,Firearm Discharge,NA
GO-20202121737,11/8/2020 5:00:00 AM,Trinity-Bellwoods (81),NA,NA,0,1,Shooting,NA
GO-20202137595,11/10/2020 5:00:00 AM,Rockcliffe-Smythe (111),NA,NA,0,1,Shooting,NA
GO-20202150380,11/12/2020 5:00:00 AM,Mount Olive-Silverstone-Jamestown (2),NA,NA,0,1,Shooting,NA
GO-20202150143,11/12/2020 5:00:00 AM,East L'Amoreaux (148),NA,NA,0,1,Shooting,NA
GO-20202156338,11/13/2020 5:00:00 AM,High Park-Swansea (87),NA,NA,0,0,Firearm Discharge,NA
GO-20202157588,11/13/2020 5:00:00 AM,Golfdale-Cedarbrae-Woburn (141),NA,NA,0,0,Firearm Discharge,NA
GO-20202157734,11/13/2020 5:00:00 AM,Englemount-Lawrence (32),NA,NA,0,0,Firearm Discharge,NA
GO-20202165537,11/15/2020 5:00:00 AM,Yorkdale-Glen Park (31),NA,NA,0,0,Firearm Discharge,NA
GO-20202203303,11/20/2020 5:00:00 AM,Eglinton East (138),NA,NA,0,0,Firearm Discharge,NA
GO-20202210824,11/21/2020 5:00:00 AM,Agincourt North (129),NA,NA,0,0,Firearm Discharge,NA
GO-20202216421,11/22/2020 5:00:00 AM,Morningside Heights (144),NA,NA,0,0,Firearm Discharge,NA
GO-20202226841,11/24/2020 5:00:00 AM,Weston-Pelham Park (91),NA,NA,0,1,Shooting,NA
GO-20202228349,11/24/2020 5:00:00 AM,Willowridge-Martingrove-Richview (7),NA,NA,0,0,Firearm Discharge,NA
GO-20202236318,11/26/2020 5:00:00 AM,Victoria Village (43),NA,NA,0,0,Firearm Discharge,NA
GO-20202249943,11/28/2020 5:00:00 AM,East End-Danforth (62),NA,NA,0,1,Shooting,NA
GO-20202249359,11/28/2020 5:00:00 AM,Black Creek (24),NA,NA,0,1,Shooting,NA
GO-20202259962,11/29/2020 5:00:00 AM,Roncesvalles (86),NA,NA,0,0,Firearm Discharge,NA
GO-20202271563,12/1/2020 5:00:00 AM,Yorkdale-Glen Park (31),NA,NA,1,1,Shooting,NA
GO-20202273410,12/1/2020 5:00:00 AM,Pelmo Park-Humberlea (23),NA,NA,0,0,Firearm Discharge,NA
GO-20202280145,12/2/2020 5:00:00 AM,Mount Olive-Silverstone-Jamestown (2),NA,NA,0,0,Firearm Discharge,NA
GO-20202294251,12/5/2020 5:00:00 AM,Glenfield-Jane Heights (25),NA,NA,0,0,Firearm Discharge,NA
GO-20202301787,12/6/2020 5:00:00 AM,Downsview (155),NA,NA,0,1,Shooting,NA
GO-20202348854,12/11/2020 5:00:00 AM,Willowridge-Martingrove-Richview (7),NA,NA,0,0,Firearm Discharge,NA
GO-20202340154,12/12/2020 5:00:00 AM,Kensington-Chinatown (78),NA,NA,0,1,Shooting,NA
GO-20202345222,12/12/2020 5:00:00 AM,Golfdale-Cedarbrae-Woburn (141),NA,NA,0,2,Shooting,NA
GO-20202349261,12/13/2020 5:00:00 AM,Morningside (135),NA,NA,0,1,Shooting,NA
GO-20202352284,12/14/2020 5:00:00 AM,Milliken (130),NA,NA,0,0,Firearm Discharge,NA
GO-20202361007,12/15/2020 5:00:00 AM,Oakdale-Beverley Heights (154),NA,NA,0,0,Firearm Discharge,NA
GO-20202369398,12/16/2020 5:00:00 AM,Morningside Heights (144),NA,NA,0,1,Shooting,NA
GO-20202364388,12/16/2020 5:00:00 AM,Yorkdale-Glen Park (31),NA,NA,0,0,Firearm Discharge,NA
GO-20202390138,12/20/2020 5:00:00 AM,Taylor-Massey (61),NA,NA,0,0,Firearm Discharge,NA
GO-20202395798,12/21/2020 5:00:00 AM,Pleasant View (46),NA,NA,0,0,Firearm Discharge,NA
GO-20202411925,12/23/2020 5:00:00 AM,Taylor-Massey (61),NA,NA,0,1,Shooting,NA
GO-20202417151,12/24/2020 5:00:00 AM,Thorncliffe Park (55),NA,NA,0,0,Firearm Discharge,NA
GO-20202420544,12/25/2020 5:00:00 AM,Kingsview Village-The Westway (6),NA,NA,0,0,Firearm Discharge,NA
GO-20202436606,12/28/2020 5:00:00 AM,West Hill (136),NA,NA,0,1,Shooting,NA
GO-20202438829,12/28/2020 5:00:00 AM,Weston-Pelham Park (91),NA,NA,0,0,Firearm Discharge,NA
GO-20202458031,12/31/2020 5:00:00 AM,Corso Italia-Davenport (92),NA,NA,0,1,Shooting,NA
GO-20211449,1/1/2021 5:00:00 AM,Fort York-Liberty Village (163),NA,NA,0,1,Shooting,NA
GO-2021945,1/1/2021 5:00:00 AM,Scarborough Village (139),NA,NA,0,0,Firearm Discharge,NA
GO-2021160,1/1/2021 5:00:00 AM,Rockcliffe-Smythe (111),NA,NA,0,0,Firearm Discharge,NA
GO-20214646,1/1/2021 5:00:00 AM,Oakwood Village (107),NA,NA,0,1,Shooting,NA
GO-202111003,1/2/2021 5:00:00 AM,Kingsview Village-The Westway (6),NA,NA,0,0,Firearm Discharge,NA
GO-20219451,1/2/2021 5:00:00 AM,Golfdale-Cedarbrae-Woburn (141),NA,NA,0,2,Shooting,NA
GO-202117104,1/4/2021 5:00:00 AM,Yorkdale-Glen Park (31),NA,NA,0,0,Firearm Discharge,NA
GO-202119132,1/4/2021 5:00:00 AM,Milliken (130),NA,NA,0,0,Firearm Discharge,NA
GO-202136815,1/6/2021 5:00:00 AM,East Willowdale (152),NA,NA,0,0,Firearm Discharge,NA
GO-202140069,1/7/2021 5:00:00 AM,Malvern East (146),NA,NA,0,1,Shooting,NA
GO-202142189,1/7/2021 5:00:00 AM,NSA,NA,NA,0,0,Firearm Discharge,NA
GO-202153235,1/9/2021 5:00:00 AM,Humber Summit (21),NA,NA,0,0,Firearm Discharge,NA
GO-202158616,1/10/2021 5:00:00 AM,Willowridge-Martingrove-Richview (7),NA,NA,0,0,Firearm Discharge,NA
GO-202181743,1/13/2021 5:00:00 AM,Rexdale-Kipling (4),NA,NA,0,0,Firearm Discharge,NA
GO-202195048,1/15/2021 5:00:00 AM,Elms-Old Rexdale (5),NA,NA,0,0,Firearm Discharge,NA
GO-2021105728,1/17/2021 5:00:00 AM,Humber Summit (21),NA,NA,1,0,Shooting,NA
GO-2021101737,1/17/2021 5:00:00 AM,Englemount-Lawrence (32),NA,NA,0,0,Firearm Discharge,NA
GO-2021125831,1/20/2021 5:00:00 AM,Glenfield-Jane Heights (25),NA,NA,0,1,Shooting,NA
GO-2021126801,1/20/2021 5:00:00 AM,Lansing-Westgate (38),NA,NA,0,0,Firearm Discharge,NA
GO-2021133150,1/21/2021 5:00:00 AM,York University Heights (27),NA,NA,1,0,Shooting,NA
GO-2021126831,1/21/2021 5:00:00 AM,Bayview Village (52),NA,NA,0,0,Firearm Discharge,NA
GO-2021140872,1/23/2021 5:00:00 AM,Maple Leaf (29),NA,NA,0,1,Shooting,NA
GO-2021148394,1/24/2021 5:00:00 AM,Humber Heights-Westmount (8),NA,NA,0,0,Firearm Discharge,NA
GO-2021173024,1/28/2021 5:00:00 AM,Yorkdale-Glen Park (31),NA,NA,0,0,Firearm Discharge,NA
GO-2021185744,1/29/2021 5:00:00 AM,Rosedale-Moore Park (98),NA,NA,1,1,Shooting,NA
GO-2021195452,1/30/2021 5:00:00 AM,Lansing-Westgate (38),NA,NA,0,0,Firearm Discharge,NA
GO-2021198314,1/31/2021 5:00:00 AM,Rustic (28),NA,NA,1,0,Shooting,NA
GO-2021212441,2/3/2021 5:00:00 AM,Regent Park (72),NA,NA,0,3,Shooting,NA
GO-2021238843,2/6/2021 5:00:00 AM,Malvern West (145),NA,NA,1,1,Shooting,NA
GO-2021250265,2/8/2021 5:00:00 AM,Wexford/Maryvale (119),NA,NA,1,0,Shooting,NA
GO-2021251003,2/8/2021 5:00:00 AM,Yorkdale-Glen Park (31),NA,NA,1,0,Shooting,NA
GO-2021257693,2/9/2021 5:00:00 AM,East End-Danforth (62),NA,NA,1,0,Shooting,NA
GO-2021264246,2/10/2021 5:00:00 AM,Banbury-Don Mills (42),NA,NA,0,0,Firearm Discharge,NA
GO-2021262459,2/10/2021 5:00:00 AM,South Riverdale (70),NA,NA,0,1,Shooting,NA
GO-2021264572,2/10/2021 5:00:00 AM,Humber Heights-Westmount (8),NA,NA,0,0,Firearm Discharge,NA
GO-2021272244,2/12/2021 5:00:00 AM,Humbermede (22),NA,NA,0,1,Shooting,NA
GO-2021272047,2/12/2021 5:00:00 AM,Black Creek (24),NA,NA,0,1,Shooting,NA
GO-2021277195,2/12/2021 5:00:00 AM,Willowridge-Martingrove-Richview (7),NA,NA,1,0,Shooting,NA
GO-2021284280,2/13/2021 5:00:00 AM,Playter Estates-Danforth (67),NA,NA,0,1,Shooting,NA
GO-2021294063,2/15/2021 5:00:00 AM,Black Creek (24),NA,NA,0,0,Firearm Discharge,NA
GO-2021297955,2/15/2021 5:00:00 AM,Tam O'Shanter-Sullivan (118),NA,NA,0,0,Firearm Discharge,NA
GO-2021328196,2/20/2021 5:00:00 AM,Harbourfront-CityPlace (165),NA,NA,0,1,Shooting,NA
GO-2021347016,2/23/2021 5:00:00 AM,Taylor-Massey (61),NA,NA,0,0,Firearm Discharge,NA
GO-2021366481,2/25/2021 5:00:00 AM,Wychwood (94),NA,NA,0,0,Firearm Discharge,NA
GO-2021399849,3/3/2021 5:00:00 AM,Oakdale-Beverley Heights (154),NA,NA,0,0,Firearm Discharge,NA
GO-2021420574,3/6/2021 5:00:00 AM,Bendale South (157),NA,NA,0,0,Firearm Discharge,NA
GO-2021415713,3/6/2021 5:00:00 AM,Harbourfront-CityPlace (165),NA,NA,0,0,Firearm Discharge,NA
GO-2021448580,3/10/2021 5:00:00 AM,Church-Wellesley (167),NA,NA,0,0,Firearm Discharge,NA
GO-2021445094,3/10/2021 5:00:00 AM,Oakwood Village (107),NA,NA,0,0,Firearm Discharge,NA
GO-2021442895,3/10/2021 5:00:00 AM,Eglinton East (138),NA,NA,0,0,Firearm Discharge,NA
GO-2021449047,3/10/2021 5:00:00 AM,Elms-Old Rexdale (5),NA,NA,0,0,Firearm Discharge,NA
GO-2021446994,3/10/2021 5:00:00 AM,Bendale-Glen Andrew (156),NA,NA,0,0,Firearm Discharge,NA
GO-2021456465,3/12/2021 5:00:00 AM,Mount Olive-Silverstone-Jamestown (2),NA,NA,0,0,Firearm Discharge,NA
GO-2021461385,3/12/2021 5:00:00 AM,Dovercourt Village (172),NA,NA,0,0,Firearm Discharge,NA
GO-2021465833,3/13/2021 5:00:00 AM,Taylor-Massey (61),NA,NA,0,0,Firearm Discharge,NA
GO-2021465953,3/13/2021 5:00:00 AM,Maple Leaf (29),NA,NA,0,0,Firearm Discharge,NA
GO-2021493970,3/17/2021 4:00:00 AM,Agincourt South-Malvern West (128),NA,NA,0,0,Firearm Discharge,NA
GO-2021495650,3/17/2021 4:00:00 AM,Humber Heights-Westmount (8),NA,NA,0,1,Shooting,NA
GO-2021492537,3/17/2021 4:00:00 AM,Yorkdale-Glen Park (31),NA,NA,0,0,Firearm Discharge,NA
GO-2021493792,3/17/2021 4:00:00 AM,New Toronto (18),NA,NA,0,1,Shooting,NA
GO-2021507356,3/19/2021 4:00:00 AM,Parkwoods-O'Connor Hills (149),NA,NA,0,0,Firearm Discharge,NA
GO-2021504277,3/19/2021 4:00:00 AM,Bendale-Glen Andrew (156),NA,NA,0,0,Firearm Discharge,NA
GO-2021516567,3/20/2021 4:00:00 AM,North St.James Town (74),NA,NA,0,1,Shooting,NA
GO-2021523064,3/21/2021 4:00:00 AM,Beechborough-Greenbrook (112),NA,NA,0,1,Shooting,NA
GO-2021531674,3/23/2021 4:00:00 AM,Banbury-Don Mills (42),NA,NA,0,0,Firearm Discharge,NA
GO-2021531745,3/23/2021 4:00:00 AM,Rockcliffe-Smythe (111),NA,NA,0,0,Firearm Discharge,NA
GO-2021545698,3/25/2021 4:00:00 AM,Eglinton East (138),NA,NA,0,0,Firearm Discharge,NA
GO-2021559816,3/27/2021 4:00:00 AM,Weston-Pelham Park (91),NA,NA,0,0,Firearm Discharge,NA
GO-2021560413,3/27/2021 4:00:00 AM,Dorset Park (126),NA,NA,0,0,Firearm Discharge,NA
GO-2021579441,3/30/2021 4:00:00 AM,New Toronto (18),NA,NA,0,1,Shooting,NA
GO-2021578802,3/30/2021 4:00:00 AM,Junction-Wallace Emerson (171),NA,NA,0,1,Shooting,NA
GO-2021593321,3/31/2021 4:00:00 AM,Mount Olive-Silverstone-Jamestown (2),NA,NA,0,2,Shooting,NA
GO-2021593098,3/31/2021 4:00:00 AM,Black Creek (24),NA,NA,0,0,Firearm Discharge,NA
GO-2021592753,3/31/2021 4:00:00 AM,Glenfield-Jane Heights (25),NA,NA,0,1,Shooting,NA
GO-2021611765,4/3/2021 4:00:00 AM,Humber Heights-Westmount (8),NA,NA,1,1,Shooting,NA
GO-2021613646,4/4/2021 4:00:00 AM,Black Creek (24),NA,NA,0,0,Firearm Discharge,NA
GO-2021613748,4/4/2021 4:00:00 AM,Elms-Old Rexdale (5),NA,NA,0,0,Firearm Discharge,NA
GO-2021629667,4/6/2021 4:00:00 AM,Beechborough-Greenbrook (112),NA,NA,0,1,Shooting,NA
GO-2021633051,4/6/2021 4:00:00 AM,Weston (113),NA,NA,0,1,Shooting,NA
GO-2021646570,4/8/2021 4:00:00 AM,Elms-Old Rexdale (5),NA,NA,0,0,Firearm Discharge,NA
GO-2021647370,4/8/2021 4:00:00 AM,Fenside-Parkwoods (150),NA,NA,0,0,Firearm Discharge,NA
GO-2021640442,4/8/2021 4:00:00 AM,Tam O'Shanter-Sullivan (118),NA,NA,0,1,Shooting,NA
GO-2021645534,4/8/2021 4:00:00 AM,Kensington-Chinatown (78),NA,NA,0,0,Firearm Discharge,NA
GO-2021654202,4/9/2021 4:00:00 AM,Mount Olive-Silverstone-Jamestown (2),NA,NA,0,1,Shooting,NA
GO-2021661491,4/10/2021 4:00:00 AM,Glenfield-Jane Heights (25),NA,NA,0,1,Shooting,NA
GO-2021661434,4/10/2021 4:00:00 AM,Glenfield-Jane Heights (25),NA,NA,0,1,Shooting,NA
GO-2021659633,4/10/2021 4:00:00 AM,Golfdale-Cedarbrae-Woburn (141),NA,NA,0,0,Firearm Discharge,NA
GO-2021662316,4/11/2021 4:00:00 AM,Mount Olive-Silverstone-Jamestown (2),NA,NA,0,1,Shooting,NA
GO-2021665928,4/11/2021 4:00:00 AM,Bathurst Manor (34),NA,NA,0,1,Shooting,NA
GO-2021665802,4/11/2021 4:00:00 AM,Glenfield-Jane Heights (25),NA,NA,0,0,Firearm Discharge,NA
GO-2021687214,4/14/2021 4:00:00 AM,York University Heights (27),NA,NA,0,0,Firearm Discharge,NA
GO-2021687954,4/14/2021 4:00:00 AM,Glenfield-Jane Heights (25),NA,NA,0,1,Shooting,NA
GO-2021699306,4/15/2021 4:00:00 AM,Glenfield-Jane Heights (25),NA,NA,0,0,Firearm Discharge,NA
GO-2021692802,4/15/2021 4:00:00 AM,Dovercourt Village (172),NA,NA,0,0,Firearm Discharge,NA
GO-2021688940,4/15/2021 4:00:00 AM,Agincourt South-Malvern West (128),NA,NA,0,0,Firearm Discharge,NA
GO-2021700719,4/16/2021 4:00:00 AM,Rustic (28),NA,NA,1,0,Shooting,NA
GO-2021695153,4/16/2021 4:00:00 AM,Bedford Park-Nortown (39),NA,NA,0,0,Firearm Discharge,NA
GO-2021706458,4/17/2021 4:00:00 AM,New Toronto (18),NA,NA,0,1,Shooting,NA
GO-2021715403,4/17/2021 4:00:00 AM,Mount Olive-Silverstone-Jamestown (2),NA,NA,0,0,Firearm Discharge,NA
GO-2021728546,4/21/2021 4:00:00 AM,High Park-Swansea (87),NA,NA,0,0,Firearm Discharge,NA
GO-2021739152,4/22/2021 4:00:00 AM,Black Creek (24),NA,NA,0,0,Firearm Discharge,NA
GO-2021741765,4/23/2021 4:00:00 AM,Weston (113),NA,NA,0,0,Firearm Discharge,NA
GO-2021755485,4/25/2021 4:00:00 AM,Glenfield-Jane Heights (25),NA,NA,0,1,Shooting,NA
GO-2021775037,4/27/2021 4:00:00 AM,Milliken (130),NA,NA,0,0,Firearm Discharge,NA
GO-2021789135,4/29/2021 4:00:00 AM,Golfdale-Cedarbrae-Woburn (141),NA,NA,0,0,Firearm Discharge,NA
GO-2021905395,5/2/2021 4:00:00 AM,Edenbridge-Humber Valley (9),NA,NA,0,0,Firearm Discharge,NA
GO-2021815070,5/3/2021 4:00:00 AM,West Rouge (143),NA,NA,0,0,Firearm Discharge,NA
GO-2021810597,5/3/2021 4:00:00 AM,Long Branch (19),NA,NA,0,1,Shooting,NA
GO-2021809635,5/3/2021 4:00:00 AM,Oakdale-Beverley Heights (154),NA,NA,0,0,Firearm Discharge,NA
GO-2021826881,5/5/2021 4:00:00 AM,Islington (158),NA,NA,0,1,Shooting,NA
GO-2021848239,5/8/2021 4:00:00 AM,Thistletown-Beaumond Heights (3),NA,NA,0,0,Firearm Discharge,NA
GO-2021846540,5/8/2021 4:00:00 AM,Clairlea-Birchmount (120),NA,NA,0,0,Firearm Discharge,NA
GO-2021865970,5/11/2021 4:00:00 AM,Blake-Jones (69),NA,NA,0,0,Firearm Discharge,NA
GO-2021872844,5/12/2021 4:00:00 AM,High Park-Swansea (87),NA,NA,0,0,Firearm Discharge,NA
GO-2021889605,5/14/2021 4:00:00 AM,Bayview Village (52),NA,NA,0,0,Firearm Discharge,NA
GO-2021895109,5/15/2021 4:00:00 AM,Rockcliffe-Smythe (111),NA,NA,0,0,Firearm Discharge,NA
GO-2021904598,5/16/2021 4:00:00 AM,Willowridge-Martingrove-Richview (7),NA,NA,1,3,Shooting,NA
GO-2021905192,5/16/2021 4:00:00 AM,East End-Danforth (62),NA,NA,0,1,Shooting,NA
GO-2021904318,5/16/2021 4:00:00 AM,Wexford/Maryvale (119),NA,NA,0,1,Shooting,NA
GO-2021902423,5/16/2021 4:00:00 AM,Eglinton East (138),NA,NA,0,0,Firearm Discharge,NA
GO-2021908467,5/17/2021 4:00:00 AM,Steeles (116),NA,NA,0,0,Firearm Discharge,NA
GO-2021914877,5/17/2021 4:00:00 AM,Weston-Pelham Park (91),NA,NA,0,1,Shooting,NA
GO-2021929360,5/19/2021 4:00:00 AM,Weston-Pelham Park (91),NA,NA,0,0,Firearm Discharge,NA
GO-2021956124,5/22/2021 4:00:00 AM,Tam O'Shanter-Sullivan (118),NA,NA,0,0,Firearm Discharge,NA
GO-2021968212,5/22/2021 4:00:00 AM,Mount Olive-Silverstone-Jamestown (2),NA,NA,0,0,Firearm Discharge,NA
GO-2021946202,5/22/2021 4:00:00 AM,South Parkdale (85),NA,NA,0,1,Shooting,NA
GO-2021952372,5/22/2021 4:00:00 AM,Morningside (135),NA,NA,0,0,Firearm Discharge,NA
GO-2021960416,5/23/2021 4:00:00 AM,Yorkdale-Glen Park (31),NA,NA,0,0,Firearm Discharge,NA
GO-2021958363,5/23/2021 4:00:00 AM,Rockcliffe-Smythe (111),NA,NA,0,0,Firearm Discharge,NA
GO-2021961442,5/23/2021 4:00:00 AM,North Riverdale (68),NA,NA,0,0,Firearm Discharge,NA
GO-2021960682,5/23/2021 4:00:00 AM,Black Creek (24),NA,NA,0,0,Firearm Discharge,NA
GO-2021958329,5/23/2021 4:00:00 AM,Black Creek (24),NA,NA,0,0,Firearm Discharge,NA
GO-2021975383,5/24/2021 4:00:00 AM,Yorkdale-Glen Park (31),NA,NA,0,0,Firearm Discharge,NA
GO-2021964920,5/24/2021 4:00:00 AM,Mount Olive-Silverstone-Jamestown (2),NA,NA,0,1,Shooting,NA
GO-2021965321,5/24/2021 4:00:00 AM,Junction-Wallace Emerson (171),NA,NA,0,1,Shooting,NA
GO-2021978003,5/26/2021 4:00:00 AM,Roncesvalles (86),NA,NA,0,1,Shooting,NA
GO-2021999725,5/29/2021 4:00:00 AM,North St.James Town (74),NA,NA,0,3,Shooting,NA
GO-2021994348,5/29/2021 4:00:00 AM,Malvern West (145),NA,NA,0,1,Shooting,NA
GO-20211008418,5/30/2021 4:00:00 AM,Dorset Park (126),NA,NA,0,0,Firearm Discharge,NA
GO-20211004718,5/30/2021 4:00:00 AM,Elms-Old Rexdale (5),NA,NA,0,0,Firearm Discharge,NA
GO-20211044017,6/4/2021 4:00:00 AM,Glenfield-Jane Heights (25),NA,NA,0,1,Shooting,NA
GO-20211062370,6/7/2021 4:00:00 AM,Oakridge (121),NA,NA,0,0,Firearm Discharge,NA
GO-20211065739,6/8/2021 4:00:00 AM,Rustic (28),NA,NA,0,0,Firearm Discharge,NA
GO-20211079379,6/9/2021 4:00:00 AM,L'Amoreaux West (147),NA,NA,0,0,Firearm Discharge,NA
GO-20211079698,6/9/2021 4:00:00 AM,Oakdale-Beverley Heights (154),NA,NA,0,0,Firearm Discharge,NA
GO-20211079527,6/9/2021 4:00:00 AM,Edenbridge-Humber Valley (9),NA,NA,0,0,Firearm Discharge,NA
GO-20211084621,6/10/2021 4:00:00 AM,Weston-Pelham Park (91),NA,NA,0,0,Firearm Discharge,NA
GO-20211109660,6/11/2021 4:00:00 AM,Humber Summit (21),NA,NA,0,0,Firearm Discharge,NA
GO-20211087369,6/11/2021 4:00:00 AM,Golfdale-Cedarbrae-Woburn (141),NA,NA,1,1,Shooting,NA
GO-20211092177,6/11/2021 4:00:00 AM,Glenfield-Jane Heights (25),NA,NA,0,0,Firearm Discharge,NA
GO-20211094998,6/12/2021 4:00:00 AM,Junction-Wallace Emerson (171),NA,NA,0,0,Firearm Discharge,NA
GO-20211108228,6/13/2021 4:00:00 AM,Oakridge (121),NA,NA,0,1,Shooting,NA
GO-20211102532,6/13/2021 4:00:00 AM,Malvern West (145),NA,NA,0,2,Shooting,NA
GO-20211102173,6/13/2021 4:00:00 AM,South Parkdale (85),NA,NA,0,1,Shooting,NA
GO-20211107853,6/13/2021 4:00:00 AM,Eglinton East (138),NA,NA,2,0,Shooting,NA
GO-20211115122,6/14/2021 4:00:00 AM,Wexford/Maryvale (119),NA,NA,0,0,Firearm Discharge,NA
GO-20211108068,6/14/2021 4:00:00 AM,Beechborough-Greenbrook (112),NA,NA,1,0,Shooting,NA
GO-20211130357,6/17/2021 4:00:00 AM,York University Heights (27),NA,NA,0,0,Firearm Discharge,NA
GO-20211163910,6/18/2021 4:00:00 AM,Humbermede (22),NA,NA,0,0,Firearm Discharge,NA
GO-20211231834,6/19/2021 4:00:00 AM,Pelmo Park-Humberlea (23),NA,NA,0,0,Firearm Discharge,NA
GO-20211145595,6/19/2021 4:00:00 AM,Kensington-Chinatown (78),NA,NA,0,0,Firearm Discharge,NA
GO-20211145514,6/19/2021 4:00:00 AM,Flemingdon Park (44),NA,NA,0,0,Firearm Discharge,NA
GO-20211151494,6/19/2021 4:00:00 AM,Kennedy Park (124),NA,NA,0,0,Firearm Discharge,NA
GO-20211150408,6/19/2021 4:00:00 AM,Elms-Old Rexdale (5),NA,NA,0,4,Shooting,NA
GO-20211152616,6/20/2021 4:00:00 AM,St Lawrence-East Bayfront-The Islands (166),NA,NA,0,0,Firearm Discharge,NA
GO-20211156132,6/20/2021 4:00:00 AM,Humber Bay Shores (161),NA,NA,0,0,Firearm Discharge,NA
GO-20211158258,6/21/2021 4:00:00 AM,Victoria Village (43),NA,NA,0,0,Firearm Discharge,NA
GO-20211158175,6/21/2021 4:00:00 AM,Beechborough-Greenbrook (112),NA,NA,1,0,Shooting,NA
GO-20211170788,6/22/2021 4:00:00 AM,Englemount-Lawrence (32),NA,NA,0,0,Firearm Discharge,NA
GO-20211165566,6/22/2021 4:00:00 AM,Keelesdale-Eglinton West (110),NA,NA,0,0,Firearm Discharge,NA
GO-20211172089,6/22/2021 4:00:00 AM,Flemingdon Park (44),NA,NA,0,2,Shooting,NA
GO-20211171472,6/23/2021 4:00:00 AM,Oakdale-Beverley Heights (154),NA,NA,0,0,Firearm Discharge,NA
GO-20211185988,6/24/2021 4:00:00 AM,Rustic (28),NA,NA,0,0,Firearm Discharge,NA
GO-20211182404,6/24/2021 4:00:00 AM,Oakdale-Beverley Heights (154),NA,NA,0,0,Firearm Discharge,NA
GO-20211206544,6/27/2021 4:00:00 AM,Downtown Yonge East (168),NA,NA,0,1,Shooting,NA
GO-20211222552,6/29/2021 4:00:00 AM,Rockcliffe-Smythe (111),NA,NA,0,1,Shooting,NA
GO-20211222588,6/29/2021 4:00:00 AM,Humber Heights-Westmount (8),NA,NA,0,0,Firearm Discharge,NA
GO-20211236372,7/1/2021 4:00:00 AM,West Humber-Clairville (1),NA,NA,0,0,Firearm Discharge,NA
GO-20211233004,7/1/2021 4:00:00 AM,Brookhaven-Amesbury (30),NA,NA,0,0,Firearm Discharge,NA
GO-20211236893,7/2/2021 4:00:00 AM,Flemingdon Park (44),NA,NA,1,2,Shooting,NA
GO-20211248165,7/3/2021 4:00:00 AM,Dorset Park (126),NA,NA,1,0,Shooting,NA
GO-20211250932,7/4/2021 4:00:00 AM,Kensington-Chinatown (78),NA,NA,0,0,Firearm Discharge,NA
GO-20211256124,7/4/2021 4:00:00 AM,Wexford/Maryvale (119),NA,NA,0,0,Firearm Discharge,NA
GO-20211263005,7/5/2021 4:00:00 AM,York University Heights (27),NA,NA,1,0,Shooting,NA
GO-20211271289,7/6/2021 4:00:00 AM,Milliken (130),NA,NA,0,1,Shooting,NA
GO-20211278997,7/8/2021 4:00:00 AM,Westminster-Branson (35),NA,NA,0,0,Firearm Discharge,NA
GO-20211289544,7/9/2021 4:00:00 AM,Milliken (130),NA,NA,0,1,Shooting,NA
GO-20211292566,7/10/2021 4:00:00 AM,Downtown Yonge East (168),NA,NA,0,0,Firearm Discharge,NA
GO-20211297621,7/10/2021 4:00:00 AM,Mount Dennis (115),NA,NA,0,0,Firearm Discharge,NA
GO-20211299231,7/11/2021 4:00:00 AM,Kensington-Chinatown (78),NA,NA,0,1,Shooting,NA
GO-20211302140,7/11/2021 4:00:00 AM,Mimico-Queensway (160),NA,NA,0,0,Firearm Discharge,NA
GO-20211307319,7/12/2021 4:00:00 AM,York University Heights (27),NA,NA,0,4,Shooting,NA
GO-20211304973,7/12/2021 4:00:00 AM,Wellington Place (164),NA,NA,0,0,Firearm Discharge,NA
GO-20211315148,7/13/2021 4:00:00 AM,Kingsview Village-The Westway (6),NA,NA,0,1,Shooting,NA
GO-20211333280,7/16/2021 4:00:00 AM,Bendale South (157),NA,NA,0,1,Shooting,NA
GO-20211332970,7/16/2021 4:00:00 AM,Fort York-Liberty Village (163),NA,NA,0,1,Shooting,NA
GO-20211341366,7/17/2021 4:00:00 AM,Malvern East (146),NA,NA,0,0,Firearm Discharge,NA
GO-20211346789,7/18/2021 4:00:00 AM,Leaside-Bennington (56),NA,NA,0,1,Shooting,NA
GO-20211347260,7/18/2021 4:00:00 AM,Trinity-Bellwoods (81),NA,NA,0,0,Firearm Discharge,NA
GO-20211350605,7/18/2021 4:00:00 AM,Mimico-Queensway (160),NA,NA,0,1,Shooting,NA
GO-20211353633,7/19/2021 4:00:00 AM,Kingsview Village-The Westway (6),NA,NA,0,0,Firearm Discharge,NA
GO-20211354924,7/19/2021 4:00:00 AM,Morningside (135),NA,NA,0,0,Firearm Discharge,NA
GO-20211360043,7/19/2021 4:00:00 AM,Malvern East (146),NA,NA,0,0,Firearm Discharge,NA
GO-20211353566,7/19/2021 4:00:00 AM,Kensington-Chinatown (78),NA,NA,0,0,Firearm Discharge,NA
GO-20211359938,7/19/2021 4:00:00 AM,Greenwood-Coxwell (65),NA,NA,0,2,Shooting,NA
GO-20211362011,7/20/2021 4:00:00 AM,Bendale-Glen Andrew (156),NA,NA,0,0,Firearm Discharge,NA
GO-20211367378,7/20/2021 4:00:00 AM,Humbermede (22),NA,NA,0,1,Shooting,NA
GO-20211360823,7/20/2021 4:00:00 AM,Kingsview Village-The Westway (6),NA,NA,0,1,Shooting,NA
GO-20211366944,7/20/2021 4:00:00 AM,Mount Olive-Silverstone-Jamestown (2),NA,NA,0,0,Firearm Discharge,NA
GO-20211367054,7/20/2021 4:00:00 AM,Englemount-Lawrence (32),NA,NA,0,1,Shooting,NA
GO-20211360309,7/20/2021 4:00:00 AM,Kingsview Village-The Westway (6),NA,NA,1,0,Shooting,NA
GO-20211374585,7/21/2021 4:00:00 AM,Glenfield-Jane Heights (25),NA,NA,0,1,Shooting,NA
GO-20211367560,7/21/2021 4:00:00 AM,Black Creek (24),NA,NA,0,0,Firearm Discharge,NA
GO-20211370222,7/21/2021 4:00:00 AM,Rustic (28),NA,NA,0,0,Firearm Discharge,NA
GO-20211385413,7/23/2021 4:00:00 AM,West Rouge (143),NA,NA,0,0,Firearm Discharge,NA
GO-20211388437,7/23/2021 4:00:00 AM,Milliken (130),NA,NA,0,0,Firearm Discharge,NA
GO-20211388771,7/23/2021 4:00:00 AM,Downtown Yonge East (168),NA,NA,0,1,Shooting,NA
GO-20211390098,7/24/2021 4:00:00 AM,Rustic (28),NA,NA,0,0,Firearm Discharge,NA
GO-20211395264,7/24/2021 4:00:00 AM,Don Valley Village (47),NA,NA,0,0,Firearm Discharge,NA
GO-20211396405,7/25/2021 4:00:00 AM,Downtown Yonge East (168),NA,NA,0,1,Shooting,NA
GO-20211414200,7/27/2021 4:00:00 AM,York University Heights (27),NA,NA,0,1,Shooting,NA
GO-20211423598,7/28/2021 4:00:00 AM,Yorkdale-Glen Park (31),NA,NA,0,2,Shooting,NA
GO-20211423425,7/28/2021 4:00:00 AM,West Humber-Clairville (1),NA,NA,0,0,Firearm Discharge,NA
GO-20211438389,7/30/2021 4:00:00 AM,Rustic (28),NA,NA,0,1,Shooting,NA
GO-20211438558,7/30/2021 4:00:00 AM,Dorset Park (126),NA,NA,0,0,Firearm Discharge,NA
GO-20211436526,7/30/2021 4:00:00 AM,York University Heights (27),NA,NA,0,0,Firearm Discharge,NA
GO-20211437345,7/30/2021 4:00:00 AM,Greenwood-Coxwell (65),NA,NA,0,0,Firearm Discharge,NA
GO-20211443221,7/31/2021 4:00:00 AM,Glenfield-Jane Heights (25),NA,NA,0,0,Firearm Discharge,NA
GO-20211446123,8/1/2021 4:00:00 AM,Harbourfront-CityPlace (165),NA,NA,0,0,Firearm Discharge,NA
GO-20211448152,8/1/2021 4:00:00 AM,Oakdale-Beverley Heights (154),NA,NA,0,0,Firearm Discharge,NA
GO-20211446649,8/1/2021 4:00:00 AM,Etobicoke City Centre (159),NA,NA,0,1,Shooting,NA
GO-20211457874,8/2/2021 4:00:00 AM,East L'Amoreaux (148),NA,NA,0,0,Firearm Discharge,NA
GO-20211457659,8/2/2021 4:00:00 AM,Glenfield-Jane Heights (25),NA,NA,0,0,Firearm Discharge,NA
GO-20211476634,8/5/2021 4:00:00 AM,Eglinton East (138),NA,NA,0,0,Firearm Discharge,NA
GO-20211480214,8/6/2021 4:00:00 AM,North Toronto (173),NA,NA,0,0,Firearm Discharge,NA
GO-20211496692,8/8/2021 4:00:00 AM,Harbourfront-CityPlace (165),NA,NA,0,0,Firearm Discharge,NA
GO-20211494943,8/8/2021 4:00:00 AM,Kensington-Chinatown (78),NA,NA,2,2,Shooting,NA
GO-20211498229,8/8/2021 4:00:00 AM,West Hill (136),NA,NA,0,0,Firearm Discharge,NA
GO-20211500661,8/9/2021 4:00:00 AM,York University Heights (27),NA,NA,0,0,Firearm Discharge,NA
GO-20211500253,8/9/2021 4:00:00 AM,Bedford Park-Nortown (39),NA,NA,0,1,Shooting,NA
GO-20211526619,8/12/2021 4:00:00 AM,West Hill (136),NA,NA,0,0,Firearm Discharge,NA
GO-20211529926,8/12/2021 4:00:00 AM,Golfdale-Cedarbrae-Woburn (141),NA,NA,0,0,Firearm Discharge,NA
GO-20211534404,8/13/2021 4:00:00 AM,Etobicoke City Centre (159),NA,NA,0,0,Firearm Discharge,NA
GO-20211543961,8/14/2021 4:00:00 AM,Brookhaven-Amesbury (30),NA,NA,1,2,Shooting,NA
GO-20211544149,8/14/2021 4:00:00 AM,East L'Amoreaux (148),NA,NA,0,0,Firearm Discharge,NA
GO-20211550234,8/15/2021 4:00:00 AM,South Riverdale (70),NA,NA,0,1,Shooting,NA
GO-20211557833,8/15/2021 4:00:00 AM,Rockcliffe-Smythe (111),NA,NA,0,0,Firearm Discharge,NA
GO-20211545017,8/15/2021 4:00:00 AM,York University Heights (27),NA,NA,0,1,Shooting,NA
GO-20211551076,8/16/2021 4:00:00 AM,Etobicoke City Centre (159),NA,NA,0,0,Firearm Discharge,NA
GO-20211550946,8/16/2021 4:00:00 AM,L'Amoreaux West (147),NA,NA,0,2,Shooting,NA
GO-20211557900,8/17/2021 4:00:00 AM,Mount Dennis (115),NA,NA,0,0,Firearm Discharge,NA
GO-20211578496,8/19/2021 4:00:00 AM,Woburn North (142),NA,NA,0,0,Firearm Discharge,NA
GO-20211572580,8/19/2021 4:00:00 AM,Eringate-Centennial-West Deane (11),NA,NA,0,0,Firearm Discharge,NA
GO-20211578108,8/19/2021 4:00:00 AM,Morningside (135),NA,NA,0,0,Firearm Discharge,NA
GO-20211588304,8/21/2021 4:00:00 AM,Harbourfront-CityPlace (165),NA,NA,0,0,Firearm Discharge,NA
GO-20211592565,8/21/2021 4:00:00 AM,Agincourt South-Malvern West (128),NA,NA,0,3,Shooting,NA
GO-20211591560,8/21/2021 4:00:00 AM,Golfdale-Cedarbrae-Woburn (141),NA,NA,0,0,Firearm Discharge,NA
GO-20211606871,8/23/2021 4:00:00 AM,Oakdale-Beverley Heights (154),NA,NA,0,2,Shooting,NA
GO-20211602670,8/23/2021 4:00:00 AM,Broadview North (57),NA,NA,0,1,Shooting,NA
GO-20211611666,8/24/2021 4:00:00 AM,Don Valley Village (47),NA,NA,0,0,Firearm Discharge,NA
GO-20211635224,8/27/2021 4:00:00 AM,Moss Park (73),NA,NA,0,1,Shooting,NA
GO-20211629961,8/27/2021 4:00:00 AM,Flemingdon Park (44),NA,NA,0,1,Shooting,NA
GO-20211630428,8/27/2021 4:00:00 AM,Long Branch (19),NA,NA,1,0,Shooting,NA
GO-20211630038,8/27/2021 4:00:00 AM,Wellington Place (164),NA,NA,0,1,Shooting,NA
GO-20211638855,8/28/2021 4:00:00 AM,Downtown Yonge East (168),NA,NA,0,0,Firearm Discharge,NA
GO-20211638087,8/28/2021 4:00:00 AM,Wellington Place (164),NA,NA,1,1,Shooting,NA
GO-20211637906,8/28/2021 4:00:00 AM,Rustic (28),NA,NA,0,0,Firearm Discharge,NA
GO-20211652699,8/29/2021 4:00:00 AM,Morningside Heights (144),NA,NA,0,0,Firearm Discharge,NA
GO-20211647944,8/29/2021 4:00:00 AM,Yorkdale-Glen Park (31),NA,NA,0,0,Firearm Discharge,NA
GO-20211650647,8/29/2021 4:00:00 AM,Victoria Village (43),NA,NA,0,1,Shooting,NA
GO-20211665860,8/31/2021 4:00:00 AM,Flemingdon Park (44),NA,NA,0,0,Firearm Discharge,NA
GO-20211659078,8/31/2021 4:00:00 AM,Thorncliffe Park (55),NA,NA,0,0,Firearm Discharge,NA
GO-20211671933,9/1/2021 4:00:00 AM,Eglinton East (138),NA,NA,0,0,Firearm Discharge,NA
GO-20211676241,9/2/2021 4:00:00 AM,Beechborough-Greenbrook (112),NA,NA,0,0,Firearm Discharge,NA
GO-20211784082,9/3/2021 4:00:00 AM,Woburn North (142),NA,NA,0,0,Firearm Discharge,NA
GO-20211684171,9/3/2021 4:00:00 AM,York University Heights (27),NA,NA,1,0,Shooting,NA
GO-20211693001,9/4/2021 4:00:00 AM,Roncesvalles (86),NA,NA,0,1,Shooting,NA
GO-20211688866,9/4/2021 4:00:00 AM,York University Heights (27),NA,NA,0,1,Shooting,NA
GO-20211697263,9/4/2021 4:00:00 AM,West Hill (136),NA,NA,0,0,Firearm Discharge,NA
GO-20211700039,9/5/2021 4:00:00 AM,Black Creek (24),NA,NA,0,1,Shooting,NA
GO-20211694982,9/5/2021 4:00:00 AM,Wellington Place (164),NA,NA,0,0,Firearm Discharge,NA
GO-20211703862,9/6/2021 4:00:00 AM,West Rouge (143),NA,NA,0,0,Firearm Discharge,NA
GO-20211707669,9/7/2021 4:00:00 AM,Oakdale-Beverley Heights (154),NA,NA,0,1,Shooting,NA
GO-20211713828,9/7/2021 4:00:00 AM,Glenfield-Jane Heights (25),NA,NA,1,0,Shooting,NA
GO-20211729116,9/9/2021 4:00:00 AM,Rockcliffe-Smythe (111),NA,NA,0,0,Firearm Discharge,NA
GO-20211729741,9/10/2021 4:00:00 AM,Wellington Place (164),NA,NA,0,0,Firearm Discharge,NA
GO-20211735524,9/10/2021 4:00:00 AM,Newtonbrook East (50),NA,NA,0,0,Firearm Discharge,NA
GO-20211738608,9/11/2021 4:00:00 AM,West Rouge (143),NA,NA,0,0,Firearm Discharge,NA
GO-20211737237,9/11/2021 4:00:00 AM,York University Heights (27),NA,NA,0,1,Shooting,NA
GO-20211746665,9/12/2021 4:00:00 AM,Elms-Old Rexdale (5),NA,NA,0,0,Firearm Discharge,NA
GO-20211744961,9/12/2021 4:00:00 AM,Black Creek (24),NA,NA,0,0,Firearm Discharge,NA
GO-20211757202,9/13/2021 4:00:00 AM,St Lawrence-East Bayfront-The Islands (166),NA,NA,0,0,Firearm Discharge,NA
GO-20211755019,9/13/2021 4:00:00 AM,Rockcliffe-Smythe (111),NA,NA,0,1,Shooting,NA
GO-20211761959,9/14/2021 4:00:00 AM,Forest Hill North (102),NA,NA,0,1,Shooting,NA
GO-20211769108,9/15/2021 4:00:00 AM,West Humber-Clairville (1),NA,NA,0,0,Firearm Discharge,NA
GO-20211768465,9/15/2021 4:00:00 AM,Malvern West (145),NA,NA,0,0,Firearm Discharge,NA
GO-20211767582,9/15/2021 4:00:00 AM,Morningside Heights (144),NA,NA,0,0,Firearm Discharge,NA
GO-20211788435,9/17/2021 4:00:00 AM,Kennedy Park (124),NA,NA,1,0,Shooting,NA
GO-20211789467,9/18/2021 4:00:00 AM,Black Creek (24),NA,NA,0,0,Firearm Discharge,NA
GO-20211789774,9/18/2021 4:00:00 AM,Black Creek (24),NA,NA,0,0,Firearm Discharge,NA
GO-20211794405,9/18/2021 4:00:00 AM,Regent Park (72),NA,NA,1,2,Shooting,NA
GO-20211807904,9/19/2021 4:00:00 AM,Black Creek (24),NA,NA,0,0,Firearm Discharge,NA
GO-20211820240,9/21/2021 4:00:00 AM,Milliken (130),NA,NA,0,0,Firearm Discharge,NA
GO-20211843730,9/25/2021 4:00:00 AM,Black Creek (24),NA,NA,0,0,Firearm Discharge,NA
GO-20211847831,9/26/2021 4:00:00 AM,Tam O'Shanter-Sullivan (118),NA,NA,0,0,Firearm Discharge,NA
GO-20211846033,9/26/2021 4:00:00 AM,Kensington-Chinatown (78),NA,NA,0,0,Firearm Discharge,NA
GO-20211851845,9/26/2021 4:00:00 AM,Morningside Heights (144),NA,NA,1,0,Shooting,NA
GO-20211851960,9/27/2021 4:00:00 AM,West Humber-Clairville (1),NA,NA,0,1,Shooting,NA
GO-20211868163,9/29/2021 4:00:00 AM,Yorkdale-Glen Park (31),NA,NA,0,0,Firearm Discharge,NA
GO-20211894080,9/29/2021 4:00:00 AM,Fenside-Parkwoods (150),NA,NA,0,0,Firearm Discharge,NA
GO-20211874832,9/30/2021 4:00:00 AM,Moss Park (73),NA,NA,0,1,Shooting,NA
GO-20211874883,9/30/2021 4:00:00 AM,Thorncliffe Park (55),NA,NA,0,1,Shooting,NA
GO-20211881843,10/1/2021 4:00:00 AM,Tam O'Shanter-Sullivan (118),NA,NA,0,0,Firearm Discharge,NA
GO-20212510977,10/1/2021 4:00:00 AM,Bendale-Glen Andrew (156),NA,NA,0,0,Firearm Discharge,NA
GO-20211893257,10/2/2021 4:00:00 AM,Flemingdon Park (44),NA,NA,0,0,Firearm Discharge,NA
GO-20211902102,10/3/2021 4:00:00 AM,Weston (113),NA,NA,0,0,Firearm Discharge,NA
GO-20211896603,10/3/2021 4:00:00 AM,Victoria Village (43),NA,NA,0,0,Firearm Discharge,NA
GO-20211916142,10/5/2021 4:00:00 AM,Eglinton East (138),NA,NA,0,0,Firearm Discharge,NA
GO-20211936332,10/8/2021 4:00:00 AM,Brookhaven-Amesbury (30),NA,NA,0,1,Shooting,NA
GO-20211944104,10/9/2021 4:00:00 AM,West Hill (136),NA,NA,0,1,Shooting,NA
GO-20211955881,10/9/2021 4:00:00 AM,Clairlea-Birchmount (120),NA,NA,0,0,Firearm Discharge,NA
GO-20211942292,10/9/2021 4:00:00 AM,Humbermede (22),NA,NA,0,0,Firearm Discharge,NA
GO-20211944154,10/9/2021 4:00:00 AM,Thorncliffe Park (55),NA,NA,0,2,Shooting,NA
GO-20211949678,10/10/2021 4:00:00 AM,Kensington-Chinatown (78),NA,NA,0,2,Shooting,NA
GO-20211971401,10/13/2021 4:00:00 AM,Malvern East (146),NA,NA,1,0,Shooting,NA
GO-20211973657,10/13/2021 4:00:00 AM,Rockcliffe-Smythe (111),NA,NA,0,0,Firearm Discharge,NA
GO-20211983123,10/15/2021 4:00:00 AM,South Parkdale (85),NA,NA,0,0,Firearm Discharge,NA
GO-20211987049,10/16/2021 4:00:00 AM,York University Heights (27),NA,NA,1,0,Shooting,NA
GO-20211987392,10/16/2021 4:00:00 AM,Wellington Place (164),NA,NA,0,1,Shooting,NA
GO-20212005867,10/18/2021 4:00:00 AM,Flemingdon Park (44),NA,NA,0,0,Firearm Discharge,NA
GO-20212006477,10/18/2021 4:00:00 AM,Hillcrest Village (48),NA,NA,0,1,Shooting,NA
GO-20212007140,10/19/2021 4:00:00 AM,Kensington-Chinatown (78),NA,NA,0,0,Firearm Discharge,NA
GO-20212014723,10/20/2021 4:00:00 AM,University (79),NA,NA,0,0,Firearm Discharge,NA
GO-20212019563,10/20/2021 4:00:00 AM,Harbourfront-CityPlace (165),NA,NA,0,0,Firearm Discharge,NA
GO-20212021989,10/21/2021 4:00:00 AM,Kingsview Village-The Westway (6),NA,NA,0,1,Shooting,NA
GO-20212022276,10/21/2021 4:00:00 AM,York University Heights (27),NA,NA,1,1,Shooting,NA
GO-20212037136,10/23/2021 4:00:00 AM,Keelesdale-Eglinton West (110),NA,NA,1,0,Shooting,NA
GO-20212040619,10/23/2021 4:00:00 AM,Pelmo Park-Humberlea (23),NA,NA,1,0,Shooting,NA
GO-20212036766,10/23/2021 4:00:00 AM,Glenfield-Jane Heights (25),NA,NA,1,0,Shooting,NA
GO-20212045900,10/23/2021 4:00:00 AM,Annex (95),NA,NA,0,0,Firearm Discharge,NA
GO-20212048858,10/24/2021 4:00:00 AM,Wexford/Maryvale (119),NA,NA,1,0,Shooting,NA
GO-20212048690,10/24/2021 4:00:00 AM,North St.James Town (74),NA,NA,0,1,Shooting,NA
GO-20212044738,10/24/2021 4:00:00 AM,Oakwood Village (107),NA,NA,0,1,Shooting,NA
GO-20212044298,10/24/2021 4:00:00 AM,Bayview Village (52),NA,NA,0,1,Shooting,NA
GO-20212044001,10/24/2021 4:00:00 AM,West Humber-Clairville (1),NA,NA,0,1,Shooting,NA
GO-20212078427,10/28/2021 4:00:00 AM,Golfdale-Cedarbrae-Woburn (141),NA,NA,0,0,Firearm Discharge,NA
GO-20212071533,10/28/2021 4:00:00 AM,Malvern West (145),NA,NA,1,0,Shooting,NA
GO-20212079091,10/29/2021 4:00:00 AM,Dorset Park (126),NA,NA,1,0,Shooting,NA
GO-20212084546,10/29/2021 4:00:00 AM,O'Connor-Parkview (54),NA,NA,0,0,Firearm Discharge,NA
GO-20212084703,10/29/2021 4:00:00 AM,Caledonia-Fairbank (109),NA,NA,0,0,Firearm Discharge,NA
GO-20212092589,10/31/2021 4:00:00 AM,Trinity-Bellwoods (81),NA,NA,0,1,Shooting,NA
GO-20212092617,10/31/2021 4:00:00 AM,Princess-Rosethorn (10),NA,NA,0,0,Firearm Discharge,NA
GO-20212111098,11/2/2021 4:00:00 AM,Scarborough Village (139),NA,NA,0,1,Shooting,NA
GO-20212119667,11/3/2021 4:00:00 AM,Golfdale-Cedarbrae-Woburn (141),NA,NA,0,0,Firearm Discharge,NA
GO-20212134794,11/6/2021 4:00:00 AM,Eglinton East (138),NA,NA,0,2,Shooting,NA
GO-20212161524,11/9/2021 5:00:00 AM,Golfdale-Cedarbrae-Woburn (141),NA,NA,0,1,Shooting,NA
GO-20212162431,11/9/2021 5:00:00 AM,Lansing-Westgate (38),NA,NA,0,0,Firearm Discharge,NA
GO-20212161977,11/9/2021 5:00:00 AM,Roncesvalles (86),NA,NA,0,0,Firearm Discharge,NA
GO-20212168391,11/10/2021 5:00:00 AM,West Hill (136),NA,NA,0,0,Firearm Discharge,NA
GO-20212176548,11/11/2021 5:00:00 AM,Brookhaven-Amesbury (30),NA,NA,0,0,Firearm Discharge,NA
GO-20212175722,11/11/2021 5:00:00 AM,Church-Wellesley (167),NA,NA,0,0,Firearm Discharge,NA
GO-20212170435,11/11/2021 5:00:00 AM,Caledonia-Fairbank (109),NA,NA,0,0,Firearm Discharge,NA
GO-20212203616,11/15/2021 5:00:00 AM,Oakridge (121),NA,NA,0,2,Shooting,NA
GO-20212211875,11/16/2021 5:00:00 AM,Golfdale-Cedarbrae-Woburn (141),NA,NA,1,0,Shooting,NA
GO-20212205167,11/16/2021 5:00:00 AM,L'Amoreaux West (147),NA,NA,0,0,Firearm Discharge,NA
GO-20212215246,11/17/2021 5:00:00 AM,Kingsview Village-The Westway (6),NA,NA,0,0,Firearm Discharge,NA
GO-20212242642,11/21/2021 5:00:00 AM,West Queen West (162),NA,NA,0,1,Shooting,NA
GO-20212247924,11/21/2021 5:00:00 AM,Danforth East York (59),NA,NA,0,1,Shooting,NA
GO-20212248438,11/22/2021 5:00:00 AM,Dorset Park (126),NA,NA,0,1,Shooting,NA
GO-20212254831,11/22/2021 5:00:00 AM,Golfdale-Cedarbrae-Woburn (141),NA,NA,0,0,Firearm Discharge,NA
GO-20212263490,11/24/2021 5:00:00 AM,Woburn North (142),NA,NA,0,0,Firearm Discharge,NA
GO-20212263339,11/24/2021 5:00:00 AM,Little Portugal (84),NA,NA,0,2,Shooting,NA
GO-20212277790,11/26/2021 5:00:00 AM,West Rouge (143),NA,NA,1,0,Shooting,NA
GO-20212291280,11/27/2021 5:00:00 AM,Roncesvalles (86),NA,NA,0,1,Shooting,NA
GO-20212318717,12/1/2021 5:00:00 AM,Malvern West (145),NA,NA,0,0,Firearm Discharge,NA
GO-20212320623,12/2/2021 5:00:00 AM,O'Connor-Parkview (54),NA,NA,0,0,Firearm Discharge,NA
GO-20212322592,12/2/2021 5:00:00 AM,Woburn North (142),NA,NA,0,0,Firearm Discharge,NA
GO-20212349540,12/6/2021 5:00:00 AM,Woburn North (142),NA,NA,0,0,Firearm Discharge,NA
GO-20212355594,12/7/2021 5:00:00 AM,West Rouge (143),NA,NA,0,0,Firearm Discharge,NA
GO-20212368852,12/8/2021 5:00:00 AM,Woburn North (142),NA,NA,0,1,Shooting,NA
GO-20212397248,12/12/2021 5:00:00 AM,Agincourt South-Malvern West (128),NA,NA,0,0,Firearm Discharge,NA
GO-20212391786,12/12/2021 5:00:00 AM,Downtown Yonge East (168),NA,NA,0,1,Shooting,NA
GO-20212402720,12/13/2021 5:00:00 AM,Mount Olive-Silverstone-Jamestown (2),NA,NA,0,0,Firearm Discharge,NA
GO-20212397532,12/13/2021 5:00:00 AM,Black Creek (24),NA,NA,0,1,Shooting,NA
GO-20212403674,12/13/2021 5:00:00 AM,Glenfield-Jane Heights (25),NA,NA,0,1,Shooting,NA
GO-20212397941,12/13/2021 5:00:00 AM,Agincourt South-Malvern West (128),NA,NA,1,0,Shooting,NA
GO-20212411409,12/14/2021 5:00:00 AM,Flemingdon Park (44),NA,NA,0,0,Firearm Discharge,NA
GO-20212411276,12/14/2021 5:00:00 AM,Rockcliffe-Smythe (111),NA,NA,0,0,Firearm Discharge,NA
GO-20212416373,12/15/2021 5:00:00 AM,Weston (113),NA,NA,0,0,Firearm Discharge,NA
GO-20212413740,12/15/2021 5:00:00 AM,Fenside-Parkwoods (150),NA,NA,0,0,Firearm Discharge,NA
GO-20212430312,12/17/2021 5:00:00 AM,Junction-Wallace Emerson (171),NA,NA,0,1,Shooting,NA
GO-20212439191,12/18/2021 5:00:00 AM,Golfdale-Cedarbrae-Woburn (141),NA,NA,0,0,Firearm Discharge,NA
GO-20212442304,12/19/2021 5:00:00 AM,Golfdale-Cedarbrae-Woburn (141),NA,NA,0,0,Firearm Discharge,NA
GO-20212452531,12/21/2021 5:00:00 AM,Bendale-Glen Andrew (156),NA,NA,0,1,Shooting,NA
GO-20212454821,12/21/2021 5:00:00 AM,Moss Park (73),NA,NA,0,0,Firearm Discharge,NA
GO-20212463489,12/22/2021 5:00:00 AM,Woburn North (142),NA,NA,0,1,Shooting,NA
GO-20212468633,12/23/2021 5:00:00 AM,Mount Olive-Silverstone-Jamestown (2),NA,NA,0,0,Firearm Discharge,NA
GO-20212471927,12/23/2021 5:00:00 AM,Glenfield-Jane Heights (25),NA,NA,1,0,Shooting,NA
GO-20212490521,12/24/2021 5:00:00 AM,Dufferin Grove (83),NA,NA,0,0,Firearm Discharge,NA
GO-20212477849,12/24/2021 5:00:00 AM,Englemount-Lawrence (32),NA,NA,1,0,Shooting,NA
GO-20212488531,12/25/2021 5:00:00 AM,Rockcliffe-Smythe (111),NA,NA,0,0,Firearm Discharge,NA
GO-20212479567,12/25/2021 5:00:00 AM,Casa Loma (96),NA,NA,0,0,Firearm Discharge,NA
GO-20212484505,12/26/2021 5:00:00 AM,Oakdale-Beverley Heights (154),NA,NA,0,1,Shooting,NA
GO-20212484394,12/26/2021 5:00:00 AM,Downtown Yonge East (168),NA,NA,0,0,Firearm Discharge,NA
GO-20212487697,12/26/2021 5:00:00 AM,Rockcliffe-Smythe (111),NA,NA,1,0,Shooting,NA
GO-20212484226,12/26/2021 5:00:00 AM,Westminster-Branson (35),NA,NA,0,0,Firearm Discharge,NA
GO-2021143259,12/28/2021 5:00:00 AM,Birchcliffe-Cliffside (122),NA,NA,0,0,Firearm Discharge,NA
GO-20212517884,12/30/2021 5:00:00 AM,Long Branch (19),NA,NA,0,1,Shooting,NA
GO-20212520286,12/31/2021 5:00:00 AM,Scarborough Village (139),NA,NA,0,0,Firearm Discharge,NA
GO-2022414,1/1/2022 5:00:00 AM,Thorncliffe Park (55),NA,NA,0,3,Shooting,NA
GO-20226754,1/2/2022 5:00:00 AM,South Riverdale (70),NA,NA,0,0,Firearm Discharge,NA
GO-20229964,1/2/2022 5:00:00 AM,Pelmo Park-Humberlea (23),NA,NA,1,0,Shooting,NA
GO-202217098,1/3/2022 5:00:00 AM,Humber Bay Shores (161),NA,NA,1,0,Shooting,NA
GO-202216903,1/3/2022 5:00:00 AM,Alderwood (20),NA,NA,2,1,Shooting,NA
GO-202218099,1/4/2022 5:00:00 AM,Malvern West (145),NA,NA,0,1,Shooting,NA
GO-202230928,1/5/2022 5:00:00 AM,Glenfield-Jane Heights (25),NA,NA,0,1,Shooting,NA
GO-202234701,1/5/2022 5:00:00 AM,York University Heights (27),NA,NA,0,0,Firearm Discharge,NA
GO-202229141,1/5/2022 5:00:00 AM,Malvern East (146),NA,NA,0,1,Shooting,NA
GO-202237247,1/6/2022 5:00:00 AM,Kennedy Park (124),NA,NA,0,0,Firearm Discharge,NA
GO-202235419,1/6/2022 5:00:00 AM,Dufferin Grove (83),NA,NA,0,0,Firearm Discharge,NA
GO-202244408,1/7/2022 5:00:00 AM,Etobicoke City Centre (159),NA,NA,0,1,Shooting,NA
GO-202242789,1/7/2022 5:00:00 AM,Moss Park (73),NA,NA,0,0,Firearm Discharge,NA
GO-202250758,1/8/2022 5:00:00 AM,Rosedale-Moore Park (98),NA,NA,1,0,Shooting,NA
GO-202250654,1/8/2022 5:00:00 AM,Black Creek (24),NA,NA,0,0,Firearm Discharge,NA
GO-202245199,1/8/2022 5:00:00 AM,Thorncliffe Park (55),NA,NA,0,0,Firearm Discharge,NA
GO-202255983,1/9/2022 5:00:00 AM,Mount Olive-Silverstone-Jamestown (2),NA,NA,0,1,Shooting,NA
GO-202255121,1/9/2022 5:00:00 AM,York University Heights (27),NA,NA,0,0,Firearm Discharge,NA
GO-202298250,1/16/2022 5:00:00 AM,Weston-Pelham Park (91),NA,NA,0,0,Firearm Discharge,NA
GO-2022110972,1/18/2022 5:00:00 AM,Elms-Old Rexdale (5),NA,NA,1,0,Shooting,NA
GO-2022124347,1/19/2022 5:00:00 AM,Broadview North (57),NA,NA,1,0,Shooting,NA
GO-2022138169,1/21/2022 5:00:00 AM,Parkwoods-O'Connor Hills (149),NA,NA,0,0,Firearm Discharge,NA
GO-2022139163,1/22/2022 5:00:00 AM,Brookhaven-Amesbury (30),NA,NA,1,0,Shooting,NA
GO-2022139621,1/22/2022 5:00:00 AM,Brookhaven-Amesbury (30),NA,NA,0,1,Shooting,NA
GO-2022151149,1/23/2022 5:00:00 AM,Yonge-Eglinton (100),NA,NA,1,0,Shooting,NA
GO-2022183740,1/26/2022 5:00:00 AM,York University Heights (27),NA,NA,0,0,Firearm Discharge,NA
GO-2022184326,1/28/2022 5:00:00 AM,Bendale-Glen Andrew (156),NA,NA,0,0,Firearm Discharge,NA
GO-2022187061,1/28/2022 5:00:00 AM,East End-Danforth (62),NA,NA,0,1,Shooting,NA
GO-2022189096,1/29/2022 5:00:00 AM,Rockcliffe-Smythe (111),NA,NA,0,0,Firearm Discharge,NA
GO-2022192804,1/29/2022 5:00:00 AM,Black Creek (24),NA,NA,0,1,Shooting,NA
GO-2022199616,1/30/2022 5:00:00 AM,Regent Park (72),NA,NA,0,0,Firearm Discharge,NA
GO-2022199656,1/30/2022 5:00:00 AM,L'Amoreaux West (147),NA,NA,0,0,Firearm Discharge,NA
GO-2022200412,1/31/2022 5:00:00 AM,O'Connor-Parkview (54),NA,NA,0,1,Shooting,NA
GO-2022210012,2/1/2022 5:00:00 AM,Glenfield-Jane Heights (25),NA,NA,0,1,Shooting,NA
GO-2022207927,2/1/2022 5:00:00 AM,Bridle Path-Sunnybrook-York Mills (41),NA,NA,0,0,Firearm Discharge,NA
GO-2022218288,2/2/2022 5:00:00 AM,Moss Park (73),NA,NA,0,1,Shooting,NA
GO-2022221348,2/2/2022 5:00:00 AM,L'Amoreaux West (147),NA,NA,0,1,Shooting,NA
GO-2022228956,2/4/2022 5:00:00 AM,Downsview (155),NA,NA,0,2,Shooting,NA
GO-2022235327,2/5/2022 5:00:00 AM,Woburn North (142),NA,NA,0,0,Firearm Discharge,NA
GO-2022240430,2/5/2022 5:00:00 AM,Downtown Yonge East (168),NA,NA,0,1,Shooting,NA
GO-2022241879,2/6/2022 5:00:00 AM,York University Heights (27),NA,NA,0,1,Shooting,NA
GO-2022266348,2/9/2022 5:00:00 AM,South Riverdale (70),NA,NA,0,0,Firearm Discharge,NA
GO-2022266660,2/10/2022 5:00:00 AM,Rockcliffe-Smythe (111),NA,NA,0,0,Firearm Discharge,NA
GO-2022272135,2/10/2022 5:00:00 AM,Weston-Pelham Park (91),NA,NA,0,1,Shooting,NA
GO-2022279048,2/11/2022 5:00:00 AM,Old East York (58),NA,NA,0,0,Firearm Discharge,NA
GO-2022281965,2/12/2022 5:00:00 AM,Humber Summit (21),NA,NA,0,0,Firearm Discharge,NA
GO-2022288348,2/13/2022 5:00:00 AM,Oakridge (121),NA,NA,0,3,Shooting,NA
GO-2022294326,2/14/2022 5:00:00 AM,Bendale-Glen Andrew (156),NA,NA,1,0,Shooting,NA
GO-2022295079,2/14/2022 5:00:00 AM,York University Heights (27),NA,NA,0,1,Shooting,NA
GO-2022292088,2/14/2022 5:00:00 AM,South Riverdale (70),NA,NA,0,0,Firearm Discharge,NA
GO-2022297309,2/15/2022 5:00:00 AM,South Eglinton-Davisville (174),NA,NA,0,0,Firearm Discharge,NA
GO-2022306646,2/16/2022 5:00:00 AM,O'Connor-Parkview (54),NA,NA,0,0,Firearm Discharge,NA
GO-2022314804,2/17/2022 5:00:00 AM,Newtonbrook West (36),NA,NA,1,0,Shooting,NA
GO-2022323971,2/18/2022 5:00:00 AM,Bayview Village (52),NA,NA,0,0,Firearm Discharge,NA
GO-2022324234,2/19/2022 5:00:00 AM,Brookhaven-Amesbury (30),NA,NA,1,0,Shooting,NA
GO-2022327066,2/19/2022 5:00:00 AM,York University Heights (27),NA,NA,0,0,Firearm Discharge,NA
GO-2022336398,2/21/2022 5:00:00 AM,York University Heights (27),NA,NA,0,0,Firearm Discharge,NA
GO-2022336423,2/21/2022 5:00:00 AM,Morningside (135),NA,NA,0,0,Firearm Discharge,NA
GO-2022345613,2/22/2022 5:00:00 AM,Bayview Village (52),NA,NA,0,0,Firearm Discharge,NA
GO-2022353835,2/23/2022 5:00:00 AM,Black Creek (24),NA,NA,0,1,Shooting,NA
GO-2022370217,2/26/2022 5:00:00 AM,Wellington Place (164),NA,NA,0,1,Shooting,NA
GO-2022369524,2/26/2022 5:00:00 AM,Newtonbrook East (50),NA,NA,0,1,Shooting,NA
GO-2022375736,2/27/2022 5:00:00 AM,Downsview (155),NA,NA,0,0,Firearm Discharge,NA
GO-2022379623,2/27/2022 5:00:00 AM,Cliffcrest (123),NA,NA,0,1,Shooting,NA
GO-2022385565,2/28/2022 5:00:00 AM,West Hill (136),NA,NA,1,0,Shooting,NA
GO-20221950230,3/1/2022 5:00:00 AM,Fort York-Liberty Village (163),NA,NA,0,0,Firearm Discharge,NA
GO-2022401394,3/2/2022 5:00:00 AM,Oakdale-Beverley Heights (154),NA,NA,0,0,Firearm Discharge,NA
GO-2022421815,3/6/2022 5:00:00 AM,Bendale-Glen Andrew (156),NA,NA,0,0,Firearm Discharge,NA
GO-2022424805,3/6/2022 5:00:00 AM,Beechborough-Greenbrook (112),NA,NA,0,0,Firearm Discharge,NA
GO-2022467283,3/12/2022 5:00:00 AM,Weston (113),NA,NA,0,1,Shooting,NA
GO-2022465064,3/12/2022 5:00:00 AM,Dorset Park (126),NA,NA,0,0,Firearm Discharge,NA
GO-2022470199,3/13/2022 5:00:00 AM,Kensington-Chinatown (78),NA,NA,0,1,Shooting,NA
GO-2022469994,3/13/2022 5:00:00 AM,Wellington Place (164),NA,NA,0,0,Firearm Discharge,NA
GO-2022481679,3/14/2022 4:00:00 AM,North Toronto (173),NA,NA,0,0,Firearm Discharge,NA
GO-2022481928,3/14/2022 4:00:00 AM,Wexford/Maryvale (119),NA,NA,0,0,Firearm Discharge,NA
GO-2022475548,3/14/2022 4:00:00 AM,Humber Bay Shores (161),NA,NA,0,0,Firearm Discharge,NA
GO-2022495403,3/15/2022 4:00:00 AM,York University Heights (27),NA,NA,0,0,Firearm Discharge,NA
GO-2022494291,3/16/2022 4:00:00 AM,Newtonbrook East (50),NA,NA,0,0,Firearm Discharge,NA
GO-2022503696,3/17/2022 4:00:00 AM,Danforth (66),NA,NA,0,0,Firearm Discharge,NA
GO-2022501897,3/17/2022 4:00:00 AM,Greenwood-Coxwell (65),NA,NA,0,0,Firearm Discharge,NA
GO-2022498432,3/17/2022 4:00:00 AM,Woburn North (142),NA,NA,0,0,Firearm Discharge,NA
GO-2022496392,3/17/2022 4:00:00 AM,North St.James Town (74),NA,NA,0,0,Firearm Discharge,NA
GO-2022512538,3/19/2022 4:00:00 AM,Humewood-Cedarvale (106),NA,NA,0,0,Firearm Discharge,NA
GO-2022514139,3/19/2022 4:00:00 AM,Glenfield-Jane Heights (25),NA,NA,0,0,Firearm Discharge,NA
GO-2022545232,3/23/2022 4:00:00 AM,Newtonbrook East (50),NA,NA,0,0,Firearm Discharge,NA
GO-2022567042,3/25/2022 4:00:00 AM,Morningside Heights (144),NA,NA,0,0,Firearm Discharge,NA
GO-2022567106,3/27/2022 4:00:00 AM,Mount Olive-Silverstone-Jamestown (2),NA,NA,0,1,Shooting,NA
GO-2022566563,3/27/2022 4:00:00 AM,Morningside Heights (144),NA,NA,0,0,Firearm Discharge,NA
GO-2022578784,3/28/2022 4:00:00 AM,Hillcrest Village (48),NA,NA,0,0,Firearm Discharge,NA
GO-2022575841,3/28/2022 4:00:00 AM,Guildwood (140),NA,NA,0,1,Shooting,NA
GO-2022593845,3/31/2022 4:00:00 AM,Newtonbrook East (50),NA,NA,0,0,Firearm Discharge,NA
GO-2022810559,4/1/2022 4:00:00 AM,Bathurst Manor (34),NA,NA,0,0,Firearm Discharge,NA
GO-2022627272,4/4/2022 4:00:00 AM,Annex (95),NA,NA,0,0,Firearm Discharge,NA
GO-2022626645,4/4/2022 4:00:00 AM,Morningside (135),NA,NA,0,0,Firearm Discharge,NA
GO-2022646404,4/7/2022 4:00:00 AM,North St.James Town (74),NA,NA,1,0,Shooting,NA
GO-2022648183,4/7/2022 4:00:00 AM,Pelmo Park-Humberlea (23),NA,NA,0,0,Firearm Discharge,NA
GO-2022647929,4/7/2022 4:00:00 AM,Elms-Old Rexdale (5),NA,NA,0,0,Firearm Discharge,NA
GO-2022658664,4/8/2022 4:00:00 AM,Morningside (135),NA,NA,0,0,Firearm Discharge,NA
GO-2022656145,4/9/2022 4:00:00 AM,Briar Hill-Belgravia (108),NA,NA,0,0,Firearm Discharge,NA
GO-2022659872,4/9/2022 4:00:00 AM,York University Heights (27),NA,NA,0,1,Shooting,NA
GO-2022656586,4/9/2022 4:00:00 AM,Oakwood Village (107),NA,NA,0,0,Firearm Discharge,NA
GO-2022661027,4/9/2022 4:00:00 AM,Moss Park (73),NA,NA,1,0,Shooting,NA
GO-2022668604,4/10/2022 4:00:00 AM,Yorkdale-Glen Park (31),NA,NA,0,0,Firearm Discharge,NA
GO-2022663544,4/10/2022 4:00:00 AM,Bay-Cloverhill (169),NA,NA,0,0,Firearm Discharge,NA
GO-2022669159,4/11/2022 4:00:00 AM,Brookhaven-Amesbury (30),NA,NA,0,1,Shooting,NA
GO-2022748979,4/13/2022 4:00:00 AM,Victoria Village (43),NA,NA,0,0,Firearm Discharge,NA
GO-2022692061,4/14/2022 4:00:00 AM,Regent Park (72),NA,NA,0,0,Firearm Discharge,NA
GO-2022696403,4/14/2022 4:00:00 AM,Kennedy Park (124),NA,NA,0,0,Firearm Discharge,NA
GO-2022699476,4/15/2022 4:00:00 AM,Mount Olive-Silverstone-Jamestown (2),NA,NA,0,1,Shooting,NA
GO-2022699188,4/15/2022 4:00:00 AM,L'Amoreaux West (147),NA,NA,0,0,Firearm Discharge,NA
GO-2022705423,4/16/2022 4:00:00 AM,Humber Summit (21),NA,NA,0,0,Firearm Discharge,NA
GO-2022711669,4/16/2022 4:00:00 AM,Eglinton East (138),NA,NA,0,0,Firearm Discharge,NA
GO-2022711751,4/16/2022 4:00:00 AM,Wexford/Maryvale (119),NA,NA,0,0,Firearm Discharge,NA
GO-2022705546,4/16/2022 4:00:00 AM,Golfdale-Cedarbrae-Woburn (141),NA,NA,0,5,Shooting,NA
GO-2022717483,4/17/2022 4:00:00 AM,Fenside-Parkwoods (150),NA,NA,0,0,Firearm Discharge,NA
GO-2022723769,4/19/2022 4:00:00 AM,South Riverdale (70),NA,NA,0,0,Firearm Discharge,NA
GO-2022724236,4/19/2022 4:00:00 AM,Mount Pleasant East (99),NA,NA,0,0,Firearm Discharge,NA
GO-2022730463,4/19/2022 4:00:00 AM,Elms-Old Rexdale (5),NA,NA,0,0,Firearm Discharge,NA
GO-2022731060,4/20/2022 4:00:00 AM,North St.James Town (74),NA,NA,0,0,Firearm Discharge,NA
GO-2022740744,4/21/2022 4:00:00 AM,Etobicoke West Mall (13),NA,NA,0,0,Firearm Discharge,NA
GO-2022749012,4/22/2022 4:00:00 AM,York University Heights (27),NA,NA,0,0,Firearm Discharge,NA
GO-2022753508,4/23/2022 4:00:00 AM,Dorset Park (126),NA,NA,0,0,Firearm Discharge,NA
GO-2022766004,4/25/2022 4:00:00 AM,Danforth (66),NA,NA,0,1,Shooting,NA
GO-2022783839,4/27/2022 4:00:00 AM,Moss Park (73),NA,NA,0,0,Firearm Discharge,NA
GO-2022779311,4/27/2022 4:00:00 AM,University (79),NA,NA,0,0,Firearm Discharge,NA
GO-2022792257,4/28/2022 4:00:00 AM,High Park-Swansea (87),NA,NA,1,1,Shooting,NA
GO-2022792917,4/29/2022 4:00:00 AM,Black Creek (24),NA,NA,0,0,Firearm Discharge,NA
GO-2022803764,4/29/2022 4:00:00 AM,Thistletown-Beaumond Heights (3),NA,NA,0,0,Firearm Discharge,NA
GO-2022801625,4/30/2022 4:00:00 AM,Oakdale-Beverley Heights (154),NA,NA,0,1,Shooting,NA
GO-2022804180,4/30/2022 4:00:00 AM,Mount Olive-Silverstone-Jamestown (2),NA,NA,1,1,Shooting,NA
GO-2022806315,5/1/2022 4:00:00 AM,Morningside (135),NA,NA,0,0,Firearm Discharge,NA
GO-2022819182,5/2/2022 4:00:00 AM,Elms-Old Rexdale (5),NA,NA,0,0,Firearm Discharge,NA
GO-2022812644,5/2/2022 4:00:00 AM,Humbermede (22),NA,NA,0,0,Firearm Discharge,NA
GO-2022819764,5/3/2022 4:00:00 AM,Regent Park (72),NA,NA,0,1,Shooting,NA
GO-2022819835,5/3/2022 4:00:00 AM,Moss Park (73),NA,NA,0,0,Firearm Discharge,NA
GO-2022850075,5/6/2022 4:00:00 AM,Malvern East (146),NA,NA,0,0,Firearm Discharge,NA
GO-2022841190,5/6/2022 4:00:00 AM,Weston-Pelham Park (91),NA,NA,0,0,Firearm Discharge,NA
GO-2022849364,5/7/2022 4:00:00 AM,Malvern East (146),NA,NA,1,1,Shooting,NA
GO-2022868493,5/9/2022 4:00:00 AM,Oakdale-Beverley Heights (154),NA,NA,1,0,Shooting,NA
GO-2022862256,5/9/2022 4:00:00 AM,West Rouge (143),NA,NA,0,1,Shooting,NA
GO-2022866751,5/9/2022 4:00:00 AM,Eglinton East (138),NA,NA,0,0,Firearm Discharge,NA
GO-2022876276,5/10/2022 4:00:00 AM,Henry Farm (53),NA,NA,0,1,Shooting,NA
GO-2022876433,5/10/2022 4:00:00 AM,Black Creek (24),NA,NA,0,0,Firearm Discharge,NA
GO-2022883990,5/10/2022 4:00:00 AM,Banbury-Don Mills (42),NA,NA,0,0,Firearm Discharge,NA
GO-2022884636,5/12/2022 4:00:00 AM,Fenside-Parkwoods (150),NA,NA,0,1,Shooting,NA
GO-2022891621,5/12/2022 4:00:00 AM,Corso Italia-Davenport (92),NA,NA,0,0,Firearm Discharge,NA
GO-2022887198,5/12/2022 4:00:00 AM,Fenside-Parkwoods (150),NA,NA,0,1,Shooting,NA
GO-2022904010,5/14/2022 4:00:00 AM,Wexford/Maryvale (119),NA,NA,0,0,Firearm Discharge,NA
GO-2022907803,5/15/2022 4:00:00 AM,Bendale-Glen Andrew (156),NA,NA,0,0,Firearm Discharge,NA
GO-2022907641,5/15/2022 4:00:00 AM,Dorset Park (126),NA,NA,0,0,Firearm Discharge,NA
GO-2022913200,5/15/2022 4:00:00 AM,Taylor-Massey (61),NA,NA,0,0,Firearm Discharge,NA
GO-2022907359,5/15/2022 4:00:00 AM,Humbermede (22),NA,NA,0,0,Firearm Discharge,NA
GO-2022941781,5/18/2022 4:00:00 AM,Corso Italia-Davenport (92),NA,NA,0,0,Firearm Discharge,NA
GO-2022933858,5/18/2022 4:00:00 AM,Agincourt South-Malvern West (128),NA,NA,0,0,Firearm Discharge,NA
GO-2022951179,5/21/2022 4:00:00 AM,Banbury-Don Mills (42),NA,NA,0,1,Shooting,NA
GO-2022964532,5/22/2022 4:00:00 AM,South Riverdale (70),NA,NA,0,2,Shooting,NA
GO-2022961325,5/22/2022 4:00:00 AM,Humber Summit (21),NA,NA,0,0,Firearm Discharge,NA
GO-2022964434,5/22/2022 4:00:00 AM,Broadview North (57),NA,NA,0,0,Firearm Discharge,NA
GO-2022961881,5/22/2022 4:00:00 AM,Moss Park (73),NA,NA,0,0,Firearm Discharge,NA
GO-2022973014,5/23/2022 4:00:00 AM,Glenfield-Jane Heights (25),NA,NA,0,0,Firearm Discharge,NA
GO-2022971069,5/23/2022 4:00:00 AM,Humber Summit (21),NA,NA,0,1,Shooting,NA
GO-2022974985,5/23/2022 4:00:00 AM,Eringate-Centennial-West Deane (11),NA,NA,0,0,Firearm Discharge,NA
GO-2022976987,5/24/2022 4:00:00 AM,Elms-Old Rexdale (5),NA,NA,0,0,Firearm Discharge,NA
GO-2022978548,5/24/2022 4:00:00 AM,West Hill (136),NA,NA,0,1,Shooting,NA
GO-2022985243,5/25/2022 4:00:00 AM,Princess-Rosethorn (10),NA,NA,0,0,Firearm Discharge,NA
GO-20221005396,5/27/2022 4:00:00 AM,Humber Summit (21),NA,NA,0,0,Firearm Discharge,NA
GO-20221002287,5/28/2022 4:00:00 AM,Downtown Yonge East (168),NA,NA,0,0,Firearm Discharge,NA
GO-20221015318,5/30/2022 4:00:00 AM,Rockcliffe-Smythe (111),NA,NA,0,0,Firearm Discharge,NA
GO-20221030689,6/1/2022 4:00:00 AM,Rockcliffe-Smythe (111),NA,NA,0,0,Firearm Discharge,NA
GO-20221030925,6/1/2022 4:00:00 AM,Humber Summit (21),NA,NA,0,0,Firearm Discharge,NA
GO-20221044627,6/2/2022 4:00:00 AM,North St.James Town (74),NA,NA,0,1,Shooting,NA
GO-20221038418,6/2/2022 4:00:00 AM,Henry Farm (53),NA,NA,0,1,Shooting,NA
GO-20221060544,6/5/2022 4:00:00 AM,Briar Hill-Belgravia (108),NA,NA,1,0,Shooting,NA
GO-20221068825,6/6/2022 4:00:00 AM,High Park-Swansea (87),NA,NA,0,1,Shooting,NA
GO-20221077088,6/7/2022 4:00:00 AM,West Hill (136),NA,NA,0,0,Firearm Discharge,NA
GO-20221080394,6/7/2022 4:00:00 AM,Woburn North (142),NA,NA,0,0,Firearm Discharge,NA
GO-20221081328,6/8/2022 4:00:00 AM,Moss Park (73),NA,NA,0,1,Shooting,NA
GO-20221087191,6/8/2022 4:00:00 AM,Golfdale-Cedarbrae-Woburn (141),NA,NA,1,0,Shooting,NA
GO-20221118573,6/10/2022 4:00:00 AM,Black Creek (24),NA,NA,0,0,Firearm Discharge,NA
GO-20221121985,6/13/2022 4:00:00 AM,Banbury-Don Mills (42),NA,NA,0,0,Firearm Discharge,NA
GO-20221124877,6/14/2022 4:00:00 AM,Old East York (58),NA,NA,0,0,Firearm Discharge,NA
GO-20221138477,6/15/2022 4:00:00 AM,Lansing-Westgate (38),NA,NA,1,0,Shooting,NA
GO-20221138855,6/15/2022 4:00:00 AM,Mount Olive-Silverstone-Jamestown (2),NA,NA,0,0,Firearm Discharge,NA
GO-20221138539,6/15/2022 4:00:00 AM,Kennedy Park (124),NA,NA,0,1,Shooting,NA
GO-20221132198,6/15/2022 4:00:00 AM,York University Heights (27),NA,NA,0,0,Firearm Discharge,NA
GO-20221140116,6/16/2022 4:00:00 AM,Clairlea-Birchmount (120),NA,NA,0,0,Firearm Discharge,NA
GO-20221153656,6/17/2022 4:00:00 AM,Humber Heights-Westmount (8),NA,NA,1,1,Shooting,NA
GO-20221154681,6/18/2022 4:00:00 AM,Englemount-Lawrence (32),NA,NA,0,1,Shooting,NA
GO-20221164581,6/19/2022 4:00:00 AM,Yorkdale-Glen Park (31),NA,NA,0,1,Shooting,NA
GO-20221164082,6/19/2022 4:00:00 AM,Rockcliffe-Smythe (111),NA,NA,0,2,Shooting,NA
GO-20221165815,6/19/2022 4:00:00 AM,Agincourt South-Malvern West (128),NA,NA,0,4,Shooting,NA
GO-20221164624,6/19/2022 4:00:00 AM,Yorkdale-Glen Park (31),NA,NA,1,0,Shooting,NA
GO-20221165729,6/19/2022 4:00:00 AM,Cliffcrest (123),NA,NA,0,0,Firearm Discharge,NA
GO-20221179743,6/21/2022 4:00:00 AM,Golfdale-Cedarbrae-Woburn (141),NA,NA,0,0,Firearm Discharge,NA
GO-20221188336,6/22/2022 4:00:00 AM,Mount Dennis (115),NA,NA,0,0,Firearm Discharge,NA
GO-20221188663,6/22/2022 4:00:00 AM,Englemount-Lawrence (32),NA,NA,0,0,Firearm Discharge,NA
GO-20221187494,6/22/2022 4:00:00 AM,West Hill (136),NA,NA,0,0,Firearm Discharge,NA
GO-20221199956,6/23/2022 4:00:00 AM,Edenbridge-Humber Valley (9),NA,NA,0,0,Firearm Discharge,NA
GO-20221196132,6/23/2022 4:00:00 AM,Wexford/Maryvale (119),NA,NA,0,0,Firearm Discharge,NA
GO-20221195035,6/23/2022 4:00:00 AM,Elms-Old Rexdale (5),NA,NA,0,1,Shooting,NA
GO-20221230480,6/23/2022 4:00:00 AM,South Riverdale (70),NA,NA,0,0,Firearm Discharge,NA
GO-20221188895,6/23/2022 4:00:00 AM,Maple Leaf (29),NA,NA,0,0,Firearm Discharge,NA
GO-20221208352,6/25/2022 4:00:00 AM,St Lawrence-East Bayfront-The Islands (166),NA,NA,0,0,Firearm Discharge,NA
GO-20221223339,6/27/2022 4:00:00 AM,Flemingdon Park (44),NA,NA,0,1,Shooting,NA
GO-20221218846,6/27/2022 4:00:00 AM,Yorkdale-Glen Park (31),NA,NA,0,0,Firearm Discharge,NA
GO-20221224523,6/28/2022 4:00:00 AM,Dorset Park (126),NA,NA,0,6,Shooting,NA
GO-20221228286,6/28/2022 4:00:00 AM,Taylor-Massey (61),NA,NA,0,0,Firearm Discharge,NA
GO-20221253313,6/30/2022 4:00:00 AM,Bendale South (157),NA,NA,0,1,Shooting,NA
GO-20221262198,7/3/2022 4:00:00 AM,Edenbridge-Humber Valley (9),NA,NA,0,0,Firearm Discharge,NA
GO-20221266165,7/4/2022 4:00:00 AM,West Humber-Clairville (1),NA,NA,0,1,Shooting,NA
GO-20221287524,7/6/2022 4:00:00 AM,Kingsview Village-The Westway (6),NA,NA,0,0,Firearm Discharge,NA
GO-20221294476,7/7/2022 4:00:00 AM,Woodbine Corridor (64),NA,NA,1,0,Shooting,NA
GO-20221288536,7/7/2022 4:00:00 AM,Black Creek (24),NA,NA,0,1,Shooting,NA
GO-20221288652,7/7/2022 4:00:00 AM,West Rouge (143),NA,NA,0,0,Firearm Discharge,NA
GO-20221302750,7/8/2022 4:00:00 AM,Eglinton East (138),NA,NA,0,0,Firearm Discharge,NA
GO-20221309975,7/9/2022 4:00:00 AM,Don Valley Village (47),NA,NA,0,2,Shooting,NA
GO-20221305976,7/9/2022 4:00:00 AM,Roncesvalles (86),NA,NA,0,0,Firearm Discharge,NA
GO-20221306759,7/9/2022 4:00:00 AM,Blake-Jones (69),NA,NA,0,0,Firearm Discharge,NA
GO-20221307488,7/9/2022 4:00:00 AM,West Humber-Clairville (1),NA,NA,0,0,Firearm Discharge,NA
GO-20221318280,7/10/2022 4:00:00 AM,Willowridge-Martingrove-Richview (7),NA,NA,0,0,Firearm Discharge,NA
GO-20221347514,7/14/2022 4:00:00 AM,Thistletown-Beaumond Heights (3),NA,NA,0,0,Firearm Discharge,NA
GO-20221360743,7/16/2022 4:00:00 AM,St Lawrence-East Bayfront-The Islands (166),NA,NA,1,0,Shooting,NA
GO-20221367584,7/17/2022 4:00:00 AM,East End-Danforth (62),NA,NA,0,1,Shooting,NA
GO-20221362949,7/17/2022 4:00:00 AM,Wellington Place (164),NA,NA,1,1,Shooting,NA
GO-20221376837,7/19/2022 4:00:00 AM,Wychwood (94),NA,NA,0,1,Shooting,NA
GO-20221399286,7/22/2022 4:00:00 AM,Annex (95),NA,NA,0,0,Firearm Discharge,NA
GO-20221406411,7/23/2022 4:00:00 AM,Yorkdale-Glen Park (31),NA,NA,0,0,Firearm Discharge,NA
GO-20221414635,7/24/2022 4:00:00 AM,High Park-Swansea (87),NA,NA,0,0,Firearm Discharge,NA
GO-20221415137,7/24/2022 4:00:00 AM,Regent Park (72),NA,NA,0,0,Firearm Discharge,NA
GO-20221424507,7/25/2022 4:00:00 AM,St Lawrence-East Bayfront-The Islands (166),NA,NA,0,0,Firearm Discharge,NA
GO-20221426517,7/25/2022 4:00:00 AM,Black Creek (24),NA,NA,0,0,Firearm Discharge,NA
GO-20221427988,7/26/2022 4:00:00 AM,Englemount-Lawrence (32),NA,NA,0,0,Firearm Discharge,NA
GO-20221428109,7/26/2022 4:00:00 AM,Weston-Pelham Park (91),NA,NA,0,1,Shooting,NA
GO-20221433462,7/26/2022 4:00:00 AM,Corso Italia-Davenport (92),NA,NA,0,0,Firearm Discharge,NA
GO-20221449888,7/28/2022 4:00:00 AM,West Humber-Clairville (1),NA,NA,0,1,Shooting,NA
GO-20221450330,7/29/2022 4:00:00 AM,Cliffcrest (123),NA,NA,0,1,Shooting,NA
GO-20221450462,7/29/2022 4:00:00 AM,Victoria Village (43),NA,NA,0,0,Firearm Discharge,NA
GO-20221450484,7/29/2022 4:00:00 AM,Milliken (130),NA,NA,0,0,Firearm Discharge,NA
GO-20221458014,7/30/2022 4:00:00 AM,Agincourt North (129),NA,NA,0,1,Shooting,NA
GO-20221484377,8/2/2022 4:00:00 AM,Rockcliffe-Smythe (111),NA,NA,0,0,Firearm Discharge,NA
GO-20221484583,8/2/2022 4:00:00 AM,Clairlea-Birchmount (120),NA,NA,0,1,Shooting,NA
GO-20221486114,8/3/2022 4:00:00 AM,Wexford/Maryvale (119),NA,NA,0,0,Firearm Discharge,NA
GO-20221485800,8/3/2022 4:00:00 AM,Church-Wellesley (167),NA,NA,0,0,Firearm Discharge,NA
GO-20221490255,8/3/2022 4:00:00 AM,Black Creek (24),NA,NA,0,0,Firearm Discharge,NA
GO-20221513770,8/7/2022 4:00:00 AM,Etobicoke City Centre (159),NA,NA,0,2,Shooting,NA
GO-20221514323,8/7/2022 4:00:00 AM,Malvern East (146),NA,NA,0,1,Shooting,NA
GO-20221529884,8/9/2022 4:00:00 AM,Trinity-Bellwoods (81),NA,NA,0,1,Shooting,NA
GO-20221527751,8/9/2022 4:00:00 AM,Weston (113),NA,NA,1,1,Shooting,NA
GO-20221547590,8/11/2022 4:00:00 AM,Thorncliffe Park (55),NA,NA,0,1,Shooting,NA
GO-20221555028,8/12/2022 4:00:00 AM,Playter Estates-Danforth (67),NA,NA,0,0,Firearm Discharge,NA
GO-20221559109,8/13/2022 4:00:00 AM,Bayview Village (52),NA,NA,0,0,Firearm Discharge,NA
GO-20221556672,8/13/2022 4:00:00 AM,West Humber-Clairville (1),NA,NA,0,0,Firearm Discharge,NA
GO-20221563540,8/14/2022 4:00:00 AM,Morningside (135),NA,NA,0,0,Firearm Discharge,NA
GO-20221563364,8/14/2022 4:00:00 AM,Bendale-Glen Andrew (156),NA,NA,0,1,Shooting,NA
GO-20221583164,8/15/2022 4:00:00 AM,Oakdale-Beverley Heights (154),NA,NA,0,0,Firearm Discharge,NA
GO-20221587038,8/15/2022 4:00:00 AM,Rockcliffe-Smythe (111),NA,NA,0,0,Firearm Discharge,NA
GO-20221576388,8/16/2022 4:00:00 AM,Clairlea-Birchmount (120),NA,NA,0,0,Firearm Discharge,NA
GO-20221582811,8/16/2022 4:00:00 AM,Oakdale-Beverley Heights (154),NA,NA,0,0,Firearm Discharge,NA
GO-20221576358,8/16/2022 4:00:00 AM,Golfdale-Cedarbrae-Woburn (141),NA,NA,0,1,Shooting,NA
GO-20221576049,8/16/2022 4:00:00 AM,Mount Olive-Silverstone-Jamestown (2),NA,NA,0,0,Firearm Discharge,NA
GO-20221586994,8/17/2022 4:00:00 AM,O'Connor-Parkview (54),NA,NA,0,0,Firearm Discharge,NA
GO-20221598216,8/18/2022 4:00:00 AM,Briar Hill-Belgravia (108),NA,NA,0,0,Firearm Discharge,NA
GO-20221594291,8/18/2022 4:00:00 AM,Oakdale-Beverley Heights (154),NA,NA,1,0,Shooting,NA
GO-20221604320,8/19/2022 4:00:00 AM,Eglinton East (138),NA,NA,0,1,Shooting,NA
GO-20221612603,8/20/2022 4:00:00 AM,Rustic (28),NA,NA,0,0,Firearm Discharge,NA
GO-20221613138,8/21/2022 4:00:00 AM,Golfdale-Cedarbrae-Woburn (141),NA,NA,0,0,Firearm Discharge,NA
GO-20221619287,8/22/2022 4:00:00 AM,Wellington Place (164),NA,NA,0,1,Shooting,NA
GO-20221625982,8/23/2022 4:00:00 AM,Downtown Yonge East (168),NA,NA,0,0,Firearm Discharge,NA
GO-20221705026,8/26/2022 4:00:00 AM,East L'Amoreaux (148),NA,NA,0,0,Firearm Discharge,NA
GO-20221655025,8/26/2022 4:00:00 AM,Black Creek (24),NA,NA,0,0,Firearm Discharge,NA
GO-20221655957,8/27/2022 4:00:00 AM,Lansing-Westgate (38),NA,NA,0,0,Firearm Discharge,NA
GO-20221659273,8/27/2022 4:00:00 AM,Glenfield-Jane Heights (25),NA,NA,0,0,Firearm Discharge,NA
GO-20221656781,8/27/2022 4:00:00 AM,Glenfield-Jane Heights (25),NA,NA,0,0,Firearm Discharge,NA
GO-20221669419,8/29/2022 4:00:00 AM,Glenfield-Jane Heights (25),NA,NA,0,0,Firearm Discharge,NA
GO-20221704453,9/2/2022 4:00:00 AM,Briar Hill-Belgravia (108),NA,NA,0,0,Firearm Discharge,NA
GO-20221707412,9/3/2022 4:00:00 AM,Wellington Place (164),NA,NA,0,1,Shooting,NA
GO-20221707599,9/3/2022 4:00:00 AM,Briar Hill-Belgravia (108),NA,NA,0,1,Shooting,NA
GO-20221720142,9/5/2022 4:00:00 AM,Harbourfront-CityPlace (165),NA,NA,0,0,Firearm Discharge,NA
GO-20221727557,9/6/2022 4:00:00 AM,Brookhaven-Amesbury (30),NA,NA,0,0,Firearm Discharge,NA
GO-20221736091,9/8/2022 4:00:00 AM,Agincourt South-Malvern West (128),NA,NA,0,0,Firearm Discharge,NA
GO-20221757724,9/9/2022 4:00:00 AM,Briar Hill-Belgravia (108),NA,NA,0,0,Firearm Discharge,NA
GO-20221758114,9/10/2022 4:00:00 AM,Pelmo Park-Humberlea (23),NA,NA,0,1,Shooting,NA
GO-20221764147,9/10/2022 4:00:00 AM,East Willowdale (152),NA,NA,0,1,Shooting,NA
GO-20221757893,9/10/2022 4:00:00 AM,York University Heights (27),NA,NA,1,0,Shooting,NA
GO-20221764154,9/10/2022 4:00:00 AM,Fort York-Liberty Village (163),NA,NA,0,0,Firearm Discharge,NA
GO-20221758429,9/10/2022 4:00:00 AM,Briar Hill-Belgravia (108),NA,NA,0,0,Firearm Discharge,NA
GO-20221766117,9/11/2022 4:00:00 AM,Yonge-Bay Corridor (170),NA,NA,0,1,Shooting,NA
GO-20221765442,9/11/2022 4:00:00 AM,Dufferin Grove (83),NA,NA,0,2,Shooting,NA
GO-20221766538,9/11/2022 4:00:00 AM,Willowridge-Martingrove-Richview (7),NA,NA,0,1,Shooting,NA
GO-20221771972,9/12/2022 4:00:00 AM,Wellington Place (164),NA,NA,0,3,Shooting,NA
GO-20221779119,9/13/2022 4:00:00 AM,Mimico-Queensway (160),NA,NA,0,0,Firearm Discharge,NA
GO-20221779521,9/13/2022 4:00:00 AM,Ionview (125),NA,NA,0,0,Firearm Discharge,NA
GO-20221789307,9/14/2022 4:00:00 AM,Mount Dennis (115),NA,NA,0,0,Firearm Discharge,NA
GO-20221799868,9/15/2022 4:00:00 AM,Weston (113),NA,NA,0,0,Firearm Discharge,NA
GO-20221800162,9/15/2022 4:00:00 AM,Humber Bay Shores (161),NA,NA,1,1,Shooting,NA
GO-20221796214,9/15/2022 4:00:00 AM,Leaside-Bennington (56),NA,NA,0,0,Firearm Discharge,NA
GO-20221807733,9/16/2022 4:00:00 AM,Cliffcrest (123),NA,NA,0,1,Shooting,NA
GO-20221808187,9/16/2022 4:00:00 AM,Yorkdale-Glen Park (31),NA,NA,0,1,Shooting,NA
GO-20221812846,9/17/2022 4:00:00 AM,Rexdale-Kipling (4),NA,NA,0,0,Firearm Discharge,NA
GO-20221810682,9/17/2022 4:00:00 AM,East L'Amoreaux (148),NA,NA,0,0,Firearm Discharge,NA
GO-20221816266,9/18/2022 4:00:00 AM,Kensington-Chinatown (78),NA,NA,0,1,Shooting,NA
GO-20221821231,9/18/2022 4:00:00 AM,Oakwood Village (107),NA,NA,0,0,Firearm Discharge,NA
GO-20221816726,9/18/2022 4:00:00 AM,Bendale-Glen Andrew (156),NA,NA,0,1,Shooting,NA
GO-20221842169,9/21/2022 4:00:00 AM,Fort York-Liberty Village (163),NA,NA,0,1,Shooting,NA
GO-20221841803,9/21/2022 4:00:00 AM,Oakwood Village (107),NA,NA,0,0,Firearm Discharge,NA
GO-20221839939,9/21/2022 4:00:00 AM,Eglinton East (138),NA,NA,1,0,Shooting,NA
GO-20221850079,9/23/2022 4:00:00 AM,Newtonbrook West (36),NA,NA,0,1,Shooting,NA
GO-20221862916,9/24/2022 4:00:00 AM,Malvern West (145),NA,NA,0,0,Firearm Discharge,NA
GO-20221881775,9/27/2022 4:00:00 AM,Humber Summit (21),NA,NA,0,1,Shooting,NA
GO-20221888732,9/28/2022 4:00:00 AM,Woburn North (142),NA,NA,0,1,Shooting,NA
GO-20221906948,9/30/2022 4:00:00 AM,Woburn North (142),NA,NA,0,1,Shooting,NA
GO-20221903601,9/30/2022 4:00:00 AM,Eglinton East (138),NA,NA,0,0,Firearm Discharge,NA
GO-20221913631,10/1/2022 4:00:00 AM,Golfdale-Cedarbrae-Woburn (141),NA,NA,0,0,Firearm Discharge,NA
GO-20221915451,10/2/2022 4:00:00 AM,Bayview Village (52),NA,NA,0,1,Shooting,NA
GO-20221939818,10/4/2022 4:00:00 AM,Glenfield-Jane Heights (25),NA,NA,0,0,Firearm Discharge,NA
GO-20221928612,10/4/2022 4:00:00 AM,Lawrence Park North (105),NA,NA,0,0,Firearm Discharge,NA
GO-20221946068,10/6/2022 4:00:00 AM,Glenfield-Jane Heights (25),NA,NA,1,0,Shooting,NA
GO-20221949018,10/6/2022 4:00:00 AM,Thistletown-Beaumond Heights (3),NA,NA,0,0,Firearm Discharge,NA
GO-20221963156,10/8/2022 4:00:00 AM,Weston (113),NA,NA,1,1,Shooting,NA
GO-20221968410,10/9/2022 4:00:00 AM,West Rouge (143),NA,NA,0,0,Firearm Discharge,NA
GO-20221968025,10/9/2022 4:00:00 AM,York University Heights (27),NA,NA,1,2,Shooting,NA
GO-20221980411,10/11/2022 4:00:00 AM,Moss Park (73),NA,NA,0,1,Shooting,NA
GO-20221997906,10/14/2022 4:00:00 AM,Junction-Wallace Emerson (171),NA,NA,0,0,Firearm Discharge,NA
GO-20222005508,10/15/2022 4:00:00 AM,Beechborough-Greenbrook (112),NA,NA,0,1,Shooting,NA
GO-20222004804,10/15/2022 4:00:00 AM,Malvern East (146),NA,NA,0,1,Shooting,NA
GO-20222029828,10/18/2022 4:00:00 AM,Ionview (125),NA,NA,0,0,Firearm Discharge,NA
GO-20222050744,10/21/2022 4:00:00 AM,Scarborough Village (139),NA,NA,0,1,Shooting,NA
GO-20222049451,10/21/2022 4:00:00 AM,Woburn North (142),NA,NA,0,0,Firearm Discharge,NA
GO-20222061220,10/22/2022 4:00:00 AM,Casa Loma (96),NA,NA,0,0,Firearm Discharge,NA
GO-20222055651,10/22/2022 4:00:00 AM,Yorkdale-Glen Park (31),NA,NA,0,0,Firearm Discharge,NA
GO-20222052791,10/22/2022 4:00:00 AM,Wellington Place (164),NA,NA,1,0,Shooting,NA
GO-20222060043,10/23/2022 4:00:00 AM,Black Creek (24),NA,NA,0,1,Shooting,NA
GO-20222059847,10/23/2022 4:00:00 AM,Wellington Place (164),NA,NA,0,1,Shooting,NA
GO-20222072271,10/24/2022 4:00:00 AM,West Hill (136),NA,NA,0,0,Firearm Discharge,NA
GO-20222070140,10/24/2022 4:00:00 AM,L'Amoreaux West (147),NA,NA,0,1,Shooting,NA
GO-20222065748,10/24/2022 4:00:00 AM,Bayview Village (52),NA,NA,0,1,Shooting,NA
GO-20222089661,10/27/2022 4:00:00 AM,St Lawrence-East Bayfront-The Islands (166),NA,NA,0,0,Firearm Discharge,NA
GO-20222099784,10/28/2022 4:00:00 AM,Blake-Jones (69),NA,NA,1,0,Shooting,NA
GO-20222096151,10/28/2022 4:00:00 AM,Bendale-Glen Andrew (156),NA,NA,0,0,Firearm Discharge,NA
GO-20222105807,10/29/2022 4:00:00 AM,Thistletown-Beaumond Heights (3),NA,NA,0,0,Firearm Discharge,NA
GO-20222120467,10/31/2022 4:00:00 AM,Woburn North (142),NA,NA,1,1,Shooting,NA
GO-20222123945,11/1/2022 4:00:00 AM,York University Heights (27),NA,NA,0,0,Firearm Discharge,NA
GO-20222130840,11/1/2022 4:00:00 AM,West Hill (136),NA,NA,0,0,Firearm Discharge,NA
GO-20222154049,11/5/2022 4:00:00 AM,Don Valley Village (47),NA,NA,0,0,Firearm Discharge,NA
GO-20222160595,11/5/2022 4:00:00 AM,Kensington-Chinatown (78),NA,NA,0,1,Shooting,NA
GO-20222198336,11/11/2022 5:00:00 AM,Victoria Village (43),NA,NA,0,0,Firearm Discharge,NA
GO-20222209711,11/12/2022 5:00:00 AM,Milliken (130),NA,NA,1,0,Shooting,NA
GO-20222222718,11/14/2022 5:00:00 AM,South Parkdale (85),NA,NA,0,0,Firearm Discharge,NA
GO-20222229664,11/15/2022 5:00:00 AM,South Parkdale (85),NA,NA,1,3,Shooting,NA
GO-20222253956,11/18/2022 5:00:00 AM,Downsview (155),NA,NA,0,0,Firearm Discharge,NA
GO-20222246418,11/18/2022 5:00:00 AM,Harbourfront-CityPlace (165),NA,NA,0,0,Firearm Discharge,NA
GO-20222258851,11/19/2022 5:00:00 AM,Willowridge-Martingrove-Richview (7),NA,NA,0,0,Firearm Discharge,NA
GO-20222265498,11/20/2022 5:00:00 AM,West Humber-Clairville (1),NA,NA,1,0,Shooting,NA
GO-20222273728,11/21/2022 5:00:00 AM,Lambton Baby Point (114),NA,NA,0,0,Firearm Discharge,NA
GO-20222274810,11/22/2022 5:00:00 AM,Willowridge-Martingrove-Richview (7),NA,NA,0,0,Firearm Discharge,NA
GO-20222288400,11/23/2022 5:00:00 AM,Oakdale-Beverley Heights (154),NA,NA,0,1,Shooting,NA
GO-20222303795,11/25/2022 5:00:00 AM,Golfdale-Cedarbrae-Woburn (141),NA,NA,0,1,Shooting,NA
GO-20222304899,11/26/2022 5:00:00 AM,Moss Park (73),NA,NA,0,1,Shooting,NA
GO-20222324309,11/28/2022 5:00:00 AM,Milliken (130),NA,NA,0,0,Firearm Discharge,NA
GO-20222331429,11/29/2022 5:00:00 AM,Clairlea-Birchmount (120),NA,NA,0,2,Shooting,NA
GO-20222339409,11/30/2022 5:00:00 AM,Fort York-Liberty Village (163),NA,NA,0,1,Shooting,NA
GO-20222533953,12/1/2022 5:00:00 AM,Weston (113),NA,NA,0,0,Firearm Discharge,NA
GO-20222348719,12/2/2022 5:00:00 AM,Milliken (130),NA,NA,0,0,Firearm Discharge,NA
GO-20222351406,12/2/2022 5:00:00 AM,Clanton Park (33),NA,NA,0,0,Firearm Discharge,NA
GO-20222356727,12/3/2022 5:00:00 AM,St Lawrence-East Bayfront-The Islands (166),NA,NA,0,1,Shooting,NA
GO-20222363643,12/4/2022 5:00:00 AM,Dorset Park (126),NA,NA,0,1,Shooting,NA
GO-20222413771,12/10/2022 5:00:00 AM,Taylor-Massey (61),NA,NA,1,1,Shooting,NA
GO-20222437044,12/14/2022 5:00:00 AM,Parkwoods-O'Connor Hills (149),NA,NA,0,0,Firearm Discharge,NA
GO-20222438791,12/14/2022 5:00:00 AM,Harbourfront-CityPlace (165),NA,NA,0,0,Firearm Discharge,NA
GO-20222452652,12/16/2022 5:00:00 AM,Morningside (135),NA,NA,1,0,Shooting,NA
GO-20222455441,12/16/2022 5:00:00 AM,West Hill (136),NA,NA,0,1,Shooting,NA
GO-20222462846,12/17/2022 5:00:00 AM,Morningside (135),NA,NA,0,1,Shooting,NA
GO-20222460569,12/17/2022 5:00:00 AM,Kensington-Chinatown (78),NA,NA,0,0,Firearm Discharge,NA
GO-20222481025,12/19/2022 5:00:00 AM,East Willowdale (152),NA,NA,0,0,Firearm Discharge,NA
GO-20222508473,12/23/2022 5:00:00 AM,Junction-Wallace Emerson (171),NA,NA,0,0,Firearm Discharge,NA
GO-20222510642,12/23/2022 5:00:00 AM,Junction-Wallace Emerson (171),NA,NA,0,0,Firearm Discharge,NA
GO-20222526584,12/26/2022 5:00:00 AM,Thistletown-Beaumond Heights (3),NA,NA,0,0,Firearm Discharge,NA
GO-20222548732,12/29/2022 5:00:00 AM,Rosedale-Moore Park (98),NA,NA,0,0,Firearm Discharge,NA
GO-20222554708,12/30/2022 5:00:00 AM,Tam O'Shanter-Sullivan (118),NA,NA,1,0,Shooting,NA
GO-20222558566,12/31/2022 5:00:00 AM,Briar Hill-Belgravia (108),NA,NA,0,0,Firearm Discharge,NA
GO-20233299,1/1/2023 5:00:00 AM,Harbourfront-CityPlace (165),NA,NA,0,0,Firearm Discharge,NA
GO-20232147,1/1/2023 5:00:00 AM,Playter Estates-Danforth (67),NA,NA,0,1,Shooting,NA
GO-20237179,1/2/2023 5:00:00 AM,Rockcliffe-Smythe (111),NA,NA,0,1,Shooting,NA
GO-202312152,1/2/2023 5:00:00 AM,Humber Heights-Westmount (8),NA,NA,0,1,Shooting,NA
GO-202346796,1/7/2023 5:00:00 AM,West Humber-Clairville (1),NA,NA,0,1,Shooting,NA
GO-202368394,1/10/2023 5:00:00 AM,Humber Summit (21),NA,NA,0,0,Firearm Discharge,NA
GO-202375795,1/10/2023 5:00:00 AM,Willowridge-Martingrove-Richview (7),NA,NA,0,1,Shooting,NA
GO-202388108,1/12/2023 5:00:00 AM,Old East York (58),NA,NA,0,1,Shooting,NA
GO-2023105466,1/14/2023 5:00:00 AM,Victoria Village (43),NA,NA,0,3,Shooting,NA
GO-2023110791,1/15/2023 5:00:00 AM,Malvern West (145),NA,NA,0,0,Firearm Discharge,NA
GO-2023119105,1/16/2023 5:00:00 AM,Thorncliffe Park (55),NA,NA,0,1,Shooting,NA
GO-2023131226,1/17/2023 5:00:00 AM,Dufferin Grove (83),NA,NA,0,0,Firearm Discharge,NA
GO-2023147017,1/19/2023 5:00:00 AM,Milliken (130),NA,NA,0,0,Firearm Discharge,NA
GO-2023190099,1/25/2023 5:00:00 AM,East L'Amoreaux (148),NA,NA,0,1,Shooting,NA
GO-2023205173,1/27/2023 5:00:00 AM,Humbermede (22),NA,NA,0,0,Firearm Discharge,NA
GO-2023224073,1/29/2023 5:00:00 AM,Wexford/Maryvale (119),NA,NA,0,0,Firearm Discharge,NA
GO-2023228248,1/30/2023 5:00:00 AM,Morningside Heights (144),NA,NA,0,0,Firearm Discharge,NA
GO-2023284877,2/5/2023 5:00:00 AM,Cliffcrest (123),NA,NA,0,0,Firearm Discharge,NA
GO-2023282077,2/5/2023 5:00:00 AM,Clanton Park (33),NA,NA,0,0,Firearm Discharge,NA
GO-2023290870,2/6/2023 5:00:00 AM,Rockcliffe-Smythe (111),NA,NA,0,0,Firearm Discharge,NA
GO-2023308336,2/8/2023 5:00:00 AM,Clairlea-Birchmount (120),NA,NA,0,1,Shooting,NA
GO-2023328121,2/11/2023 5:00:00 AM,Scarborough Village (139),NA,NA,0,0,Firearm Discharge,NA
GO-2023336413,2/12/2023 5:00:00 AM,Little Portugal (84),NA,NA,0,1,Shooting,NA
GO-2023370717,2/16/2023 5:00:00 AM,Weston (113),NA,NA,0,1,Shooting,NA
GO-2023383456,2/17/2023 5:00:00 AM,Wychwood (94),NA,NA,0,0,Firearm Discharge,NA
GO-2023404253,2/20/2023 5:00:00 AM,West Humber-Clairville (1),NA,NA,0,0,Firearm Discharge,NA
GO-2023410787,2/21/2023 5:00:00 AM,Black Creek (24),NA,NA,0,2,Shooting,NA
GO-2023425891,2/23/2023 5:00:00 AM,Don Valley Village (47),NA,NA,0,0,Firearm Discharge,NA
GO-2023517303,2/24/2023 5:00:00 AM,Forest Hill South (101),NA,NA,0,0,Firearm Discharge,NA
GO-2023437808,2/25/2023 5:00:00 AM,Downtown Yonge East (168),NA,NA,0,1,Shooting,NA
GO-2023445497,2/26/2023 5:00:00 AM,Glenfield-Jane Heights (25),NA,NA,0,0,Firearm Discharge,NA
GO-2023466291,2/28/2023 5:00:00 AM,Kennedy Park (124),NA,NA,0,1,Shooting,NA
GO-2023464991,2/28/2023 5:00:00 AM,Wellington Place (164),NA,NA,0,1,Shooting,NA
GO-2023503432,3/3/2023 5:00:00 AM,Caledonia-Fairbank (109),NA,NA,0,0,Firearm Discharge,NA
GO-2023499339,3/4/2023 5:00:00 AM,Oakridge (121),NA,NA,0,0,Firearm Discharge,NA
GO-2023504836,3/5/2023 5:00:00 AM,Wellington Place (164),NA,NA,0,0,Firearm Discharge,NA
GO-2023506042,3/5/2023 5:00:00 AM,Don Valley Village (47),NA,NA,0,0,Firearm Discharge,NA
GO-2023506913,3/6/2023 5:00:00 AM,Cliffcrest (123),NA,NA,1,0,Shooting,NA
GO-2023507246,3/6/2023 5:00:00 AM,Rockcliffe-Smythe (111),NA,NA,0,0,Firearm Discharge,NA
GO-2023543636,3/10/2023 5:00:00 AM,Yonge-Eglinton (100),NA,NA,0,0,Firearm Discharge,NA
GO-2023546968,3/10/2023 5:00:00 AM,West Humber-Clairville (1),NA,NA,0,1,Shooting,NA
GO-2023539958,3/10/2023 5:00:00 AM,East L'Amoreaux (148),NA,NA,0,1,Shooting,NA
GO-2023582452,3/15/2023 4:00:00 AM,Oakdale-Beverley Heights (154),NA,NA,0,1,Shooting,NA
GO-2023602110,3/18/2023 4:00:00 AM,Kensington-Chinatown (78),NA,NA,0,0,Firearm Discharge,NA
GO-2023605514,3/18/2023 4:00:00 AM,West Hill (136),NA,NA,0,2,Shooting,NA
GO-2023612975,3/19/2023 4:00:00 AM,Ionview (125),NA,NA,0,0,Firearm Discharge,NA
GO-2023621135,3/20/2023 4:00:00 AM,Don Valley Village (47),NA,NA,1,2,Shooting,NA
GO-2023637728,3/22/2023 4:00:00 AM,Mount Olive-Silverstone-Jamestown (2),NA,NA,0,1,Shooting,NA
GO-2023640898,3/23/2023 4:00:00 AM,Keelesdale-Eglinton West (110),NA,NA,0,1,Shooting,NA
GO-2023657450,3/25/2023 4:00:00 AM,Oakwood Village (107),NA,NA,0,0,Firearm Discharge,NA
GO-2023657495,3/25/2023 4:00:00 AM,Flemingdon Park (44),NA,NA,0,0,Firearm Discharge,NA
GO-2023686290,3/28/2023 4:00:00 AM,Avondale (153),NA,NA,0,1,Shooting,NA
GO-2023681181,3/28/2023 4:00:00 AM,St Lawrence-East Bayfront-The Islands (166),NA,NA,0,0,Firearm Discharge,NA
GO-2023699898,3/30/2023 4:00:00 AM,Wychwood (94),NA,NA,0,0,Firearm Discharge,NA
GO-2023710985,3/31/2023 4:00:00 AM,Humber Summit (21),NA,NA,0,0,Firearm Discharge,NA
GO-2023722157,4/2/2023 4:00:00 AM,Dorset Park (126),NA,NA,0,0,Firearm Discharge,NA
GO-2023725302,4/2/2023 4:00:00 AM,Golfdale-Cedarbrae-Woburn (141),NA,NA,0,0,Firearm Discharge,NA
GO-2023745352,4/5/2023 4:00:00 AM,Newtonbrook East (50),NA,NA,0,2,Shooting,NA
GO-2023745877,4/5/2023 4:00:00 AM,Weston-Pelham Park (91),NA,NA,0,0,Firearm Discharge,NA
GO-2023762421,4/7/2023 4:00:00 AM,Kennedy Park (124),NA,NA,0,0,Firearm Discharge,NA
GO-2023761870,4/7/2023 4:00:00 AM,Morningside (135),NA,NA,0,0,Firearm Discharge,NA
GO-2023777821,4/9/2023 4:00:00 AM,Wexford/Maryvale (119),NA,NA,0,0,Firearm Discharge,NA
GO-2023791066,4/10/2023 4:00:00 AM,Glenfield-Jane Heights (25),NA,NA,0,0,Firearm Discharge,NA
GO-2023809585,4/12/2023 4:00:00 AM,Glenfield-Jane Heights (25),NA,NA,0,0,Firearm Discharge,NA
GO-2023810402,4/13/2023 4:00:00 AM,Flemingdon Park (44),NA,NA,0,0,Firearm Discharge,NA
GO-2023828737,4/14/2023 4:00:00 AM,Palmerston-Little Italy (80),NA,NA,1,0,Shooting,NA
GO-2023834466,4/15/2023 4:00:00 AM,Beechborough-Greenbrook (112),NA,NA,1,0,Shooting,NA
GO-2023853735,4/17/2023 4:00:00 AM,Humber Heights-Westmount (8),NA,NA,0,0,Firearm Discharge,NA
GO-2023861436,4/18/2023 4:00:00 AM,Etobicoke City Centre (159),NA,NA,0,0,Firearm Discharge,NA
GO-2023869623,4/19/2023 4:00:00 AM,High Park-Swansea (87),NA,NA,0,1,Shooting,NA
GO-2023878789,4/20/2023 4:00:00 AM,Oakridge (121),NA,NA,0,0,Firearm Discharge,NA
GO-2023871238,4/20/2023 4:00:00 AM,Humber Heights-Westmount (8),NA,NA,0,0,Firearm Discharge,NA
GO-2023883648,4/21/2023 4:00:00 AM,Harbourfront-CityPlace (165),NA,NA,0,0,Firearm Discharge,NA
GO-2023887801,4/21/2023 4:00:00 AM,Humber Summit (21),NA,NA,1,0,Shooting,NA
GO-2023910944,4/24/2023 4:00:00 AM,Glenfield-Jane Heights (25),NA,NA,0,1,Shooting,NA
GO-2023935923,4/27/2023 4:00:00 AM,Englemount-Lawrence (32),NA,NA,0,1,Shooting,NA
GO-2023938879,4/28/2023 4:00:00 AM,Mount Olive-Silverstone-Jamestown (2),NA,NA,0,0,Firearm Discharge,NA
GO-2023962302,4/30/2023 4:00:00 AM,Mount Olive-Silverstone-Jamestown (2),NA,NA,0,0,Firearm Discharge,NA
GO-2023971486,5/1/2023 4:00:00 AM,Mimico-Queensway (160),NA,NA,0,0,Firearm Discharge,NA
GO-2023968860,5/1/2023 4:00:00 AM,Agincourt South-Malvern West (128),NA,NA,0,0,Firearm Discharge,NA
GO-2023977468,5/2/2023 4:00:00 AM,Mount Olive-Silverstone-Jamestown (2),NA,NA,0,1,Shooting,NA
GO-2023972496,5/2/2023 4:00:00 AM,Yonge-Bay Corridor (170),NA,NA,0,1,Shooting,NA
GO-2023982267,5/3/2023 4:00:00 AM,Humbermede (22),NA,NA,0,0,Firearm Discharge,NA
GO-2023989623,5/4/2023 4:00:00 AM,York University Heights (27),NA,NA,0,0,Firearm Discharge,NA
GO-20231006471,5/5/2023 4:00:00 AM,Oakridge (121),NA,NA,0,0,Firearm Discharge,NA
GO-2023998085,5/5/2023 4:00:00 AM,Wychwood (94),NA,NA,0,0,Firearm Discharge,NA
GO-20231007778,5/6/2023 4:00:00 AM,Wellington Place (164),NA,NA,0,1,Shooting,NA
GO-20231014321,5/6/2023 4:00:00 AM,Fenside-Parkwoods (150),NA,NA,0,0,Firearm Discharge,NA
GO-20231015436,5/7/2023 4:00:00 AM,Clanton Park (33),NA,NA,0,0,Firearm Discharge,NA
GO-20231015945,5/7/2023 4:00:00 AM,Downtown Yonge East (168),NA,NA,0,0,Firearm Discharge,NA
GO-20231041455,5/10/2023 4:00:00 AM,Mimico-Queensway (160),NA,NA,1,0,Shooting,NA
GO-20231067014,5/12/2023 4:00:00 AM,Bayview Village (52),NA,NA,0,0,Firearm Discharge,NA
GO-20231126566,5/12/2023 4:00:00 AM,Birchcliffe-Cliffside (122),NA,NA,0,0,Firearm Discharge,NA
GO-20231077176,5/13/2023 4:00:00 AM,West Humber-Clairville (1),NA,NA,1,0,Shooting,NA
GO-20231078075,5/14/2023 4:00:00 AM,Oakwood Village (107),NA,NA,0,2,Shooting,NA
GO-20231079101,5/14/2023 4:00:00 AM,Morningside Heights (144),NA,NA,0,0,Firearm Discharge,NA
GO-20231095701,5/16/2023 4:00:00 AM,West Humber-Clairville (1),NA,NA,0,0,Firearm Discharge,NA
GO-20231105457,5/16/2023 4:00:00 AM,Pelmo Park-Humberlea (23),NA,NA,0,0,Firearm Discharge,NA
GO-20231115071,5/18/2023 4:00:00 AM,South Riverdale (70),NA,NA,0,0,Firearm Discharge,NA
GO-20231117838,5/18/2023 4:00:00 AM,Newtonbrook West (36),NA,NA,0,0,Firearm Discharge,NA
GO-20231128816,5/19/2023 4:00:00 AM,West Rouge (143),NA,NA,0,0,Firearm Discharge,NA
GO-20231155897,5/20/2023 4:00:00 AM,Downsview (155),NA,NA,0,0,Firearm Discharge,NA
GO-20231145952,5/21/2023 4:00:00 AM,High Park-Swansea (87),NA,NA,0,1,Shooting,NA
GO-20231153638,5/22/2023 4:00:00 AM,West Hill (136),NA,NA,0,0,Firearm Discharge,NA
GO-20231146318,5/22/2023 4:00:00 AM,North Riverdale (68),NA,NA,0,0,Firearm Discharge,NA
GO-20231157797,5/23/2023 4:00:00 AM,Beechborough-Greenbrook (112),NA,NA,0,1,Shooting,NA
GO-20231162965,5/23/2023 4:00:00 AM,Rockcliffe-Smythe (111),NA,NA,0,0,Firearm Discharge,NA
GO-20231163775,5/24/2023 4:00:00 AM,Kennedy Park (124),NA,NA,0,0,Firearm Discharge,NA
GO-20231179681,5/25/2023 4:00:00 AM,West Humber-Clairville (1),NA,NA,0,1,Shooting,NA
GO-20231194143,5/27/2023 4:00:00 AM,Princess-Rosethorn (10),NA,NA,0,0,Firearm Discharge,NA
GO-20231236001,5/31/2023 4:00:00 AM,West Hill (136),NA,NA,0,1,Shooting,NA
GO-20231261444,6/3/2023 4:00:00 AM,Blake-Jones (69),NA,NA,0,1,Shooting,NA
GO-20231268707,6/3/2023 4:00:00 AM,Flemingdon Park (44),NA,NA,0,0,Firearm Discharge,NA
GO-20231270306,6/4/2023 4:00:00 AM,Agincourt South-Malvern West (128),NA,NA,0,1,Shooting,NA
GO-20231274913,6/4/2023 4:00:00 AM,Banbury-Don Mills (42),NA,NA,0,0,Firearm Discharge,NA
GO-20231284476,6/5/2023 4:00:00 AM,Beechborough-Greenbrook (112),NA,NA,0,1,Shooting,NA
GO-20231282752,6/5/2023 4:00:00 AM,Wexford/Maryvale (119),NA,NA,0,1,Shooting,NA
GO-20231296125,6/6/2023 4:00:00 AM,West Rouge (143),NA,NA,0,0,Firearm Discharge,NA
GO-20231324001,6/10/2023 4:00:00 AM,West Humber-Clairville (1),NA,NA,0,1,Shooting,NA
GO-20231338629,6/11/2023 4:00:00 AM,Glenfield-Jane Heights (25),NA,NA,0,0,Firearm Discharge,NA
GO-20231343735,6/12/2023 4:00:00 AM,NSA,NA,NA,1,0,Shooting,NA
GO-20231380883,6/16/2023 4:00:00 AM,Woodbine Corridor (64),NA,NA,0,0,Firearm Discharge,NA
GO-20231396751,6/18/2023 4:00:00 AM,Agincourt South-Malvern West (128),NA,NA,0,1,Shooting,NA
GO-20231411799,6/19/2023 4:00:00 AM,Etobicoke City Centre (159),NA,NA,1,0,Shooting,NA
GO-20231431899,6/21/2023 4:00:00 AM,Malvern East (146),NA,NA,0,0,Firearm Discharge,NA
GO-20231443012,6/23/2023 4:00:00 AM,Malvern West (145),NA,NA,0,1,Shooting,NA
GO-20231461303,6/24/2023 4:00:00 AM,Morningside (135),NA,NA,0,1,Shooting,NA
GO-20231453717,6/24/2023 4:00:00 AM,Morningside (135),NA,NA,0,0,Firearm Discharge,NA
GO-20231462261,6/25/2023 4:00:00 AM,Thorncliffe Park (55),NA,NA,0,1,Shooting,NA
GO-20231469984,6/25/2023 4:00:00 AM,Englemount-Lawrence (32),NA,NA,0,0,Firearm Discharge,NA
GO-20231472515,6/26/2023 4:00:00 AM,York University Heights (27),NA,NA,0,0,Firearm Discharge,NA
GO-20231482496,6/27/2023 4:00:00 AM,St Lawrence-East Bayfront-The Islands (166),NA,NA,0,0,Firearm Discharge,NA
GO-20231509006,6/29/2023 4:00:00 AM,Mount Olive-Silverstone-Jamestown (2),NA,NA,0,0,Firearm Discharge,NA
GO-20231501491,6/29/2023 4:00:00 AM,Clairlea-Birchmount (120),NA,NA,0,0,Firearm Discharge,NA
GO-20231504918,6/29/2023 4:00:00 AM,West Hill (136),NA,NA,0,0,Firearm Discharge,NA
GO-20231500195,6/29/2023 4:00:00 AM,Banbury-Don Mills (42),NA,NA,1,0,Shooting,NA
GO-20231509572,6/30/2023 4:00:00 AM,Cabbagetown-South St.James Town (71),NA,NA,0,2,Shooting,NA
GO-20231514208,6/30/2023 4:00:00 AM,Woburn North (142),NA,NA,0,2,Shooting,NA
GO-20231514151,6/30/2023 4:00:00 AM,Woburn North (142),NA,NA,0,1,Shooting,NA
GO-20231509901,6/30/2023 4:00:00 AM,East L'Amoreaux (148),NA,NA,0,0,Firearm Discharge,NA
GO-20231519342,7/1/2023 4:00:00 AM,Danforth (66),NA,NA,0,0,Firearm Discharge,NA
GO-20231528493,7/2/2023 4:00:00 AM,Kensington-Chinatown (78),NA,NA,0,0,Firearm Discharge,NA
GO-20231534557,7/2/2023 4:00:00 AM,Clanton Park (33),NA,NA,0,0,Firearm Discharge,NA
GO-20231534477,7/2/2023 4:00:00 AM,Mount Olive-Silverstone-Jamestown (2),NA,NA,1,0,Shooting,NA
GO-20231527522,7/2/2023 4:00:00 AM,Downsview (155),NA,NA,0,0,Firearm Discharge,NA
GO-20231539464,7/3/2023 4:00:00 AM,Briar Hill-Belgravia (108),NA,NA,0,0,Firearm Discharge,NA
GO-20231535446,7/3/2023 4:00:00 AM,Caledonia-Fairbank (109),NA,NA,0,1,Shooting,NA
GO-20231552939,7/4/2023 4:00:00 AM,Cliffcrest (123),NA,NA,0,1,Shooting,NA
GO-20231576848,7/7/2023 4:00:00 AM,South Riverdale (70),NA,NA,1,0,Shooting,NA
GO-20231572848,7/7/2023 4:00:00 AM,Kennedy Park (124),NA,NA,0,2,Shooting,NA
GO-20231582493,7/8/2023 4:00:00 AM,Rustic (28),NA,NA,0,0,Firearm Discharge,NA
GO-20231601867,7/8/2023 4:00:00 AM,Kensington-Chinatown (78),NA,NA,0,0,Firearm Discharge,NA
GO-20231582778,7/8/2023 4:00:00 AM,Thorncliffe Park (55),NA,NA,0,0,Firearm Discharge,NA
GO-20231599562,7/10/2023 4:00:00 AM,Bay-Cloverhill (169),NA,NA,0,2,Shooting,NA
GO-20231632947,7/13/2023 4:00:00 AM,Mount Olive-Silverstone-Jamestown (2),NA,NA,0,0,Firearm Discharge,NA
GO-20231648924,7/15/2023 4:00:00 AM,Wychwood (94),NA,NA,0,1,Shooting,NA
GO-20231653806,7/16/2023 4:00:00 AM,West Hill (136),NA,NA,0,3,Shooting,NA
GO-20231655298,7/16/2023 4:00:00 AM,Junction-Wallace Emerson (171),NA,NA,0,1,Shooting,NA
GO-20231675042,7/18/2023 4:00:00 AM,Victoria Village (43),NA,NA,0,1,Shooting,NA
GO-20231683614,7/19/2023 4:00:00 AM,Mount Olive-Silverstone-Jamestown (2),NA,NA,1,0,Shooting,NA
GO-20231701871,7/22/2023 4:00:00 AM,Glenfield-Jane Heights (25),NA,NA,0,0,Firearm Discharge,NA
GO-20231702623,7/22/2023 4:00:00 AM,Kingsview Village-The Westway (6),NA,NA,0,0,Firearm Discharge,NA
GO-20231709728,7/22/2023 4:00:00 AM,Black Creek (24),NA,NA,0,1,Shooting,NA
GO-20231702066,7/22/2023 4:00:00 AM,Taylor-Massey (61),NA,NA,0,0,Firearm Discharge,NA
GO-20231710327,7/23/2023 4:00:00 AM,Oakdale-Beverley Heights (154),NA,NA,0,0,Firearm Discharge,NA
GO-20231711068,7/23/2023 4:00:00 AM,Kensington-Chinatown (78),NA,NA,0,0,Firearm Discharge,NA
GO-20231711054,7/23/2023 4:00:00 AM,Kingsview Village-The Westway (6),NA,NA,0,0,Firearm Discharge,NA
GO-20231710891,7/23/2023 4:00:00 AM,North Riverdale (68),NA,NA,1,0,Shooting,NA
GO-20231724291,7/24/2023 4:00:00 AM,Etobicoke City Centre (159),NA,NA,1,0,Shooting,NA
GO-20231725909,7/24/2023 4:00:00 AM,Malvern East (146),NA,NA,0,0,Firearm Discharge,NA
GO-20231729348,7/25/2023 4:00:00 AM,Moss Park (73),NA,NA,1,0,Shooting,NA
GO-20231726928,7/25/2023 4:00:00 AM,Wellington Place (164),NA,NA,0,0,Firearm Discharge,NA
GO-20231742648,7/26/2023 4:00:00 AM,Pelmo Park-Humberlea (23),NA,NA,0,0,Firearm Discharge,NA
GO-20231752320,7/28/2023 4:00:00 AM,Etobicoke West Mall (13),NA,NA,0,0,Firearm Discharge,NA
GO-20231755272,7/28/2023 4:00:00 AM,Oakdale-Beverley Heights (154),NA,NA,0,0,Firearm Discharge,NA
GO-20231768129,7/30/2023 4:00:00 AM,Black Creek (24),NA,NA,0,0,Firearm Discharge,NA
GO-20231768875,7/30/2023 4:00:00 AM,Oakdale-Beverley Heights (154),NA,NA,0,0,Firearm Discharge,NA
GO-20231777547,7/31/2023 4:00:00 AM,Playter Estates-Danforth (67),NA,NA,0,1,Shooting,NA
GO-20231776322,7/31/2023 4:00:00 AM,Morningside Heights (144),NA,NA,0,0,Firearm Discharge,NA
GO-20231784837,8/1/2023 4:00:00 AM,Tam O'Shanter-Sullivan (118),NA,NA,0,0,Firearm Discharge,NA
GO-20231792393,8/1/2023 4:00:00 AM,Humber Heights-Westmount (8),NA,NA,0,1,Shooting,NA
GO-20231792301,8/1/2023 4:00:00 AM,Glenfield-Jane Heights (25),NA,NA,0,1,Shooting,NA
GO-20231791238,8/1/2023 4:00:00 AM,Etobicoke City Centre (159),NA,NA,0,0,Firearm Discharge,NA
GO-20231810006,8/3/2023 4:00:00 AM,Mount Olive-Silverstone-Jamestown (2),NA,NA,0,0,Firearm Discharge,NA
GO-20231811181,8/4/2023 4:00:00 AM,Blake-Jones (69),NA,NA,0,0,Firearm Discharge,NA
GO-20231819516,8/5/2023 4:00:00 AM,Milliken (130),NA,NA,0,2,Shooting,NA
GO-20231825779,8/5/2023 4:00:00 AM,Fort York-Liberty Village (163),NA,NA,0,1,Shooting,NA
GO-20231828595,8/6/2023 4:00:00 AM,Downtown Yonge East (168),NA,NA,0,2,Shooting,NA
GO-20231856933,8/7/2023 4:00:00 AM,Morningside Heights (144),NA,NA,0,0,Firearm Discharge,NA
GO-20231842606,8/8/2023 4:00:00 AM,Tam O'Shanter-Sullivan (118),NA,NA,0,0,Firearm Discharge,NA
GO-20231862184,8/10/2023 4:00:00 AM,Rockcliffe-Smythe (111),NA,NA,0,0,Firearm Discharge,NA
GO-20231859421,8/10/2023 4:00:00 AM,Agincourt North (129),NA,NA,0,0,Firearm Discharge,NA
GO-20231873884,8/11/2023 4:00:00 AM,Rockcliffe-Smythe (111),NA,NA,0,1,Shooting,NA
GO-20231880491,8/12/2023 4:00:00 AM,St Lawrence-East Bayfront-The Islands (166),NA,NA,0,3,Shooting,NA
GO-20231875514,8/12/2023 4:00:00 AM,Downsview (155),NA,NA,0,2,Shooting,NA
GO-20231886359,8/13/2023 4:00:00 AM,Etobicoke West Mall (13),NA,NA,0,1,Shooting,NA
GO-20231890106,8/13/2023 4:00:00 AM,Black Creek (24),NA,NA,0,0,Firearm Discharge,NA
GO-20231898518,8/14/2023 4:00:00 AM,Blake-Jones (69),NA,NA,0,1,Shooting,NA
GO-20231903862,8/15/2023 4:00:00 AM,Mount Olive-Silverstone-Jamestown (2),NA,NA,0,1,Shooting,NA
GO-20231914953,8/16/2023 4:00:00 AM,Don Valley Village (47),NA,NA,0,0,Firearm Discharge,NA
GO-20231912812,8/16/2023 4:00:00 AM,High Park-Swansea (87),NA,NA,0,1,Shooting,NA
GO-20231928758,8/18/2023 4:00:00 AM,Agincourt South-Malvern West (128),NA,NA,0,1,Shooting,NA
GO-20231940042,8/20/2023 4:00:00 AM,Eglinton East (138),NA,NA,0,0,Firearm Discharge,NA
GO-20231947605,8/21/2023 4:00:00 AM,Kensington-Chinatown (78),NA,NA,1,0,Shooting,NA
GO-20231970606,8/23/2023 4:00:00 AM,Humber Summit (21),NA,NA,0,0,Firearm Discharge,NA
GO-20231964291,8/23/2023 4:00:00 AM,Moss Park (73),NA,NA,0,0,Firearm Discharge,NA
GO-20231979013,8/24/2023 4:00:00 AM,Roncesvalles (86),NA,NA,0,0,Firearm Discharge,NA
GO-20231978214,8/24/2023 4:00:00 AM,Corso Italia-Davenport (92),NA,NA,1,1,Shooting,NA
GO-20231971909,8/24/2023 4:00:00 AM,Mount Olive-Silverstone-Jamestown (2),NA,NA,0,0,Firearm Discharge,NA
GO-20231984026,8/25/2023 4:00:00 AM,Rexdale-Kipling (4),NA,NA,0,1,Shooting,NA
GO-20231988311,8/26/2023 4:00:00 AM,Hillcrest Village (48),NA,NA,0,0,Firearm Discharge,NA
GO-20231992800,8/26/2023 4:00:00 AM,West Humber-Clairville (1),NA,NA,0,1,Shooting,NA
GO-20231997865,8/27/2023 4:00:00 AM,Morningside Heights (144),NA,NA,0,0,Firearm Discharge,NA
GO-20232003200,8/27/2023 4:00:00 AM,Don Valley Village (47),NA,NA,0,1,Shooting,NA
GO-20232036759,8/31/2023 4:00:00 AM,Eglinton East (138),NA,NA,0,0,Firearm Discharge,NA
GO-20232028769,8/31/2023 4:00:00 AM,South Riverdale (70),NA,NA,0,0,Firearm Discharge,NA
GO-20232069328,9/4/2023 4:00:00 AM,Stonegate-Queensway (16),NA,NA,1,0,Shooting,NA
GO-20232075472,9/5/2023 4:00:00 AM,Woburn North (142),NA,NA,1,0,Shooting,NA
GO-20232139055,9/12/2023 4:00:00 AM,Glenfield-Jane Heights (25),NA,NA,0,0,Firearm Discharge,NA
GO-20232138043,9/13/2023 4:00:00 AM,Thorncliffe Park (55),NA,NA,0,0,Firearm Discharge,NA
GO-20232152893,9/14/2023 4:00:00 AM,Oakdale-Beverley Heights (154),NA,NA,0,1,Shooting,NA
GO-20232164380,9/16/2023 4:00:00 AM,Banbury-Don Mills (42),NA,NA,0,0,Firearm Discharge,NA
GO-20232164179,9/16/2023 4:00:00 AM,Moss Park (73),NA,NA,1,3,Shooting,NA
GO-20232183455,9/18/2023 4:00:00 AM,Kennedy Park (124),NA,NA,0,1,Shooting,NA
GO-20232196022,9/20/2023 4:00:00 AM,Junction-Wallace Emerson (171),NA,NA,0,0,Firearm Discharge,NA
GO-2023390112,9/21/2023 4:00:00 AM,Wellington Place (164),NA,NA,0,0,Firearm Discharge,NA
GO-20232203111,9/21/2023 4:00:00 AM,Agincourt South-Malvern West (128),NA,NA,0,0,Firearm Discharge,NA
GO-20232211558,9/21/2023 4:00:00 AM,Weston-Pelham Park (91),NA,NA,0,0,Firearm Discharge,NA
GO-20232219022,9/22/2023 4:00:00 AM,Old East York (58),NA,NA,0,0,Firearm Discharge,NA
GO-20232211906,9/22/2023 4:00:00 AM,Dorset Park (126),NA,NA,0,2,Shooting,NA
GO-20232220760,9/23/2023 4:00:00 AM,Corso Italia-Davenport (92),NA,NA,0,0,Firearm Discharge,NA
GO-20232227135,9/23/2023 4:00:00 AM,Bendale South (157),NA,NA,0,1,Shooting,NA
GO-20232227404,9/23/2023 4:00:00 AM,Mount Olive-Silverstone-Jamestown (2),NA,NA,2,2,Shooting,NA
GO-20232229636,9/23/2023 4:00:00 AM,Mount Olive-Silverstone-Jamestown (2),NA,NA,0,0,Firearm Discharge,NA
GO-20232229984,9/24/2023 4:00:00 AM,West Humber-Clairville (1),NA,NA,0,0,Firearm Discharge,NA
GO-20232234677,9/24/2023 4:00:00 AM,West Hill (136),NA,NA,1,0,Shooting,NA
GO-20232232465,9/24/2023 4:00:00 AM,Rockcliffe-Smythe (111),NA,NA,0,0,Firearm Discharge,NA
GO-20232245507,9/24/2023 4:00:00 AM,Junction Area (90),NA,NA,0,0,Firearm Discharge,NA
GO-20232250967,9/26/2023 4:00:00 AM,Church-Wellesley (167),NA,NA,0,0,Firearm Discharge,NA
GO-20232476881,9/26/2023 4:00:00 AM,Yonge-Eglinton (100),NA,NA,0,0,Firearm Discharge,NA
GO-20232250880,9/27/2023 4:00:00 AM,Glenfield-Jane Heights (25),NA,NA,0,1,Shooting,NA
GO-20232284577,9/30/2023 4:00:00 AM,West Hill (136),NA,NA,0,0,Firearm Discharge,NA
GO-20232276298,9/30/2023 4:00:00 AM,York University Heights (27),NA,NA,0,0,Firearm Discharge,NA
GO-20232287038,9/30/2023 4:00:00 AM,Willowridge-Martingrove-Richview (7),NA,NA,0,1,Shooting,NA
GO-20232284823,10/1/2023 4:00:00 AM,East L'Amoreaux (148),NA,NA,0,1,Shooting,NA
GO-20232283911,10/1/2023 4:00:00 AM,Flemingdon Park (44),NA,NA,0,0,Firearm Discharge,NA
GO-20232291550,10/2/2023 4:00:00 AM,Mount Olive-Silverstone-Jamestown (2),NA,NA,0,0,Firearm Discharge,NA
GO-20232326969,10/6/2023 4:00:00 AM,Englemount-Lawrence (32),NA,NA,0,0,Firearm Discharge,NA
GO-20232332348,10/6/2023 4:00:00 AM,New Toronto (18),NA,NA,0,0,Firearm Discharge,NA
GO-20232334882,10/7/2023 4:00:00 AM,Eglinton East (138),NA,NA,0,1,Shooting,NA
GO-20232334725,10/7/2023 4:00:00 AM,Tam O'Shanter-Sullivan (118),NA,NA,0,0,Firearm Discharge,NA
GO-20232334072,10/7/2023 4:00:00 AM,Weston (113),NA,NA,0,0,Firearm Discharge,NA
GO-20232347169,10/8/2023 4:00:00 AM,St.Andrew-Windfields (40),NA,NA,0,0,Firearm Discharge,NA
GO-20232347742,10/9/2023 4:00:00 AM,Runnymede-Bloor West Village (89),NA,NA,0,0,Firearm Discharge,NA
GO-20232369858,10/11/2023 4:00:00 AM,Mount Olive-Silverstone-Jamestown (2),NA,NA,0,1,Shooting,NA
GO-20232365187,10/11/2023 4:00:00 AM,Lambton Baby Point (114),NA,NA,0,0,Firearm Discharge,NA
GO-20232369773,10/11/2023 4:00:00 AM,Glenfield-Jane Heights (25),NA,NA,0,0,Firearm Discharge,NA
GO-20232408911,10/16/2023 4:00:00 AM,Black Creek (24),NA,NA,0,0,Firearm Discharge,NA
GO-20232408569,10/16/2023 4:00:00 AM,Mount Olive-Silverstone-Jamestown (2),NA,NA,0,1,Shooting,NA
GO-20232408509,10/16/2023 4:00:00 AM,Glenfield-Jane Heights (25),NA,NA,0,0,Firearm Discharge,NA
GO-20232450334,10/22/2023 4:00:00 AM,L'Amoreaux West (147),NA,NA,0,0,Firearm Discharge,NA
GO-20232457574,10/23/2023 4:00:00 AM,Woburn North (142),NA,NA,0,0,Firearm Discharge,NA
GO-20232473383,10/25/2023 4:00:00 AM,Malvern East (146),NA,NA,0,0,Firearm Discharge,NA
GO-20232473330,10/25/2023 4:00:00 AM,Black Creek (24),NA,NA,0,0,Firearm Discharge,NA
GO-20232485399,10/26/2023 4:00:00 AM,Blake-Jones (69),NA,NA,0,0,Firearm Discharge,NA
GO-20232489714,10/27/2023 4:00:00 AM,Glenfield-Jane Heights (25),NA,NA,0,0,Firearm Discharge,NA
GO-20232497922,10/27/2023 4:00:00 AM,Humber Bay Shores (161),NA,NA,0,1,Shooting,NA
GO-20232493620,10/27/2023 4:00:00 AM,Corso Italia-Davenport (92),NA,NA,0,1,Shooting,NA
GO-20232498858,10/28/2023 4:00:00 AM,Weston (113),NA,NA,0,1,Shooting,NA
GO-20232507145,10/29/2023 4:00:00 AM,Edenbridge-Humber Valley (9),NA,NA,0,0,Firearm Discharge,NA
GO-20232513176,10/30/2023 4:00:00 AM,Clairlea-Birchmount (120),NA,NA,0,0,Firearm Discharge,NA
GO-20232530361,10/30/2023 4:00:00 AM,Humber Summit (21),NA,NA,0,0,Firearm Discharge,NA
GO-20232534138,10/31/2023 4:00:00 AM,Parkwoods-O'Connor Hills (149),NA,NA,0,0,Firearm Discharge,NA
GO-20232530264,11/1/2023 4:00:00 AM,Downtown Yonge East (168),NA,NA,0,1,Shooting,NA
GO-20232531102,11/1/2023 4:00:00 AM,Morningside (135),NA,NA,0,1,Shooting,NA
GO-20232538882,11/2/2023 4:00:00 AM,Kennedy Park (124),NA,NA,0,4,Shooting,NA
GO-20232556039,11/4/2023 4:00:00 AM,East Willowdale (152),NA,NA,0,0,Firearm Discharge,NA
GO-20232555688,11/4/2023 4:00:00 AM,Harbourfront-CityPlace (165),NA,NA,0,1,Shooting,NA
GO-20232567034,11/5/2023 4:00:00 AM,Regent Park (72),NA,NA,0,0,Firearm Discharge,NA
GO-20232573487,11/6/2023 5:00:00 AM,West Hill (136),NA,NA,1,1,Shooting,NA
GO-20232569871,11/6/2023 5:00:00 AM,Danforth (66),NA,NA,0,2,Shooting,NA
GO-20232574861,11/6/2023 5:00:00 AM,Wychwood (94),NA,NA,0,0,Firearm Discharge,NA
GO-20232592783,11/8/2023 5:00:00 AM,Yonge-Bay Corridor (170),NA,NA,1,0,Shooting,NA
GO-20232588596,11/8/2023 5:00:00 AM,Weston-Pelham Park (91),NA,NA,0,0,Firearm Discharge,NA
GO-20232594879,11/9/2023 5:00:00 AM,Rosedale-Moore Park (98),NA,NA,0,0,Firearm Discharge,NA
GO-20232601631,11/9/2023 5:00:00 AM,Beechborough-Greenbrook (112),NA,NA,0,0,Firearm Discharge,NA
GO-20232836854,11/9/2023 5:00:00 AM,West Hill (136),NA,NA,0,0,Firearm Discharge,NA
GO-20232610371,11/10/2023 5:00:00 AM,Willowridge-Martingrove-Richview (7),NA,NA,0,0,Firearm Discharge,NA
GO-20232602818,11/10/2023 5:00:00 AM,York University Heights (27),NA,NA,0,0,Firearm Discharge,NA
GO-20232609765,11/10/2023 5:00:00 AM,Morningside Heights (144),NA,NA,0,0,Firearm Discharge,NA
GO-20232639060,11/14/2023 5:00:00 AM,Beechborough-Greenbrook (112),NA,NA,0,0,Firearm Discharge,NA
GO-20232637122,11/14/2023 5:00:00 AM,Scarborough Village (139),NA,NA,0,0,Firearm Discharge,NA
GO-20232636116,11/14/2023 5:00:00 AM,West Hill (136),NA,NA,0,0,Firearm Discharge,NA
GO-20232655795,11/16/2023 5:00:00 AM,Cliffcrest (123),NA,NA,0,0,Firearm Discharge,NA
GO-20232677805,11/17/2023 5:00:00 AM,Wexford/Maryvale (119),NA,NA,0,0,Firearm Discharge,NA
GO-20232664661,11/18/2023 5:00:00 AM,Pelmo Park-Humberlea (23),NA,NA,0,0,Firearm Discharge,NA
GO-20232673195,11/19/2023 5:00:00 AM,Rockcliffe-Smythe (111),NA,NA,0,0,Firearm Discharge,NA
GO-20232677939,11/19/2023 5:00:00 AM,Rustic (28),NA,NA,0,0,Firearm Discharge,NA
GO-20232682397,11/20/2023 5:00:00 AM,Dovercourt Village (172),NA,NA,0,0,Firearm Discharge,NA
GO-20232682764,11/20/2023 5:00:00 AM,Parkwoods-O'Connor Hills (149),NA,NA,0,0,Firearm Discharge,NA
GO-20232695248,11/22/2023 5:00:00 AM,Golfdale-Cedarbrae-Woburn (141),NA,NA,0,0,Firearm Discharge,NA
GO-20232701507,11/22/2023 5:00:00 AM,Victoria Village (43),NA,NA,0,0,Firearm Discharge,NA
GO-20232710134,11/23/2023 5:00:00 AM,Princess-Rosethorn (10),NA,NA,0,0,Firearm Discharge,NA
GO-20232721090,11/25/2023 5:00:00 AM,West Rouge (143),NA,NA,0,0,Firearm Discharge,NA
GO-20232731878,11/26/2023 5:00:00 AM,Mount Dennis (115),NA,NA,0,0,Firearm Discharge,NA
GO-20232734593,11/26/2023 5:00:00 AM,York University Heights (27),NA,NA,0,0,Firearm Discharge,NA
GO-20232739940,11/27/2023 5:00:00 AM,Glenfield-Jane Heights (25),NA,NA,0,1,Shooting,NA
GO-20232751263,11/28/2023 5:00:00 AM,Weston (113),NA,NA,0,0,Firearm Discharge,NA
GO-20232741014,11/28/2023 5:00:00 AM,Glenfield-Jane Heights (25),NA,NA,0,0,Firearm Discharge,NA
GO-20232759817,11/28/2023 5:00:00 AM,Bendale-Glen Andrew (156),NA,NA,0,0,Firearm Discharge,NA
GO-20232766933,12/1/2023 5:00:00 AM,Milliken (130),NA,NA,0,0,Firearm Discharge,NA
GO-20232775752,12/2/2023 5:00:00 AM,Morningside Heights (144),NA,NA,0,0,Firearm Discharge,NA
GO-20232776611,12/2/2023 5:00:00 AM,Morningside Heights (144),NA,NA,0,0,Firearm Discharge,NA
GO-2023217698,12/4/2023 5:00:00 AM,Woburn North (142),NA,NA,0,0,Firearm Discharge,NA
GO-20232821698,12/8/2023 5:00:00 AM,Clairlea-Birchmount (120),NA,NA,0,1,Shooting,NA
GO-20232830913,12/9/2023 5:00:00 AM,Oakdale-Beverley Heights (154),NA,NA,1,0,Shooting,NA
GO-20232841507,12/10/2023 5:00:00 AM,Wychwood (94),NA,NA,0,1,Shooting,NA
GO-20232862345,12/12/2023 5:00:00 AM,Rustic (28),NA,NA,0,0,Firearm Discharge,NA
GO-20232858294,12/12/2023 5:00:00 AM,Agincourt South-Malvern West (128),NA,NA,0,0,Firearm Discharge,NA
GO-20232859099,12/12/2023 5:00:00 AM,Englemount-Lawrence (32),NA,NA,0,0,Firearm Discharge,NA
GO-20232866787,12/13/2023 5:00:00 AM,Golfdale-Cedarbrae-Woburn (141),NA,NA,0,0,Firearm Discharge,NA
GO-20232865957,12/13/2023 5:00:00 AM,Ionview (125),NA,NA,0,0,Firearm Discharge,NA
GO-20232859776,12/13/2023 5:00:00 AM,Palmerston-Little Italy (80),NA,NA,0,1,Shooting,NA
GO-20232863701,12/13/2023 5:00:00 AM,Downtown Yonge East (168),NA,NA,0,0,Firearm Discharge,NA
GO-20232873985,12/14/2023 5:00:00 AM,Steeles (116),NA,NA,0,0,Firearm Discharge,NA
GO-20232884164,12/16/2023 5:00:00 AM,Wellington Place (164),NA,NA,0,0,Firearm Discharge,NA
GO-20232891436,12/17/2023 5:00:00 AM,Victoria Village (43),NA,NA,0,0,Firearm Discharge,NA
GO-20232897831,12/18/2023 5:00:00 AM,Bayview Village (52),NA,NA,0,1,Shooting,NA
GO-20232907119,12/19/2023 5:00:00 AM,Maple Leaf (29),NA,NA,0,1,Shooting,NA
GO-20232915207,12/20/2023 5:00:00 AM,Mount Dennis (115),NA,NA,0,1,Shooting,NA
GO-20232927292,12/21/2023 5:00:00 AM,Black Creek (24),NA,NA,0,1,Shooting,NA
GO-20232927970,12/22/2023 5:00:00 AM,Trinity-Bellwoods (81),NA,NA,0,0,Firearm Discharge,NA
GO-20232934827,12/22/2023 5:00:00 AM,East End-Danforth (62),NA,NA,1,0,Shooting,NA
GO-20232940478,12/23/2023 5:00:00 AM,Malvern West (145),NA,NA,0,1,Shooting,NA
GO-20232940330,12/23/2023 5:00:00 AM,West Hill (136),NA,NA,0,1,Shooting,NA
GO-20232935410,12/23/2023 5:00:00 AM,Humber Summit (21),NA,NA,1,1,Shooting,NA
GO-20232942353,12/24/2023 5:00:00 AM,Weston-Pelham Park (91),NA,NA,0,0,Firearm Discharge,NA
GO-20232942419,12/24/2023 5:00:00 AM,Wellington Place (164),NA,NA,0,2,Shooting,NA
GO-20232942026,12/24/2023 5:00:00 AM,Kennedy Park (124),NA,NA,0,1,Shooting,NA
GO-20232948948,12/25/2023 5:00:00 AM,Highland Creek (134),NA,NA,0,0,Firearm Discharge,NA
GO-20232953413,12/26/2023 5:00:00 AM,Highland Creek (134),NA,NA,0,0,Firearm Discharge,NA
GO-20232968927,12/28/2023 5:00:00 AM,York University Heights (27),NA,NA,0,0,Firearm Discharge,NA
GO-20232972749,12/29/2023 5:00:00 AM,Highland Creek (134),NA,NA,0,0,Firearm Discharge,NA
GO-20232980967,12/30/2023 5:00:00 AM,Regent Park (72),NA,NA,0,3,Shooting,NA
GO-2024980913,1/1/2024 5:00:00 AM,Tam O'Shanter-Sullivan (118),NA,NA,0,0,Firearm Discharge,NA
GO-20241435,1/1/2024 5:00:00 AM,Humber Summit (21),NA,NA,0,0,Firearm Discharge,NA
GO-202413926,1/2/2024 5:00:00 AM,Rockcliffe-Smythe (111),NA,NA,0,1,Shooting,NA
GO-20247004,1/2/2024 5:00:00 AM,Lambton Baby Point (114),NA,NA,0,0,Firearm Discharge,NA
GO-202422441,1/3/2024 5:00:00 AM,Highland Creek (134),NA,NA,0,0,Firearm Discharge,NA
GO-202420768,1/3/2024 5:00:00 AM,Elms-Old Rexdale (5),NA,NA,0,1,Shooting,NA
GO-202422270,1/3/2024 5:00:00 AM,Weston (113),NA,NA,0,0,Firearm Discharge,NA
GO-202428697,1/4/2024 5:00:00 AM,Lambton Baby Point (114),NA,NA,0,0,Firearm Discharge,NA
GO-202437433,1/5/2024 5:00:00 AM,Woburn North (142),NA,NA,0,0,Firearm Discharge,NA
GO-202437827,1/5/2024 5:00:00 AM,Yorkdale-Glen Park (31),NA,NA,0,0,Firearm Discharge,NA
GO-202438123,1/5/2024 5:00:00 AM,Glenfield-Jane Heights (25),NA,NA,0,0,Firearm Discharge,NA
GO-202438374,1/6/2024 5:00:00 AM,Bridle Path-Sunnybrook-York Mills (41),NA,NA,0,1,Shooting,NA
GO-202442852,1/6/2024 5:00:00 AM,Moss Park (73),NA,NA,0,1,Shooting,NA
GO-202443612,1/6/2024 5:00:00 AM,Stonegate-Queensway (16),NA,NA,0,0,Firearm Discharge,NA
GO-202451569,1/7/2024 5:00:00 AM,Downtown Yonge East (168),NA,NA,0,0,Firearm Discharge,NA
GO-202451899,1/8/2024 5:00:00 AM,Banbury-Don Mills (42),NA,NA,0,0,Firearm Discharge,NA
GO-202451558,1/8/2024 5:00:00 AM,Tam O'Shanter-Sullivan (118),NA,NA,0,1,Shooting,NA
GO-202452096,1/8/2024 5:00:00 AM,Stonegate-Queensway (16),NA,NA,0,0,Firearm Discharge,NA
GO-202482406,1/11/2024 5:00:00 AM,Kingsview Village-The Westway (6),NA,NA,0,1,Shooting,NA
GO-202476654,1/11/2024 5:00:00 AM,Stonegate-Queensway (16),NA,NA,0,0,Firearm Discharge,NA
GO-202482257,1/11/2024 5:00:00 AM,Glenfield-Jane Heights (25),NA,NA,0,1,Shooting,NA
GO-202482551,1/11/2024 5:00:00 AM,Elms-Old Rexdale (5),NA,NA,0,0,Firearm Discharge,NA
GO-202499006,1/14/2024 5:00:00 AM,Morningside (135),NA,NA,0,1,Shooting,NA
GO-2024144934,1/19/2024 5:00:00 AM,Humber Bay Shores (161),NA,NA,0,0,Firearm Discharge,NA
GO-2024146134,1/20/2024 5:00:00 AM,Wexford/Maryvale (119),NA,NA,0,1,Shooting,NA
GO-2024152224,1/20/2024 5:00:00 AM,Dovercourt Village (172),NA,NA,0,0,Firearm Discharge,NA
GO-2024153583,1/21/2024 5:00:00 AM,West Hill (136),NA,NA,0,0,Firearm Discharge,NA
GO-2024162480,1/21/2024 5:00:00 AM,Mount Olive-Silverstone-Jamestown (2),NA,NA,0,0,Firearm Discharge,NA
GO-2024159116,1/22/2024 5:00:00 AM,West Hill (136),NA,NA,0,0,Firearm Discharge,NA
GO-2024159420,1/22/2024 5:00:00 AM,Humber Heights-Westmount (8),NA,NA,0,0,Firearm Discharge,NA
GO-2024175158,1/23/2024 5:00:00 AM,West Rouge (143),NA,NA,0,0,Firearm Discharge,NA
GO-2024177753,1/24/2024 5:00:00 AM,Malvern East (146),NA,NA,0,0,Firearm Discharge,NA
GO-2024184191,1/24/2024 5:00:00 AM,Eringate-Centennial-West Deane (11),NA,NA,0,0,Firearm Discharge,NA
GO-2024245118,1/25/2024 5:00:00 AM,Glenfield-Jane Heights (25),NA,NA,0,0,Firearm Discharge,NA
GO-2024285950,1/25/2024 5:00:00 AM,Milliken (130),NA,NA,0,0,Firearm Discharge,NA
GO-2024200448,1/26/2024 5:00:00 AM,Woburn North (142),NA,NA,0,0,Firearm Discharge,NA
GO-2024221301,1/30/2024 5:00:00 AM,Humber Heights-Westmount (8),NA,NA,0,0,Firearm Discharge,NA
GO-2024233436,1/31/2024 5:00:00 AM,Woodbine-Lumsden (60),NA,NA,0,0,Firearm Discharge,NA
GO-2024252599,2/2/2024 5:00:00 AM,Ionview (125),NA,NA,0,0,Firearm Discharge,NA
GO-2024259646,2/3/2024 5:00:00 AM,Parkwoods-O'Connor Hills (149),NA,NA,0,1,Shooting,NA
GO-2024266986,2/4/2024 5:00:00 AM,Mount Olive-Silverstone-Jamestown (2),NA,NA,0,0,Firearm Discharge,NA
GO-2024261901,2/4/2024 5:00:00 AM,North Toronto (173),NA,NA,0,0,Firearm Discharge,NA
GO-2024273715,2/5/2024 5:00:00 AM,Oakdale-Beverley Heights (154),NA,NA,0,0,Firearm Discharge,NA
GO-2024274141,2/5/2024 5:00:00 AM,Rexdale-Kipling (4),NA,NA,0,0,Firearm Discharge,NA
GO-2024282879,2/6/2024 5:00:00 AM,Mount Olive-Silverstone-Jamestown (2),NA,NA,0,0,Firearm Discharge,NA
GO-2024275367,2/6/2024 5:00:00 AM,Dufferin Grove (83),NA,NA,1,1,Shooting,NA
GO-2024282318,2/6/2024 5:00:00 AM,Oakwood Village (107),NA,NA,0,0,Firearm Discharge,NA
GO-2024296678,2/8/2024 5:00:00 AM,Fort York-Liberty Village (163),NA,NA,0,1,Shooting,NA
GO-2024304302,2/9/2024 5:00:00 AM,Mount Olive-Silverstone-Jamestown (2),NA,NA,0,0,Firearm Discharge,NA
GO-2024313381,2/10/2024 5:00:00 AM,Milliken (130),NA,NA,0,0,Firearm Discharge,NA
GO-2024315040,2/11/2024 5:00:00 AM,Clairlea-Birchmount (120),NA,NA,0,0,Firearm Discharge,NA
GO-2024320305,2/11/2024 5:00:00 AM,Weston (113),NA,NA,0,0,Firearm Discharge,NA
GO-2024315627,2/11/2024 5:00:00 AM,Oakdale-Beverley Heights (154),NA,NA,0,1,Shooting,NA
GO-2024328653,2/12/2024 5:00:00 AM,Oakridge (121),NA,NA,0,0,Firearm Discharge,NA
GO-2024321660,2/12/2024 5:00:00 AM,Mount Dennis (115),NA,NA,0,0,Firearm Discharge,NA
GO-2024344431,2/14/2024 5:00:00 AM,South Eglinton-Davisville (174),NA,NA,0,1,Shooting,NA
GO-2024357577,2/16/2024 5:00:00 AM,Westminster-Branson (35),NA,NA,0,1,Shooting,NA
GO-2024358019,2/16/2024 5:00:00 AM,Black Creek (24),NA,NA,0,1,Shooting,NA
GO-2024363811,2/17/2024 5:00:00 AM,Black Creek (24),NA,NA,1,0,Shooting,NA
GO-2024361752,2/17/2024 5:00:00 AM,Brookhaven-Amesbury (30),NA,NA,0,0,Firearm Discharge,NA
GO-2024367856,2/18/2024 5:00:00 AM,Regent Park (72),NA,NA,0,0,Firearm Discharge,NA
GO-2024387083,2/20/2024 5:00:00 AM,Scarborough Village (139),NA,NA,0,0,Firearm Discharge,NA
GO-2024387354,2/20/2024 5:00:00 AM,Morningside (135),NA,NA,0,1,Shooting,NA
GO-2024387529,2/20/2024 5:00:00 AM,Morningside Heights (144),NA,NA,0,0,Firearm Discharge,NA
GO-2024390728,2/20/2024 5:00:00 AM,Milliken (130),NA,NA,0,0,Firearm Discharge,NA
GO-2024402486,2/22/2024 5:00:00 AM,Beechborough-Greenbrook (112),NA,NA,0,0,Firearm Discharge,NA
GO-2024424919,2/25/2024 5:00:00 AM,Mount Olive-Silverstone-Jamestown (2),NA,NA,0,0,Firearm Discharge,NA
GO-2024419250,2/25/2024 5:00:00 AM,High Park-Swansea (87),NA,NA,0,1,Shooting,NA
GO-2024424355,2/25/2024 5:00:00 AM,Milliken (130),NA,NA,0,0,Firearm Discharge,NA
GO-2024419546,2/25/2024 5:00:00 AM,O'Connor-Parkview (54),NA,NA,0,0,Firearm Discharge,NA
GO-2024434058,2/27/2024 5:00:00 AM,Wellington Place (164),NA,NA,0,3,Shooting,NA
GO-2024434274,2/27/2024 5:00:00 AM,Weston (113),NA,NA,2,0,Shooting,NA
GO-2024447075,2/28/2024 5:00:00 AM,Morningside (135),NA,NA,0,0,Firearm Discharge,NA
GO-2024446795,2/28/2024 5:00:00 AM,West Humber-Clairville (1),NA,NA,0,0,Firearm Discharge,NA
GO-2024453371,2/29/2024 5:00:00 AM,West Humber-Clairville (1),NA,NA,1,0,Shooting,NA
GO-2024453442,2/29/2024 5:00:00 AM,Oakridge (121),NA,NA,0,0,Firearm Discharge,NA
GO-2024487665,3/1/2024 5:00:00 AM,Banbury-Don Mills (42),NA,NA,0,0,Firearm Discharge,NA
GO-2024480054,3/3/2024 5:00:00 AM,Rexdale-Kipling (4),NA,NA,1,0,Shooting,NA
GO-2024485535,3/4/2024 5:00:00 AM,Glenfield-Jane Heights (25),NA,NA,0,0,Firearm Discharge,NA
GO-2024511473,3/7/2024 5:00:00 AM,Etobicoke West Mall (13),NA,NA,1,0,Shooting,NA
GO-2024512506,3/7/2024 5:00:00 AM,Englemount-Lawrence (32),NA,NA,0,2,Shooting,NA
GO-2024533158,3/10/2024 5:00:00 AM,Clanton Park (33),NA,NA,0,0,Firearm Discharge,NA
GO-2024534496,3/11/2024 4:00:00 AM,Eringate-Centennial-West Deane (11),NA,NA,0,1,Shooting,NA
GO-2024542184,3/12/2024 4:00:00 AM,Birchcliffe-Cliffside (122),NA,NA,0,0,Firearm Discharge,NA
GO-2024547420,3/12/2024 4:00:00 AM,High Park-Swansea (87),NA,NA,0,0,Firearm Discharge,NA
GO-2024545700,3/12/2024 4:00:00 AM,Regent Park (72),NA,NA,2,1,Shooting,NA
GO-2024545529,3/12/2024 4:00:00 AM,Weston-Pelham Park (91),NA,NA,0,0,Firearm Discharge,NA
GO-2024558094,3/14/2024 4:00:00 AM,Morningside (135),NA,NA,0,0,Firearm Discharge,NA
GO-2024570359,3/15/2024 4:00:00 AM,Mount Dennis (115),NA,NA,0,1,Shooting,NA
GO-2024608978,3/20/2024 4:00:00 AM,Woburn North (142),NA,NA,0,0,Firearm Discharge,NA
GO-2024618614,3/21/2024 4:00:00 AM,Milliken (130),NA,NA,0,0,Firearm Discharge,NA
GO-2024619326,3/22/2024 4:00:00 AM,Lambton Baby Point (114),NA,NA,0,0,Firearm Discharge,NA
GO-2024631595,3/23/2024 4:00:00 AM,High Park-Swansea (87),NA,NA,0,0,Firearm Discharge,NA
GO-2024635610,3/24/2024 4:00:00 AM,Mount Olive-Silverstone-Jamestown (2),NA,NA,0,0,Firearm Discharge,NA
GO-2024641486,3/25/2024 4:00:00 AM,Palmerston-Little Italy (80),NA,NA,0,1,Shooting,NA
GO-2024656476,3/27/2024 4:00:00 AM,Wexford/Maryvale (119),NA,NA,0,0,Firearm Discharge,NA
GO-2024671809,3/28/2024 4:00:00 AM,York University Heights (27),NA,NA,1,0,Shooting,NA
GO-2024672875,3/29/2024 4:00:00 AM,Greenwood-Coxwell (65),NA,NA,0,0,Firearm Discharge,NA
GO-2024676868,3/29/2024 4:00:00 AM,Kensington-Chinatown (78),NA,NA,0,1,Shooting,NA
GO-2024672710,3/29/2024 4:00:00 AM,East Willowdale (152),NA,NA,0,0,Firearm Discharge,NA
GO-2024672351,3/29/2024 4:00:00 AM,Englemount-Lawrence (32),NA,NA,0,0,Firearm Discharge,NA
GO-2024686360,3/30/2024 4:00:00 AM,Kennedy Park (124),NA,NA,0,0,Firearm Discharge,NA
GO-2024685712,3/30/2024 4:00:00 AM,Brookhaven-Amesbury (30),NA,NA,0,1,Shooting,NA
GO-2024692012,3/31/2024 4:00:00 AM,Morningside Heights (144),NA,NA,0,0,Firearm Discharge,NA
GO-2024689598,3/31/2024 4:00:00 AM,Fenside-Parkwoods (150),NA,NA,0,0,Firearm Discharge,NA
GO-2024693848,4/1/2024 4:00:00 AM,Bayview Village (52),NA,NA,0,0,Firearm Discharge,NA
GO-2024694699,4/1/2024 4:00:00 AM,Leaside-Bennington (56),NA,NA,0,1,Shooting,NA
GO-2024704392,4/2/2024 4:00:00 AM,Cliffcrest (123),NA,NA,0,0,Firearm Discharge,NA
GO-2024734736,4/6/2024 4:00:00 AM,Victoria Village (43),NA,NA,0,0,Firearm Discharge,NA
GO-2024739756,4/6/2024 4:00:00 AM,Beechborough-Greenbrook (112),NA,NA,0,1,Shooting,NA
GO-2024741551,4/7/2024 4:00:00 AM,Kennedy Park (124),NA,NA,0,0,Firearm Discharge,NA
GO-2024754907,4/8/2024 4:00:00 AM,Morningside (135),NA,NA,0,0,Firearm Discharge,NA
GO-2024772799,4/11/2024 4:00:00 AM,Wellington Place (164),NA,NA,1,2,Shooting,NA
GO-2024779424,4/11/2024 4:00:00 AM,Glenfield-Jane Heights (25),NA,NA,0,1,Shooting,NA
GO-2024779250,4/12/2024 4:00:00 AM,Rustic (28),NA,NA,0,0,Firearm Discharge,NA
GO-2024789916,4/13/2024 4:00:00 AM,Englemount-Lawrence (32),NA,NA,0,0,Firearm Discharge,NA
GO-2024789340,4/13/2024 4:00:00 AM,Scarborough Village (139),NA,NA,0,0,Firearm Discharge,NA
GO-2024800040,4/14/2024 4:00:00 AM,Weston (113),NA,NA,1,0,Shooting,NA
GO-2024817671,4/16/2024 4:00:00 AM,Glenfield-Jane Heights (25),NA,NA,0,1,Shooting,NA
GO-2024819087,4/17/2024 4:00:00 AM,Woodbine-Lumsden (60),NA,NA,0,0,Firearm Discharge,NA
GO-2024845855,4/18/2024 4:00:00 AM,Oakridge (121),NA,NA,0,0,Firearm Discharge,NA
GO-2024835153,4/19/2024 4:00:00 AM,York University Heights (27),NA,NA,0,0,Firearm Discharge,NA
GO-2024836345,4/19/2024 4:00:00 AM,Eglinton East (138),NA,NA,0,0,Firearm Discharge,NA
GO-2024845950,4/19/2024 4:00:00 AM,Banbury-Don Mills (42),NA,NA,0,0,Firearm Discharge,NA
GO-2024839164,4/19/2024 4:00:00 AM,Glenfield-Jane Heights (25),NA,NA,0,0,Firearm Discharge,NA
GO-2024855305,4/21/2024 4:00:00 AM,Beechborough-Greenbrook (112),NA,NA,0,0,Firearm Discharge,NA
GO-2024863586,4/22/2024 4:00:00 AM,Clairlea-Birchmount (120),NA,NA,0,0,Firearm Discharge,NA
GO-2024876809,4/24/2024 4:00:00 AM,Oakridge (121),NA,NA,0,0,Firearm Discharge,NA
GO-2024881021,4/24/2024 4:00:00 AM,Brookhaven-Amesbury (30),NA,NA,0,0,Firearm Discharge,NA
GO-2024888277,4/25/2024 4:00:00 AM,Glenfield-Jane Heights (25),NA,NA,0,0,Firearm Discharge,NA
GO-2024881055,4/25/2024 4:00:00 AM,Bayview Village (52),NA,NA,0,0,Firearm Discharge,NA
GO-2024881453,4/25/2024 4:00:00 AM,Long Branch (19),NA,NA,1,0,Shooting,NA
GO-2024904342,4/27/2024 4:00:00 AM,West Hill (136),NA,NA,0,0,Firearm Discharge,NA
GO-2024903672,4/27/2024 4:00:00 AM,Wexford/Maryvale (119),NA,NA,0,0,Firearm Discharge,NA
GO-2024901788,4/27/2024 4:00:00 AM,Glenfield-Jane Heights (25),NA,NA,0,0,Firearm Discharge,NA
GO-2024921209,4/30/2024 4:00:00 AM,Yonge-Eglinton (100),NA,NA,0,0,Firearm Discharge,NA
GO-2024958199,5/2/2024 4:00:00 AM,Pelmo Park-Humberlea (23),NA,NA,0,0,Firearm Discharge,NA
GO-2024951053,5/3/2024 4:00:00 AM,Woburn North (142),NA,NA,0,0,Firearm Discharge,NA
GO-2024963007,5/5/2024 4:00:00 AM,Morningside (135),NA,NA,0,1,Shooting,NA
GO-2024967890,5/5/2024 4:00:00 AM,L'Amoreaux West (147),NA,NA,0,0,Firearm Discharge,NA
GO-2024963537,5/5/2024 4:00:00 AM,Harbourfront-CityPlace (165),NA,NA,0,0,Firearm Discharge,NA
GO-20241053484,5/6/2024 4:00:00 AM,Dorset Park (126),NA,NA,0,0,Firearm Discharge,NA
GO-2024978573,5/7/2024 4:00:00 AM,Bridle Path-Sunnybrook-York Mills (41),NA,NA,0,1,Shooting,NA
GO-2024978434,5/7/2024 4:00:00 AM,Oakwood Village (107),NA,NA,1,1,Shooting,NA
GO-20241002194,5/9/2024 4:00:00 AM,Mount Dennis (115),NA,NA,0,0,Firearm Discharge,NA
GO-2024996205,5/9/2024 4:00:00 AM,Kensington-Chinatown (78),NA,NA,0,0,Firearm Discharge,NA
GO-20241011783,5/10/2024 4:00:00 AM,Oakwood Village (107),NA,NA,0,0,Firearm Discharge,NA
GO-20241012827,5/11/2024 4:00:00 AM,Victoria Village (43),NA,NA,0,0,Firearm Discharge,NA
GO-20241018245,5/11/2024 4:00:00 AM,Woburn North (142),NA,NA,0,0,Firearm Discharge,NA
GO-20241013308,5/11/2024 4:00:00 AM,Oakwood Village (107),NA,NA,1,0,Shooting,NA
GO-20241019592,5/11/2024 4:00:00 AM,Yorkdale-Glen Park (31),NA,NA,0,0,Firearm Discharge,NA
GO-20241019036,5/11/2024 4:00:00 AM,Morningside Heights (144),NA,NA,0,0,Firearm Discharge,NA
GO-20241019534,5/11/2024 4:00:00 AM,St Lawrence-East Bayfront-The Islands (166),NA,NA,0,0,Firearm Discharge,NA
GO-20241022482,5/12/2024 4:00:00 AM,Oakridge (121),NA,NA,0,0,Firearm Discharge,NA
GO-20241021617,5/12/2024 4:00:00 AM,Black Creek (24),NA,NA,0,0,Firearm Discharge,NA
GO-20241024380,5/12/2024 4:00:00 AM,Dorset Park (126),NA,NA,0,1,Shooting,NA
GO-20241027429,5/13/2024 4:00:00 AM,York University Heights (27),NA,NA,0,2,Shooting,NA
GO-20241035018,5/13/2024 4:00:00 AM,West Humber-Clairville (1),NA,NA,0,0,Firearm Discharge,NA
GO-20241036028,5/14/2024 4:00:00 AM,Kennedy Park (124),NA,NA,0,0,Firearm Discharge,NA
GO-20241048932,5/15/2024 4:00:00 AM,Milliken (130),NA,NA,0,0,Firearm Discharge,NA
GO-20241044258,5/15/2024 4:00:00 AM,Woodbine-Lumsden (60),NA,NA,0,1,Shooting,NA
GO-20241043758,5/15/2024 4:00:00 AM,Etobicoke City Centre (159),NA,NA,0,0,Firearm Discharge,NA
GO-20241052592,5/16/2024 4:00:00 AM,Stonegate-Queensway (16),NA,NA,0,0,Firearm Discharge,NA
GO-20241061070,5/17/2024 4:00:00 AM,Kennedy Park (124),NA,NA,0,0,Firearm Discharge,NA
GO-20241068554,5/17/2024 4:00:00 AM,Wexford/Maryvale (119),NA,NA,0,0,Firearm Discharge,NA
GO-20241061163,5/17/2024 4:00:00 AM,York University Heights (27),NA,NA,0,0,Firearm Discharge,NA
GO-20241068965,5/18/2024 4:00:00 AM,L'Amoreaux West (147),NA,NA,0,0,Firearm Discharge,NA
GO-20241077230,5/19/2024 4:00:00 AM,Clairlea-Birchmount (120),NA,NA,0,1,Shooting,NA
GO-20241083439,5/19/2024 4:00:00 AM,Glenfield-Jane Heights (25),NA,NA,0,1,Shooting,NA
GO-20241083664,5/19/2024 4:00:00 AM,Morningside Heights (144),NA,NA,0,0,Firearm Discharge,NA
GO-20241083731,5/19/2024 4:00:00 AM,Agincourt North (129),NA,NA,0,0,Firearm Discharge,NA
GO-20241080834,5/19/2024 4:00:00 AM,Morningside Heights (144),NA,NA,0,0,Firearm Discharge,NA
GO-20241093674,5/20/2024 4:00:00 AM,Mount Olive-Silverstone-Jamestown (2),NA,NA,0,0,Firearm Discharge,NA
GO-20241126440,5/20/2024 4:00:00 AM,Oakridge (121),NA,NA,0,0,Firearm Discharge,NA
GO-20241096566,5/20/2024 4:00:00 AM,Highland Creek (134),NA,NA,0,0,Firearm Discharge,NA
GO-20241091647,5/21/2024 4:00:00 AM,Morningside Heights (144),NA,NA,0,0,Firearm Discharge,NA
GO-20241099689,5/21/2024 4:00:00 AM,Wexford/Maryvale (119),NA,NA,0,0,Firearm Discharge,NA
GO-20241098645,5/21/2024 4:00:00 AM,York University Heights (27),NA,NA,0,0,Firearm Discharge,NA
GO-20241100422,5/22/2024 4:00:00 AM,North St.James Town (74),NA,NA,1,0,Shooting,NA
GO-20241118210,5/24/2024 4:00:00 AM,Tam O'Shanter-Sullivan (118),NA,NA,0,0,Firearm Discharge,NA
GO-20241128451,5/25/2024 4:00:00 AM,York University Heights (27),NA,NA,0,0,Firearm Discharge,NA
GO-20241134805,5/26/2024 4:00:00 AM,Wellington Place (164),NA,NA,0,0,Firearm Discharge,NA
GO-20241142433,5/27/2024 4:00:00 AM,Regent Park (72),NA,NA,0,0,Firearm Discharge,NA
GO-20241141964,5/27/2024 4:00:00 AM,Oakridge (121),NA,NA,1,0,Shooting,NA
GO-20241146698,5/27/2024 4:00:00 AM,Downtown Yonge East (168),NA,NA,0,1,Shooting,NA
GO-20241155103,5/28/2024 4:00:00 AM,Old East York (58),NA,NA,0,0,Firearm Discharge,NA
GO-20241160476,5/29/2024 4:00:00 AM,Elms-Old Rexdale (5),NA,NA,0,0,Firearm Discharge,NA
GO-20241182777,5/31/2024 4:00:00 AM,Wexford/Maryvale (119),NA,NA,0,0,Firearm Discharge,NA
GO-20241183117,5/31/2024 4:00:00 AM,Wexford/Maryvale (119),NA,NA,0,0,Firearm Discharge,NA
GO-20241205058,6/1/2024 4:00:00 AM,Rosedale-Moore Park (98),NA,NA,0,0,Firearm Discharge,NA
GO-20241183993,6/1/2024 4:00:00 AM,Yorkdale-Glen Park (31),NA,NA,0,0,Firearm Discharge,NA
GO-20241190644,6/1/2024 4:00:00 AM,Mount Olive-Silverstone-Jamestown (2),NA,NA,0,1,Shooting,NA
GO-20241192030,6/2/2024 4:00:00 AM,Willowridge-Martingrove-Richview (7),NA,NA,0,1,Shooting,NA
GO-20241202407,6/2/2024 4:00:00 AM,Mount Olive-Silverstone-Jamestown (2),NA,NA,0,0,Firearm Discharge,NA
GO-20241198224,6/2/2024 4:00:00 AM,Mount Olive-Silverstone-Jamestown (2),NA,NA,2,3,Shooting,NA
GO-20241205519,6/3/2024 4:00:00 AM,Fort York-Liberty Village (163),NA,NA,0,0,Firearm Discharge,NA
GO-20241224159,6/5/2024 4:00:00 AM,Bridle Path-Sunnybrook-York Mills (41),NA,NA,0,0,Firearm Discharge,NA
GO-20241232543,6/6/2024 4:00:00 AM,Dorset Park (126),NA,NA,0,0,Firearm Discharge,NA
GO-20241240261,6/7/2024 4:00:00 AM,Milliken (130),NA,NA,0,0,Firearm Discharge,NA
GO-20241241768,6/8/2024 4:00:00 AM,Regent Park (72),NA,NA,0,1,Shooting,NA
GO-20241260068,6/10/2024 4:00:00 AM,Victoria Village (43),NA,NA,0,0,Firearm Discharge,NA
GO-20241275308,6/12/2024 4:00:00 AM,Morningside Heights (144),NA,NA,0,0,Firearm Discharge,NA
GO-20241285038,6/13/2024 4:00:00 AM,Tam O'Shanter-Sullivan (118),NA,NA,0,0,Firearm Discharge,NA
GO-20241289372,6/13/2024 4:00:00 AM,Clairlea-Birchmount (120),NA,NA,0,1,Shooting,NA
GO-20241301628,6/15/2024 4:00:00 AM,East L'Amoreaux (148),NA,NA,1,0,Shooting,NA
GO-20241298524,6/15/2024 4:00:00 AM,Wexford/Maryvale (119),NA,NA,0,0,Firearm Discharge,NA
GO-20241352573,6/15/2024 4:00:00 AM,East L'Amoreaux (148),NA,NA,0,1,Shooting,NA
GO-20241305416,6/15/2024 4:00:00 AM,Etobicoke City Centre (159),NA,NA,0,2,Shooting,NA
GO-20241305856,6/16/2024 4:00:00 AM,Woburn North (142),NA,NA,0,0,Firearm Discharge,NA
GO-20241308984,6/16/2024 4:00:00 AM,Mount Olive-Silverstone-Jamestown (2),NA,NA,0,0,Firearm Discharge,NA
GO-20241317786,6/17/2024 4:00:00 AM,Banbury-Don Mills (42),NA,NA,2,0,Shooting,NA
GO-20241312876,6/17/2024 4:00:00 AM,Elms-Old Rexdale (5),NA,NA,0,1,Shooting,NA
GO-20241329305,6/18/2024 4:00:00 AM,Mount Olive-Silverstone-Jamestown (2),NA,NA,0,0,Firearm Discharge,NA
GO-20241337344,6/19/2024 4:00:00 AM,Beechborough-Greenbrook (112),NA,NA,0,1,Shooting,NA
GO-20241330751,6/19/2024 4:00:00 AM,Morningside (135),NA,NA,0,1,Shooting,NA
GO-20241337495,6/19/2024 4:00:00 AM,Malvern West (145),NA,NA,0,0,Firearm Discharge,NA
GO-20241348958,6/21/2024 4:00:00 AM,Englemount-Lawrence (32),NA,NA,0,0,Firearm Discharge,NA
GO-20241366066,6/23/2024 4:00:00 AM,Kensington-Chinatown (78),NA,NA,0,0,Firearm Discharge,NA
GO-20241372182,6/23/2024 4:00:00 AM,Malvern East (146),NA,NA,0,0,Firearm Discharge,NA
GO-20241366564,6/23/2024 4:00:00 AM,Elms-Old Rexdale (5),NA,NA,0,0,Firearm Discharge,NA
GO-20241372273,6/23/2024 4:00:00 AM,West Hill (136),NA,NA,0,0,Firearm Discharge,NA
GO-20241373100,6/24/2024 4:00:00 AM,Englemount-Lawrence (32),NA,NA,0,0,Firearm Discharge,NA
GO-20241381039,6/24/2024 4:00:00 AM,Rustic (28),NA,NA,1,0,Shooting,NA
GO-20241385598,6/25/2024 4:00:00 AM,Mount Olive-Silverstone-Jamestown (2),NA,NA,0,0,Firearm Discharge,NA
GO-20241381685,6/25/2024 4:00:00 AM,Yorkdale-Glen Park (31),NA,NA,0,0,Firearm Discharge,NA
GO-20241387915,6/25/2024 4:00:00 AM,Fort York-Liberty Village (163),NA,NA,0,0,Firearm Discharge,NA
GO-20241397886,6/26/2024 4:00:00 AM,Milliken (130),NA,NA,0,0,Firearm Discharge,NA
GO-20241391636,6/26/2024 4:00:00 AM,Glenfield-Jane Heights (25),NA,NA,0,0,Firearm Discharge,NA
GO-20241431498,6/26/2024 4:00:00 AM,Golfdale-Cedarbrae-Woburn (141),NA,NA,0,0,Firearm Discharge,NA
GO-20241389520,6/26/2024 4:00:00 AM,Glenfield-Jane Heights (25),NA,NA,0,0,Firearm Discharge,NA
GO-20241398541,6/27/2024 4:00:00 AM,Pleasant View (46),NA,NA,1,0,Shooting,NA
GO-20241413649,6/28/2024 4:00:00 AM,Annex (95),NA,NA,0,1,Shooting,NA
GO-20241423116,6/29/2024 4:00:00 AM,Morningside Heights (144),NA,NA,0,0,Firearm Discharge,NA
GO-20241421897,6/29/2024 4:00:00 AM,Highland Creek (134),NA,NA,0,0,Firearm Discharge,NA
GO-20241421141,6/29/2024 4:00:00 AM,Wexford/Maryvale (119),NA,NA,0,0,Firearm Discharge,NA
GO-20241415279,6/29/2024 4:00:00 AM,Wexford/Maryvale (119),NA,NA,0,0,Firearm Discharge,NA
GO-20241426199,6/30/2024 4:00:00 AM,Scarborough Village (139),NA,NA,0,0,Firearm Discharge,NA
GO-20241423048,6/30/2024 4:00:00 AM,Willowdale West (37),NA,NA,0,0,Firearm Discharge,NA
GO-20241426732,6/30/2024 4:00:00 AM,Wexford/Maryvale (119),NA,NA,0,0,Firearm Discharge,NA
GO-20241428429,6/30/2024 4:00:00 AM,Kennedy Park (124),NA,NA,0,0,Firearm Discharge,NA
GO-20241427553,6/30/2024 4:00:00 AM,Agincourt North (129),NA,NA,0,0,Firearm Discharge,NA
GO-20241427459,6/30/2024 4:00:00 AM,Malvern West (145),NA,NA,0,0,Firearm Discharge,NA
GO-20241428014,6/30/2024 4:00:00 AM,Morningside Heights (144),NA,NA,0,0,Firearm Discharge,NA
GO-20241436999,7/1/2024 4:00:00 AM,Mount Olive-Silverstone-Jamestown (2),NA,NA,0,0,Firearm Discharge,NA
GO-20241458772,7/1/2024 4:00:00 AM,Milliken (130),NA,NA,0,0,Firearm Discharge,NA
GO-20241430722,7/1/2024 4:00:00 AM,Eglinton East (138),NA,NA,0,1,Shooting,NA
GO-20241450358,7/2/2024 4:00:00 AM,Kennedy Park (124),NA,NA,0,0,Firearm Discharge,NA
GO-20241455353,7/4/2024 4:00:00 AM,Thistletown-Beaumond Heights (3),NA,NA,0,0,Firearm Discharge,NA
GO-20241470580,7/5/2024 4:00:00 AM,Flemingdon Park (44),NA,NA,0,0,Firearm Discharge,NA
GO-20241470578,7/5/2024 4:00:00 AM,Tam O'Shanter-Sullivan (118),NA,NA,0,0,Firearm Discharge,NA
GO-20241477393,7/6/2024 4:00:00 AM,Wychwood (94),NA,NA,0,0,Firearm Discharge,NA
GO-20241478072,7/6/2024 4:00:00 AM,Wexford/Maryvale (119),NA,NA,1,0,Shooting,NA
GO-20241478476,7/6/2024 4:00:00 AM,Willowdale West (37),NA,NA,0,0,Firearm Discharge,NA
GO-20241482491,7/7/2024 4:00:00 AM,South Riverdale (70),NA,NA,0,1,Shooting,NA
GO-20241487401,7/8/2024 4:00:00 AM,Black Creek (24),NA,NA,0,0,Firearm Discharge,NA
GO-20249035599,7/8/2024 4:00:00 AM,Humber Summit (21),NA,NA,0,0,Firearm Discharge,NA
GO-20241485781,7/8/2024 4:00:00 AM,South Parkdale (85),NA,NA,1,0,Shooting,NA
GO-20241488845,7/8/2024 4:00:00 AM,York University Heights (27),NA,NA,0,0,Firearm Discharge,NA
GO-20241498844,7/9/2024 4:00:00 AM,Downsview (155),NA,NA,0,1,Shooting,NA
GO-20241501163,7/9/2024 4:00:00 AM,Black Creek (24),NA,NA,0,0,Firearm Discharge,NA
GO-20241506871,7/10/2024 4:00:00 AM,Humber Summit (21),NA,NA,0,1,Shooting,NA
GO-20241502960,7/10/2024 4:00:00 AM,Trinity-Bellwoods (81),NA,NA,0,1,Shooting,NA
GO-20241509640,7/10/2024 4:00:00 AM,Morningside Heights (144),NA,NA,0,0,Firearm Discharge,NA
GO-20241510422,7/11/2024 4:00:00 AM,Black Creek (24),NA,NA,0,1,Shooting,NA
GO-20241518056,7/12/2024 4:00:00 AM,Newtonbrook West (36),NA,NA,0,0,Firearm Discharge,NA
GO-20241526078,7/13/2024 4:00:00 AM,Glenfield-Jane Heights (25),NA,NA,0,0,Firearm Discharge,NA
GO-20241537608,7/14/2024 4:00:00 AM,Wexford/Maryvale (119),NA,NA,0,0,Firearm Discharge,NA
GO-20241557082,7/17/2024 4:00:00 AM,Bendale-Glen Andrew (156),NA,NA,0,0,Firearm Discharge,NA
GO-20241564982,7/18/2024 4:00:00 AM,Bathurst Manor (34),NA,NA,0,0,Firearm Discharge,NA
GO-20241578580,7/19/2024 4:00:00 AM,Humber Heights-Westmount (8),NA,NA,0,0,Firearm Discharge,NA
GO-20241572057,7/19/2024 4:00:00 AM,West Humber-Clairville (1),NA,NA,0,0,Firearm Discharge,NA
GO-20241580768,7/20/2024 4:00:00 AM,Mount Dennis (115),NA,NA,0,0,Firearm Discharge,NA
GO-20241593455,7/21/2024 4:00:00 AM,Weston-Pelham Park (91),NA,NA,0,0,Firearm Discharge,NA
GO-20241601107,7/22/2024 4:00:00 AM,Mount Dennis (115),NA,NA,0,0,Firearm Discharge,NA
GO-20241610472,7/24/2024 4:00:00 AM,East L'Amoreaux (148),NA,NA,0,0,Firearm Discharge,NA
GO-20241610791,7/24/2024 4:00:00 AM,Bendale-Glen Andrew (156),NA,NA,2,2,Shooting,NA
GO-20241623918,7/25/2024 4:00:00 AM,Agincourt South-Malvern West (128),NA,NA,0,1,Shooting,NA
GO-20241633457,7/26/2024 4:00:00 AM,Oakdale-Beverley Heights (154),NA,NA,0,0,Firearm Discharge,NA
GO-20241638699,7/27/2024 4:00:00 AM,The Beaches (63),NA,NA,0,1,Shooting,NA
GO-20241638479,7/27/2024 4:00:00 AM,Fort York-Liberty Village (163),NA,NA,0,1,Shooting,NA
GO-20241647119,7/28/2024 4:00:00 AM,South Parkdale (85),NA,NA,0,0,Firearm Discharge,NA
GO-20241658222,7/30/2024 4:00:00 AM,Milliken (130),NA,NA,0,0,Firearm Discharge,NA
GO-20241661597,7/30/2024 4:00:00 AM,Humber Heights-Westmount (8),NA,NA,0,0,Firearm Discharge,NA
GO-20241669196,7/31/2024 4:00:00 AM,Annex (95),NA,NA,0,0,Firearm Discharge,NA
GO-20241667380,7/31/2024 4:00:00 AM,Broadview North (57),NA,NA,0,0,Firearm Discharge,NA
GO-20241672865,8/1/2024 4:00:00 AM,Mount Olive-Silverstone-Jamestown (2),NA,NA,0,0,Firearm Discharge,NA
GO-20241672735,8/1/2024 4:00:00 AM,Pelmo Park-Humberlea (23),NA,NA,0,0,Firearm Discharge,NA
GO-20241681557,8/2/2024 4:00:00 AM,Dorset Park (126),NA,NA,0,0,Firearm Discharge,NA
GO-20241696549,8/3/2024 4:00:00 AM,East End-Danforth (62),NA,NA,0,1,Shooting,NA
GO-20241689629,8/3/2024 4:00:00 AM,South Riverdale (70),NA,NA,0,1,Shooting,NA
GO-20241690485,8/3/2024 4:00:00 AM,Kingsview Village-The Westway (6),NA,NA,0,0,Firearm Discharge,NA
GO-20241697042,8/3/2024 4:00:00 AM,Wellington Place (164),NA,NA,0,1,Shooting,NA
GO-20241703838,8/4/2024 4:00:00 AM,Humber Summit (21),NA,NA,0,1,Shooting,NA
GO-20241703583,8/4/2024 4:00:00 AM,Edenbridge-Humber Valley (9),NA,NA,0,1,Shooting,NA
GO-20241698737,8/4/2024 4:00:00 AM,Beechborough-Greenbrook (112),NA,NA,0,1,Shooting,NA
GO-20241734149,8/6/2024 4:00:00 AM,Malvern East (146),NA,NA,0,0,Firearm Discharge,NA
GO-20241732118,8/8/2024 4:00:00 AM,Mount Olive-Silverstone-Jamestown (2),NA,NA,0,0,Firearm Discharge,NA
GO-20241735319,8/8/2024 4:00:00 AM,The Beaches (63),NA,NA,1,0,Shooting,NA
GO-20241734888,8/8/2024 4:00:00 AM,New Toronto (18),NA,NA,0,0,Firearm Discharge,NA
GO-20241728429,8/8/2024 4:00:00 AM,Mount Dennis (115),NA,NA,0,2,Shooting,NA
GO-20241743791,8/10/2024 4:00:00 AM,Wexford/Maryvale (119),NA,NA,0,0,Firearm Discharge,NA
GO-20241788950,8/15/2024 4:00:00 AM,Willowdale West (37),NA,NA,0,0,Firearm Discharge,NA
GO-20241795494,8/16/2024 4:00:00 AM,Kingsview Village-The Westway (6),NA,NA,0,0,Firearm Discharge,NA
GO-20241797910,8/17/2024 4:00:00 AM,Parkwoods-O'Connor Hills (149),NA,NA,0,0,Firearm Discharge,NA
GO-20241851039,8/24/2024 4:00:00 AM,Morningside Heights (144),NA,NA,0,0,Firearm Discharge,NA
GO-20241858085,8/25/2024 4:00:00 AM,Woburn North (142),NA,NA,0,0,Firearm Discharge,NA
GO-20241864485,8/25/2024 4:00:00 AM,Mount Olive-Silverstone-Jamestown (2),NA,NA,0,1,Shooting,NA
GO-20241864712,8/26/2024 4:00:00 AM,NSA,NA,NA,0,1,Shooting,NA
GO-20241872807,8/27/2024 4:00:00 AM,Pelmo Park-Humberlea (23),NA,NA,1,0,Shooting,NA
GO-20241894952,8/29/2024 4:00:00 AM,Pelmo Park-Humberlea (23),NA,NA,0,0,Firearm Discharge,NA
GO-20241905609,8/30/2024 4:00:00 AM,Oakridge (121),NA,NA,1,0,Shooting,NA
GO-20241899288,8/30/2024 4:00:00 AM,Kingsview Village-The Westway (6),NA,NA,0,0,Firearm Discharge,NA
GO-20241913429,8/31/2024 4:00:00 AM,Dovercourt Village (172),NA,NA,0,1,Shooting,NA
GO-20241909588,8/31/2024 4:00:00 AM,Mount Dennis (115),NA,NA,0,1,Shooting,NA
GO-20241916908,9/1/2024 4:00:00 AM,North St.James Town (74),NA,NA,0,1,Shooting,NA
GO-20241924758,9/1/2024 4:00:00 AM,Malvern West (145),NA,NA,0,0,Firearm Discharge,NA
GO-20241914605,9/1/2024 4:00:00 AM,Briar Hill-Belgravia (108),NA,NA,1,0,Shooting,NA
GO-20241915416,9/1/2024 4:00:00 AM,Black Creek (24),NA,NA,0,0,Firearm Discharge,NA
GO-20241937923,9/1/2024 4:00:00 AM,West Hill (136),NA,NA,0,0,Firearm Discharge,NA
GO-20241925882,9/2/2024 4:00:00 AM,Brookhaven-Amesbury (30),NA,NA,1,0,Shooting,NA
GO-20241934492,9/3/2024 4:00:00 AM,Brookhaven-Amesbury (30),NA,NA,0,0,Firearm Discharge,NA
GO-20241927578,9/3/2024 4:00:00 AM,Englemount-Lawrence (32),NA,NA,0,0,Firearm Discharge,NA
GO-20241927811,9/3/2024 4:00:00 AM,South Parkdale (85),NA,NA,0,0,Firearm Discharge,NA
GO-20241927321,9/3/2024 4:00:00 AM,Weston-Pelham Park (91),NA,NA,0,0,Firearm Discharge,NA
GO-20241936520,9/4/2024 4:00:00 AM,Weston (113),NA,NA,0,0,Firearm Discharge,NA
GO-20241943672,9/4/2024 4:00:00 AM,Mount Dennis (115),NA,NA,0,0,Firearm Discharge,NA
GO-20241981526,9/9/2024 4:00:00 AM,Highland Creek (134),NA,NA,0,0,Firearm Discharge,NA
GO-20241976847,9/9/2024 4:00:00 AM,Agincourt South-Malvern West (128),NA,NA,0,1,Shooting,NA
GO-20242006046,9/12/2024 4:00:00 AM,Oakdale-Beverley Heights (154),NA,NA,0,1,Shooting,NA
GO-20242011090,9/13/2024 4:00:00 AM,Elms-Old Rexdale (5),NA,NA,0,1,Shooting,NA
GO-20242009581,9/13/2024 4:00:00 AM,Corso Italia-Davenport (92),NA,NA,0,0,Firearm Discharge,NA
GO-20242015065,9/14/2024 4:00:00 AM,Oakdale-Beverley Heights (154),NA,NA,0,0,Firearm Discharge,NA
GO-20242015541,9/14/2024 4:00:00 AM,Beechborough-Greenbrook (112),NA,NA,0,0,Firearm Discharge,NA
GO-20242014732,9/14/2024 4:00:00 AM,Beechborough-Greenbrook (112),NA,NA,0,1,Shooting,NA
GO-20242029304,9/16/2024 4:00:00 AM,Forest Hill North (102),NA,NA,0,0,Firearm Discharge,NA
GO-20242041625,9/17/2024 4:00:00 AM,Black Creek (24),NA,NA,2,0,Shooting,NA
GO-20242045210,9/17/2024 4:00:00 AM,Englemount-Lawrence (32),NA,NA,0,1,Shooting,NA
GO-20242045489,9/17/2024 4:00:00 AM,Weston (113),NA,NA,0,0,Firearm Discharge,NA
GO-20242059226,9/17/2024 4:00:00 AM,West Humber-Clairville (1),NA,NA,0,0,Firearm Discharge,NA
GO-20242037933,9/17/2024 4:00:00 AM,Forest Hill North (102),NA,NA,0,0,Firearm Discharge,NA
GO-20242069951,9/20/2024 4:00:00 AM,Willowridge-Martingrove-Richview (7),NA,NA,0,0,Firearm Discharge,NA
GO-20242070345,9/21/2024 4:00:00 AM,Keelesdale-Eglinton West (110),NA,NA,0,0,Firearm Discharge,NA
GO-20242076579,9/21/2024 4:00:00 AM,Eringate-Centennial-West Deane (11),NA,NA,0,0,Firearm Discharge,NA
GO-20242069967,9/21/2024 4:00:00 AM,Weston-Pelham Park (91),NA,NA,0,0,Firearm Discharge,NA
GO-20242076688,9/21/2024 4:00:00 AM,Scarborough Village (139),NA,NA,1,0,Shooting,NA
GO-20242080737,9/22/2024 4:00:00 AM,Oakdale-Beverley Heights (154),NA,NA,0,1,Shooting,NA
GO-20242463245,9/23/2024 4:00:00 AM,Woburn North (142),NA,NA,0,0,Firearm Discharge,NA
GO-20242097798,9/24/2024 4:00:00 AM,Weston-Pelham Park (91),NA,NA,0,0,Firearm Discharge,NA
GO-20242100715,9/25/2024 4:00:00 AM,Rockcliffe-Smythe (111),NA,NA,0,0,Firearm Discharge,NA
GO-20242143573,9/27/2024 4:00:00 AM,Rustic (28),NA,NA,0,0,Firearm Discharge,NA
GO-20242125200,9/28/2024 4:00:00 AM,Kensington-Chinatown (78),NA,NA,0,1,Shooting,NA
GO-20242139041,9/29/2024 4:00:00 AM,Rosedale-Moore Park (98),NA,NA,0,0,Firearm Discharge,NA
GO-20242137273,9/29/2024 4:00:00 AM,Mount Dennis (115),NA,NA,0,0,Firearm Discharge,NA
GO-20242140337,9/30/2024 4:00:00 AM,Weston (113),NA,NA,1,0,Shooting,NA
GO-20242150247,9/30/2024 4:00:00 AM,Bayview Village (52),NA,NA,0,0,Firearm Discharge,NA
GO-20242147124,9/30/2024 4:00:00 AM,Yorkdale-Glen Park (31),NA,NA,1,0,Shooting,NA
GO-20242139238,9/30/2024 4:00:00 AM,Bridle Path-Sunnybrook-York Mills (41),NA,NA,0,0,Firearm Discharge,NA
GO-20242144775,9/30/2024 4:00:00 AM,Black Creek (24),NA,NA,0,0,Firearm Discharge,NA
GO-20242146291,9/30/2024 4:00:00 AM,St Lawrence-East Bayfront-The Islands (166),NA,NA,0,1,Shooting,NA
GO-20242147367,10/1/2024 4:00:00 AM,Thorncliffe Park (55),NA,NA,0,1,Shooting,NA
GO-20242161068,10/2/2024 4:00:00 AM,South Eglinton-Davisville (174),NA,NA,0,1,Shooting,NA
GO-20242169668,10/3/2024 4:00:00 AM,Weston-Pelham Park (91),NA,NA,0,1,Shooting,NA
GO-20242178549,10/4/2024 4:00:00 AM,Yonge-Bay Corridor (170),NA,NA,0,0,Firearm Discharge,NA
GO-20242171853,10/4/2024 4:00:00 AM,Glenfield-Jane Heights (25),NA,NA,0,1,Shooting,NA
GO-20242172184,10/4/2024 4:00:00 AM,Greenwood-Coxwell (65),NA,NA,0,0,Firearm Discharge,NA
GO-20242184141,10/5/2024 4:00:00 AM,Brookhaven-Amesbury (30),NA,NA,0,0,Firearm Discharge,NA
GO-20242187045,10/5/2024 4:00:00 AM,Oakdale-Beverley Heights (154),NA,NA,0,0,Firearm Discharge,NA
GO-20242196994,10/7/2024 4:00:00 AM,Yonge-Doris (151),NA,NA,0,0,Firearm Discharge,NA
GO-20242200829,10/7/2024 4:00:00 AM,Beechborough-Greenbrook (112),NA,NA,1,0,Shooting,NA
GO-20242194571,10/7/2024 4:00:00 AM,Wexford/Maryvale (119),NA,NA,0,0,Firearm Discharge,NA
GO-20242202190,10/8/2024 4:00:00 AM,Palmerston-Little Italy (80),NA,NA,0,0,Firearm Discharge,NA
GO-20242216761,10/9/2024 4:00:00 AM,Humber Heights-Westmount (8),NA,NA,0,0,Firearm Discharge,NA
GO-20242233102,10/11/2024 4:00:00 AM,Humbermede (22),NA,NA,0,0,Firearm Discharge,NA
GO-20242241593,10/12/2024 4:00:00 AM,Runnymede-Bloor West Village (89),NA,NA,0,0,Firearm Discharge,NA
GO-20242235929,10/12/2024 4:00:00 AM,York University Heights (27),NA,NA,0,0,Firearm Discharge,NA
GO-20242249604,10/12/2024 4:00:00 AM,Weston (113),NA,NA,0,0,Firearm Discharge,NA
GO-20242234130,10/12/2024 4:00:00 AM,York University Heights (27),NA,NA,0,0,Firearm Discharge,NA
GO-20242381588,10/12/2024 4:00:00 AM,York University Heights (27),NA,NA,0,0,Firearm Discharge,NA
GO-20242247495,10/14/2024 4:00:00 AM,Cliffcrest (123),NA,NA,0,0,Firearm Discharge,NA
GO-20242247330,10/14/2024 4:00:00 AM,Wexford/Maryvale (119),NA,NA,0,0,Firearm Discharge,NA
GO-20242276782,10/18/2024 4:00:00 AM,Beechborough-Greenbrook (112),NA,NA,0,0,Firearm Discharge,NA
GO-20242288616,10/19/2024 4:00:00 AM,Wexford/Maryvale (119),NA,NA,0,0,Firearm Discharge,NA
GO-20242300743,10/19/2024 4:00:00 AM,Forest Hill South (101),NA,NA,0,0,Firearm Discharge,NA
GO-20242306365,10/21/2024 4:00:00 AM,Newtonbrook East (50),NA,NA,0,1,Shooting,NA
GO-20242307141,10/22/2024 4:00:00 AM,Morningside Heights (144),NA,NA,0,0,Firearm Discharge,NA
GO-20242313838,10/22/2024 4:00:00 AM,Black Creek (24),NA,NA,0,0,Firearm Discharge,NA
GO-20242328881,10/24/2024 4:00:00 AM,Bendale South (157),NA,NA,0,0,Firearm Discharge,NA
GO-20242325262,10/24/2024 4:00:00 AM,Lansing-Westgate (38),NA,NA,1,0,Shooting,NA
GO-20242336898,10/25/2024 4:00:00 AM,Glenfield-Jane Heights (25),NA,NA,0,1,Shooting,NA
GO-20242344310,10/26/2024 4:00:00 AM,Black Creek (24),NA,NA,0,0,Firearm Discharge,NA
GO-20242343288,10/26/2024 4:00:00 AM,Rexdale-Kipling (4),NA,NA,0,0,Firearm Discharge,NA
GO-20242337781,10/26/2024 4:00:00 AM,Beechborough-Greenbrook (112),NA,NA,0,0,Firearm Discharge,NA
GO-20242350806,10/27/2024 4:00:00 AM,Moss Park (73),NA,NA,0,1,Shooting,NA
GO-20242356506,10/28/2024 4:00:00 AM,Agincourt South-Malvern West (128),NA,NA,0,0,Firearm Discharge,NA
GO-20242373472,10/30/2024 4:00:00 AM,Dorset Park (126),NA,NA,0,0,Firearm Discharge,NA
GO-20242375855,10/31/2024 4:00:00 AM,Humber Summit (21),NA,NA,0,0,Firearm Discharge,NA
GO-20242390510,11/1/2024 4:00:00 AM,Glenfield-Jane Heights (25),NA,NA,0,1,Shooting,NA
GO-20242399490,11/3/2024 4:00:00 AM,Trinity-Bellwoods (81),NA,NA,0,0,Firearm Discharge,NA
GO-20242405971,11/4/2024 5:00:00 AM,Beechborough-Greenbrook (112),NA,NA,0,0,Firearm Discharge,NA
GO-20242427685,11/6/2024 5:00:00 AM,Beechborough-Greenbrook (112),NA,NA,0,0,Firearm Discharge,NA
GO-20242427736,11/6/2024 5:00:00 AM,Rustic (28),NA,NA,0,0,Firearm Discharge,NA
GO-20242450809,11/9/2024 5:00:00 AM,Agincourt North (129),NA,NA,0,0,Firearm Discharge,NA
GO-20242450995,11/9/2024 5:00:00 AM,Thorncliffe Park (55),NA,NA,0,0,Firearm Discharge,NA
GO-20242444868,11/9/2024 5:00:00 AM,Kensington-Chinatown (78),NA,NA,0,1,Shooting,NA
GO-20242450771,11/9/2024 5:00:00 AM,Centennial Scarborough (133),NA,NA,0,0,Firearm Discharge,NA
GO-20242452376,11/10/2024 5:00:00 AM,Agincourt North (129),NA,NA,0,0,Firearm Discharge,NA
GO-20242451987,11/10/2024 5:00:00 AM,Malvern East (146),NA,NA,0,0,Firearm Discharge,NA
GO-20242464906,11/11/2024 5:00:00 AM,Little Portugal (84),NA,NA,0,0,Firearm Discharge,NA
GO-20242466812,11/11/2024 5:00:00 AM,Milliken (130),NA,NA,0,0,Firearm Discharge,NA
GO-20242467629,11/12/2024 5:00:00 AM,Milliken (130),NA,NA,0,0,Firearm Discharge,NA
GO-20242465112,11/12/2024 5:00:00 AM,Agincourt South-Malvern West (128),NA,NA,0,0,Firearm Discharge,NA
GO-20242465068,11/12/2024 5:00:00 AM,Guildwood (140),NA,NA,0,0,Firearm Discharge,NA
GO-20242466889,11/12/2024 5:00:00 AM,Kennedy Park (124),NA,NA,0,0,Firearm Discharge,NA
GO-20242486899,11/14/2024 5:00:00 AM,Oakdale-Beverley Heights (154),NA,NA,0,0,Firearm Discharge,NA
GO-20242488270,11/15/2024 5:00:00 AM,Agincourt North (129),NA,NA,0,1,Shooting,NA
GO-20242495096,11/16/2024 5:00:00 AM,Agincourt South-Malvern West (128),NA,NA,0,0,Firearm Discharge,NA
GO-20242498446,11/16/2024 5:00:00 AM,Willowdale West (37),NA,NA,0,1,Shooting,NA
GO-20242507997,11/18/2024 5:00:00 AM,Fort York-Liberty Village (163),NA,NA,0,0,Firearm Discharge,NA
GO-20242536421,11/21/2024 5:00:00 AM,Westminster-Branson (35),NA,NA,0,1,Shooting,NA
GO-20242545256,11/23/2024 5:00:00 AM,Kingsview Village-The Westway (6),NA,NA,0,0,Firearm Discharge,NA
GO-20242545306,11/23/2024 5:00:00 AM,Clairlea-Birchmount (120),NA,NA,0,1,Shooting,NA
GO-20242557204,11/24/2024 5:00:00 AM,Humber Heights-Westmount (8),NA,NA,0,0,Firearm Discharge,NA
GO-20242552802,11/24/2024 5:00:00 AM,Wellington Place (164),NA,NA,0,1,Shooting,NA
GO-20242567139,11/26/2024 5:00:00 AM,West Humber-Clairville (1),NA,NA,0,1,Shooting,NA
GO-20242570372,11/26/2024 5:00:00 AM,Malvern West (145),NA,NA,0,0,Firearm Discharge,NA
GO-20242574199,11/27/2024 5:00:00 AM,Kensington-Chinatown (78),NA,NA,0,0,Firearm Discharge,NA
GO-20242579904,11/27/2024 5:00:00 AM,Regent Park (72),NA,NA,0,1,Shooting,NA
GO-20242595720,11/29/2024 5:00:00 AM,Greenwood-Coxwell (65),NA,NA,0,0,Firearm Discharge,NA
GO-20242589502,11/29/2024 5:00:00 AM,Agincourt North (129),NA,NA,0,0,Firearm Discharge,NA
GO-20242610870,12/2/2024 5:00:00 AM,Humber Heights-Westmount (8),NA,NA,0,0,Firearm Discharge,NA
GO-20242626015,12/4/2024 5:00:00 AM,Black Creek (24),NA,NA,0,0,Firearm Discharge,NA
GO-20242640012,12/5/2024 5:00:00 AM,Black Creek (24),NA,NA,0,1,Shooting,NA
GO-20242646218,12/6/2024 5:00:00 AM,Broadview North (57),NA,NA,0,1,Shooting,NA
GO-20242648789,12/7/2024 5:00:00 AM,Kensington-Chinatown (78),NA,NA,0,3,Shooting,NA
GO-20242659607,12/8/2024 5:00:00 AM,Blake-Jones (69),NA,NA,1,0,Shooting,NA
GO-20242660211,12/8/2024 5:00:00 AM,Malvern East (146),NA,NA,0,0,Firearm Discharge,NA
GO-20242661659,12/9/2024 5:00:00 AM,Englemount-Lawrence (32),NA,NA,1,0,Shooting,NA
GO-20242665085,12/9/2024 5:00:00 AM,Agincourt North (129),NA,NA,0,0,Firearm Discharge,NA
GO-20242668940,12/10/2024 5:00:00 AM,Bendale-Glen Andrew (156),NA,NA,0,1,Shooting,NA
GO-20242673285,12/10/2024 5:00:00 AM,Markland Wood (12),NA,NA,0,0,Firearm Discharge,NA
GO-20242676729,12/11/2024 5:00:00 AM,Glenfield-Jane Heights (25),NA,NA,0,0,Firearm Discharge,NA
GO-20242676204,12/11/2024 5:00:00 AM,Elms-Old Rexdale (5),NA,NA,0,0,Firearm Discharge,NA
GO-20242690085,12/12/2024 5:00:00 AM,Brookhaven-Amesbury (30),NA,NA,0,0,Firearm Discharge,NA
GO-20242713248,12/16/2024 5:00:00 AM,Golfdale-Cedarbrae-Woburn (141),NA,NA,0,0,Firearm Discharge,NA
GO-20242718193,12/16/2024 5:00:00 AM,Beechborough-Greenbrook (112),NA,NA,0,1,Shooting,NA
GO-20242725014,12/17/2024 5:00:00 AM,Humber Heights-Westmount (8),NA,NA,0,1,Shooting,NA
GO-20242726265,12/17/2024 5:00:00 AM,Morningside (135),NA,NA,0,2,Shooting,NA
GO-20242720504,12/17/2024 5:00:00 AM,Wexford/Maryvale (119),NA,NA,0,0,Firearm Discharge,NA
GO-20242734130,12/18/2024 5:00:00 AM,Broadview North (57),NA,NA,0,0,Firearm Discharge,NA
GO-20242734667,12/19/2024 5:00:00 AM,Scarborough Village (139),NA,NA,1,0,Shooting,NA
GO-20242742311,12/20/2024 5:00:00 AM,York University Heights (27),NA,NA,0,0,Firearm Discharge,NA
GO-20242754899,12/21/2024 5:00:00 AM,South Riverdale (70),NA,NA,0,0,Firearm Discharge,NA
GO-20242757046,12/22/2024 5:00:00 AM,North Riverdale (68),NA,NA,0,0,Firearm Discharge,NA
GO-20242770322,12/24/2024 5:00:00 AM,South Riverdale (70),NA,NA,0,0,Firearm Discharge,NA
GO-20242796252,12/28/2024 5:00:00 AM,Rockcliffe-Smythe (111),NA,NA,0,0,Firearm Discharge,NA
GO-20242794589,12/28/2024 5:00:00 AM,Mount Olive-Silverstone-Jamestown (2),NA,NA,0,1,Shooting,NA
GO-20242814403,12/30/2024 5:00:00 AM,Weston-Pelham Park (91),NA,NA,0,0,Firearm Discharge,NA
GO-20242809673,12/30/2024 5:00:00 AM,Mount Olive-Silverstone-Jamestown (2),NA,NA,0,0,Firearm Discharge,NA
GO-20242810883,12/30/2024 5:00:00 AM,West Humber-Clairville (1),NA,NA,0,0,Firearm Discharge,NA
GO-20242815936,12/31/2024 5:00:00 AM,New Toronto (18),NA,NA,0,1,Shooting,NA
GO-20242815328,12/31/2024 5:00:00 AM,L'Amoreaux West (147),NA,NA,0,1,Shooting,NA
GO-20242817349,12/31/2024 5:00:00 AM,University (79),NA,NA,0,1,Shooting,NA
GO-20251386,1/1/2025 5:00:00 AM,Tam O'Shanter-Sullivan (118),NA,NA,0,0,Firearm Discharge,NA
GO-20256476,1/1/2025 5:00:00 AM,Wexford/Maryvale (119),NA,NA,0,0,Firearm Discharge,NA
GO-20256414,1/1/2025 5:00:00 AM,Milliken (130),NA,NA,0,1,Shooting,NA
GO-20255848,1/1/2025 5:00:00 AM,Pelmo Park-Humberlea (23),NA,NA,0,1,Shooting,NA
GO-20256266,1/1/2025 5:00:00 AM,Guildwood (140),NA,NA,0,0,Firearm Discharge,NA
GO-202542615,1/6/2025 5:00:00 AM,Agincourt South-Malvern West (128),NA,NA,0,0,Firearm Discharge,NA
GO-202550657,1/7/2025 5:00:00 AM,Etobicoke City Centre (159),NA,NA,0,0,Firearm Discharge,NA
GO-202558136,1/8/2025 5:00:00 AM,Agincourt South-Malvern West (128),NA,NA,0,1,Shooting,NA
GO-202566192,1/9/2025 5:00:00 AM,Golfdale-Cedarbrae-Woburn (141),NA,NA,0,1,Shooting,NA
GO-202563893,1/9/2025 5:00:00 AM,Milliken (130),NA,NA,0,2,Shooting,NA
GO-2025118035,1/16/2025 5:00:00 AM,Yonge-Bay Corridor (170),NA,NA,0,1,Shooting,NA
GO-2025118322,1/16/2025 5:00:00 AM,York University Heights (27),NA,NA,0,0,Firearm Discharge,NA
GO-2025125681,1/17/2025 5:00:00 AM,West Humber-Clairville (1),NA,NA,0,1,Shooting,NA
GO-2025128218,1/18/2025 5:00:00 AM,Cliffcrest (123),NA,NA,0,1,Shooting,NA
GO-2025128299,1/18/2025 5:00:00 AM,Fenside-Parkwoods (150),NA,NA,0,0,Firearm Discharge,NA
GO-2025147996,1/21/2025 5:00:00 AM,Wexford/Maryvale (119),NA,NA,0,0,Firearm Discharge,NA
GO-2025161392,1/22/2025 5:00:00 AM,Agincourt South-Malvern West (128),NA,NA,0,0,Firearm Discharge,NA
GO-2025172492,1/24/2025 5:00:00 AM,Milliken (130),NA,NA,0,0,Firearm Discharge,NA
GO-2025191640,1/26/2025 5:00:00 AM,Keelesdale-Eglinton West (110),NA,NA,0,0,Firearm Discharge,NA
GO-2025206289,1/28/2025 5:00:00 AM,Dorset Park (126),NA,NA,0,1,Shooting,NA
GO-2025200065,1/28/2025 5:00:00 AM,Thistletown-Beaumond Heights (3),NA,NA,0,0,Firearm Discharge,NA
GO-2025226935,1/31/2025 5:00:00 AM,Kensington-Chinatown (78),NA,NA,0,0,Firearm Discharge,NA
GO-2025238078,2/1/2025 5:00:00 AM,Caledonia-Fairbank (109),NA,NA,0,0,Firearm Discharge,NA
GO-2025240314,2/2/2025 5:00:00 AM,Clairlea-Birchmount (120),NA,NA,0,1,Shooting,NA
GO-2025259658,2/4/2025 5:00:00 AM,Islington (158),NA,NA,1,1,Shooting,NA
GO-2025255455,2/4/2025 5:00:00 AM,Downtown Yonge East (168),NA,NA,0,1,Shooting,NA
GO-2025266988,2/4/2025 5:00:00 AM,Guildwood (140),NA,NA,0,0,Firearm Discharge,NA
GO-2025268343,2/5/2025 5:00:00 AM,Moss Park (73),NA,NA,1,0,Shooting,NA
GO-2025295621,2/7/2025 5:00:00 AM,Humewood-Cedarvale (106),NA,NA,0,0,Firearm Discharge,NA
GO-2025313293,2/11/2025 5:00:00 AM,Woburn North (142),NA,NA,0,1,Shooting,NA
GO-2025372268,2/20/2025 5:00:00 AM,Humbermede (22),NA,NA,0,0,Firearm Discharge,NA
GO-2025372145,2/20/2025 5:00:00 AM,West Rouge (143),NA,NA,0,0,Firearm Discharge,NA
GO-2025372838,2/20/2025 5:00:00 AM,Woburn North (142),NA,NA,0,0,Firearm Discharge,NA
GO-2025387438,2/22/2025 5:00:00 AM,Banbury-Don Mills (42),NA,NA,0,0,Firearm Discharge,NA
GO-2025404030,2/23/2025 5:00:00 AM,Agincourt South-Malvern West (128),NA,NA,0,0,Firearm Discharge,NA
GO-2025395195,2/23/2025 5:00:00 AM,Bridle Path-Sunnybrook-York Mills (41),NA,NA,0,0,Firearm Discharge,NA
GO-2025409827,2/25/2025 5:00:00 AM,Mount Olive-Silverstone-Jamestown (2),NA,NA,0,0,Firearm Discharge,NA
GO-2025423556,2/26/2025 5:00:00 AM,Weston (113),NA,NA,0,1,Shooting,NA
GO-2025431898,2/27/2025 5:00:00 AM,Englemount-Lawrence (32),NA,NA,0,0,Firearm Discharge,NA
GO-2025428773,2/27/2025 5:00:00 AM,West Hill (136),NA,NA,0,0,Firearm Discharge,NA
GO-2025438560,2/28/2025 5:00:00 AM,Etobicoke City Centre (159),NA,NA,0,0,Firearm Discharge,NA
GO-2025445958,3/1/2025 5:00:00 AM,Eglinton East (138),NA,NA,0,1,Shooting,NA
GO-2025463284,3/3/2025 5:00:00 AM,Eringate-Centennial-West Deane (11),NA,NA,0,0,Firearm Discharge,NA
GO-2025462945,3/3/2025 5:00:00 AM,Keelesdale-Eglinton West (110),NA,NA,0,1,Shooting,NA
GO-2025471065,3/4/2025 5:00:00 AM,Wexford/Maryvale (119),NA,NA,0,1,Shooting,NA
GO-2025470835,3/4/2025 5:00:00 AM,Junction Area (90),NA,NA,0,2,Shooting,NA
GO-2025478213,3/5/2025 5:00:00 AM,Etobicoke City Centre (159),NA,NA,0,0,Firearm Discharge,NA
GO-2025485855,3/6/2025 5:00:00 AM,Humber Bay Shores (161),NA,NA,0,1,Shooting,NA
GO-2025485721,3/6/2025 5:00:00 AM,Etobicoke City Centre (159),NA,NA,0,0,Firearm Discharge,NA
GO-2025493659,3/7/2025 5:00:00 AM,Bendale-Glen Andrew (156),NA,NA,0,10,Shooting,NA
GO-2025562997,3/12/2025 4:00:00 AM,Milliken (130),NA,NA,0,0,Firearm Discharge,NA
GO-2025531044,3/13/2025 4:00:00 AM,Casa Loma (96),NA,NA,0,1,Shooting,NA
GO-2025544673,3/14/2025 4:00:00 AM,South Parkdale (85),NA,NA,0,0,Firearm Discharge,NA
GO-2025566896,3/18/2025 4:00:00 AM,York University Heights (27),NA,NA,0,0,Firearm Discharge,NA
GO-2025582204,3/19/2025 4:00:00 AM,Harbourfront-CityPlace (165),NA,NA,0,0,Firearm Discharge,NA
GO-2025582688,3/20/2025 4:00:00 AM,Oakdale-Beverley Heights (154),NA,NA,0,1,Shooting,NA
GO-2025597339,3/21/2025 4:00:00 AM,Blake-Jones (69),NA,NA,0,3,Shooting,NA
GO-2025590505,3/21/2025 4:00:00 AM,West Hill (136),NA,NA,0,1,Shooting,NA
GO-2025609460,3/23/2025 4:00:00 AM,Harbourfront-CityPlace (165),NA,NA,1,0,Shooting,NA
GO-2025605999,3/23/2025 4:00:00 AM,Humber Summit (21),NA,NA,0,0,Firearm Discharge,NA
GO-2025633699,3/26/2025 4:00:00 AM,Mount Olive-Silverstone-Jamestown (2),NA,NA,1,0,Shooting,NA
GO-2025650405,3/29/2025 4:00:00 AM,Tam O'Shanter-Sullivan (118),NA,NA,0,0,Firearm Discharge,NA
GO-2025679618,4/1/2025 4:00:00 AM,Golfdale-Cedarbrae-Woburn (141),NA,NA,0,0,Firearm Discharge,NA
GO-2025693540,4/3/2025 4:00:00 AM,Briar Hill-Belgravia (108),NA,NA,0,0,Firearm Discharge,NA
GO-2025710680,4/6/2025 4:00:00 AM,Rockcliffe-Smythe (111),NA,NA,0,0,Firearm Discharge,NA
GO-2025747132,4/10/2025 4:00:00 AM,Black Creek (24),NA,NA,0,0,Firearm Discharge,NA
GO-2025755656,4/11/2025 4:00:00 AM,Rockcliffe-Smythe (111),NA,NA,0,0,Firearm Discharge,NA
GO-2025748165,4/11/2025 4:00:00 AM,Danforth East York (59),NA,NA,0,1,Shooting,NA
GO-2025776365,4/13/2025 4:00:00 AM,West Humber-Clairville (1),NA,NA,0,1,Shooting,NA
GO-2025762897,4/13/2025 4:00:00 AM,Oakdale-Beverley Heights (154),NA,NA,0,1,Shooting,NA
GO-2025784909,4/15/2025 4:00:00 AM,North Riverdale (68),NA,NA,2,0,Shooting,NA
GO-2025785286,4/16/2025 4:00:00 AM,Rockcliffe-Smythe (111),NA,NA,0,0,Firearm Discharge,NA
GO-2025790028,4/16/2025 4:00:00 AM,Morningside (135),NA,NA,0,0,Firearm Discharge,NA
GO-2025808294,4/18/2025 4:00:00 AM,Mount Dennis (115),NA,NA,0,0,Firearm Discharge,NA
GO-2025800869,4/18/2025 4:00:00 AM,Agincourt South-Malvern West (128),NA,NA,0,0,Firearm Discharge,NA
GO-2025807241,4/19/2025 4:00:00 AM,Glenfield-Jane Heights (25),NA,NA,0,0,Firearm Discharge,NA
GO-2025813192,4/20/2025 4:00:00 AM,St Lawrence-East Bayfront-The Islands (166),NA,NA,0,0,Firearm Discharge,NA
GO-2025819049,4/20/2025 4:00:00 AM,Lansing-Westgate (38),NA,NA,0,0,Firearm Discharge,NA
GO-2025846833,4/24/2025 4:00:00 AM,Weston (113),NA,NA,0,0,Firearm Discharge,NA
GO-2025871667,4/28/2025 4:00:00 AM,Morningside Heights (144),NA,NA,0,0,Firearm Discharge,NA
GO-2025879732,4/29/2025 4:00:00 AM,Weston (113),NA,NA,0,1,Shooting,NA
GO-2025883280,4/29/2025 4:00:00 AM,Stonegate-Queensway (16),NA,NA,0,0,Firearm Discharge,NA
GO-2025896429,5/1/2025 4:00:00 AM,South Riverdale (70),NA,NA,0,0,Firearm Discharge,NA
GO-2025911709,5/2/2025 4:00:00 AM,Humbermede (22),NA,NA,0,1,Shooting,NA
GO-2025934433,5/6/2025 4:00:00 AM,Fenside-Parkwoods (150),NA,NA,0,0,Firearm Discharge,NA
GO-2025997035,5/14/2025 4:00:00 AM,Kensington-Chinatown (78),NA,NA,0,0,Firearm Discharge,NA
GO-20251005727,5/15/2025 4:00:00 AM,Cliffcrest (123),NA,NA,0,0,Firearm Discharge,NA
GO-20251012330,5/15/2025 4:00:00 AM,Stonegate-Queensway (16),NA,NA,0,0,Firearm Discharge,NA
GO-20251007546,5/15/2025 4:00:00 AM,Stonegate-Queensway (16),NA,NA,0,0,Firearm Discharge,NA
GO-20251005231,5/15/2025 4:00:00 AM,Casa Loma (96),NA,NA,0,0,Firearm Discharge,NA
GO-20251007385,5/15/2025 4:00:00 AM,Bathurst Manor (34),NA,NA,0,0,Firearm Discharge,NA
GO-20251016150,5/16/2025 4:00:00 AM,Playter Estates-Danforth (67),NA,NA,0,0,Firearm Discharge,NA
GO-20251016964,5/16/2025 4:00:00 AM,Dorset Park (126),NA,NA,0,0,Firearm Discharge,NA
GO-20251012955,5/16/2025 4:00:00 AM,Morningside (135),NA,NA,0,1,Shooting,NA
GO-20251013536,5/16/2025 4:00:00 AM,Palmerston-Little Italy (80),NA,NA,0,0,Firearm Discharge,NA
GO-20251021550,5/17/2025 4:00:00 AM,Kensington-Chinatown (78),NA,NA,0,1,Shooting,NA
GO-20251028052,5/18/2025 4:00:00 AM,Junction-Wallace Emerson (171),NA,NA,0,1,Shooting,NA
GO-20251034553,5/18/2025 4:00:00 AM,Englemount-Lawrence (32),NA,NA,0,0,Firearm Discharge,NA
GO-20251042730,5/19/2025 4:00:00 AM,Dorset Park (126),NA,NA,0,0,Firearm Discharge,NA
GO-20251035766,5/19/2025 4:00:00 AM,Pelmo Park-Humberlea (23),NA,NA,1,0,Shooting,NA
GO-20251048488,5/20/2025 4:00:00 AM,Morningside Heights (144),NA,NA,0,0,Firearm Discharge,NA
GO-20251073530,5/24/2025 4:00:00 AM,Mount Olive-Silverstone-Jamestown (2),NA,NA,0,0,Firearm Discharge,NA
GO-20251079338,5/24/2025 4:00:00 AM,Glenfield-Jane Heights (25),NA,NA,0,1,Shooting,NA
GO-20251086694,5/26/2025 4:00:00 AM,Glenfield-Jane Heights (25),NA,NA,0,0,Firearm Discharge,NA
GO-20251094226,5/27/2025 4:00:00 AM,Agincourt North (129),NA,NA,0,0,Firearm Discharge,NA
GO-20251129356,5/31/2025 4:00:00 AM,Brookhaven-Amesbury (30),NA,NA,0,1,Shooting,NA
GO-20251126092,5/31/2025 4:00:00 AM,West Humber-Clairville (1),NA,NA,0,1,Shooting,NA
GO-20251154114,6/3/2025 4:00:00 AM,Englemount-Lawrence (32),NA,NA,1,5,Shooting,NA
GO-20251162845,6/4/2025 4:00:00 AM,Glenfield-Jane Heights (25),NA,NA,0,0,Firearm Discharge,NA
GO-20251155824,6/4/2025 4:00:00 AM,Little Portugal (84),NA,NA,0,0,Firearm Discharge,NA
GO-20251162348,6/4/2025 4:00:00 AM,Beechborough-Greenbrook (112),NA,NA,0,0,Firearm Discharge,NA
GO-20251186586,6/7/2025 4:00:00 AM,Mount Dennis (115),NA,NA,1,0,Shooting,NA
GO-20251188165,6/8/2025 4:00:00 AM,Glenfield-Jane Heights (25),NA,NA,0,0,Firearm Discharge,NA
GO-20251201148,6/9/2025 4:00:00 AM,Scarborough Village (139),NA,NA,1,0,Shooting,NA
GO-20251201764,6/9/2025 4:00:00 AM,Malvern West (145),NA,NA,0,0,Firearm Discharge,NA
GO-20251217712,6/11/2025 4:00:00 AM,Black Creek (24),NA,NA,0,0,Firearm Discharge,NA
GO-20251218734,6/12/2025 4:00:00 AM,South Parkdale (85),NA,NA,0,1,Shooting,NA
GO-20251441885,6/18/2025 4:00:00 AM,Downsview (155),NA,NA,0,0,Firearm Discharge,NA
GO-20251272243,6/19/2025 4:00:00 AM,Kensington-Chinatown (78),NA,NA,0,0,Firearm Discharge,NA
GO-20251272324,6/19/2025 4:00:00 AM,Stonegate-Queensway (16),NA,NA,0,0,Firearm Discharge,NA
GO-20251286504,6/20/2025 4:00:00 AM,Black Creek (24),NA,NA,0,0,Firearm Discharge,NA
GO-20251295176,6/22/2025 4:00:00 AM,Eglinton East (138),NA,NA,0,1,Shooting,NA
GO-20251295734,6/22/2025 4:00:00 AM,High Park North (88),NA,NA,0,1,Shooting,NA
GO-20251302798,6/23/2025 4:00:00 AM,Wellington Place (164),NA,NA,0,0,Firearm Discharge,NA
GO-20251316933,6/24/2025 4:00:00 AM,Morningside Heights (144),NA,NA,0,0,Firearm Discharge,NA
GO-20251315936,6/24/2025 4:00:00 AM,Mount Olive-Silverstone-Jamestown (2),NA,NA,0,0,Firearm Discharge,NA
GO-20251318427,6/24/2025 4:00:00 AM,Wellington Place (164),NA,NA,0,1,Shooting,NA
GO-20251315645,6/24/2025 4:00:00 AM,Danforth East York (59),NA,NA,0,1,Shooting,NA
GO-20251327739,6/25/2025 4:00:00 AM,Black Creek (24),NA,NA,0,1,Shooting,NA
GO-20251320180,6/25/2025 4:00:00 AM,High Park-Swansea (87),NA,NA,0,0,Firearm Discharge,NA
GO-20251328520,6/26/2025 4:00:00 AM,Flemingdon Park (44),NA,NA,0,2,Shooting,NA
GO-20251343540,6/28/2025 4:00:00 AM,Yorkdale-Glen Park (31),NA,NA,0,0,Firearm Discharge,NA
GO-20251350128,6/28/2025 4:00:00 AM,Little Portugal (84),NA,NA,0,0,Firearm Discharge,NA
GO-20251350882,6/29/2025 4:00:00 AM,Wexford/Maryvale (119),NA,NA,0,0,Firearm Discharge,NA
GO-20251351425,6/29/2025 4:00:00 AM,Alderwood (20),NA,NA,0,0,Firearm Discharge,NA
GO-20251358498,6/30/2025 4:00:00 AM,Milliken (130),NA,NA,0,0,Firearm Discharge,NA
GO-20251361180,6/30/2025 4:00:00 AM,Briar Hill-Belgravia (108),NA,NA,0,0,Firearm Discharge,NA
GO-20251372277,7/1/2025 4:00:00 AM,Ionview (125),NA,NA,0,0,Firearm Discharge,NA
GO-20251372323,7/1/2025 4:00:00 AM,Annex (95),NA,NA,0,0,Firearm Discharge,NA
GO-20251403734,7/6/2025 4:00:00 AM,Greenwood-Coxwell (65),NA,NA,0,0,Firearm Discharge,NA
GO-20251411183,7/7/2025 4:00:00 AM,Annex (95),NA,NA,0,0,Firearm Discharge,NA
GO-20251427569,7/9/2025 4:00:00 AM,Malvern West (145),NA,NA,0,0,Firearm Discharge,NA
GO-20251434502,7/10/2025 4:00:00 AM,Flemingdon Park (44),NA,NA,0,0,Firearm Discharge,NA
GO-20251454134,7/12/2025 4:00:00 AM,St.Andrew-Windfields (40),NA,NA,0,0,Firearm Discharge,NA
GO-20251456243,7/12/2025 4:00:00 AM,Malvern West (145),NA,NA,0,0,Firearm Discharge,NA
GO-20251462760,7/13/2025 4:00:00 AM,Glenfield-Jane Heights (25),NA,NA,0,1,Shooting,NA
GO-20251457937,7/13/2025 4:00:00 AM,Bathurst Manor (34),NA,NA,0,1,Shooting,NA
GO-20251476801,7/15/2025 4:00:00 AM,Elms-Old Rexdale (5),NA,NA,0,0,Firearm Discharge,NA
GO-20251474534,7/15/2025 4:00:00 AM,Eringate-Centennial-West Deane (11),NA,NA,0,1,Shooting,NA
GO-20251487856,7/17/2025 4:00:00 AM,Yorkdale-Glen Park (31),NA,NA,1,0,Shooting,NA
GO-20251493738,7/17/2025 4:00:00 AM,Tam O'Shanter-Sullivan (118),NA,NA,0,1,Shooting,NA
GO-20251502433,7/18/2025 4:00:00 AM,Wexford/Maryvale (119),NA,NA,0,0,Firearm Discharge,NA
GO-20251511808,7/20/2025 4:00:00 AM,Banbury-Don Mills (42),NA,NA,0,0,Firearm Discharge,NA
GO-20251525204,7/22/2025 4:00:00 AM,Weston-Pelham Park (91),NA,NA,1,0,Shooting,NA
GO-20251531855,7/22/2025 4:00:00 AM,Yorkdale-Glen Park (31),NA,NA,0,0,Firearm Discharge,NA
GO-20251556886,7/26/2025 4:00:00 AM,L'Amoreaux West (147),NA,NA,0,1,Shooting,NA
GO-20251570904,7/28/2025 4:00:00 AM,Corso Italia-Davenport (92),NA,NA,0,0,Firearm Discharge,NA
GO-20251594681,7/30/2025 4:00:00 AM,St Lawrence-East Bayfront-The Islands (166),NA,NA,0,0,Firearm Discharge,NA
GO-20251595272,7/31/2025 4:00:00 AM,Mount Olive-Silverstone-Jamestown (2),NA,NA,0,0,Firearm Discharge,NA
GO-20251616924,8/2/2025 4:00:00 AM,Wellington Place (164),NA,NA,1,0,Shooting,NA
GO-20251618170,8/3/2025 4:00:00 AM,Oakdale-Beverley Heights (154),NA,NA,0,0,Firearm Discharge,NA
GO-20251624529,8/4/2025 4:00:00 AM,Hillcrest Village (48),NA,NA,0,1,Shooting,NA
GO-20251625148,8/4/2025 4:00:00 AM,Regent Park (72),NA,NA,0,0,Firearm Discharge,NA
GO-20251638714,8/5/2025 4:00:00 AM,Henry Farm (53),NA,NA,0,0,Firearm Discharge,NA
GO-20251635824,8/5/2025 4:00:00 AM,Kennedy Park (124),NA,NA,0,1,Shooting,NA
GO-20251630670,8/5/2025 4:00:00 AM,Black Creek (24),NA,NA,0,1,Shooting,NA
GO-20251644231,8/6/2025 4:00:00 AM,Wexford/Maryvale (119),NA,NA,0,1,Shooting,NA
GO-20251642982,8/6/2025 4:00:00 AM,Downsview (155),NA,NA,0,1,Shooting,NA
GO-20251648180,8/7/2025 4:00:00 AM,Humbermede (22),NA,NA,0,0,Firearm Discharge,NA
GO-20251654692,8/7/2025 4:00:00 AM,West Humber-Clairville (1),NA,NA,0,0,Firearm Discharge,NA
GO-20251647728,8/7/2025 4:00:00 AM,Rockcliffe-Smythe (111),NA,NA,0,0,Firearm Discharge,NA
GO-20251658391,8/8/2025 4:00:00 AM,Thistletown-Beaumond Heights (3),NA,NA,0,0,Firearm Discharge,NA
GO-20251655720,8/8/2025 4:00:00 AM,West Queen West (162),NA,NA,0,2,Shooting,NA
GO-20251670780,8/10/2025 4:00:00 AM,Wexford/Maryvale (119),NA,NA,0,0,Firearm Discharge,NA
GO-20251671103,8/10/2025 4:00:00 AM,Trinity-Bellwoods (81),NA,NA,0,0,Firearm Discharge,NA
GO-20251677469,8/11/2025 4:00:00 AM,Etobicoke City Centre (159),NA,NA,0,0,Firearm Discharge,NA
GO-20251694598,8/14/2025 4:00:00 AM,West Humber-Clairville (1),NA,NA,0,0,Firearm Discharge,NA
GO-20251716637,8/15/2025 4:00:00 AM,West Hill (136),NA,NA,0,0,Firearm Discharge,NA
GO-20251717344,8/16/2025 4:00:00 AM,Brookhaven-Amesbury (30),NA,NA,1,0,Shooting,NA
GO-20251730935,8/18/2025 4:00:00 AM,Kennedy Park (124),NA,NA,0,1,Shooting,NA
GO-20251753454,8/21/2025 4:00:00 AM,Malvern West (145),NA,NA,0,0,Firearm Discharge,NA
GO-20251753157,8/21/2025 4:00:00 AM,Morningside Heights (144),NA,NA,0,0,Firearm Discharge,NA
GO-20251759918,8/21/2025 4:00:00 AM,West Hill (136),NA,NA,0,0,Firearm Discharge,NA
GO-20251756156,8/21/2025 4:00:00 AM,Bendale-Glen Andrew (156),NA,NA,1,0,Shooting,NA
GO-20251768506,8/23/2025 4:00:00 AM,Clairlea-Birchmount (120),NA,NA,0,0,Firearm Discharge,NA
GO-20251775598,8/24/2025 4:00:00 AM,Morningside Heights (144),NA,NA,0,1,Shooting,NA
GO-20251811140,8/28/2025 4:00:00 AM,Dorset Park (126),NA,NA,0,0,Firearm Discharge,NA
GO-20251830427,8/31/2025 4:00:00 AM,Bendale South (157),NA,NA,0,2,Shooting,NA
GO-20251837546,8/31/2025 4:00:00 AM,Humber Heights-Westmount (8),NA,NA,0,0,Firearm Discharge,NA
GO-20251850414,9/3/2025 4:00:00 AM,Keelesdale-Eglinton West (110),NA,NA,0,2,Shooting,NA
GO-20251864100,9/5/2025 4:00:00 AM,Banbury-Don Mills (42),NA,NA,0,1,Shooting,NA
GO-20251877667,9/7/2025 4:00:00 AM,East End-Danforth (62),NA,NA,0,0,Firearm Discharge,NA
GO-20251877934,9/7/2025 4:00:00 AM,Bendale-Glen Andrew (156),NA,NA,0,0,Firearm Discharge,NA
GO-20251884081,9/7/2025 4:00:00 AM,Woodbine-Lumsden (60),NA,NA,0,0,Firearm Discharge,NA
GO-20251895769,9/9/2025 4:00:00 AM,Oakridge (121),NA,NA,0,0,Firearm Discharge,NA
GO-20251899980,9/10/2025 4:00:00 AM,Eglinton East (138),NA,NA,0,0,Firearm Discharge,NA
GO-20251916603,9/12/2025 4:00:00 AM,Oakridge (121),NA,NA,0,0,Firearm Discharge,NA
GO-20251930701,9/13/2025 4:00:00 AM,Tam O'Shanter-Sullivan (118),NA,NA,1,0,Shooting,NA
GO-20251944810,9/15/2025 4:00:00 AM,West Hill (136),NA,NA,1,0,Shooting,NA
GO-20251945362,9/16/2025 4:00:00 AM,Black Creek (24),NA,NA,0,0,Firearm Discharge,NA
GO-20251960932,9/17/2025 4:00:00 AM,Eglinton East (138),NA,NA,0,1,Shooting,NA
GO-20251969030,9/19/2025 4:00:00 AM,Centennial Scarborough (133),NA,NA,0,1,Shooting,NA
GO-20251989352,9/21/2025 4:00:00 AM,New Toronto (18),NA,NA,0,0,Firearm Discharge,NA
GO-20252013206,9/24/2025 4:00:00 AM,Agincourt South-Malvern West (128),NA,NA,1,0,Shooting,NA
GO-20252021652,9/26/2025 4:00:00 AM,Harbourfront-CityPlace (165),NA,NA,0,0,Firearm Discharge,NA
GO-20252035509,9/27/2025 4:00:00 AM,Mount Olive-Silverstone-Jamestown (2),NA,NA,0,0,Firearm Discharge,NA
GO-20252050362,9/29/2025 4:00:00 AM,Rexdale-Kipling (4),NA,NA,0,2,Shooting,NA
GO-20252059077,9/30/2025 4:00:00 AM,North St.James Town (74),NA,NA,0,1,Shooting,NA
GO-20252059308,9/30/2025 4:00:00 AM,Downtown Yonge East (168),NA,NA,0,0,Firearm Discharge,NA
GO-20252097354,10/6/2025 4:00:00 AM,Englemount-Lawrence (32),NA,NA,0,0,Firearm Discharge,NA
GO-20252117020,10/8/2025 4:00:00 AM,Kennedy Park (124),NA,NA,0,0,Firearm Discharge,NA
GO-20252133630,10/10/2025 4:00:00 AM,Oakwood Village (107),NA,NA,0,1,Shooting,NA
GO-20252129362,10/10/2025 4:00:00 AM,Humber Summit (21),NA,NA,0,1,Shooting,NA
GO-20252153246,10/13/2025 4:00:00 AM,New Toronto (18),NA,NA,0,0,Firearm Discharge,NA
GO-20252178899,10/17/2025 4:00:00 AM,York University Heights (27),NA,NA,0,0,Firearm Discharge,NA
GO-20252193283,10/18/2025 4:00:00 AM,Yorkdale-Glen Park (31),NA,NA,0,0,Firearm Discharge,NA
GO-20252209703,10/20/2025 4:00:00 AM,West Humber-Clairville (1),NA,NA,0,0,Firearm Discharge,NA
GO-20252202050,10/20/2025 4:00:00 AM,Humber Summit (21),NA,NA,0,0,Firearm Discharge,NA
GO-20252208800,10/20/2025 4:00:00 AM,Glenfield-Jane Heights (25),NA,NA,0,1,Shooting,NA
GO-20252216187,10/21/2025 4:00:00 AM,Yorkdale-Glen Park (31),NA,NA,0,0,Firearm Discharge,NA
GO-20252233228,10/24/2025 4:00:00 AM,Englemount-Lawrence (32),NA,NA,0,0,Firearm Discharge,NA
GO-20252261805,10/28/2025 4:00:00 AM,West Humber-Clairville (1),NA,NA,0,1,Shooting,NA
GO-20252276126,10/29/2025 4:00:00 AM,Maple Leaf (29),NA,NA,0,0,Firearm Discharge,NA
GO-20252275615,10/29/2025 4:00:00 AM,Black Creek (24),NA,NA,0,1,Shooting,NA
GO-20252275949,10/29/2025 4:00:00 AM,Mount Olive-Silverstone-Jamestown (2),NA,NA,0,0,Firearm Discharge,NA
GO-20252317043,11/4/2025 5:00:00 AM,Old East York (58),NA,NA,0,0,Firearm Discharge,NA
GO-20252356164,11/9/2025 5:00:00 AM,Yonge-Bay Corridor (170),NA,NA,0,0,Firearm Discharge,NA
GO-20252355960,11/9/2025 5:00:00 AM,Weston (113),NA,NA,0,1,Shooting,NA
GO-20252356486,11/10/2025 5:00:00 AM,West Humber-Clairville (1),NA,NA,0,0,Firearm Discharge,NA
GO-20252356195,11/10/2025 5:00:00 AM,Flemingdon Park (44),NA,NA,0,1,Shooting,NA
GO-20252376967,11/12/2025 5:00:00 AM,Clanton Park (33),NA,NA,0,0,Firearm Discharge,NA
GO-20252370310,11/12/2025 5:00:00 AM,Oakdale-Beverley Heights (154),NA,NA,0,1,Shooting,NA
GO-20252374844,11/12/2025 5:00:00 AM,Elms-Old Rexdale (5),NA,NA,0,0,Firearm Discharge,NA
GO-20252419393,11/18/2025 5:00:00 AM,Malvern West (145),NA,NA,0,0,Firearm Discharge,NA
GO-20252434140,11/20/2025 5:00:00 AM,Downtown Yonge East (168),NA,NA,0,1,Shooting,NA
GO-20252442734,11/21/2025 5:00:00 AM,East Willowdale (152),NA,NA,0,0,Firearm Discharge,NA
GO-20252441410,11/21/2025 5:00:00 AM,Dorset Park (126),NA,NA,0,0,Firearm Discharge,NA
GO-20252443445,11/22/2025 5:00:00 AM,Woburn North (142),NA,NA,0,0,Firearm Discharge,NA
GO-20252450414,11/23/2025 5:00:00 AM,NSA,NA,NA,0,0,Firearm Discharge,NA
GO-20252462348,11/24/2025 5:00:00 AM,Woburn North (142),NA,NA,0,0,Firearm Discharge,NA
GO-20252463831,11/25/2025 5:00:00 AM,Wellington Place (164),NA,NA,1,1,Shooting,NA
GO-20252481305,11/27/2025 5:00:00 AM,West Humber-Clairville (1),NA,NA,0,0,Firearm Discharge,NA
GO-20252532455,11/27/2025 5:00:00 AM,Clairlea-Birchmount (120),NA,NA,0,0,Firearm Discharge,NA
GO-20252531840,12/4/2025 5:00:00 AM,O'Connor-Parkview (54),NA,NA,0,0,Firearm Discharge,NA
GO-20252538552,12/5/2025 5:00:00 AM,Parkwoods-O'Connor Hills (149),NA,NA,0,0,Firearm Discharge,NA
GO-20252539910,12/5/2025 5:00:00 AM,High Park-Swansea (87),NA,NA,0,0,Firearm Discharge,NA
GO-20252546257,12/6/2025 5:00:00 AM,West Humber-Clairville (1),NA,NA,0,1,Shooting,NA
GO-20252546343,12/6/2025 5:00:00 AM,Golfdale-Cedarbrae-Woburn (141),NA,NA,0,0,Firearm Discharge,NA
GO-20252596534,12/13/2025 5:00:00 AM,Englemount-Lawrence (32),NA,NA,0,1,Shooting,NA
GO-20252610395,12/14/2025 5:00:00 AM,Black Creek (24),NA,NA,0,0,Firearm Discharge,NA
GO-20252605012,12/14/2025 5:00:00 AM,Humber Summit (21),NA,NA,0,1,Shooting,NA
GO-20252625505,12/16/2025 5:00:00 AM,Glenfield-Jane Heights (25),NA,NA,0,0,Firearm Discharge,NA
GO-20252647746,12/18/2025 5:00:00 AM,Agincourt North (129),NA,NA,0,0,Firearm Discharge,NA
GO-20252649167,12/19/2025 5:00:00 AM,Wexford/Maryvale (119),NA,NA,0,0,Firearm Discharge,NA
GO-20252644244,12/19/2025 5:00:00 AM,Yorkdale-Glen Park (31),NA,NA,0,0,Firearm Discharge,NA
GO-20252655382,12/20/2025 5:00:00 AM,Humewood-Cedarvale (106),NA,NA,0,0,Firearm Discharge,NA
GO-20252657655,12/21/2025 5:00:00 AM,Wexford/Maryvale (119),NA,NA,0,0,Firearm Discharge,NA
GO-20252663358,12/22/2025 5:00:00 AM,Kensington-Chinatown (78),NA,NA,0,1,Shooting,NA
GO-20252664623,12/22/2025 5:00:00 AM,Morningside (135),NA,NA,0,0,Firearm Discharge,NA
GO-20252674577,12/23/2025 5:00:00 AM,Highland Creek (134),NA,NA,1,0,Shooting,NA
GO-20252684481,12/25/2025 5:00:00 AM,Wexford/Maryvale (119),NA,NA,0,0,Firearm Discharge,NA
GO-20252684532,12/25/2025 5:00:00 AM,Bridle Path-Sunnybrook-York Mills (41),NA,NA,0,1,Shooting,NA
GO-20252714310,12/29/2025 5:00:00 AM,York University Heights (27),NA,NA,0,1,Shooting,NA
