neighbourhood_158,occ_year,total_collisions,fatalities,injury_collisions,pd_collisions,ftr_collisions,pedestrian_collisions,bicycle_collisions,motorcycle_collisions,automobile_collisions,safety_index,safety_rank,safety_category
Lambton Baby Point (114),2014,31,0,5,15,12,1,1,0,31,100.0,1,Very Safe
Caledonia-Fairbank (109),2014,80,0,5,55,22,3,1,1,80,97.1,2,Very Safe
Guildwood (140),2014,81,0,14,58,10,0,0,1,81,97.0,3,Very Safe
Long Branch (19),2014,81,0,14,51,17,4,1,1,80,96.0,4,Very Safe
Etobicoke West Mall (13),2014,101,0,15,68,18,2,0,0,101,95.6,5,Very Safe
Blake-Jones (69),2014,84,0,13,50,22,7,6,0,82,95.0,6,Very Safe
Humewood-Cedarvale (106),2014,101,0,19,66,18,3,2,2,101,94.4,7,Very Safe
Taylor-Massey (61),2014,94,0,20,55,19,6,2,0,94,94.4,7,Very Safe
Broadview North (57),2014,125,0,19,93,13,2,2,1,124,93.9,9,Very Safe
Centennial Scarborough (133),2014,106,0,22,70,15,4,2,1,106,93.9,9,Very Safe
Markland Wood (12),2014,122,0,21,87,17,2,1,0,122,93.7,11,Very Safe
Woodbine-Lumsden (60),2014,119,0,18,88,15,3,5,0,119,93.7,11,Very Safe
Henry Farm (53),2014,141,0,8,91,42,3,0,0,141,93.6,13,Very Safe
New Toronto (18),2014,121,0,17,78,28,4,3,0,121,93.4,14,Very Safe
Avondale (153),2014,142,1,10,101,30,4,1,0,142,93.2,15,Very Safe
Playter Estates-Danforth (67),2014,116,0,18,77,23,3,6,2,116,93.1,16,Very Safe
Princess-Rosethorn (10),2014,128,0,19,91,19,5,3,0,125,93.1,16,Very Safe
Willowdale West (37),2014,134,0,17,91,27,3,2,2,133,92.9,18,Very Safe
Woodbine Corridor (64),2014,137,0,15,90,33,6,4,1,135,92.3,19,Very Safe
Alderwood (20),2014,128,0,29,86,13,5,2,1,128,92.1,20,Very Safe
Maple Leaf (29),2014,138,0,27,97,16,3,2,0,137,92.1,20,Very Safe
Edenbridge-Humber Valley (9),2014,146,0,21,101,25,4,3,0,146,92.0,22,Very Safe
Weston-Pelham Park (91),2014,138,0,21,86,34,4,5,0,136,91.6,23,Very Safe
North St.James Town (74),2014,121,0,25,75,22,8,9,2,120,91.1,24,Very Safe
Elms-Old Rexdale (5),2014,133,0,27,75,33,5,1,4,130,91.0,25,Very Safe
Morningside (135),2014,166,0,24,111,33,3,0,0,164,90.9,26,Very Safe
Danforth (66),2014,161,0,19,106,38,3,5,2,159,90.6,27,Very Safe
Highland Creek (134),2014,179,0,23,132,24,3,2,1,178,90.5,28,Very Safe
Eringate-Centennial-West Deane (11),2014,167,1,22,112,33,3,1,2,166,90.4,29,Very Safe
South Eglinton-Davisville (174),2014,172,0,15,121,38,8,3,2,172,90.3,30,Very Safe
Rexdale-Kipling (4),2014,166,1,25,120,20,7,3,0,165,90.1,31,Very Safe
Yonge-St.Clair (97),2014,195,1,16,153,25,4,3,1,195,90.1,31,Very Safe
Westminster-Branson (35),2014,134,1,30,76,27,11,3,1,133,89.9,33,Very Safe
Pelmo Park-Humberlea (23),2014,176,0,27,114,36,5,0,1,176,89.6,34,Very Safe
Bayview Woods-Steeles (49),2014,187,0,26,135,26,5,3,0,185,89.5,35,Very Safe
Danforth East York (59),2014,172,0,21,122,30,6,8,2,168,89.5,35,Very Safe
Humbermede (22),2014,172,0,24,100,52,3,1,1,171,89.5,35,Very Safe
Forest Hill South (101),2014,198,0,19,142,37,7,3,0,195,89.2,38,Very Safe
Scarborough Village (139),2014,165,1,26,105,35,8,3,1,164,89.1,39,Very Safe
Fenside-Parkwoods (150),2014,208,0,22,159,31,5,1,1,207,88.9,40,Very Safe
Pleasant View (46),2014,196,0,26,144,27,6,3,1,195,88.8,41,Very Safe
Regent Park (72),2014,164,1,23,113,28,7,10,3,162,88.8,41,Very Safe
Victoria Village (43),2014,182,0,32,127,24,7,2,1,178,88.7,43,Very Safe
Kingsway South (15),2014,184,1,27,128,28,6,2,3,182,88.6,44,Very Safe
Humber Heights-Westmount (8),2014,169,0,37,104,30,5,3,1,167,88.5,45,Very Safe
Humber Bay Shores (161),2014,183,0,31,134,20,7,4,3,180,88.4,46,Very Safe
O'Connor-Parkview (54),2014,188,1,24,136,29,6,6,2,186,88.3,47,Very Safe
Little Portugal (84),2014,174,0,28,108,41,5,8,2,171,88.1,48,Very Safe
Oakridge (121),2014,201,0,28,143,31,8,2,3,200,87.8,49,Very Safe
Oakwood Village (107),2014,188,0,30,127,32,9,4,2,186,87.8,49,Very Safe
Cliffcrest (123),2014,203,0,22,136,47,8,3,2,201,87.7,51,Very Safe
Beechborough-Greenbrook (112),2014,223,0,29,156,39,6,1,1,222,87.0,52,Very Safe
Mount Dennis (115),2014,180,0,37,115,31,12,7,1,178,86.5,53,Very Safe
Greenwood-Coxwell (65),2014,202,0,35,139,29,7,8,3,198,86.3,54,Very Safe
Wychwood (94),2014,190,0,30,126,35,9,12,5,186,86.2,55,Very Safe
Briar Hill-Belgravia (108),2014,219,1,29,148,42,8,3,2,216,86.0,56,Very Safe
West Queen West (162),2014,188,0,30,123,38,10,13,3,184,86.0,56,Very Safe
Runnymede-Bloor West Village (89),2014,217,0,29,141,50,11,2,2,217,85.8,58,Very Safe
Englemount-Lawrence (32),2014,223,0,30,154,41,8,6,2,221,85.7,59,Very Safe
Thistletown-Beaumond Heights (3),2014,218,0,41,141,39,8,1,0,217,85.5,60,Very Safe
West Rouge (143),2014,228,0,39,151,38,5,3,2,226,85.4,61,Very Safe
Yonge-Eglinton (100),2014,244,0,29,170,48,8,2,0,244,85.4,61,Very Safe
Keelesdale-Eglinton West (110),2014,197,0,36,122,44,13,4,3,196,85.3,63,Very Safe
Bendale South (157),2014,239,0,36,170,36,8,3,2,239,84.9,64,Very Safe
Kennedy Park (124),2014,213,0,33,137,51,10,5,3,210,84.9,64,Very Safe
Cabbagetown-South St.James Town (71),2014,235,0,30,162,45,3,14,1,234,84.8,66,Very Safe
Lawrence Park South (103),2014,246,0,29,171,47,12,4,1,245,84.6,67,Very Safe
Lansing-Westgate (38),2014,258,0,36,189,33,9,0,3,256,84.4,68,Very Safe
Weston (113),2014,243,0,32,157,59,9,1,1,241,84.4,68,Very Safe
North Toronto (173),2014,244,0,29,175,42,15,3,3,240,84.3,70,Very Safe
Willowridge-Martingrove-Richview (7),2014,269,0,35,183,53,3,2,2,269,83.8,71,Very Safe
Ionview (125),2014,233,1,38,155,41,12,3,3,231,83.7,72,Very Safe
Bridle Path-Sunnybrook-York Mills (41),2014,299,0,30,226,45,4,4,1,297,83.3,73,Very Safe
North Riverdale (68),2014,230,1,36,148,46,13,5,6,229,83.1,74,Very Safe
Yonge-Doris (151),2014,273,0,40,196,41,9,1,0,271,83.0,75,Very Safe
Rustic (28),2014,276,0,45,203,31,9,0,0,276,82.9,76,Very Safe
Fort York-Liberty Village (163),2014,272,0,33,196,46,6,9,3,265,82.8,77,Very Safe
Lawrence Park North (105),2014,300,0,25,211,68,8,2,0,300,82.7,78,Very Safe
Clanton Park (33),2014,249,0,46,160,48,10,3,1,249,82.5,79,Very Safe
Birchcliffe-Cliffside (122),2014,278,0,35,196,50,13,3,4,277,81.9,80,Very Safe
Mimico-Queensway (160),2014,263,0,47,183,38,10,5,1,261,81.9,80,Very Safe
Thorncliffe Park (55),2014,318,0,22,221,77,10,3,1,317,81.5,82,Very Safe
Bay-Cloverhill (169),2014,252,0,38,179,38,7,24,3,249,81.3,83,Very Safe
Brookhaven-Amesbury (30),2014,293,0,37,189,68,9,1,2,290,81.3,83,Very Safe
Dufferin Grove (83),2014,240,0,42,138,61,8,18,3,239,81.1,85,Very Safe
Parkwoods-O'Connor Hills (149),2014,308,0,43,221,48,8,1,2,307,80.8,86,Very Safe
Rockcliffe-Smythe (111),2014,307,0,46,223,39,9,1,2,306,80.8,86,Very Safe
East Willowdale (152),2014,284,0,46,201,39,17,2,1,283,80.7,88,Very Safe
Kingsview Village-The Westway (6),2014,272,0,51,168,58,7,5,1,269,80.6,89,Very Safe
Mount Pleasant East (99),2014,339,0,32,254,55,8,3,5,337,80.0,90,Safe
Palmerston-Little Italy (80),2014,225,0,45,131,55,9,31,2,225,79.7,91,Safe
Church-Wellesley (167),2014,285,0,41,200,47,19,12,5,282,78.9,92,Safe
L'Amoreaux West (147),2014,327,0,50,232,45,12,3,2,327,78.6,93,Safe
East L'Amoreaux (148),2014,313,0,57,217,40,12,5,0,310,78.5,94,Safe
High Park North (88),2014,303,2,47,209,46,10,10,3,299,78.4,95,Safe
The Beaches (63),2014,317,0,37,209,73,13,7,7,317,78.2,96,Safe
Islington (158),2014,345,0,51,247,48,11,1,1,344,78.1,97,Safe
Roncesvalles (86),2014,295,0,47,191,62,7,19,4,291,77.8,98,Safe
Forest Hill North (102),2014,349,0,49,260,41,12,5,2,346,77.7,99,Safe
Corso Italia-Davenport (92),2014,327,1,44,213,72,12,6,4,326,77.1,100,Safe
University (79),2014,280,0,49,176,57,7,29,8,276,76.7,101,Safe
High Park-Swansea (87),2014,351,0,48,229,75,7,5,5,349,76.6,102,Safe
Black Creek (24),2014,332,1,55,215,65,18,3,0,330,75.9,103,Safe
Casa Loma (96),2014,344,0,52,242,53,10,15,3,340,75.8,104,Safe
Junction-Wallace Emerson (171),2014,309,0,49,185,81,9,19,8,306,75.3,105,Safe
Eglinton East (138),2014,352,1,60,225,68,11,1,3,350,75.1,106,Safe
Malvern West (145),2014,353,1,64,237,52,14,2,1,351,75.1,106,Safe
Old East York (58),2014,409,2,47,332,31,13,2,3,407,75.1,106,Safe
Downsview (155),2014,354,0,59,232,72,11,1,4,347,75.0,109,Safe
Mount Olive-Silverstone-Jamestown (2),2014,328,0,66,185,79,15,4,3,327,74.4,110,Safe
Flemingdon Park (44),2014,359,0,63,250,49,15,7,3,356,74.3,111,Safe
Steeles (116),2014,410,1,59,291,60,9,3,0,410,73.6,112,Safe
East End-Danforth (62),2014,368,0,52,248,71,12,15,9,363,73.0,113,Safe
West Hill (136),2014,386,0,60,268,60,21,6,0,384,72.9,114,Safe
Dovercourt Village (172),2014,356,0,70,256,36,20,20,6,353,71.4,115,Safe
Hillcrest Village (48),2014,460,1,52,334,75,17,1,0,457,70.9,116,Safe
Oakdale-Beverley Heights (154),2014,403,0,70,254,87,16,2,0,400,70.7,117,Safe
Morningside Heights (144),2014,467,0,67,335,70,7,1,2,465,70.2,118,Safe
Bayview Village (52),2014,502,0,40,354,109,11,4,1,500,69.9,119,Safe
Bathurst Manor (34),2014,454,0,67,322,68,14,5,2,451,69.5,120,Safe
Leaside-Bennington (56),2014,484,1,56,366,63,16,7,5,481,68.7,121,Safe
Newtonbrook West (36),2014,423,1,83,277,62,21,6,0,419,68.1,122,Safe
Stonegate-Queensway (16),2014,471,0,68,344,66,16,9,3,468,67.7,123,Safe
Trinity-Bellwoods (81),2014,361,1,65,222,82,17,35,7,354,67.7,123,Safe
Malvern East (146),2014,460,1,67,315,80,19,8,4,458,67.1,125,Safe
Tam O'Shanter-Sullivan (118),2014,487,1,66,331,89,14,7,4,483,66.6,126,Safe
Newtonbrook East (50),2014,462,1,89,318,59,18,4,3,460,65.8,127,Safe
Agincourt North (129),2014,510,0,77,364,71,15,5,2,507,65.7,128,Safe
Junction Area (90),2014,501,2,64,353,86,9,16,2,501,65.6,129,Safe
Glenfield-Jane Heights (25),2014,457,0,81,279,104,18,7,2,452,65.2,130,Safe
Harbourfront-CityPlace (165),2014,571,0,65,423,89,14,9,4,564,63.1,131,Safe
Golfdale-Cedarbrae-Woburn (141),2014,509,0,90,315,107,19,9,7,504,60.9,132,Safe
Bendale-Glen Andrew (156),2014,582,0,72,372,141,14,4,0,581,60.8,133,Safe
Humber Summit (21),2014,566,0,85,380,105,14,7,2,561,60.7,134,Safe
Rosedale-Moore Park (98),2014,590,0,65,420,108,20,14,4,587,60.2,135,Safe
Don Valley Village (47),2014,603,1,70,408,126,14,3,6,595,59.9,136,Moderate
Bedford Park-Nortown (39),2014,612,0,85,448,84,20,3,3,606,59.2,137,Moderate
St.Andrew-Windfields (40),2014,682,0,75,529,83,7,3,4,675,59.1,138,Moderate
Moss Park (73),2014,503,0,95,337,77,33,28,7,498,57.5,139,Moderate
Downtown Yonge East (168),2014,530,1,71,348,118,32,33,10,518,56.3,140,Moderate
South Parkdale (85),2014,638,2,79,477,85,23,9,8,631,56.3,140,Moderate
St Lawrence-East Bayfront-The Islands (166),2014,692,0,79,496,124,23,8,7,688,53.3,142,Moderate
Clairlea-Birchmount (120),2014,696,3,101,493,105,18,8,5,692,51.0,143,Moderate
Kensington-Chinatown (78),2014,582,2,86,360,144,40,35,9,575,49.6,144,Moderate
South Riverdale (70),2014,709,0,83,496,135,22,23,14,696,49.1,145,Moderate
Wellington Place (164),2014,641,0,86,427,139,30,34,11,634,49.1,145,Moderate
Woburn North (142),2014,751,2,103,522,128,14,6,2,749,49.1,145,Moderate
Banbury-Don Mills (42),2014,850,1,92,656,104,11,2,7,848,48.0,148,Moderate
Dorset Park (126),2014,799,0,112,572,122,14,4,4,794,46.8,149,Moderate
Agincourt South-Malvern West (128),2014,832,1,104,600,131,24,4,5,827,44.4,150,Moderate
Yonge-Bay Corridor (170),2014,750,0,110,532,117,30,36,13,739,42.0,151,Moderate
Milliken (130),2014,909,0,124,631,156,21,13,6,903,37.1,152,Risky
Etobicoke City Centre (159),2014,918,0,123,595,208,21,5,3,915,35.8,153,Risky
Annex (95),2014,861,0,116,583,167,40,41,7,859,33.5,154,Risky
Yorkdale-Glen Park (31),2014,945,1,100,565,285,24,8,5,938,33.1,155,Risky
York University Heights (27),2014,1104,0,157,759,196,28,5,6,1100,23.0,156,Risky
West Humber-Clairville (1),2014,1222,2,184,789,261,29,7,5,1210,10.6,157,Very Risky
Wexford/Maryvale (119),2014,1425,2,203,1016,210,39,13,6,1418,0.0,158,Very Risky
Lambton Baby Point (114),2015,25,0,3,14,10,2,0,0,25,100.0,1,Very Safe
Humewood-Cedarvale (106),2015,106,1,7,78,22,3,0,1,105,95.6,2,Very Safe
Willowdale West (37),2015,130,0,6,99,28,1,2,0,128,95.0,3,Very Safe
Centennial Scarborough (133),2015,109,0,16,75,21,1,1,1,108,94.9,4,Very Safe
Markland Wood (12),2015,108,0,16,79,18,4,0,0,107,94.9,4,Very Safe
Blake-Jones (69),2015,87,0,18,49,23,7,3,0,87,94.7,6,Very Safe
Caledonia-Fairbank (109),2015,93,1,14,54,26,4,2,2,92,94.7,6,Very Safe
Woodbine-Lumsden (60),2015,100,0,19,66,16,5,1,1,100,94.7,6,Very Safe
Guildwood (140),2015,99,0,20,60,21,6,2,1,98,94.2,9,Very Safe
Avondale (153),2015,143,0,11,104,31,1,0,1,141,94.0,10,Very Safe
Princess-Rosethorn (10),2015,129,0,19,93,20,3,1,0,129,93.8,11,Very Safe
Maple Leaf (29),2015,122,1,21,82,18,4,1,1,122,93.4,12,Very Safe
Taylor-Massey (61),2015,110,0,17,61,35,7,3,1,107,93.4,12,Very Safe
Woodbine Corridor (64),2015,116,0,14,82,27,7,4,2,116,93.4,12,Very Safe
Henry Farm (53),2015,167,0,13,117,38,3,1,0,165,92.4,15,Very Safe
Broadview North (57),2015,157,0,18,118,25,3,2,2,156,92.3,16,Very Safe
South Eglinton-Davisville (174),2015,166,0,11,117,40,4,1,3,163,92.2,17,Very Safe
Alderwood (20),2015,156,0,22,112,27,4,0,0,156,92.1,18,Very Safe
Edenbridge-Humber Valley (9),2015,149,0,25,102,22,4,2,2,148,92.0,19,Very Safe
Long Branch (19),2015,115,0,30,67,22,5,6,3,115,91.9,20,Very Safe
Playter Estates-Danforth (67),2015,122,0,24,75,27,8,6,4,122,91.6,21,Very Safe
Etobicoke West Mall (13),2015,144,1,23,92,33,4,3,1,143,91.5,22,Very Safe
Westminster-Branson (35),2015,139,1,22,83,37,8,1,1,139,91.4,23,Very Safe
North St.James Town (74),2015,151,0,24,104,31,7,8,0,150,90.6,24,Very Safe
Victoria Village (43),2015,194,0,19,144,36,3,1,2,191,90.5,25,Very Safe
Eringate-Centennial-West Deane (11),2015,174,0,25,114,40,4,2,0,174,90.4,26,Very Safe
Weston-Pelham Park (91),2015,143,0,26,81,40,8,8,1,143,90.3,27,Very Safe
North Toronto (173),2015,200,0,19,163,20,11,3,0,199,90.1,28,Very Safe
New Toronto (18),2015,133,0,31,75,34,9,7,3,133,90.0,29,Very Safe
Kingsway South (15),2015,185,0,28,128,32,6,2,2,183,89.6,30,Very Safe
Danforth (66),2015,180,0,19,118,48,5,10,2,177,89.4,31,Very Safe
Humbermede (22),2015,179,0,23,114,50,10,0,1,179,89.4,31,Very Safe
Forest Hill South (101),2015,190,0,29,136,31,7,0,3,187,89.2,33,Very Safe
O'Connor-Parkview (54),2015,196,0,26,130,43,6,0,2,195,89.2,33,Very Safe
Pleasant View (46),2015,210,0,28,153,29,4,3,0,209,89.2,33,Very Safe
Regent Park (72),2015,162,0,34,104,27,9,8,2,160,89.0,36,Very Safe
Elms-Old Rexdale (5),2015,165,0,38,88,41,9,3,0,161,88.7,37,Very Safe
Wychwood (94),2015,205,1,21,146,43,6,4,2,204,88.6,38,Very Safe
Humber Heights-Westmount (8),2015,190,0,43,128,20,4,3,1,188,88.5,39,Very Safe
Englemount-Lawrence (32),2015,210,0,29,146,39,7,1,2,207,88.3,40,Very Safe
Yonge-St.Clair (97),2015,219,0,27,161,34,7,1,3,216,88.3,40,Very Safe
Bayview Woods-Steeles (49),2015,226,0,36,174,19,1,5,0,226,88.1,42,Very Safe
Morningside (135),2015,216,0,33,141,44,5,1,1,216,87.8,43,Very Safe
Rexdale-Kipling (4),2015,204,0,34,138,39,10,2,0,203,87.6,44,Very Safe
Runnymede-Bloor West Village (89),2015,209,0,29,139,43,12,3,1,209,87.6,44,Very Safe
Danforth East York (59),2015,185,1,41,112,34,8,3,4,182,87.2,46,Very Safe
Little Portugal (84),2015,186,0,29,119,42,7,17,3,186,87.2,46,Very Safe
Beechborough-Greenbrook (112),2015,241,0,34,177,34,5,0,2,240,87.1,48,Very Safe
Pelmo Park-Humberlea (23),2015,229,0,34,157,46,2,3,1,229,87.1,48,Very Safe
Scarborough Village (139),2015,205,1,40,128,42,11,3,1,204,86.2,50,Very Safe
West Rouge (143),2015,254,1,27,182,48,7,3,0,252,86.2,50,Very Safe
Lawrence Park South (103),2015,225,2,30,151,44,9,7,1,224,86.1,52,Very Safe
Cliffcrest (123),2015,227,1,37,161,34,7,5,4,226,85.9,53,Very Safe
Kennedy Park (124),2015,223,0,45,152,30,9,3,4,222,85.7,54,Very Safe
Ionview (125),2015,255,0,39,175,44,4,2,2,255,85.6,55,Very Safe
Greenwood-Coxwell (65),2015,199,1,40,115,50,9,10,1,199,85.5,56,Very Safe
Mount Dennis (115),2015,187,0,52,106,38,10,6,3,185,85.4,57,Very Safe
Bendale South (157),2015,246,0,46,174,33,4,5,1,246,85.2,58,Very Safe
Highland Creek (134),2015,223,0,53,138,34,6,5,2,221,85.1,59,Very Safe
Bay-Cloverhill (169),2015,235,0,35,163,41,6,19,3,229,84.6,60,Very Safe
East Willowdale (152),2015,265,0,45,187,41,6,2,1,262,84.4,61,Very Safe
Keelesdale-Eglinton West (110),2015,232,1,41,137,60,14,1,1,231,84.3,62,Very Safe
Yonge-Doris (151),2015,283,1,33,212,42,9,2,2,282,84.3,62,Very Safe
Lawrence Park North (105),2015,282,0,37,190,58,10,2,1,282,83.8,64,Very Safe
Oakwood Village (107),2015,241,0,43,156,55,11,4,3,240,83.8,64,Very Safe
Oakridge (121),2015,248,0,46,159,52,6,6,5,247,83.6,66,Very Safe
Yonge-Eglinton (100),2015,278,0,39,192,55,5,6,2,274,83.6,66,Very Safe
Fenside-Parkwoods (150),2015,272,0,48,180,49,11,0,1,270,83.3,68,Very Safe
Thistletown-Beaumond Heights (3),2015,243,0,59,143,47,8,4,0,242,83.2,69,Very Safe
Cabbagetown-South St.James Town (71),2015,247,1,43,160,46,6,11,9,242,83.1,70,Very Safe
Clanton Park (33),2015,284,1,38,185,65,7,4,1,282,83.0,71,Very Safe
Forest Hill North (102),2015,317,1,35,245,41,7,2,3,314,83.0,71,Very Safe
Palmerston-Little Italy (80),2015,214,0,42,131,47,9,23,10,210,82.8,73,Very Safe
Bridle Path-Sunnybrook-York Mills (41),2015,292,1,42,204,52,7,2,3,290,82.7,74,Very Safe
Willowridge-Martingrove-Richview (7),2015,270,2,46,189,39,7,6,4,269,82.7,74,Very Safe
Kingsview Village-The Westway (6),2015,287,0,48,196,51,5,5,1,287,82.6,76,Very Safe
Briar Hill-Belgravia (108),2015,286,0,50,188,55,8,4,1,285,82.1,77,Very Safe
Dovercourt Village (172),2015,305,1,30,233,46,11,14,6,305,81.7,78,Very Safe
Dufferin Grove (83),2015,263,1,39,171,65,12,13,2,260,81.7,78,Very Safe
Rustic (28),2015,317,1,53,235,34,6,2,2,317,81.5,80,Very Safe
North Riverdale (68),2015,258,2,47,171,44,17,14,0,257,81.3,81,Very Safe
Brookhaven-Amesbury (30),2015,307,1,44,200,68,9,3,1,304,81.2,82,Very Safe
Parkwoods-O'Connor Hills (149),2015,346,0,49,262,37,7,0,3,342,81.2,82,Very Safe
West Queen West (162),2015,235,0,51,143,46,16,21,4,232,81.2,82,Very Safe
Weston (113),2015,265,0,60,161,52,17,2,2,265,81.0,85,Very Safe
Church-Wellesley (167),2015,280,0,38,183,67,14,16,5,278,80.8,86,Very Safe
East L'Amoreaux (148),2015,324,0,58,228,42,7,1,3,322,80.7,87,Very Safe
Humber Bay Shores (161),2015,307,1,53,218,49,9,3,2,306,80.5,88,Very Safe
Casa Loma (96),2015,358,0,38,272,53,6,10,2,358,80.4,89,Very Safe
Thorncliffe Park (55),2015,348,0,33,233,87,11,3,1,345,80.4,89,Very Safe
Fort York-Liberty Village (163),2015,332,1,40,242,60,6,6,7,329,80.2,91,Very Safe
Lansing-Westgate (38),2015,326,0,51,223,55,16,2,3,323,79.8,92,Safe
The Beaches (63),2015,341,0,44,239,62,4,11,5,339,79.8,92,Safe
University (79),2015,272,0,50,171,59,15,22,5,268,79.3,94,Safe
Mount Pleasant East (99),2015,363,0,48,270,49,11,5,5,361,79.0,95,Safe
Birchcliffe-Cliffside (122),2015,342,0,53,240,55,6,9,6,337,78.9,96,Safe
High Park North (88),2015,345,1,48,239,62,12,10,2,344,78.4,97,Safe
L'Amoreaux West (147),2015,365,0,67,261,42,12,2,2,365,77.6,98,Safe
Malvern West (145),2015,343,1,65,222,63,11,3,0,342,77.6,98,Safe
Mimico-Queensway (160),2015,355,1,63,245,58,8,2,2,354,77.6,98,Safe
Rockcliffe-Smythe (111),2015,379,0,65,255,67,10,2,0,379,76.7,101,Safe
High Park-Swansea (87),2015,386,1,49,262,82,8,11,6,381,75.9,102,Safe
Corso Italia-Davenport (92),2015,358,0,65,226,74,13,10,2,356,75.8,103,Safe
Islington (158),2015,384,1,64,252,76,13,4,1,382,75.2,104,Safe
East End-Danforth (62),2015,388,0,61,270,71,18,5,3,386,74.9,105,Safe
Junction-Wallace Emerson (171),2015,354,0,66,220,71,14,24,3,352,74.3,106,Safe
Roncesvalles (86),2015,360,0,55,236,78,19,17,10,354,74.3,106,Safe
Mount Olive-Silverstone-Jamestown (2),2015,363,0,71,219,87,18,5,3,361,74.1,108,Safe
Black Creek (24),2015,395,1,60,247,103,13,7,1,395,73.7,109,Safe
Eglinton East (138),2015,385,1,76,240,76,15,5,2,383,73.5,110,Safe
Hillcrest Village (48),2015,482,0,60,349,77,16,2,1,480,72.4,111,Safe
Trinity-Bellwoods (81),2015,345,0,63,211,81,18,36,5,339,72.4,111,Safe
Flemingdon Park (44),2015,477,0,71,365,51,13,4,1,477,72.3,113,Safe
Steeles (116),2015,397,0,91,258,52,17,8,1,395,72.3,113,Safe
Leaside-Bennington (56),2015,535,0,59,410,70,4,4,4,533,71.6,115,Safe
Downsview (155),2015,442,1,72,286,98,11,3,4,441,71.2,116,Safe
Oakdale-Beverley Heights (154),2015,432,1,77,268,95,15,3,1,431,71.2,116,Safe
Malvern East (146),2015,458,0,76,301,92,12,5,5,456,70.4,118,Safe
Bayview Village (52),2015,511,0,71,355,87,11,3,1,507,70.3,119,Safe
Glenfield-Jane Heights (25),2015,443,0,73,273,115,16,5,3,440,70.0,120,Safe
Newtonbrook West (36),2015,441,1,75,287,90,18,7,6,437,69.9,121,Safe
Stonegate-Queensway (16),2015,514,1,62,363,97,9,7,2,509,69.9,121,Safe
Newtonbrook East (50),2015,502,0,77,360,72,16,3,2,500,69.7,123,Safe
West Hill (136),2015,466,0,81,306,89,15,4,4,462,69.6,124,Safe
Golfdale-Cedarbrae-Woburn (141),2015,504,0,86,335,93,12,4,2,503,68.1,125,Safe
Old East York (58),2015,558,1,87,428,44,9,6,5,556,67.5,126,Safe
Tam O'Shanter-Sullivan (118),2015,531,0,81,359,96,14,6,7,527,66.7,127,Safe
Bathurst Manor (34),2015,559,1,91,394,75,8,5,1,558,66.5,128,Safe
Morningside Heights (144),2015,539,1,87,366,99,8,4,3,535,66.3,129,Safe
Agincourt North (129),2015,561,1,94,392,85,24,5,1,556,63.7,130,Safe
Rosedale-Moore Park (98),2015,634,1,77,471,89,16,20,4,628,61.9,131,Safe
Moss Park (73),2015,514,2,93,350,89,27,27,7,510,61.3,132,Safe
Don Valley Village (47),2015,659,0,88,452,127,13,3,3,655,60.8,133,Safe
Junction Area (90),2015,603,0,85,414,116,19,24,4,601,60.4,134,Safe
Bedford Park-Nortown (39),2015,648,2,97,466,88,20,6,4,648,59.9,135,Moderate
Humber Summit (21),2015,656,1,89,430,152,16,3,0,654,59.3,136,Moderate
St.Andrew-Windfields (40),2015,726,0,95,544,92,11,2,6,721,59.0,137,Moderate
Clairlea-Birchmount (120),2015,665,0,93,452,130,19,5,4,661,58.9,138,Moderate
Bendale-Glen Andrew (156),2015,665,1,95,392,187,17,5,3,662,56.6,139,Moderate
Downtown Yonge East (168),2015,601,0,113,401,109,39,29,10,595,53.8,140,Moderate
Kensington-Chinatown (78),2015,614,0,101,384,143,33,43,8,607,53.1,141,Moderate
Harbourfront-CityPlace (165),2015,757,0,114,559,101,20,16,7,752,52.3,142,Moderate
South Parkdale (85),2015,869,1,107,662,114,12,15,9,863,49.0,143,Moderate
Dorset Park (126),2015,813,0,133,556,134,18,4,6,806,48.9,144,Moderate
Wellington Place (164),2015,693,0,107,446,156,31,42,17,684,48.3,145,Moderate
Woburn North (142),2015,816,2,153,565,118,18,6,1,812,46.4,146,Moderate
St Lawrence-East Bayfront-The Islands (166),2015,844,0,121,616,126,27,15,14,832,45.9,147,Moderate
Milliken (130),2015,836,1,148,566,136,21,14,1,832,44.9,148,Moderate
South Riverdale (70),2015,818,2,121,574,140,31,27,12,812,44.1,149,Moderate
Annex (95),2015,833,1,125,568,150,30,40,10,826,42.3,150,Moderate
Agincourt South-Malvern West (128),2015,934,0,144,666,140,30,6,6,930,41.2,151,Moderate
Yorkdale-Glen Park (31),2015,954,0,110,616,247,19,13,4,948,40.8,152,Moderate
Yonge-Bay Corridor (170),2015,870,0,126,627,132,45,39,15,865,39.6,153,Risky
Etobicoke City Centre (159),2015,988,1,148,627,231,30,6,7,982,34.9,154,Risky
Banbury-Don Mills (42),2015,1190,1,167,914,117,12,5,9,1184,31.8,155,Risky
York University Heights (27),2015,1198,0,195,829,206,36,10,8,1190,21.5,156,Risky
West Humber-Clairville (1),2015,1336,1,230,860,272,26,11,10,1330,10.7,157,Very Risky
Wexford/Maryvale (119),2015,1579,1,238,1082,280,34,14,6,1574,0.0,158,Very Risky
Lambton Baby Point (114),2016,24,0,4,11,10,1,0,0,23,100.0,1,Very Safe
Blake-Jones (69),2016,79,0,14,48,21,3,4,1,79,95.9,2,Very Safe
Centennial Scarborough (133),2016,93,0,14,61,22,3,1,0,92,95.8,3,Very Safe
Guildwood (140),2016,94,1,11,61,23,3,0,1,93,95.8,3,Very Safe
Princess-Rosethorn (10),2016,106,0,20,72,14,2,1,0,106,95.3,5,Very Safe
Taylor-Massey (61),2016,97,1,14,58,27,5,4,1,97,94.7,6,Very Safe
Humewood-Cedarvale (106),2016,117,0,22,73,22,4,3,0,117,94.1,7,Very Safe
Caledonia-Fairbank (109),2016,123,1,18,79,28,4,2,0,123,93.8,8,Very Safe
Etobicoke West Mall (13),2016,115,0,26,71,22,5,0,0,114,93.8,8,Very Safe
Long Branch (19),2016,126,1,22,86,19,2,1,2,126,93.7,10,Very Safe
Woodbine-Lumsden (60),2016,117,1,23,78,19,4,2,2,115,93.5,11,Very Safe
Willowdale West (37),2016,142,0,16,93,35,4,5,1,137,93.0,12,Very Safe
New Toronto (18),2016,130,2,19,83,29,5,3,0,126,92.9,13,Very Safe
Edenbridge-Humber Valley (9),2016,146,1,24,99,26,1,4,1,144,92.4,14,Very Safe
Playter Estates-Danforth (67),2016,124,0,20,58,47,7,4,3,121,92.4,14,Very Safe
Markland Wood (12),2016,132,0,29,85,26,4,3,1,131,92.3,16,Very Safe
South Eglinton-Davisville (174),2016,175,0,15,130,30,7,1,1,174,92.3,16,Very Safe
Broadview North (57),2016,158,0,27,118,16,2,3,3,158,92.2,18,Very Safe
North St.James Town (74),2016,134,0,22,86,32,9,5,0,132,92.2,18,Very Safe
O'Connor-Parkview (54),2016,157,0,22,115,26,3,7,0,157,92.1,20,Very Safe
Weston-Pelham Park (91),2016,149,0,22,93,38,6,2,1,147,92.1,20,Very Safe
Henry Farm (53),2016,153,0,18,92,46,7,2,2,151,91.9,22,Very Safe
Woodbine Corridor (64),2016,140,0,27,93,24,9,2,3,138,91.9,22,Very Safe
Avondale (153),2016,183,0,16,132,39,6,1,0,183,91.7,24,Very Safe
Westminster-Branson (35),2016,148,0,24,86,41,7,4,1,145,91.6,25,Very Safe
Eringate-Centennial-West Deane (11),2016,180,0,29,117,38,4,3,1,179,90.4,26,Very Safe
Maple Leaf (29),2016,162,0,38,102,26,6,3,1,161,90.3,27,Very Safe
Elms-Old Rexdale (5),2016,176,0,32,107,42,6,0,1,175,90.2,28,Very Safe
Bayview Woods-Steeles (49),2016,202,0,34,143,26,2,2,0,201,90.1,29,Very Safe
Danforth East York (59),2016,171,0,34,105,37,5,5,0,171,90.0,30,Very Safe
Alderwood (20),2016,184,0,35,124,30,5,2,2,183,89.8,31,Very Safe
Danforth (66),2016,184,0,34,123,31,7,2,3,183,89.6,32,Very Safe
Kingsway South (15),2016,186,1,30,126,34,10,2,0,185,89.5,33,Very Safe
Victoria Village (43),2016,202,0,38,146,23,5,3,1,200,89.2,34,Very Safe
Humbermede (22),2016,197,0,34,124,44,3,3,2,196,89.1,35,Very Safe
Forest Hill South (101),2016,225,0,33,158,38,6,4,0,223,88.3,36,Very Safe
Briar Hill-Belgravia (108),2016,217,0,37,153,34,8,1,1,216,88.2,37,Very Safe
Pleasant View (46),2016,237,0,33,171,39,5,0,1,235,88.2,37,Very Safe
Humber Heights-Westmount (8),2016,208,0,48,141,28,4,2,0,206,87.9,39,Very Safe
Little Portugal (84),2016,212,0,32,143,42,8,12,2,208,87.5,40,Very Safe
Mount Dennis (115),2016,195,0,45,114,45,10,2,0,194,87.5,40,Very Safe
Lawrence Park South (103),2016,259,0,32,197,34,7,3,0,259,87.4,42,Very Safe
Runnymede-Bloor West Village (89),2016,225,1,37,158,33,11,2,1,223,87.4,42,Very Safe
Englemount-Lawrence (32),2016,233,0,36,161,42,8,3,1,231,87.3,44,Very Safe
Rexdale-Kipling (4),2016,217,1,43,138,37,8,2,1,216,87.3,44,Very Safe
Scarborough Village (139),2016,199,1,37,123,45,16,1,1,193,87.3,44,Very Safe
Yonge-St.Clair (97),2016,251,0,28,179,49,5,7,0,251,87.3,44,Very Safe
Keelesdale-Eglinton West (110),2016,204,1,38,122,48,12,3,1,204,87.2,48,Very Safe
Ionview (125),2016,244,1,37,176,34,7,1,2,243,87.1,49,Very Safe
Highland Creek (134),2016,214,0,52,131,36,7,0,2,214,86.9,50,Very Safe
West Queen West (162),2016,239,0,30,170,46,9,11,1,235,86.7,51,Very Safe
Fenside-Parkwoods (150),2016,282,0,34,207,47,1,1,1,281,86.6,52,Very Safe
Oakridge (121),2016,245,0,39,171,38,8,8,0,243,86.5,53,Very Safe
Greenwood-Coxwell (65),2016,212,0,41,135,42,11,8,7,212,86.1,54,Very Safe
Morningside (135),2016,224,0,46,123,59,7,2,3,224,86.1,54,Very Safe
Willowridge-Martingrove-Richview (7),2016,254,0,44,172,42,5,3,2,251,86.1,54,Very Safe
Regent Park (72),2016,219,1,39,140,45,12,9,3,218,85.9,57,Very Safe
Lawrence Park North (105),2016,296,0,30,206,61,4,3,0,296,85.8,58,Very Safe
North Toronto (173),2016,267,0,32,183,55,16,2,1,263,85.5,59,Very Safe
Wychwood (94),2016,232,2,42,150,41,7,15,4,230,84.9,60,Very Safe
Bridle Path-Sunnybrook-York Mills (41),2016,287,0,43,197,53,6,5,0,286,84.5,61,Very Safe
Cliffcrest (123),2016,251,0,53,162,41,8,7,3,250,84.5,61,Very Safe
West Rouge (143),2016,275,0,46,189,47,10,2,3,275,84.4,63,Very Safe
Yonge-Eglinton (100),2016,293,0,41,205,50,6,7,1,290,84.4,63,Very Safe
Pelmo Park-Humberlea (23),2016,266,0,45,159,72,6,4,1,266,84.3,65,Very Safe
Bendale South (157),2016,263,1,57,174,35,9,1,2,259,84.2,66,Very Safe
Thistletown-Beaumond Heights (3),2016,256,1,59,157,47,8,1,0,255,84.0,67,Very Safe
Weston (113),2016,253,0,55,158,52,13,1,1,252,83.9,68,Very Safe
Lansing-Westgate (38),2016,318,0,45,234,44,10,0,1,318,83.6,69,Very Safe
Dufferin Grove (83),2016,266,0,43,158,69,6,15,4,260,83.4,70,Very Safe
Mount Pleasant East (99),2016,317,0,42,223,56,14,1,1,314,83.1,71,Very Safe
Beechborough-Greenbrook (112),2016,284,1,49,188,59,10,2,2,282,83.0,72,Very Safe
North Riverdale (68),2016,270,0,45,180,50,8,16,7,269,83.0,72,Very Safe
Parkwoods-O'Connor Hills (149),2016,328,1,52,242,36,7,1,1,327,82.8,74,Very Safe
Cabbagetown-South St.James Town (71),2016,263,0,55,171,46,13,9,5,261,82.6,75,Very Safe
Rustic (28),2016,287,0,61,187,45,8,5,2,284,82.6,75,Very Safe
Humber Bay Shores (161),2016,321,0,56,223,47,6,2,2,319,82.4,77,Very Safe
Oakwood Village (107),2016,249,0,64,155,40,19,9,3,249,82.0,78,Very Safe
Yonge-Doris (151),2016,350,0,48,256,51,9,1,1,347,82.0,78,Very Safe
Forest Hill North (102),2016,339,2,43,245,54,10,2,3,338,81.8,80,Very Safe
Kennedy Park (124),2016,270,2,62,160,50,14,6,0,270,81.8,80,Very Safe
The Beaches (63),2016,339,1,39,237,69,6,4,6,337,81.8,80,Very Safe
Church-Wellesley (167),2016,280,0,47,177,65,17,14,1,275,81.7,83,Very Safe
Clanton Park (33),2016,337,0,47,221,78,6,1,2,334,81.7,83,Very Safe
East L'Amoreaux (148),2016,299,1,65,191,44,8,5,1,299,81.7,83,Very Safe
Casa Loma (96),2016,339,0,49,249,47,9,9,2,335,81.5,86,Very Safe
High Park North (88),2016,314,0,49,215,56,13,7,5,314,81.5,86,Very Safe
Thorncliffe Park (55),2016,333,0,47,229,63,10,7,1,330,81.5,86,Very Safe
Bay-Cloverhill (169),2016,288,0,46,194,61,11,19,5,286,81.3,89,Very Safe
East Willowdale (152),2016,328,0,66,226,39,11,3,1,326,81.0,90,Very Safe
Palmerston-Little Italy (80),2016,259,1,49,154,62,13,29,1,255,81.0,90,Very Safe
Mimico-Queensway (160),2016,351,0,57,243,58,5,2,3,345,80.9,92,Very Safe
Birchcliffe-Cliffside (122),2016,356,0,58,229,78,6,6,1,356,79.5,93,Safe
Roncesvalles (86),2016,341,0,50,228,74,18,10,5,337,78.9,94,Safe
Brookhaven-Amesbury (30),2016,357,0,59,225,80,11,3,6,355,78.7,95,Safe
Steeles (116),2016,385,0,77,265,44,11,5,0,385,77.7,96,Safe
High Park-Swansea (87),2016,381,0,51,256,85,10,15,4,376,77.5,97,Safe
Islington (158),2016,382,0,67,252,74,12,5,2,382,77.2,98,Safe
Fort York-Liberty Village (163),2016,350,0,61,228,78,16,11,6,343,77.1,99,Safe
Junction-Wallace Emerson (171),2016,369,0,64,229,84,12,16,2,365,76.6,100,Safe
Malvern West (145),2016,360,0,85,212,72,12,8,2,359,76.0,101,Safe
Dovercourt Village (172),2016,373,2,65,253,68,15,15,3,367,75.8,102,Safe
L'Amoreaux West (147),2016,396,2,73,255,75,13,3,1,393,75.8,102,Safe
Corso Italia-Davenport (92),2016,384,0,68,259,69,21,7,6,383,75.7,104,Safe
Kingsview Village-The Westway (6),2016,358,0,82,217,69,22,5,2,356,75.7,104,Safe
Rockcliffe-Smythe (111),2016,384,0,78,248,72,17,5,2,380,75.5,106,Safe
University (79),2016,340,0,75,203,67,17,25,7,336,75.2,107,Safe
Mount Olive-Silverstone-Jamestown (2),2016,388,0,74,218,106,15,3,2,385,75.1,108,Safe
Flemingdon Park (44),2016,456,0,78,318,66,9,4,6,453,74.0,109,Safe
Leaside-Bennington (56),2016,493,2,60,365,71,7,5,6,491,74.0,109,Safe
Black Creek (24),2016,401,0,90,239,85,12,8,1,400,73.6,111,Safe
Trinity-Bellwoods (81),2016,380,0,63,240,95,19,27,4,377,73.6,111,Safe
Downsview (155),2016,447,0,83,280,91,12,5,1,446,73.0,113,Safe
Hillcrest Village (48),2016,485,3,70,341,73,13,4,1,483,72.9,114,Safe
East End-Danforth (62),2016,441,0,73,291,85,19,8,9,437,72.6,115,Safe
West Hill (136),2016,435,0,86,272,91,13,5,3,432,72.6,115,Safe
Stonegate-Queensway (16),2016,515,0,79,362,84,6,11,5,514,70.9,117,Safe
Malvern East (146),2016,509,0,88,345,85,12,2,2,506,70.8,118,Safe
Newtonbrook West (36),2016,481,1,82,317,96,15,8,2,478,70.6,119,Safe
Oakdale-Beverley Heights (154),2016,516,1,65,331,133,14,2,4,514,70.4,120,Safe
Old East York (58),2016,534,0,98,386,59,9,8,2,532,69.5,121,Safe
Eglinton East (138),2016,426,2,109,255,69,30,3,4,418,69.3,122,Safe
Glenfield-Jane Heights (25),2016,498,3,87,305,118,18,4,3,492,68.1,123,Safe
Agincourt North (129),2016,549,1,109,375,70,17,6,0,546,66.9,124,Safe
Bayview Village (52),2016,622,0,84,414,129,10,3,3,617,66.0,125,Safe
Golfdale-Cedarbrae-Woburn (141),2016,573,0,99,363,115,18,4,1,569,66.0,125,Safe
Junction Area (90),2016,592,1,88,406,110,16,13,3,588,65.1,127,Safe
Bathurst Manor (34),2016,580,1,110,409,71,17,8,5,575,64.8,128,Safe
Bedford Park-Nortown (39),2016,601,1,95,439,76,29,4,4,596,64.8,128,Safe
Tam O'Shanter-Sullivan (118),2016,632,1,95,445,100,13,4,2,630,64.8,128,Safe
Newtonbrook East (50),2016,609,2,106,415,96,15,3,1,601,64.3,131,Safe
Rosedale-Moore Park (98),2016,620,2,95,457,84,19,16,2,615,63.3,132,Safe
St.Andrew-Windfields (40),2016,698,0,112,504,85,11,3,1,694,62.3,133,Safe
Don Valley Village (47),2016,676,0,95,459,134,16,6,4,672,61.7,134,Safe
Morningside Heights (144),2016,633,2,116,408,126,9,4,6,624,61.1,135,Safe
Bendale-Glen Andrew (156),2016,674,1,105,405,172,18,2,1,669,59.7,136,Moderate
Moss Park (73),2016,610,3,113,412,97,25,32,5,607,58.7,137,Moderate
Humber Summit (21),2016,713,0,118,475,143,21,5,2,708,57.2,138,Moderate
Clairlea-Birchmount (120),2016,729,0,131,478,134,21,2,5,724,56.0,139,Moderate
Downtown Yonge East (168),2016,639,0,110,427,128,35,32,11,635,55.9,140,Moderate
Harbourfront-CityPlace (165),2016,788,1,108,556,139,19,13,8,776,54.5,141,Moderate
Kensington-Chinatown (78),2016,686,0,98,428,177,32,37,12,676,53.8,142,Moderate
Woburn North (142),2016,912,0,145,648,125,13,2,2,907,50.1,143,Moderate
South Parkdale (85),2016,888,2,132,655,119,20,10,12,882,48.8,144,Moderate
Agincourt South-Malvern West (128),2016,906,1,137,621,153,21,5,7,905,48.2,145,Moderate
Dorset Park (126),2016,870,1,148,594,143,21,10,7,863,47.8,146,Moderate
Wellington Place (164),2016,776,0,121,520,166,40,42,9,764,47.3,147,Moderate
South Riverdale (70),2016,847,1,133,583,159,19,31,13,837,46.6,148,Moderate
Yonge-Bay Corridor (170),2016,912,0,136,622,168,35,29,10,903,43.5,149,Moderate
Yorkdale-Glen Park (31),2016,1008,0,119,641,263,19,3,6,999,43.4,150,Moderate
Milliken (130),2016,938,0,165,611,177,16,18,4,931,43.0,151,Moderate
St Lawrence-East Bayfront-The Islands (166),2016,952,2,145,668,154,22,29,13,944,42.0,152,Moderate
Annex (95),2016,970,0,145,671,172,29,41,11,959,39.6,153,Risky
Banbury-Don Mills (42),2016,1076,1,174,773,140,19,3,6,1074,39.4,154,Risky
Etobicoke City Centre (159),2016,1071,2,156,685,250,28,11,5,1063,35.5,155,Risky
York University Heights (27),2016,1271,3,186,881,231,30,6,5,1262,26.0,156,Risky
West Humber-Clairville (1),2016,1489,2,295,943,292,31,16,9,1476,3.9,157,Very Risky
Wexford/Maryvale (119),2016,1690,1,278,1138,299,27,11,13,1685,0.0,158,Very Risky
Lambton Baby Point (114),2017,27,0,5,18,5,1,1,0,26,100.0,1,Very Safe
Woodbine-Lumsden (60),2017,102,0,10,81,12,1,0,0,102,97.0,2,Very Safe
Blake-Jones (69),2017,67,0,14,43,12,4,5,0,65,96.9,3,Very Safe
Humewood-Cedarvale (106),2017,105,0,11,71,27,5,1,2,102,95.6,4,Very Safe
Caledonia-Fairbank (109),2017,104,0,15,66,30,4,0,0,104,95.4,5,Very Safe
Taylor-Massey (61),2017,102,0,16,64,28,6,1,1,101,95.1,6,Very Safe
Markland Wood (12),2017,116,0,19,84,18,5,0,1,115,94.9,7,Very Safe
Guildwood (140),2017,103,1,20,66,19,8,1,0,103,94.7,8,Very Safe
Woodbine Corridor (64),2017,121,0,16,87,23,5,5,3,119,94.2,9,Very Safe
Centennial Scarborough (133),2017,120,0,28,77,18,4,4,3,119,93.5,10,Very Safe
Princess-Rosethorn (10),2017,148,0,26,103,21,1,2,0,146,93.5,10,Very Safe
Broadview North (57),2017,134,1,21,95,24,7,2,1,132,93.2,12,Very Safe
Maple Leaf (29),2017,132,0,33,85,19,4,2,0,132,93.0,13,Very Safe
Playter Estates-Danforth (67),2017,140,0,26,92,27,1,5,3,138,92.9,14,Very Safe
Alderwood (20),2017,160,0,24,112,29,3,4,0,159,92.6,15,Very Safe
Willowdale West (37),2017,173,0,16,122,41,4,2,1,171,92.5,16,Very Safe
Edenbridge-Humber Valley (9),2017,154,0,29,104,29,1,3,2,151,92.3,17,Very Safe
Henry Farm (53),2017,176,0,20,122,34,7,0,1,176,92.3,17,Very Safe
Westminster-Branson (35),2017,128,0,28,68,37,10,4,0,127,92.3,17,Very Safe
Etobicoke West Mall (13),2017,125,0,33,67,34,7,3,0,121,92.2,20,Very Safe
New Toronto (18),2017,143,1,21,87,39,4,5,4,139,92.2,20,Very Safe
Avondale (153),2017,173,0,22,125,29,6,2,2,166,92.1,22,Very Safe
Weston-Pelham Park (91),2017,179,0,19,128,39,5,3,1,177,91.9,23,Very Safe
Long Branch (19),2017,153,1,23,99,38,8,3,2,152,91.6,24,Very Safe
Elms-Old Rexdale (5),2017,171,0,33,115,25,7,1,0,169,91.5,25,Very Safe
North St.James Town (74),2017,161,1,23,101,43,4,5,1,157,91.5,25,Very Safe
O'Connor-Parkview (54),2017,177,0,32,121,27,2,3,1,176,91.5,25,Very Safe
Humber Heights-Westmount (8),2017,185,0,34,130,23,5,0,1,181,91.2,28,Very Safe
Eringate-Centennial-West Deane (11),2017,196,0,24,144,36,3,2,2,195,91.1,29,Very Safe
South Eglinton-Davisville (174),2017,173,0,27,117,31,11,2,2,172,91.1,29,Very Safe
Regent Park (72),2017,157,0,31,100,32,9,8,1,155,90.8,31,Very Safe
Danforth East York (59),2017,190,0,33,124,36,6,4,1,187,90.2,32,Very Safe
North Toronto (173),2017,210,0,24,150,39,8,3,2,208,90.1,33,Very Safe
Kingsway South (15),2017,208,0,29,147,37,6,3,2,205,89.9,34,Very Safe
Bayview Woods-Steeles (49),2017,212,1,40,149,25,4,0,2,209,89.4,35,Very Safe
Pleasant View (46),2017,228,0,35,172,23,3,3,3,226,89.4,35,Very Safe
Danforth (66),2017,219,0,35,154,32,5,7,3,217,88.9,37,Very Safe
Highland Creek (134),2017,199,1,39,116,48,7,2,0,197,88.8,38,Very Safe
Victoria Village (43),2017,236,0,37,167,36,2,1,4,233,88.7,39,Very Safe
Lawrence Park South (103),2017,238,0,35,170,42,6,1,2,233,88.3,40,Very Safe
Yonge-St.Clair (97),2017,255,0,26,185,52,8,2,1,253,88.1,41,Very Safe
Humbermede (22),2017,247,0,29,161,63,9,0,0,244,88.0,42,Very Safe
Oakridge (121),2017,238,0,35,172,39,9,4,3,230,87.7,43,Very Safe
Rexdale-Kipling (4),2017,233,0,46,153,43,4,3,1,230,87.5,44,Very Safe
Mount Dennis (115),2017,207,1,46,135,37,14,0,1,202,87.4,45,Very Safe
Oakwood Village (107),2017,244,0,34,164,57,7,2,3,240,87.4,45,Very Safe
Fenside-Parkwoods (150),2017,271,0,38,201,34,9,0,1,269,87.3,47,Very Safe
Keelesdale-Eglinton West (110),2017,231,0,37,146,59,8,3,2,225,87.3,47,Very Safe
Morningside (135),2017,237,0,48,150,43,7,0,2,236,87.2,49,Very Safe
Scarborough Village (139),2017,234,0,44,159,40,11,3,1,232,87.0,50,Very Safe
Bridle Path-Sunnybrook-York Mills (41),2017,283,0,39,208,39,4,5,0,282,86.8,51,Very Safe
Forest Hill South (101),2017,268,0,39,195,40,7,5,1,264,86.7,52,Very Safe
Greenwood-Coxwell (65),2017,224,0,45,151,39,9,10,2,221,86.7,52,Very Safe
Palmerston-Little Italy (80),2017,220,1,36,151,41,8,17,4,215,86.6,54,Very Safe
Runnymede-Bloor West Village (89),2017,264,1,37,184,48,8,4,1,259,86.5,55,Very Safe
West Queen West (162),2017,213,0,39,132,52,15,9,4,208,86.5,55,Very Safe
Englemount-Lawrence (32),2017,241,0,42,145,62,13,0,1,239,86.4,57,Very Safe
Little Portugal (84),2017,265,1,32,194,50,9,4,3,263,86.4,57,Very Safe
West Rouge (143),2017,241,0,48,164,42,9,3,4,238,86.2,59,Very Safe
Willowridge-Martingrove-Richview (7),2017,275,0,45,201,34,9,4,0,273,86.2,59,Very Safe
Briar Hill-Belgravia (108),2017,257,0,40,177,49,11,5,2,256,86.1,61,Very Safe
Beechborough-Greenbrook (112),2017,250,0,51,163,49,6,2,2,244,85.9,62,Very Safe
Humber Bay Shores (161),2017,285,0,47,201,44,4,2,3,284,85.6,63,Very Safe
Yonge-Eglinton (100),2017,300,1,37,208,59,6,4,0,296,85.3,64,Very Safe
Pelmo Park-Humberlea (23),2017,288,0,39,189,74,5,2,1,287,85.2,65,Very Safe
Kennedy Park (124),2017,263,0,55,161,52,7,3,2,261,85.1,66,Very Safe
Lansing-Westgate (38),2017,300,0,45,216,44,8,3,1,298,85.1,66,Very Safe
Roncesvalles (86),2017,288,0,36,193,63,10,8,2,283,85.0,68,Very Safe
Yonge-Doris (151),2017,315,0,37,229,53,12,0,2,308,85.0,68,Very Safe
Cabbagetown-South St.James Town (71),2017,264,0,44,180,46,17,8,1,261,84.9,70,Very Safe
North Riverdale (68),2017,268,0,46,171,57,6,9,4,264,84.9,70,Very Safe
Wychwood (94),2017,261,0,46,172,51,12,8,3,258,84.9,70,Very Safe
Rustic (28),2017,293,0,50,223,38,7,0,3,293,84.8,73,Very Safe
Bendale South (157),2017,286,0,54,192,47,7,2,3,282,84.6,74,Very Safe
East Willowdale (152),2017,279,0,57,192,34,12,1,3,276,84.6,74,Very Safe
Ionview (125),2017,292,0,56,209,35,10,1,2,289,84.4,76,Very Safe
Thistletown-Beaumond Heights (3),2017,272,0,60,174,48,11,1,1,268,84.2,77,Very Safe
Dufferin Grove (83),2017,278,0,45,174,68,11,10,2,276,83.9,78,Very Safe
Bay-Cloverhill (169),2017,296,0,45,202,55,6,16,1,290,83.8,79,Very Safe
Forest Hill North (102),2017,379,0,32,301,50,6,3,5,374,83.5,80,Very Safe
Church-Wellesley (167),2017,318,0,39,226,61,11,10,2,309,83.4,81,Very Safe
Clanton Park (33),2017,324,1,43,212,76,7,1,2,322,83.3,82,Very Safe
Mount Pleasant East (99),2017,348,0,41,250,61,11,4,2,344,83.0,83,Very Safe
Weston (113),2017,295,0,55,186,64,11,4,3,290,83.0,83,Very Safe
Lawrence Park North (105),2017,372,1,36,278,65,5,4,2,367,82.7,85,Very Safe
High Park North (88),2017,335,1,41,230,72,12,4,4,326,82.3,86,Very Safe
Cliffcrest (123),2017,318,1,63,212,53,10,3,3,315,81.7,87,Very Safe
Thorncliffe Park (55),2017,329,0,55,206,74,12,4,2,326,81.7,87,Very Safe
Kingsview Village-The Westway (6),2017,339,0,64,214,73,8,1,0,336,81.2,89,Very Safe
Dovercourt Village (172),2017,381,0,46,284,59,6,10,4,372,81.1,90,Very Safe
Parkwoods-O'Connor Hills (149),2017,374,0,68,268,42,5,1,2,372,81.0,91,Very Safe
Casa Loma (96),2017,373,0,56,272,52,10,8,3,365,80.6,92,Very Safe
Mimico-Queensway (160),2017,363,0,64,260,50,9,3,3,360,80.6,92,Very Safe
Corso Italia-Davenport (92),2017,377,0,59,254,76,8,9,1,371,79.5,94,Safe
Steeles (116),2017,392,0,75,284,36,9,4,2,390,79.4,95,Safe
Brookhaven-Amesbury (30),2017,359,0,62,229,79,19,4,0,352,79.3,96,Safe
East L'Amoreaux (148),2017,367,0,71,257,45,17,6,1,363,79.3,96,Safe
Rockcliffe-Smythe (111),2017,391,0,62,271,66,10,4,3,386,79.3,96,Safe
Flemingdon Park (44),2017,440,0,57,334,58,9,3,2,436,78.7,99,Safe
Trinity-Bellwoods (81),2017,371,0,47,245,88,11,20,7,367,78.7,99,Safe
Fort York-Liberty Village (163),2017,385,0,59,268,74,11,13,4,375,78.2,101,Safe
Islington (158),2017,373,0,78,235,68,14,2,3,370,78.1,102,Safe
University (79),2017,325,0,68,218,53,20,27,3,316,77.9,103,Safe
Malvern West (145),2017,397,0,82,261,65,7,2,2,396,77.7,104,Safe
Junction-Wallace Emerson (171),2017,402,0,54,254,106,8,20,4,395,76.9,105,Safe
Black Creek (24),2017,429,0,64,278,98,13,6,1,424,76.5,106,Safe
L'Amoreaux West (147),2017,401,1,88,269,47,23,5,2,398,75.7,107,Safe
Hillcrest Village (48),2017,442,0,79,292,74,13,2,6,437,75.6,108,Safe
Birchcliffe-Cliffside (122),2017,414,3,79,269,75,10,4,6,408,75.4,109,Safe
The Beaches (63),2017,478,0,65,337,86,10,6,3,472,75.4,109,Safe
Downsview (155),2017,461,1,71,317,89,15,1,1,459,74.9,111,Safe
Glenfield-Jane Heights (25),2017,466,1,61,292,127,11,1,2,460,74.9,111,Safe
East End-Danforth (62),2017,474,0,61,337,82,19,13,2,466,74.7,113,Safe
Old East York (58),2017,494,0,88,370,45,6,2,4,490,74.7,113,Safe
Stonegate-Queensway (16),2017,498,0,62,362,90,7,9,5,486,74.5,115,Safe
High Park-Swansea (87),2017,481,1,71,330,91,7,11,5,472,73.8,116,Safe
Leaside-Bennington (56),2017,551,0,70,423,65,9,9,3,549,73.1,117,Safe
West Hill (136),2017,468,0,93,311,77,17,5,3,465,72.6,118,Safe
Mount Olive-Silverstone-Jamestown (2),2017,461,0,87,277,121,19,2,1,455,72.0,119,Safe
Bayview Village (52),2017,562,1,76,394,95,10,3,2,558,71.6,120,Safe
Newtonbrook West (36),2017,506,0,83,317,121,14,4,2,496,71.4,121,Safe
Malvern East (146),2017,504,1,101,331,86,11,3,1,501,71.0,122,Safe
Bathurst Manor (34),2017,528,1,95,367,72,16,5,1,521,70.9,123,Safe
Newtonbrook East (50),2017,543,0,88,380,84,25,5,2,531,69.9,124,Safe
Eglinton East (138),2017,461,2,114,293,69,23,6,4,458,69.6,125,Safe
Oakdale-Beverley Heights (154),2017,534,0,79,324,154,20,2,0,531,69.4,126,Safe
Bedford Park-Nortown (39),2017,592,0,90,427,82,19,6,4,588,68.6,127,Safe
Agincourt North (129),2017,567,0,113,384,82,16,6,3,563,67.4,128,Safe
Tam O'Shanter-Sullivan (118),2017,628,0,89,429,118,16,2,2,626,67.2,129,Safe
Morningside Heights (144),2017,585,3,109,384,107,6,2,3,583,66.7,130,Safe
Rosedale-Moore Park (98),2017,634,2,79,472,92,21,11,5,626,66.5,131,Safe
Junction Area (90),2017,632,0,87,445,118,22,11,5,620,65.3,132,Safe
Don Valley Village (47),2017,698,1,98,481,122,12,4,4,693,63.8,133,Safe
Golfdale-Cedarbrae-Woburn (141),2017,623,1,125,401,111,22,2,3,615,63.0,134,Safe
St.Andrew-Windfields (40),2017,769,2,118,572,84,7,5,4,764,60.9,135,Safe
Downtown Yonge East (168),2017,689,1,94,480,131,23,29,9,674,59.9,136,Moderate
Humber Summit (21),2017,719,1,114,476,148,23,1,4,708,59.5,137,Moderate
Bendale-Glen Andrew (156),2017,748,0,117,456,190,18,1,3,742,58.0,138,Moderate
Moss Park (73),2017,684,2,118,473,111,28,24,13,674,57.6,139,Moderate
Clairlea-Birchmount (120),2017,790,1,131,516,155,19,6,4,788,55.6,140,Moderate
Harbourfront-CityPlace (165),2017,870,0,102,657,133,16,12,10,859,55.6,140,Moderate
Kensington-Chinatown (78),2017,752,1,106,509,168,44,36,5,740,52.8,142,Moderate
Annex (95),2017,919,0,112,650,183,26,25,8,909,49.4,143,Moderate
Wellington Place (164),2017,885,0,105,616,186,27,44,6,865,49.4,143,Moderate
South Parkdale (85),2017,901,2,139,640,143,20,20,12,885,48.8,145,Moderate
Dorset Park (126),2017,936,2,186,651,106,15,5,6,931,47.3,146,Moderate
Agincourt South-Malvern West (128),2017,947,0,178,653,128,22,7,2,940,47.0,147,Moderate
St Lawrence-East Bayfront-The Islands (166),2017,1040,1,130,789,142,29,15,11,1026,45.3,148,Moderate
Yorkdale-Glen Park (31),2017,1008,0,121,633,274,26,6,3,990,45.2,149,Moderate
Woburn North (142),2017,951,0,205,647,118,21,5,2,945,44.7,150,Moderate
South Riverdale (70),2017,975,0,151,678,172,26,26,9,964,44.0,151,Moderate
Milliken (130),2017,980,1,189,643,158,23,12,1,976,43.2,152,Moderate
Banbury-Don Mills (42),2017,1076,0,174,791,127,25,2,5,1073,43.1,153,Moderate
Etobicoke City Centre (159),2017,1053,1,157,683,235,31,11,4,1039,40.2,154,Moderate
Yonge-Bay Corridor (170),2017,1132,1,136,841,187,42,37,12,1109,36.6,155,Risky
York University Heights (27),2017,1248,2,185,838,262,31,8,4,1232,29.9,156,Risky
West Humber-Clairville (1),2017,1562,1,294,950,353,32,6,7,1541,6.7,157,Very Risky
Wexford/Maryvale (119),2017,1754,5,299,1197,275,42,12,11,1738,0.0,158,Very Risky
Lambton Baby Point (114),2018,23,0,7,11,5,0,0,0,22,100.0,1,Very Safe
Guildwood (140),2018,88,0,13,64,14,0,2,0,88,96.7,2,Very Safe
Blake-Jones (69),2018,77,0,16,48,15,0,4,1,76,96.5,3,Very Safe
Humewood-Cedarvale (106),2018,116,0,10,88,22,2,0,0,113,95.8,4,Very Safe
Woodbine-Lumsden (60),2018,106,0,16,71,21,3,0,2,105,95.4,5,Very Safe
Caledonia-Fairbank (109),2018,98,0,16,58,30,2,2,1,92,95.2,6,Very Safe
Taylor-Massey (61),2018,119,0,13,81,32,4,1,0,115,94.7,7,Very Safe
Etobicoke West Mall (13),2018,110,0,18,71,25,5,0,2,105,94.6,8,Very Safe
Willowdale West (37),2018,132,1,7,90,38,3,0,1,128,94.6,8,Very Safe
Broadview North (57),2018,114,0,20,77,24,2,1,2,110,94.4,10,Very Safe
Princess-Rosethorn (10),2018,136,0,18,94,25,1,0,1,131,94.4,10,Very Safe
Centennial Scarborough (133),2018,120,2,17,84,22,6,1,1,117,93.8,12,Very Safe
Woodbine Corridor (64),2018,138,0,21,96,25,3,2,1,135,93.5,13,Very Safe
North St.James Town (74),2018,135,0,17,93,30,5,5,0,133,93.4,14,Very Safe
Playter Estates-Danforth (67),2018,120,0,23,70,29,5,6,1,114,93.3,15,Very Safe
Westminster-Branson (35),2018,143,0,15,91,39,6,2,1,142,93.3,15,Very Safe
Markland Wood (12),2018,122,0,30,80,18,6,0,1,121,93.2,17,Very Safe
Long Branch (19),2018,146,1,19,107,26,5,1,2,140,92.9,18,Very Safe
Kingsway South (15),2018,164,0,26,123,16,6,3,1,161,92.2,19,Very Safe
Maple Leaf (29),2018,155,0,30,97,33,4,1,0,149,91.9,20,Very Safe
Avondale (153),2018,169,1,21,127,26,8,1,0,166,91.8,21,Very Safe
Bayview Woods-Steeles (49),2018,194,0,28,149,20,2,1,0,190,91.5,22,Very Safe
Edenbridge-Humber Valley (9),2018,154,0,25,95,41,8,2,2,147,91.4,23,Very Safe
Danforth East York (59),2018,164,0,28,109,30,8,2,3,157,91.2,24,Very Safe
O'Connor-Parkview (54),2018,178,0,29,111,44,5,1,2,175,90.6,25,Very Safe
Highland Creek (134),2018,195,0,30,141,32,4,2,1,191,90.4,26,Very Safe
Weston-Pelham Park (91),2018,172,0,31,114,32,7,7,0,167,90.4,26,Very Safe
South Eglinton-Davisville (174),2018,196,0,24,135,39,8,2,3,186,90.3,28,Very Safe
New Toronto (18),2018,153,2,31,96,34,11,3,0,150,90.2,29,Very Safe
Victoria Village (43),2018,209,0,29,148,38,1,1,2,208,90.2,29,Very Safe
North Toronto (173),2018,212,0,20,151,45,9,1,1,205,90.1,31,Very Safe
Yonge-St.Clair (97),2018,246,0,15,190,44,3,1,1,240,90.1,31,Very Safe
Henry Farm (53),2018,219,0,19,151,56,6,0,0,217,90.0,33,Very Safe
Pleasant View (46),2018,207,0,31,144,34,4,1,2,205,90.0,33,Very Safe
Alderwood (20),2018,199,0,32,135,37,5,2,1,190,89.9,35,Very Safe
Eringate-Centennial-West Deane (11),2018,191,0,38,111,48,3,2,0,183,89.4,36,Very Safe
Danforth (66),2018,223,0,30,169,27,7,4,1,219,89.3,37,Very Safe
Elms-Old Rexdale (5),2018,214,0,29,148,48,6,0,0,207,89.3,37,Very Safe
Regent Park (72),2018,190,0,32,122,43,3,9,4,183,89.1,39,Very Safe
Lawrence Park South (103),2018,247,1,22,186,43,7,1,0,236,88.8,40,Very Safe
Briar Hill-Belgravia (108),2018,226,2,28,166,41,6,1,3,221,88.3,41,Very Safe
Mount Dennis (115),2018,191,0,38,115,48,14,0,2,188,88.2,42,Very Safe
West Queen West (162),2018,234,0,25,179,41,5,9,3,225,88.2,42,Very Safe
Runnymede-Bloor West Village (89),2018,250,0,27,175,50,5,4,2,243,88.1,44,Very Safe
Scarborough Village (139),2018,193,0,38,115,54,10,2,1,184,88.1,44,Very Safe
Palmerston-Little Italy (80),2018,213,0,29,138,49,7,13,3,204,87.9,46,Very Safe
Beechborough-Greenbrook (112),2018,254,0,33,178,50,3,2,1,249,87.7,47,Very Safe
North Riverdale (68),2018,250,0,31,177,47,3,7,1,246,87.7,47,Very Safe
Fenside-Parkwoods (150),2018,263,0,32,193,46,5,1,0,257,87.6,49,Very Safe
Oakridge (121),2018,225,0,40,159,33,8,3,5,221,87.5,50,Very Safe
Humbermede (22),2018,251,0,31,169,60,6,1,1,239,87.4,51,Very Safe
Oakwood Village (107),2018,231,0,36,154,48,10,2,2,223,87.4,51,Very Safe
Rexdale-Kipling (4),2018,246,0,40,174,38,7,0,2,242,87.4,51,Very Safe
Englemount-Lawrence (32),2018,242,0,34,161,51,11,3,0,233,87.3,54,Very Safe
East Willowdale (152),2018,265,0,36,203,32,7,3,2,259,87.1,55,Very Safe
Wychwood (94),2018,230,0,35,149,50,9,9,1,228,87.1,55,Very Safe
Keelesdale-Eglinton West (110),2018,245,1,32,166,53,9,2,2,239,87.0,57,Very Safe
Yonge-Doris (151),2018,278,1,30,206,44,7,0,1,269,87.0,57,Very Safe
Rustic (28),2018,254,0,42,174,45,6,1,2,246,86.7,59,Very Safe
Bridle Path-Sunnybrook-York Mills (41),2018,286,1,31,217,43,4,3,2,281,86.5,60,Very Safe
Thistletown-Beaumond Heights (3),2018,271,0,41,193,44,3,2,2,261,86.5,60,Very Safe
Little Portugal (84),2018,254,0,29,174,60,5,11,4,248,86.3,62,Very Safe
Greenwood-Coxwell (65),2018,257,0,34,173,57,10,4,3,250,86.2,63,Very Safe
Humber Bay Shores (161),2018,267,0,41,192,53,4,0,0,262,86.2,63,Very Safe
Cliffcrest (123),2018,267,1,48,188,36,7,1,1,262,85.7,65,Very Safe
Yonge-Eglinton (100),2018,284,0,37,201,51,7,4,3,275,85.6,66,Very Safe
Morningside (135),2018,227,1,56,143,37,14,1,1,225,85.4,67,Very Safe
Parkwoods-O'Connor Hills (149),2018,302,0,46,228,37,5,0,0,296,85.3,68,Very Safe
Mount Pleasant East (99),2018,332,0,35,256,45,5,1,0,327,85.2,69,Very Safe
Bendale South (157),2018,289,0,49,201,45,4,2,1,285,85.1,70,Very Safe
Humber Heights-Westmount (8),2018,239,2,56,150,36,10,2,3,225,85.0,71,Very Safe
Ionview (125),2018,284,1,51,202,34,10,1,0,276,84.8,72,Very Safe
Bay-Cloverhill (169),2018,321,0,27,248,50,4,13,4,315,84.7,73,Very Safe
West Rouge (143),2018,294,0,42,205,56,9,3,0,288,84.7,73,Very Safe
Cabbagetown-South St.James Town (71),2018,274,0,42,199,41,12,8,6,268,84.5,75,Very Safe
Dufferin Grove (83),2018,279,0,32,183,73,7,16,1,268,84.4,76,Very Safe
Thorncliffe Park (55),2018,344,0,29,242,74,5,2,1,341,84.4,76,Very Safe
Church-Wellesley (167),2018,309,0,31,225,61,9,7,4,304,84.3,78,Very Safe
Kennedy Park (124),2018,290,0,56,186,51,5,1,3,288,84.1,79,Very Safe
Willowridge-Martingrove-Richview (7),2018,301,0,51,212,47,6,3,0,290,84.1,79,Very Safe
Forest Hill South (101),2018,329,0,42,236,59,5,3,0,324,83.9,81,Very Safe
Pelmo Park-Humberlea (23),2018,302,0,42,204,71,8,0,2,291,83.9,81,Very Safe
Lansing-Westgate (38),2018,320,0,45,227,55,11,2,1,307,83.4,83,Very Safe
Clanton Park (33),2018,338,1,47,241,55,5,0,0,328,83.3,84,Very Safe
High Park North (88),2018,339,0,31,251,67,10,7,5,327,82.9,85,Very Safe
Lawrence Park North (105),2018,395,1,29,293,73,5,0,1,388,82.7,86,Very Safe
Roncesvalles (86),2018,344,0,42,243,66,7,9,2,329,82.2,87,Very Safe
Fort York-Liberty Village (163),2018,375,0,31,288,73,8,9,2,360,81.6,88,Very Safe
Forest Hill North (102),2018,406,1,37,316,58,7,1,1,391,81.5,89,Very Safe
Kingsview Village-The Westway (6),2018,315,0,53,205,79,14,2,0,303,81.4,90,Very Safe
East L'Amoreaux (148),2018,342,1,63,244,40,12,3,1,336,81.0,91,Very Safe
Brookhaven-Amesbury (30),2018,332,0,51,206,85,15,1,3,319,80.9,92,Very Safe
Birchcliffe-Cliffside (122),2018,365,1,50,265,59,9,5,3,355,80.7,93,Very Safe
Weston (113),2018,327,0,53,201,87,16,3,2,322,80.5,94,Very Safe
University (79),2018,328,1,48,224,73,15,16,2,312,79.8,95,Safe
Steeles (116),2018,350,2,68,239,45,13,3,2,342,79.7,96,Safe
Casa Loma (96),2018,409,0,50,311,53,5,12,3,396,79.6,97,Safe
Dovercourt Village (172),2018,360,1,40,253,82,10,16,5,341,79.5,98,Safe
Mimico-Queensway (160),2018,362,1,66,252,50,11,6,1,347,79.5,98,Safe
Corso Italia-Davenport (92),2018,380,0,50,260,84,15,2,3,362,79.2,100,Safe
Junction-Wallace Emerson (171),2018,381,0,52,258,83,13,8,1,366,78.9,101,Safe
Rockcliffe-Smythe (111),2018,397,0,52,277,83,12,3,2,383,78.8,102,Safe
The Beaches (63),2018,466,0,47,349,75,4,4,1,454,78.4,103,Safe
L'Amoreaux West (147),2018,382,0,60,270,63,23,1,3,372,78.3,104,Safe
Old East York (58),2018,404,0,76,291,46,11,2,1,396,77.9,105,Safe
Flemingdon Park (44),2018,433,0,65,323,56,8,3,2,423,77.7,106,Safe
Bathurst Manor (34),2018,455,0,56,331,76,7,1,4,434,77.5,107,Safe
Eglinton East (138),2018,366,1,76,234,62,18,2,3,361,77.5,107,Safe
Malvern West (145),2018,399,0,73,258,80,11,1,0,393,77.4,109,Safe
Islington (158),2018,390,2,67,256,76,16,4,2,375,76.8,110,Safe
Trinity-Bellwoods (81),2018,412,0,49,284,96,16,17,4,397,76.2,111,Safe
Leaside-Bennington (56),2018,474,1,67,359,57,6,7,1,461,75.8,112,Safe
Bayview Village (52),2018,486,0,58,340,92,11,1,3,477,75.6,113,Safe
High Park-Swansea (87),2018,471,2,52,320,106,9,3,2,451,75.5,114,Safe
Black Creek (24),2018,448,0,62,293,108,13,2,1,429,75.4,115,Safe
Bedford Park-Nortown (39),2018,501,1,60,387,62,14,1,6,482,74.8,116,Safe
Hillcrest Village (48),2018,471,0,76,324,76,11,2,2,463,74.8,116,Safe
Newtonbrook West (36),2018,479,0,74,314,102,21,1,2,458,72.8,118,Safe
East End-Danforth (62),2018,512,0,67,372,85,22,4,6,501,72.2,119,Safe
Stonegate-Queensway (16),2018,531,0,70,398,81,17,4,2,508,72.1,120,Safe
Newtonbrook East (50),2018,528,1,77,362,93,13,3,1,517,71.8,121,Safe
Oakdale-Beverley Heights (154),2018,486,2,68,302,132,17,1,4,470,71.6,122,Safe
Mount Olive-Silverstone-Jamestown (2),2018,485,2,77,298,122,14,5,1,469,71.4,123,Safe
Malvern East (146),2018,469,1,87,304,98,21,3,3,462,71.1,124,Safe
Glenfield-Jane Heights (25),2018,527,0,73,328,143,15,3,0,516,70.4,125,Safe
Downsview (155),2018,505,1,86,320,112,16,7,4,487,69.8,126,Safe
West Hill (136),2018,516,0,97,349,89,24,5,4,508,68.6,127,Safe
Tam O'Shanter-Sullivan (118),2018,561,1,95,371,103,16,5,6,546,67.5,128,Safe
St.Andrew-Windfields (40),2018,716,0,83,572,67,10,4,3,702,66.2,129,Safe
Junction Area (90),2018,693,0,63,511,138,8,11,3,663,65.7,130,Safe
Agincourt North (129),2018,600,1,112,400,97,18,6,5,586,64.6,131,Safe
Morningside Heights (144),2018,613,1,117,407,106,16,1,1,604,64.2,132,Safe
Don Valley Village (47),2018,668,0,104,453,119,18,1,4,647,63.4,133,Safe
Rosedale-Moore Park (98),2018,680,1,86,500,106,21,10,8,666,63.2,134,Safe
Golfdale-Cedarbrae-Woburn (141),2018,685,1,113,463,131,18,2,3,669,60.8,135,Safe
Clairlea-Birchmount (120),2018,716,1,101,504,128,24,4,2,707,60.5,136,Safe
Kensington-Chinatown (78),2018,714,0,75,523,140,23,25,11,688,60.0,137,Moderate
Downtown Yonge East (168),2018,716,0,91,516,132,30,19,7,686,59.0,138,Moderate
Humber Summit (21),2018,742,2,103,503,160,15,2,4,724,58.8,139,Moderate
Bendale-Glen Andrew (156),2018,784,1,110,477,212,12,1,3,765,56.1,140,Moderate
Banbury-Don Mills (42),2018,894,0,121,678,104,10,0,3,880,55.8,141,Moderate
Moss Park (73),2018,696,1,122,483,114,37,21,9,671,55.8,141,Moderate
Harbourfront-CityPlace (165),2018,896,0,89,707,119,17,13,7,854,55.7,143,Moderate
South Parkdale (85),2018,877,2,109,665,120,11,5,6,858,55.2,144,Moderate
Wellington Place (164),2018,867,0,85,648,172,29,33,8,843,51.5,145,Moderate
Yorkdale-Glen Park (31),2018,927,1,94,596,262,29,4,1,894,49.4,146,Moderate
Milliken (130),2018,970,0,134,663,186,20,9,5,950,47.2,147,Moderate
Agincourt South-Malvern West (128),2018,932,0,165,668,115,28,5,8,908,47.0,148,Moderate
Woburn North (142),2018,936,1,176,650,129,21,2,8,913,45.9,149,Moderate
Annex (95),2018,974,2,114,702,182,32,34,7,933,44.4,150,Moderate
Yonge-Bay Corridor (170),2018,1076,1,111,842,151,31,25,11,1041,43.1,151,Moderate
St Lawrence-East Bayfront-The Islands (166),2018,1135,0,113,851,186,22,13,12,1098,42.6,152,Moderate
South Riverdale (70),2018,986,2,144,692,171,23,32,12,948,42.1,153,Moderate
Etobicoke City Centre (159),2018,1052,1,156,700,221,20,3,4,1019,41.3,154,Moderate
Dorset Park (126),2018,1042,2,182,724,147,28,2,14,1019,39.9,155,Risky
York University Heights (27),2018,1224,0,175,839,241,36,7,8,1183,31.0,156,Risky
West Humber-Clairville (1),2018,1636,1,248,1067,372,28,11,9,1587,5.5,157,Very Risky
Wexford/Maryvale (119),2018,1871,0,281,1349,261,25,10,9,1842,0.0,158,Very Risky
Lambton Baby Point (114),2019,15,0,1,9,6,0,0,0,15,100.0,1,Very Safe
Humewood-Cedarvale (106),2019,108,0,5,92,14,1,0,0,106,96.4,2,Very Safe
Guildwood (140),2019,93,0,12,68,15,0,0,1,92,96.2,3,Very Safe
Blake-Jones (69),2019,84,0,9,50,29,1,4,0,84,95.9,4,Very Safe
Woodbine-Lumsden (60),2019,102,0,15,73,15,2,3,0,101,95.3,5,Very Safe
Centennial Scarborough (133),2019,111,0,14,77,23,3,1,0,110,94.9,6,Very Safe
Caledonia-Fairbank (109),2019,112,1,15,84,20,2,1,0,110,94.5,7,Very Safe
Avondale (153),2019,131,0,11,107,22,5,0,0,130,94.3,8,Very Safe
Markland Wood (12),2019,122,0,17,93,21,3,1,0,121,94.2,9,Very Safe
Playter Estates-Danforth (67),2019,138,0,13,108,22,2,5,1,137,93.8,10,Very Safe
Woodbine Corridor (64),2019,140,0,17,102,24,0,3,0,139,93.8,10,Very Safe
Westminster-Branson (35),2019,117,0,20,86,26,4,1,0,114,93.6,12,Very Safe
Princess-Rosethorn (10),2019,139,0,21,109,19,0,4,0,138,93.3,13,Very Safe
South Eglinton-Davisville (174),2019,154,0,15,121,22,5,0,1,151,93.3,13,Very Safe
Maple Leaf (29),2019,147,0,17,118,24,5,1,0,144,93.0,15,Very Safe
Long Branch (19),2019,145,0,20,111,23,5,3,1,145,92.7,16,Very Safe
Broadview North (57),2019,164,0,22,120,26,0,2,1,161,92.5,17,Very Safe
Eringate-Centennial-West Deane (11),2019,177,0,15,147,23,3,2,0,176,92.5,17,Very Safe
Alderwood (20),2019,172,0,22,136,19,3,0,0,172,92.4,19,Very Safe
Etobicoke West Mall (13),2019,144,0,27,101,23,7,0,1,140,92.2,20,Very Safe
Willowdale West (37),2019,162,0,16,124,31,8,2,1,158,92.1,21,Very Safe
Taylor-Massey (61),2019,140,0,22,82,46,4,4,0,138,92.0,22,Very Safe
Bayview Woods-Steeles (49),2019,196,0,23,165,12,4,0,0,193,91.8,23,Very Safe
North St.James Town (74),2019,153,0,24,111,29,4,5,1,150,91.7,24,Very Safe
Henry Farm (53),2019,194,0,14,145,44,4,0,0,193,91.5,25,Very Safe
New Toronto (18),2019,154,0,23,112,28,8,6,0,147,91.5,25,Very Safe
Humbermede (22),2019,188,0,19,146,35,3,1,0,188,91.4,27,Very Safe
Edenbridge-Humber Valley (9),2019,183,0,27,139,25,5,0,0,181,91.2,28,Very Safe
Yonge-St.Clair (97),2019,220,0,16,177,32,2,5,1,219,90.7,29,Very Safe
Danforth East York (59),2019,192,0,28,134,35,4,3,0,187,90.4,30,Very Safe
Highland Creek (134),2019,213,0,27,155,36,0,1,0,209,90.4,30,Very Safe
Mount Dennis (115),2019,169,0,31,120,34,8,2,1,167,90.2,32,Very Safe
Briar Hill-Belgravia (108),2019,204,1,22,160,37,5,1,0,201,90.0,33,Very Safe
Humber Heights-Westmount (8),2019,207,0,27,169,25,1,6,2,203,89.9,34,Very Safe
Regent Park (72),2019,171,1,32,111,31,7,5,2,168,89.9,34,Very Safe
O'Connor-Parkview (54),2019,212,1,20,155,44,3,2,3,210,89.8,36,Very Safe
Keelesdale-Eglinton West (110),2019,217,0,23,172,37,5,3,0,213,89.6,37,Very Safe
Victoria Village (43),2019,209,0,31,145,36,5,2,0,206,89.6,37,Very Safe
Pleasant View (46),2019,234,0,29,181,30,5,0,0,232,89.3,39,Very Safe
Elms-Old Rexdale (5),2019,225,0,27,173,40,2,2,1,221,89.2,40,Very Safe
Greenwood-Coxwell (65),2019,228,0,22,157,57,3,2,1,225,89.2,40,Very Safe
Scarborough Village (139),2019,209,0,27,134,56,6,0,2,205,89.1,42,Very Safe
Englemount-Lawrence (32),2019,226,0,23,177,46,8,0,0,223,88.9,43,Very Safe
Kingsway South (15),2019,201,1,33,151,25,9,1,4,196,88.9,43,Very Safe
Lawrence Park South (103),2019,272,0,20,232,32,2,1,0,270,88.9,43,Very Safe
Runnymede-Bloor West Village (89),2019,240,0,19,189,43,7,3,2,238,88.9,43,Very Safe
Weston-Pelham Park (91),2019,234,0,23,184,37,8,5,1,232,88.7,47,Very Safe
North Toronto (173),2019,257,1,12,205,56,5,1,1,252,88.6,48,Very Safe
Beechborough-Greenbrook (112),2019,252,0,25,204,41,6,2,1,248,88.1,49,Very Safe
Danforth (66),2019,231,0,25,166,47,10,5,2,230,88.1,49,Very Safe
Little Portugal (84),2019,240,0,18,189,55,5,9,1,236,88.0,51,Very Safe
Oakwood Village (107),2019,210,0,34,155,38,13,3,1,207,87.9,52,Very Safe
Rexdale-Kipling (4),2019,267,0,28,213,40,5,0,1,260,87.8,53,Very Safe
Rustic (28),2019,269,0,32,223,30,3,0,1,265,87.8,53,Very Safe
Morningside (135),2019,240,0,41,167,40,6,0,2,238,87.4,55,Very Safe
North Riverdale (68),2019,248,0,31,191,39,3,5,6,239,87.4,55,Very Safe
Oakridge (121),2019,218,1,44,152,32,9,2,1,213,87.3,57,Very Safe
Pelmo Park-Humberlea (23),2019,251,0,31,186,48,7,3,1,248,87.3,57,Very Safe
Bridle Path-Sunnybrook-York Mills (41),2019,284,1,30,215,43,3,0,0,276,87.2,59,Very Safe
Dufferin Grove (83),2019,255,0,19,197,62,3,10,3,251,87.1,60,Very Safe
Palmerston-Little Italy (80),2019,235,0,23,186,45,10,12,3,225,87.1,60,Very Safe
Yonge-Eglinton (100),2019,295,0,18,241,53,6,3,2,293,86.9,62,Very Safe
East Willowdale (152),2019,297,0,28,241,36,7,2,1,291,86.8,63,Very Safe
Fenside-Parkwoods (150),2019,288,0,32,223,41,5,0,2,284,86.8,63,Very Safe
Forest Hill South (101),2019,298,0,28,231,52,2,2,1,296,86.6,65,Very Safe
West Queen West (162),2019,241,0,26,186,47,11,11,5,234,86.5,66,Very Safe
Yonge-Doris (151),2019,296,1,26,238,46,6,0,2,289,86.4,67,Very Safe
Mount Pleasant East (99),2019,326,0,21,259,56,5,1,2,319,86.0,68,Very Safe
Ionview (125),2019,316,0,32,251,42,5,2,0,310,85.9,69,Very Safe
Lansing-Westgate (38),2019,301,1,30,243,42,8,1,0,294,85.9,69,Very Safe
West Rouge (143),2019,287,1,42,208,42,4,0,0,282,85.9,69,Very Safe
Forest Hill North (102),2019,365,0,23,315,37,3,1,1,359,85.5,72,Very Safe
Wychwood (94),2019,265,1,32,198,49,12,6,4,261,85.4,73,Very Safe
Humber Bay Shores (161),2019,283,0,43,218,38,9,1,2,279,85.3,74,Very Safe
Lawrence Park North (105),2019,353,1,20,294,52,5,2,0,348,85.1,75,Very Safe
Cliffcrest (123),2019,275,0,51,183,49,5,2,3,270,84.9,76,Very Safe
Brookhaven-Amesbury (30),2019,329,1,32,271,48,6,2,1,328,84.4,77,Very Safe
Thistletown-Beaumond Heights (3),2019,314,1,38,236,57,5,2,1,306,84.3,78,Very Safe
Bay-Cloverhill (169),2019,296,0,37,233,43,12,11,1,294,84.2,79,Very Safe
Parkwoods-O'Connor Hills (149),2019,333,1,45,245,50,4,0,2,327,83.8,80,Very Safe
Weston (113),2019,287,0,47,219,47,13,2,2,285,83.8,80,Very Safe
Kennedy Park (124),2019,299,1,46,195,66,11,2,1,292,83.5,82,Very Safe
Clanton Park (33),2019,319,0,48,236,56,7,1,0,314,83.4,83,Very Safe
Dovercourt Village (172),2019,377,0,29,303,57,4,7,2,366,83.2,84,Very Safe
East L'Amoreaux (148),2019,333,0,52,241,41,15,1,1,328,82.9,85,Very Safe
Mimico-Queensway (160),2019,340,0,44,270,48,8,7,1,335,82.6,86,Very Safe
Bendale South (157),2019,320,0,72,213,40,3,0,1,312,82.5,87,Very Safe
Cabbagetown-South St.James Town (71),2019,321,0,45,228,65,12,9,1,316,82.2,88,Very Safe
Roncesvalles (86),2019,349,0,35,273,65,8,8,4,341,82.2,88,Very Safe
High Park North (88),2019,393,0,37,325,45,6,5,5,383,82.0,90,Very Safe
University (79),2019,327,1,38,252,51,13,17,2,318,81.9,91,Very Safe
Willowridge-Martingrove-Richview (7),2019,358,0,54,276,50,6,1,1,350,81.8,92,Very Safe
Kingsview Village-The Westway (6),2019,322,1,56,246,44,13,2,2,311,81.7,93,Very Safe
Church-Wellesley (167),2019,342,0,39,256,63,15,12,3,336,81.5,94,Very Safe
Junction-Wallace Emerson (171),2019,385,0,26,314,76,7,12,2,376,81.3,95,Very Safe
Casa Loma (96),2019,433,0,30,365,59,7,7,0,428,80.9,96,Very Safe
Islington (158),2019,405,0,40,329,61,8,2,3,400,80.8,97,Very Safe
Rockcliffe-Smythe (111),2019,369,1,41,287,64,15,4,2,367,80.7,98,Very Safe
Downsview (155),2019,412,0,33,338,74,7,4,5,408,80.3,99,Very Safe
Fort York-Liberty Village (163),2019,381,0,42,296,59,12,10,6,371,80.3,99,Very Safe
Thorncliffe Park (55),2019,403,0,43,277,95,17,2,1,396,79.3,101,Safe
Trinity-Bellwoods (81),2019,388,0,36,287,93,10,17,5,380,78.8,102,Safe
Old East York (58),2019,449,0,64,352,40,8,2,1,444,78.6,103,Safe
Steeles (116),2019,368,2,74,247,50,14,5,0,363,78.6,103,Safe
Black Creek (24),2019,408,1,55,318,70,13,2,1,401,78.1,105,Safe
Hillcrest Village (48),2019,420,1,64,292,74,13,0,1,417,77.8,106,Safe
High Park-Swansea (87),2019,449,0,50,349,79,10,3,1,443,77.7,107,Safe
Birchcliffe-Cliffside (122),2019,431,0,63,295,81,7,4,5,422,77.5,108,Safe
Leaside-Bennington (56),2019,466,1,50,358,77,7,0,5,463,77.5,108,Safe
Bayview Village (52),2019,466,0,46,353,90,12,1,2,461,77.3,110,Safe
Newtonbrook East (50),2019,467,0,60,363,57,11,2,2,462,77.3,110,Safe
Oakdale-Beverley Heights (154),2019,419,0,61,306,89,12,3,1,412,76.9,112,Safe
Flemingdon Park (44),2019,449,1,67,318,71,8,5,3,441,76.6,113,Safe
L'Amoreaux West (147),2019,403,1,75,272,67,19,3,1,396,76.6,113,Safe
Bedford Park-Nortown (39),2019,511,0,51,419,63,11,2,2,503,76.4,115,Safe
Corso Italia-Davenport (92),2019,472,0,44,368,94,15,8,2,467,76.0,116,Safe
Eglinton East (138),2019,398,0,87,253,74,18,1,2,391,75.8,117,Safe
Bathurst Manor (34),2019,508,1,56,399,76,6,3,3,500,75.5,118,Safe
East End-Danforth (62),2019,524,0,59,385,95,7,6,4,515,74.3,119,Safe
Glenfield-Jane Heights (25),2019,485,0,62,365,108,11,2,1,475,74.0,120,Safe
West Hill (136),2019,461,1,73,319,84,15,9,5,450,73.8,121,Safe
Newtonbrook West (36),2019,503,0,61,378,92,18,4,4,493,73.6,122,Safe
Malvern West (145),2019,490,0,90,329,86,8,0,1,484,73.5,123,Safe
Stonegate-Queensway (16),2019,535,1,57,425,79,12,7,3,524,73.5,123,Safe
Mount Olive-Silverstone-Jamestown (2),2019,470,0,81,337,98,12,5,0,462,72.8,125,Safe
The Beaches (63),2019,553,0,69,414,90,10,10,12,541,71.1,126,Safe
Malvern East (146),2019,533,0,98,352,98,19,3,2,520,69.6,127,Safe
Don Valley Village (47),2019,605,1,68,451,104,24,2,1,590,69.3,128,Safe
Tam O'Shanter-Sullivan (118),2019,606,1,85,435,99,15,5,2,593,68.5,129,Safe
St.Andrew-Windfields (40),2019,734,0,79,605,65,7,2,2,726,67.4,130,Safe
Golfdale-Cedarbrae-Woburn (141),2019,613,2,98,428,108,15,1,2,600,66.6,131,Safe
Agincourt North (129),2019,620,1,108,431,88,18,5,1,611,66.3,132,Safe
Junction Area (90),2019,735,0,54,600,120,10,10,3,725,66.2,133,Safe
Morningside Heights (144),2019,655,0,102,446,117,9,3,3,647,65.9,134,Safe
Rosedale-Moore Park (98),2019,730,1,71,572,121,24,14,8,717,62.5,135,Safe
Moss Park (73),2019,647,0,108,462,98,28,26,2,634,62.1,136,Safe
South Parkdale (85),2019,802,1,70,668,111,18,5,6,791,61.8,137,Safe
Downtown Yonge East (168),2019,719,1,77,545,131,33,16,7,702,61.0,138,Safe
Humber Summit (21),2019,780,3,85,614,130,12,2,2,769,61.0,138,Safe
Kensington-Chinatown (78),2019,711,0,73,546,145,30,23,5,698,60.7,140,Safe
Bendale-Glen Andrew (156),2019,806,1,104,545,168,21,1,1,791,58.5,141,Moderate
Harbourfront-CityPlace (165),2019,881,0,76,724,118,20,18,6,863,57.8,142,Moderate
Clairlea-Birchmount (120),2019,797,0,121,568,130,21,5,3,785,57.7,143,Moderate
Wellington Place (164),2019,860,0,69,683,151,28,16,10,837,57.0,144,Moderate
Banbury-Don Mills (42),2019,912,1,117,683,123,7,0,3,897,56.6,145,Moderate
Yorkdale-Glen Park (31),2019,941,1,71,739,211,16,5,3,927,53.8,146,Moderate
Annex (95),2019,961,0,77,786,152,30,14,8,941,53.0,147,Moderate
Agincourt South-Malvern West (128),2019,968,1,115,702,166,17,2,1,961,52.7,148,Moderate
Woburn North (142),2019,940,3,162,663,136,17,3,1,933,49.2,149,Moderate
South Riverdale (70),2019,954,0,116,689,194,23,23,12,932,48.0,150,Moderate
Etobicoke City Centre (159),2019,1048,1,115,810,213,18,2,8,1033,45.7,151,Moderate
Yonge-Bay Corridor (170),2019,1087,1,91,882,180,28,27,9,1065,45.2,152,Moderate
Milliken (130),2019,1007,2,162,677,185,22,17,1,997,44.3,153,Moderate
Dorset Park (126),2019,1135,0,169,824,167,14,4,4,1121,42.3,154,Moderate
St Lawrence-East Bayfront-The Islands (166),2019,1253,0,121,1019,161,24,14,8,1227,40.4,155,Moderate
York University Heights (27),2019,1264,2,134,1029,173,30,5,6,1243,37.6,156,Risky
West Humber-Clairville (1),2019,1604,3,193,1229,272,31,10,7,1573,17.2,157,Very Risky
Wexford/Maryvale (119),2019,1929,3,271,1401,297,41,6,9,1908,0.0,158,Very Risky
Lambton Baby Point (114),2020,13,1,2,8,3,2,1,0,13,100.0,1,Very Safe
Guildwood (140),2020,59,0,8,46,7,1,0,1,58,96.8,2,Very Safe
Caledonia-Fairbank (109),2020,75,0,7,59,12,2,0,0,75,95.7,3,Very Safe
Humewood-Cedarvale (106),2020,77,0,7,60,10,1,3,0,76,95.5,4,Very Safe
Markland Wood (12),2020,60,1,10,44,9,1,1,1,60,95.5,4,Very Safe
Centennial Scarborough (133),2020,78,0,9,61,8,1,2,0,77,95.4,6,Very Safe
Princess-Rosethorn (10),2020,71,0,12,56,5,0,3,1,71,95.2,7,Very Safe
Blake-Jones (69),2020,70,0,8,58,5,3,6,0,68,95.1,8,Very Safe
Etobicoke West Mall (13),2020,70,0,10,52,11,5,0,0,70,95.0,9,Very Safe
Henry Farm (53),2020,94,0,4,75,20,2,0,0,92,94.6,10,Very Safe
Taylor-Massey (61),2020,80,0,10,61,10,3,3,1,77,94.3,11,Very Safe
Woodbine-Lumsden (60),2020,72,0,13,52,10,2,4,0,72,94.3,11,Very Safe
Maple Leaf (29),2020,93,0,9,75,13,2,2,1,92,93.7,13,Very Safe
Avondale (153),2020,90,0,13,71,9,3,1,1,87,93.5,14,Very Safe
Edenbridge-Humber Valley (9),2020,101,0,11,83,9,1,3,0,99,93.5,14,Very Safe
Highland Creek (134),2020,85,0,20,60,6,1,1,0,84,93.4,16,Very Safe
Willowdale West (37),2020,90,0,9,68,17,5,2,0,89,93.3,17,Very Safe
Bayview Woods-Steeles (49),2020,113,0,11,94,9,2,0,0,112,93.2,18,Very Safe
South Eglinton-Davisville (174),2020,103,0,13,79,11,5,0,1,101,92.7,19,Very Safe
Woodbine Corridor (64),2020,100,0,13,81,8,5,4,1,98,92.2,20,Very Safe
Kingsway South (15),2020,82,1,20,56,6,6,1,2,81,91.9,21,Very Safe
Victoria Village (43),2020,113,0,11,89,20,3,1,1,112,91.7,22,Very Safe
Eringate-Centennial-West Deane (11),2020,86,0,15,61,20,1,8,1,82,91.5,23,Very Safe
New Toronto (18),2020,102,0,13,72,23,2,3,2,99,91.5,23,Very Safe
Broadview North (57),2020,106,0,20,78,10,1,4,0,106,91.4,25,Very Safe
Humbermede (22),2020,130,0,9,101,24,0,1,2,128,91.4,25,Very Safe
O'Connor-Parkview (54),2020,131,0,10,108,18,2,0,1,130,91.4,25,Very Safe
Yonge-St.Clair (97),2020,140,0,9,122,15,1,1,0,138,91.4,25,Very Safe
North Toronto (173),2020,135,0,6,116,20,4,1,0,135,91.3,29,Very Safe
Alderwood (20),2020,104,0,16,79,13,3,5,1,103,91.2,30,Very Safe
East Willowdale (152),2020,127,0,17,106,7,2,1,0,127,91.2,30,Very Safe
Long Branch (19),2020,110,0,14,84,16,4,4,0,110,91.2,30,Very Safe
Pleasant View (46),2020,115,0,17,90,12,5,0,0,112,91.2,30,Very Safe
Danforth East York (59),2020,111,0,14,84,15,5,4,3,109,90.7,34,Very Safe
North St.James Town (74),2020,90,0,14,61,23,10,5,1,89,90.4,35,Very Safe
Playter Estates-Danforth (67),2020,99,0,18,73,13,2,12,0,97,90.3,36,Very Safe
Westminster-Branson (35),2020,100,0,18,67,23,6,4,0,99,90.2,37,Very Safe
Briar Hill-Belgravia (108),2020,131,0,13,100,21,6,1,1,128,90.0,38,Very Safe
Wychwood (94),2020,130,0,9,106,22,5,5,1,130,89.9,39,Very Safe
Yonge-Eglinton (100),2020,123,0,16,97,13,8,3,1,123,89.7,40,Very Safe
Englemount-Lawrence (32),2020,116,1,18,86,16,4,5,0,115,89.5,41,Very Safe
Mount Dennis (115),2020,112,0,24,78,13,6,2,1,111,89.5,41,Very Safe
Fenside-Parkwoods (150),2020,154,0,13,127,20,1,1,1,153,89.4,43,Very Safe
Yonge-Doris (151),2020,141,0,15,114,15,6,2,0,141,89.4,43,Very Safe
Lawrence Park South (103),2020,140,0,19,107,18,2,2,1,139,89.1,45,Very Safe
Bridle Path-Sunnybrook-York Mills (41),2020,136,0,18,98,25,6,0,1,135,88.7,46,Very Safe
Lansing-Westgate (38),2020,144,0,19,114,14,6,1,1,143,88.7,46,Very Safe
Weston-Pelham Park (91),2020,135,0,16,101,26,4,4,0,135,88.7,46,Very Safe
Danforth (66),2020,130,0,18,95,23,4,6,1,129,88.4,49,Very Safe
Forest Hill South (101),2020,158,0,17,130,15,4,0,2,158,88.4,49,Very Safe
Oakridge (121),2020,131,0,23,89,21,2,4,2,130,88.4,49,Very Safe
Bay-Cloverhill (169),2020,142,0,18,112,16,4,4,3,138,88.3,52,Very Safe
Runnymede-Bloor West Village (89),2020,142,0,15,113,25,5,4,0,139,88.2,53,Very Safe
Beechborough-Greenbrook (112),2020,156,0,15,115,33,1,2,1,152,88.0,54,Very Safe
West Queen West (162),2020,122,0,16,86,28,2,12,2,120,88.0,54,Very Safe
Humber Heights-Westmount (8),2020,150,0,20,114,22,4,2,0,148,87.9,56,Very Safe
Pelmo Park-Humberlea (23),2020,165,0,13,129,33,3,0,1,163,87.7,57,Very Safe
Greenwood-Coxwell (65),2020,164,0,17,130,23,1,4,1,163,87.5,58,Very Safe
North Riverdale (68),2020,162,0,17,131,18,3,5,1,161,87.5,58,Very Safe
Scarborough Village (139),2020,139,0,22,100,24,6,2,1,137,87.5,58,Very Safe
Oakwood Village (107),2020,169,0,17,137,21,2,3,1,168,87.4,61,Very Safe
Morningside (135),2020,149,1,23,110,18,3,2,1,147,87.3,62,Very Safe
Lawrence Park North (105),2020,210,0,9,185,20,3,2,0,210,86.7,63,Very Safe
Regent Park (72),2020,120,0,24,89,16,10,8,2,117,86.7,63,Very Safe
Parkwoods-O'Connor Hills (149),2020,162,0,26,112,25,2,2,0,162,86.6,65,Very Safe
Rexdale-Kipling (4),2020,144,0,28,95,25,3,4,0,144,86.6,65,Very Safe
University (79),2020,145,0,20,108,23,3,12,0,145,86.6,65,Very Safe
Keelesdale-Eglinton West (110),2020,164,0,17,126,28,8,2,0,162,86.5,68,Very Safe
Elms-Old Rexdale (5),2020,155,0,22,112,31,4,2,2,154,86.2,69,Very Safe
Steeles (116),2020,158,0,26,115,19,6,3,1,155,86.1,70,Very Safe
Little Portugal (84),2020,160,1,16,130,22,7,6,1,158,85.9,71,Very Safe
Forest Hill North (102),2020,215,0,13,179,26,2,0,1,215,85.8,72,Very Safe
Palmerston-Little Italy (80),2020,147,0,16,110,27,9,12,2,143,85.5,73,Very Safe
West Rouge (143),2020,175,0,27,133,19,6,2,2,172,84.9,74,Very Safe
Ionview (125),2020,168,0,31,127,15,8,1,1,167,84.8,75,Very Safe
Willowridge-Martingrove-Richview (7),2020,173,0,29,134,16,5,4,1,172,84.7,76,Very Safe
Church-Wellesley (167),2020,186,0,17,145,29,10,5,2,184,84.1,77,Very Safe
Mount Pleasant East (99),2020,209,0,19,168,28,6,3,1,209,83.7,78,Very Safe
Weston (113),2020,179,0,24,130,34,6,3,3,178,83.7,78,Very Safe
Cabbagetown-South St.James Town (71),2020,170,0,29,128,15,11,8,0,166,83.6,80,Very Safe
Thistletown-Beaumond Heights (3),2020,193,0,28,149,25,5,1,1,192,83.6,80,Very Safe
Rustic (28),2020,188,0,27,152,21,6,1,4,185,83.4,82,Very Safe
Humber Bay Shores (161),2020,210,0,22,174,24,3,5,1,207,83.3,83,Very Safe
Bendale South (157),2020,194,0,34,145,18,3,3,1,193,83.2,84,Very Safe
Dufferin Grove (83),2020,191,1,20,146,32,6,5,2,190,83.2,84,Very Safe
Hillcrest Village (48),2020,197,0,30,149,23,6,2,0,194,83.2,84,Very Safe
Kennedy Park (124),2020,155,0,34,100,27,10,4,2,152,83.2,84,Very Safe
Kingsview Village-The Westway (6),2020,196,0,31,147,24,5,0,2,194,83.1,88,Very Safe
East L'Amoreaux (148),2020,178,0,37,136,12,10,2,1,176,82.7,89,Very Safe
Newtonbrook East (50),2020,218,0,27,177,21,7,1,3,213,82.0,90,Very Safe
Leaside-Bennington (56),2020,233,0,29,189,21,5,0,0,233,81.9,91,Very Safe
Thorncliffe Park (55),2020,244,0,17,193,36,6,4,0,242,81.8,92,Very Safe
Casa Loma (96),2020,230,0,19,191,26,10,4,2,229,81.6,93,Very Safe
Clanton Park (33),2020,207,1,23,158,36,6,5,1,203,81.5,94,Very Safe
Cliffcrest (123),2020,193,1,32,142,23,6,6,2,190,81.5,94,Very Safe
Flemingdon Park (44),2020,219,0,36,165,21,7,2,1,218,80.8,96,Very Safe
Roncesvalles (86),2020,206,0,22,156,39,5,10,5,200,80.7,97,Very Safe
Bedford Park-Nortown (39),2020,240,0,32,198,18,6,5,0,238,80.0,98,Safe
Brookhaven-Amesbury (30),2020,235,0,27,181,35,10,2,1,229,79.8,99,Safe
L'Amoreaux West (147),2020,209,1,36,151,23,12,4,1,205,79.6,100,Safe
Newtonbrook West (36),2020,244,0,29,187,35,8,3,0,239,79.4,101,Safe
Don Valley Village (47),2020,255,0,28,202,33,8,2,0,253,79.2,102,Safe
Fort York-Liberty Village (163),2020,181,0,36,122,39,10,10,4,171,78.8,103,Safe
Trinity-Bellwoods (81),2020,214,0,28,158,38,9,16,1,210,78.4,104,Safe
Eglinton East (138),2020,215,0,39,149,37,9,6,3,213,77.9,105,Safe
Black Creek (24),2020,253,1,27,198,35,10,3,3,250,77.8,106,Safe
Bayview Village (52),2020,286,1,27,236,31,3,3,1,286,77.6,107,Safe
Islington (158),2020,239,1,34,186,30,8,6,1,238,77.6,107,Safe
Junction-Wallace Emerson (171),2020,257,0,23,208,36,6,14,2,254,77.6,107,Safe
High Park North (88),2020,236,0,29,188,30,9,15,1,232,77.5,110,Safe
Birchcliffe-Cliffside (122),2020,231,1,42,169,24,8,3,5,227,77.3,111,Safe
Mimico-Queensway (160),2020,239,2,31,184,35,7,8,2,234,77.0,112,Safe
Malvern West (145),2020,251,2,39,171,41,4,2,2,249,76.7,113,Safe
The Beaches (63),2020,318,0,24,262,38,5,5,1,316,75.9,114,Safe
Corso Italia-Davenport (92),2020,282,0,25,229,40,11,7,2,279,75.8,115,Safe
Rockcliffe-Smythe (111),2020,284,0,30,227,40,8,3,4,281,75.7,116,Safe
Dovercourt Village (172),2020,257,0,29,199,38,7,19,2,253,75.5,117,Safe
Downsview (155),2020,270,1,35,210,35,11,3,1,269,75.5,117,Safe
Old East York (58),2020,296,0,36,247,21,7,5,2,295,75.5,117,Safe
Bathurst Manor (34),2020,272,0,41,211,30,6,8,1,270,75.2,120,Safe
High Park-Swansea (87),2020,247,0,39,183,33,12,13,2,242,74.9,121,Safe
Mount Olive-Silverstone-Jamestown (2),2020,264,2,35,195,44,11,5,1,261,74.4,122,Safe
St.Andrew-Windfields (40),2020,329,0,34,264,38,5,0,1,327,74.4,122,Safe
Malvern East (146),2020,304,0,44,233,38,6,0,0,304,73.9,124,Safe
Oakdale-Beverley Heights (154),2020,290,0,35,221,46,15,5,0,286,73.3,125,Safe
Agincourt North (129),2020,310,0,46,245,25,7,5,0,309,73.2,126,Safe
Stonegate-Queensway (16),2020,345,0,39,282,36,5,8,3,341,70.8,127,Safe
East End-Danforth (62),2020,312,0,39,243,41,12,12,3,309,70.6,128,Safe
Rosedale-Moore Park (98),2020,362,0,34,298,42,7,7,4,355,70.0,129,Safe
Golfdale-Cedarbrae-Woburn (141),2020,372,0,45,296,42,5,8,2,371,68.2,130,Safe
Tam O'Shanter-Sullivan (118),2020,359,2,43,278,44,13,3,2,357,67.8,131,Safe
Glenfield-Jane Heights (25),2020,343,0,47,250,64,13,2,2,338,67.5,132,Safe
Bendale-Glen Andrew (156),2020,398,0,38,298,74,4,2,2,397,67.2,133,Safe
Downtown Yonge East (168),2020,314,0,53,237,36,15,18,2,308,67.0,134,Safe
Harbourfront-CityPlace (165),2020,401,0,43,327,49,10,10,3,397,64.7,135,Safe
Kensington-Chinatown (78),2020,382,1,34,302,61,11,19,4,374,64.4,136,Safe
Morningside Heights (144),2020,399,0,55,301,55,10,5,2,394,63.8,137,Safe
Humber Summit (21),2020,431,0,40,341,63,12,2,5,426,63.7,138,Safe
Banbury-Don Mills (42),2020,459,1,48,376,44,6,3,2,456,62.8,139,Safe
Clairlea-Birchmount (120),2020,403,1,57,299,61,12,4,2,399,62.1,140,Safe
Wellington Place (164),2020,353,0,50,265,57,26,16,3,349,62.0,141,Safe
Junction Area (90),2020,463,0,36,390,55,10,12,4,460,61.5,142,Safe
South Parkdale (85),2020,457,0,45,378,51,10,11,4,451,60.8,143,Safe
West Hill (136),2020,357,2,72,252,46,15,11,3,352,60.6,144,Safe
Yonge-Bay Corridor (170),2020,446,0,41,365,55,12,22,1,443,60.3,145,Safe
Yorkdale-Glen Park (31),2020,481,1,45,390,62,12,5,2,477,59.3,146,Moderate
Agincourt South-Malvern West (128),2020,473,2,56,372,53,13,3,1,471,58.7,147,Moderate
St Lawrence-East Bayfront-The Islands (166),2020,523,2,39,432,58,10,17,3,517,56.4,148,Moderate
Milliken (130),2020,517,0,60,412,53,14,6,1,514,56.0,149,Moderate
Woburn North (142),2020,498,0,88,372,52,10,3,1,496,53.2,150,Moderate
Annex (95),2020,505,1,53,404,65,16,23,2,501,52.7,151,Moderate
Etobicoke City Centre (159),2020,566,0,66,441,80,7,4,1,563,51.4,152,Moderate
Moss Park (73),2020,458,1,78,359,39,26,19,3,452,51.3,153,Moderate
South Riverdale (70),2020,599,0,79,464,76,14,22,6,593,42.6,154,Moderate
Dorset Park (126),2020,686,1,80,541,77,11,3,1,683,41.9,155,Moderate
York University Heights (27),2020,744,1,88,589,100,14,6,1,742,33.8,156,Risky
West Humber-Clairville (1),2020,890,0,107,672,144,15,4,2,881,20.4,157,Risky
Wexford/Maryvale (119),2020,1103,1,152,844,121,21,9,6,1093,0.0,158,Very Risky
Lambton Baby Point (114),2021,12,0,3,8,3,3,0,0,12,100.0,1,Very Safe
Centennial Scarborough (133),2021,55,0,9,41,6,1,0,0,54,96.8,2,Very Safe
Guildwood (140),2021,57,0,9,41,8,1,0,0,57,96.6,3,Very Safe
Willowdale West (37),2021,56,0,6,43,12,1,1,0,56,96.6,3,Very Safe
Markland Wood (12),2021,61,0,10,49,5,0,1,1,60,96.1,5,Very Safe
Taylor-Massey (61),2021,64,0,8,42,18,0,1,0,64,95.7,6,Very Safe
Avondale (153),2021,72,0,9,58,10,2,1,0,72,95.1,7,Very Safe
Humewood-Cedarvale (106),2021,72,0,5,56,17,3,1,1,71,95.0,8,Very Safe
Etobicoke West Mall (13),2021,70,0,9,51,15,0,3,0,70,94.9,9,Very Safe
Caledonia-Fairbank (109),2021,74,0,7,58,17,2,1,0,74,94.8,10,Very Safe
Princess-Rosethorn (10),2021,68,1,10,49,15,1,2,0,67,94.3,11,Very Safe
Henry Farm (53),2021,77,0,11,56,11,5,0,1,77,94.2,12,Very Safe
Alderwood (20),2021,86,0,12,61,15,2,1,0,86,93.7,13,Very Safe
Blake-Jones (69),2021,69,0,12,47,12,4,6,1,69,93.5,14,Very Safe
Westminster-Branson (35),2021,75,0,11,52,19,2,4,0,75,93.5,14,Very Safe
Woodbine-Lumsden (60),2021,82,0,13,62,12,2,3,1,82,93.3,16,Very Safe
Playter Estates-Danforth (67),2021,82,0,10,59,17,1,5,2,81,93.2,17,Very Safe
Victoria Village (43),2021,109,0,10,87,14,2,0,0,108,93.0,18,Very Safe
Woodbine Corridor (64),2021,97,1,8,81,11,2,4,0,97,92.9,19,Very Safe
Eringate-Centennial-West Deane (11),2021,85,1,14,66,6,2,5,0,84,92.8,20,Very Safe
Bayview Woods-Steeles (49),2021,90,0,16,69,11,3,1,0,90,92.7,21,Very Safe
South Eglinton-Davisville (174),2021,109,0,7,84,23,1,1,1,107,92.7,21,Very Safe
Maple Leaf (29),2021,95,0,14,72,11,4,2,0,95,92.6,23,Very Safe
North St.James Town (74),2021,89,0,12,69,16,1,5,1,89,92.5,24,Very Safe
Pleasant View (46),2021,100,0,15,71,16,4,0,1,99,92.1,25,Very Safe
Englemount-Lawrence (32),2021,112,0,9,86,25,2,1,0,111,91.9,26,Very Safe
Long Branch (19),2021,92,1,14,70,17,2,4,1,92,91.3,27,Very Safe
Kingsway South (15),2021,105,0,12,80,19,3,5,1,104,91.2,28,Very Safe
Edenbridge-Humber Valley (9),2021,112,0,19,87,10,3,3,0,112,90.8,29,Very Safe
Forest Hill South (101),2021,141,0,6,120,22,1,3,0,141,90.8,29,Very Safe
O'Connor-Parkview (54),2021,130,0,12,102,19,2,2,0,130,90.8,29,Very Safe
Mount Dennis (115),2021,109,0,17,80,19,6,0,2,108,90.3,32,Very Safe
Yonge-St.Clair (97),2021,132,0,12,112,14,5,1,1,132,90.3,32,Very Safe
New Toronto (18),2021,103,1,13,79,16,8,3,2,102,90.2,34,Very Safe
Highland Creek (134),2021,119,0,21,86,16,2,1,1,117,90.1,35,Very Safe
Runnymede-Bloor West Village (89),2021,135,0,11,114,17,3,4,0,134,90.1,35,Very Safe
Weston-Pelham Park (91),2021,118,0,11,97,23,6,3,0,116,90.1,35,Very Safe
Broadview North (57),2021,120,1,17,90,16,1,1,3,120,90.0,38,Very Safe
Ionview (125),2021,155,0,14,128,16,1,0,0,154,89.8,39,Very Safe
Lawrence Park South (103),2021,142,0,11,122,20,4,1,0,142,89.7,40,Very Safe
Fenside-Parkwoods (150),2021,146,0,17,113,19,0,0,1,145,89.6,41,Very Safe
Wychwood (94),2021,120,0,14,88,25,6,3,2,120,89.3,42,Very Safe
Scarborough Village (139),2021,141,0,13,112,22,3,2,2,140,89.2,43,Very Safe
East Willowdale (152),2021,106,1,22,71,20,4,2,2,105,89.0,44,Very Safe
Oakridge (121),2021,132,0,17,97,21,7,1,2,132,88.8,45,Very Safe
Kennedy Park (124),2021,138,0,19,98,26,2,2,0,138,88.7,46,Very Safe
Yonge-Eglinton (100),2021,135,0,14,111,20,5,5,1,133,88.6,47,Very Safe
Elms-Old Rexdale (5),2021,141,0,23,102,26,1,1,0,141,87.9,48,Very Safe
Yonge-Doris (151),2021,143,0,20,109,18,5,4,0,141,87.9,48,Very Safe
Keelesdale-Eglinton West (110),2021,154,0,13,121,30,3,4,0,154,87.8,50,Very Safe
Rustic (28),2021,161,0,17,128,20,5,0,1,160,87.8,50,Very Safe
Morningside (135),2021,123,1,23,91,14,9,3,0,123,87.7,52,Very Safe
West Queen West (162),2021,123,0,17,96,18,10,9,0,121,87.7,52,Very Safe
Danforth East York (59),2021,139,0,21,101,20,6,5,0,138,87.6,54,Very Safe
Steeles (116),2021,136,1,22,101,16,4,5,0,136,87.6,54,Very Safe
Humbermede (22),2021,142,2,15,109,26,1,1,4,142,87.5,56,Very Safe
North Toronto (173),2021,150,0,16,125,19,6,5,1,148,87.3,57,Very Safe
East L'Amoreaux (148),2021,150,0,23,112,20,5,3,0,150,87.0,58,Very Safe
Regent Park (72),2021,126,0,24,90,19,6,7,2,125,87.0,58,Very Safe
Oakwood Village (107),2021,144,0,19,107,32,3,5,1,143,86.7,60,Very Safe
Beechborough-Greenbrook (112),2021,153,0,20,116,27,4,2,3,152,86.5,61,Very Safe
Bridle Path-Sunnybrook-York Mills (41),2021,151,0,23,111,23,6,4,0,151,86.4,62,Very Safe
Rexdale-Kipling (4),2021,150,0,29,112,14,5,3,0,150,86.4,62,Very Safe
Willowridge-Martingrove-Richview (7),2021,164,0,19,133,23,4,5,1,164,86.1,64,Very Safe
Dufferin Grove (83),2021,167,0,16,135,27,5,6,0,165,86.0,65,Very Safe
Lansing-Westgate (38),2021,160,0,16,129,35,5,3,0,158,86.0,65,Very Safe
Lawrence Park North (105),2021,189,0,14,157,24,6,3,0,186,85.9,67,Very Safe
Bay-Cloverhill (169),2021,156,1,18,120,20,5,9,2,153,85.8,68,Very Safe
Danforth (66),2021,149,0,25,114,16,3,11,1,148,85.8,68,Very Safe
Briar Hill-Belgravia (108),2021,130,0,28,88,22,10,5,1,130,85.7,70,Very Safe
Clanton Park (33),2021,183,0,14,144,36,5,1,1,183,85.7,70,Very Safe
Greenwood-Coxwell (65),2021,155,0,24,113,22,2,9,2,153,85.7,70,Very Safe
Little Portugal (84),2021,163,0,16,122,34,4,7,2,158,85.7,70,Very Safe
University (79),2021,162,0,17,123,29,3,11,1,160,85.6,74,Very Safe
Palmerston-Little Italy (80),2021,160,0,16,131,26,6,10,0,157,85.5,75,Very Safe
Cliffcrest (123),2021,153,1,24,105,29,5,5,0,152,85.3,76,Very Safe
Humber Heights-Westmount (8),2021,155,0,27,121,20,4,3,3,153,85.3,76,Very Safe
Bendale South (157),2021,187,0,25,148,18,3,3,0,187,85.2,78,Very Safe
Cabbagetown-South St.James Town (71),2021,175,0,17,137,27,4,7,3,171,85.2,78,Very Safe
Casa Loma (96),2021,199,0,15,174,23,1,3,3,197,85.2,78,Very Safe
North Riverdale (68),2021,155,1,20,113,28,6,7,1,153,85.2,78,Very Safe
Forest Hill North (102),2021,205,0,17,171,29,3,0,0,204,84.9,82,Very Safe
Leaside-Bennington (56),2021,215,0,14,178,28,5,3,0,215,84.5,83,Very Safe
Newtonbrook East (50),2021,183,1,27,143,19,5,2,0,183,84.2,84,Very Safe
Pelmo Park-Humberlea (23),2021,176,0,22,132,40,3,4,1,174,83.9,85,Very Safe
Black Creek (24),2021,186,0,26,142,27,4,4,1,183,83.8,86,Very Safe
L'Amoreaux West (147),2021,158,2,26,111,25,13,3,0,157,83.4,87,Very Safe
Mount Pleasant East (99),2021,192,0,27,147,27,6,1,1,192,83.4,87,Very Safe
Islington (158),2021,195,2,25,151,26,3,2,0,195,83.2,89,Very Safe
Parkwoods-O'Connor Hills (149),2021,197,0,34,146,19,4,2,0,197,83.2,89,Very Safe
Thistletown-Beaumond Heights (3),2021,196,1,26,147,35,4,1,0,195,82.7,91,Very Safe
Hillcrest Village (48),2021,196,0,33,142,27,5,4,0,195,82.2,92,Very Safe
Kingsview Village-The Westway (6),2021,200,0,35,148,27,3,1,1,199,82.1,93,Very Safe
Flemingdon Park (44),2021,219,0,27,173,27,8,0,0,218,82.0,94,Very Safe
West Rouge (143),2021,185,1,32,127,32,6,2,2,183,82.0,94,Very Safe
Church-Wellesley (167),2021,188,0,26,138,32,8,11,2,185,81.4,96,Very Safe
Roncesvalles (86),2021,196,0,23,157,35,10,6,1,194,81.4,96,Very Safe
Bayview Village (52),2021,239,0,23,185,38,5,1,0,236,81.3,98,Very Safe
Bathurst Manor (34),2021,228,0,29,185,25,6,1,1,228,81.1,99,Very Safe
Don Valley Village (47),2021,234,1,24,184,31,4,4,1,234,80.9,100,Very Safe
Mimico-Queensway (160),2021,201,1,31,151,29,5,7,0,199,80.9,100,Very Safe
Fort York-Liberty Village (163),2021,219,0,26,166,39,8,5,1,217,80.3,102,Very Safe
Weston (113),2021,183,1,29,124,43,12,4,2,182,80.3,102,Very Safe
Bedford Park-Nortown (39),2021,242,0,27,202,25,10,3,0,241,79.8,104,Safe
Brookhaven-Amesbury (30),2021,235,0,23,184,48,5,3,1,234,79.8,104,Safe
Thorncliffe Park (55),2021,234,0,25,161,56,4,5,0,231,79.7,106,Safe
Malvern West (145),2021,223,0,42,154,32,7,1,1,221,79.0,107,Safe
Eglinton East (138),2021,217,2,33,152,42,8,3,0,217,78.5,108,Safe
Birchcliffe-Cliffside (122),2021,229,2,33,172,28,10,3,2,228,78.3,109,Safe
High Park North (88),2021,216,1,34,166,26,8,14,3,215,77.5,110,Safe
Newtonbrook West (36),2021,244,0,38,181,37,6,5,0,243,77.5,110,Safe
Corso Italia-Davenport (92),2021,248,0,24,192,49,13,6,0,247,77.3,112,Safe
Trinity-Bellwoods (81),2021,226,0,28,165,48,6,18,0,223,77.2,113,Safe
Humber Bay Shores (161),2021,260,0,34,200,45,8,4,0,258,76.3,114,Safe
Rockcliffe-Smythe (111),2021,283,0,30,230,42,5,3,2,283,76.2,115,Safe
Dovercourt Village (172),2021,241,0,34,182,41,4,16,2,238,76.0,116,Safe
Junction-Wallace Emerson (171),2021,234,0,35,170,43,13,15,1,231,75.1,117,Safe
High Park-Swansea (87),2021,267,2,30,207,46,3,10,2,267,75.0,118,Safe
Stonegate-Queensway (16),2021,290,1,29,237,44,6,4,1,288,75.0,118,Safe
Old East York (58),2021,303,2,35,236,39,5,4,2,302,73.8,120,Safe
Tam O'Shanter-Sullivan (118),2021,287,2,36,214,42,9,7,1,287,73.4,121,Safe
East End-Danforth (62),2021,290,1,37,216,48,8,8,1,289,73.0,122,Safe
Downsview (155),2021,290,0,40,220,53,10,1,2,289,72.8,123,Safe
St.Andrew-Windfields (40),2021,320,0,46,246,38,6,4,1,319,72.0,124,Safe
Agincourt North (129),2021,289,0,52,203,47,8,6,1,289,71.4,125,Safe
Mount Olive-Silverstone-Jamestown (2),2021,302,0,49,217,57,4,5,3,299,70.7,126,Safe
Malvern East (146),2021,303,0,60,211,40,11,5,1,303,69.6,127,Safe
Downtown Yonge East (168),2021,308,1,37,238,46,11,20,2,304,69.3,128,Safe
The Beaches (63),2021,317,0,43,231,52,11,15,5,312,68.6,129,Safe
Rosedale-Moore Park (98),2021,365,0,42,289,43,6,17,3,357,67.4,130,Safe
Glenfield-Jane Heights (25),2021,356,0,47,270,72,8,5,2,356,66.0,131,Safe
Morningside Heights (144),2021,365,0,67,253,55,6,2,2,365,65.2,132,Safe
Bendale-Glen Andrew (156),2021,397,0,50,292,71,7,2,1,395,65.0,133,Safe
Golfdale-Cedarbrae-Woburn (141),2021,362,0,62,262,52,12,6,0,361,64.8,134,Safe
West Hill (136),2021,357,0,67,238,61,7,6,3,356,64.4,135,Safe
Oakdale-Beverley Heights (154),2021,350,0,51,248,78,18,4,1,348,64.3,136,Safe
Clairlea-Birchmount (120),2021,388,0,63,291,46,11,4,0,387,64.1,137,Safe
Humber Summit (21),2021,479,0,35,403,62,8,1,1,479,63.2,138,Safe
Junction Area (90),2021,472,0,33,401,61,6,6,6,468,62.5,139,Safe
South Parkdale (85),2021,474,0,41,405,47,11,5,3,474,61.9,140,Safe
Woburn North (142),2021,434,0,68,324,48,8,4,2,431,61.1,141,Safe
Wellington Place (164),2021,398,0,41,309,70,12,27,4,395,60.7,142,Safe
Harbourfront-CityPlace (165),2021,468,1,44,376,64,12,4,3,463,60.4,143,Safe
Moss Park (73),2021,383,2,62,281,53,19,16,0,381,59.7,144,Moderate
Banbury-Don Mills (42),2021,467,1,59,351,75,9,4,3,465,57.8,145,Moderate
Kensington-Chinatown (78),2021,391,1,55,294,64,18,31,4,385,56.9,146,Moderate
Agincourt South-Malvern West (128),2021,460,0,89,332,51,18,2,2,459,54.4,147,Moderate
Yorkdale-Glen Park (31),2021,524,2,48,419,89,8,9,5,520,53.3,148,Moderate
Etobicoke City Centre (159),2021,542,1,72,424,79,11,0,5,537,50.4,149,Moderate
Yonge-Bay Corridor (170),2021,492,0,72,379,58,17,30,5,483,49.7,150,Moderate
Annex (95),2021,529,1,62,408,85,18,24,5,524,47.6,151,Moderate
Milliken (130),2021,539,1,97,382,78,8,16,3,538,45.4,152,Moderate
Dorset Park (126),2021,609,1,84,457,84,14,3,3,607,44.6,153,Moderate
South Riverdale (70),2021,580,1,79,427,91,18,24,6,575,42.0,154,Moderate
St Lawrence-East Bayfront-The Islands (166),2021,681,2,68,550,88,14,17,9,676,38.7,155,Risky
York University Heights (27),2021,706,3,72,560,124,17,16,4,700,33.2,156,Risky
West Humber-Clairville (1),2021,837,2,129,627,141,11,8,2,832,18.1,157,Very Risky
Wexford/Maryvale (119),2021,1108,2,150,834,142,19,10,3,1104,0.0,158,Very Risky
Lambton Baby Point (114),2022,24,0,5,19,1,2,0,0,24,100.0,1,Very Safe
Blake-Jones (69),2022,65,0,8,50,10,2,3,1,64,97.0,2,Very Safe
Humewood-Cedarvale (106),2022,84,0,7,69,10,1,0,0,84,97.0,2,Very Safe
Guildwood (140),2022,72,1,8,60,7,2,1,0,72,96.8,4,Very Safe
Centennial Scarborough (133),2022,85,1,5,72,14,1,0,0,85,96.4,5,Very Safe
Willowdale West (37),2022,113,0,4,101,12,1,0,2,110,95.7,6,Very Safe
Caledonia-Fairbank (109),2022,97,1,7,82,9,2,2,1,97,95.6,7,Very Safe
Etobicoke West Mall (13),2022,98,0,11,81,6,2,3,0,95,95.6,7,Very Safe
Woodbine-Lumsden (60),2022,94,0,8,82,11,2,3,1,94,95.5,9,Very Safe
Avondale (153),2022,121,0,4,109,9,3,1,1,119,95.4,10,Very Safe
Princess-Rosethorn (10),2022,124,0,15,107,2,2,0,0,123,94.6,11,Very Safe
Markland Wood (12),2022,113,0,12,93,9,3,3,1,111,94.5,12,Very Safe
Taylor-Massey (61),2022,106,0,11,83,22,2,2,0,106,94.3,13,Very Safe
Maple Leaf (29),2022,121,0,16,100,5,3,3,0,120,94.0,14,Very Safe
Henry Farm (53),2022,129,0,8,108,19,3,2,0,129,93.9,15,Very Safe
Danforth East York (59),2022,133,0,9,116,16,3,2,0,133,93.7,16,Very Safe
Alderwood (20),2022,128,0,16,104,8,2,4,0,124,93.6,17,Very Safe
Westminster-Branson (35),2022,109,1,14,84,11,6,4,0,108,93.6,17,Very Safe
Kingsway South (15),2022,145,0,14,126,5,2,2,1,143,93.3,19,Very Safe
New Toronto (18),2022,131,0,13,105,14,4,4,0,130,93.3,19,Very Safe
North St.James Town (74),2022,108,0,13,85,14,8,6,0,106,93.3,19,Very Safe
Weston-Pelham Park (91),2022,129,0,16,103,12,3,2,1,129,93.3,19,Very Safe
Edenbridge-Humber Valley (9),2022,149,0,12,128,9,1,3,2,148,93.1,23,Very Safe
Yonge-St.Clair (97),2022,147,0,8,132,11,3,5,1,144,93.1,23,Very Safe
South Eglinton-Davisville (174),2022,136,0,9,118,17,6,5,0,131,92.8,25,Very Safe
Playter Estates-Danforth (67),2022,138,0,12,114,24,3,1,0,137,92.7,26,Very Safe
Woodbine Corridor (64),2022,123,0,18,93,20,3,4,2,122,92.3,27,Very Safe
Yonge-Eglinton (100),2022,174,0,11,159,7,4,1,0,174,92.3,27,Very Safe
Eringate-Centennial-West Deane (11),2022,142,0,18,115,13,5,1,1,140,92.2,29,Very Safe
Regent Park (72),2022,138,0,14,111,21,4,5,0,135,92.1,30,Very Safe
Briar Hill-Belgravia (108),2022,151,1,12,122,18,8,1,1,147,91.7,31,Very Safe
Danforth (66),2022,146,0,16,118,23,1,5,0,146,91.7,31,Very Safe
Long Branch (19),2022,138,0,20,108,11,5,3,4,135,91.7,31,Very Safe
O'Connor-Parkview (54),2022,149,0,17,123,16,6,2,0,149,91.7,31,Very Safe
Victoria Village (43),2022,142,1,19,116,12,4,2,1,141,91.7,31,Very Safe
Broadview North (57),2022,161,0,16,134,19,4,2,0,161,91.4,36,Very Safe
Bayview Woods-Steeles (49),2022,167,0,17,143,12,7,0,0,167,91.3,37,Very Safe
Runnymede-Bloor West Village (89),2022,180,0,11,158,12,3,7,1,176,91.2,38,Very Safe
Pleasant View (46),2022,175,0,14,150,17,3,3,1,174,91.1,39,Very Safe
Wychwood (94),2022,168,0,17,141,11,5,6,0,167,91.0,40,Very Safe
Englemount-Lawrence (32),2022,177,0,14,152,18,6,2,0,177,90.8,41,Very Safe
Beechborough-Greenbrook (112),2022,145,1,24,109,13,6,2,2,143,90.7,42,Very Safe
Forest Hill South (101),2022,187,0,18,162,10,5,2,0,186,90.5,43,Very Safe
Yonge-Doris (151),2022,209,0,13,184,17,1,1,0,209,90.5,43,Very Safe
Little Portugal (84),2022,166,0,15,142,11,8,11,0,160,90.3,45,Very Safe
Oakwood Village (107),2022,178,0,21,138,20,3,4,1,178,90.1,46,Very Safe
Rexdale-Kipling (4),2022,186,0,25,153,11,2,1,1,184,90.0,47,Very Safe
Lawrence Park South (103),2022,178,0,22,147,14,8,1,0,178,89.9,48,Very Safe
Mount Dennis (115),2022,150,0,31,109,12,6,1,4,148,89.9,48,Very Safe
Elms-Old Rexdale (5),2022,187,0,26,150,15,3,0,1,185,89.6,50,Very Safe
North Toronto (173),2022,215,0,6,191,27,6,4,0,213,89.5,51,Very Safe
Keelesdale-Eglinton West (110),2022,195,0,22,160,14,4,4,1,192,89.4,52,Very Safe
East Willowdale (152),2022,200,0,25,167,11,2,4,0,200,89.2,53,Very Safe
Highland Creek (134),2022,184,0,26,144,20,4,3,0,183,89.1,54,Very Safe
Palmerston-Little Italy (80),2022,174,0,20,140,19,6,10,1,167,89.1,54,Very Safe
Ionview (125),2022,200,0,25,165,17,1,3,0,198,89.0,56,Very Safe
Bay-Cloverhill (169),2022,171,1,17,145,16,7,12,1,166,88.9,57,Very Safe
Humbermede (22),2022,218,0,21,183,14,5,0,1,217,88.9,57,Very Safe
Lansing-Westgate (38),2022,192,0,25,156,17,6,2,0,189,88.9,57,Very Safe
Morningside (135),2022,177,0,29,132,28,1,3,0,177,88.8,60,Very Safe
Greenwood-Coxwell (65),2022,166,0,22,129,30,6,6,2,164,88.7,61,Very Safe
Weston (113),2022,195,0,25,153,19,7,0,3,194,88.6,62,Very Safe
Bridle Path-Sunnybrook-York Mills (41),2022,209,0,22,175,18,4,4,0,209,88.5,63,Very Safe
Parkwoods-O'Connor Hills (149),2022,199,0,30,163,13,2,0,3,198,88.5,63,Very Safe
West Queen West (162),2022,158,0,18,122,23,6,20,2,152,88.5,63,Very Safe
Oakridge (121),2022,207,0,23,170,29,2,4,1,205,87.8,66,Very Safe
Steeles (116),2022,206,0,33,164,14,2,4,1,205,87.6,67,Very Safe
Humber Heights-Westmount (8),2022,215,0,28,177,11,4,7,1,211,87.5,68,Very Safe
North Riverdale (68),2022,207,0,23,168,20,5,10,2,206,87.4,69,Very Safe
Fenside-Parkwoods (150),2022,238,0,22,200,22,4,1,2,236,87.3,70,Very Safe
East L'Amoreaux (148),2022,206,0,31,163,21,7,3,1,204,86.9,71,Very Safe
Mount Pleasant East (99),2022,239,0,18,205,29,6,3,1,237,86.8,72,Very Safe
Rustic (28),2022,227,0,34,184,10,5,2,1,226,86.8,72,Very Safe
West Rouge (143),2022,214,0,28,169,30,5,5,0,211,86.5,74,Very Safe
Scarborough Village (139),2022,209,0,31,160,28,10,2,0,208,86.3,75,Very Safe
Pelmo Park-Humberlea (23),2022,244,2,20,200,23,6,5,0,243,86.2,76,Very Safe
Lawrence Park North (105),2022,275,0,18,247,16,5,1,4,272,86.1,77,Very Safe
Church-Wellesley (167),2022,224,1,20,190,24,6,14,2,217,85.6,78,Very Safe
Clanton Park (33),2022,278,0,21,242,24,6,2,0,277,85.4,79,Very Safe
Dufferin Grove (83),2022,227,0,29,186,14,14,5,5,218,85.2,80,Very Safe
Forest Hill North (102),2022,283,0,25,243,19,3,3,2,282,85.1,81,Very Safe
Bendale South (157),2022,226,1,39,174,23,5,3,1,224,84.8,82,Very Safe
Birchcliffe-Cliffside (122),2022,272,0,23,232,34,4,2,1,272,84.8,82,Very Safe
Kennedy Park (124),2022,218,1,38,161,25,10,2,2,218,84.7,84,Very Safe
Willowridge-Martingrove-Richview (7),2022,262,0,35,218,10,9,2,1,259,84.7,84,Very Safe
Casa Loma (96),2022,309,0,13,280,22,4,9,1,306,84.6,86,Very Safe
University (79),2022,236,0,26,194,25,8,14,1,229,84.6,86,Very Safe
Hillcrest Village (48),2022,269,0,31,219,26,6,1,2,268,84.4,88,Very Safe
High Park North (88),2022,268,0,24,234,13,9,12,2,260,84.3,89,Very Safe
L'Amoreaux West (147),2022,259,0,34,209,29,6,1,0,257,84.3,89,Very Safe
Black Creek (24),2022,267,0,35,215,21,10,0,0,267,84.2,91,Very Safe
Brookhaven-Amesbury (30),2022,303,0,22,264,19,8,2,2,301,84.2,91,Very Safe
Thistletown-Beaumond Heights (3),2022,268,0,40,217,13,9,2,0,264,83.8,93,Very Safe
Cliffcrest (123),2022,259,0,40,201,35,4,2,0,259,83.3,94,Very Safe
Dovercourt Village (172),2022,290,0,31,245,17,6,8,1,285,83.3,94,Very Safe
Malvern West (145),2022,277,0,40,222,23,9,1,0,277,82.9,96,Very Safe
Kingsview Village-The Westway (6),2022,289,0,45,231,13,6,1,1,289,82.8,97,Very Safe
Trinity-Bellwoods (81),2022,281,0,22,238,26,7,19,2,271,82.7,98,Very Safe
Junction-Wallace Emerson (171),2022,289,1,25,245,19,6,18,0,284,82.6,99,Very Safe
Leaside-Bennington (56),2022,344,0,23,307,28,3,2,0,343,82.4,100,Very Safe
Newtonbrook East (50),2022,279,0,46,226,12,9,3,0,279,82.4,100,Very Safe
Corso Italia-Davenport (92),2022,323,0,26,279,21,10,6,0,321,82.3,102,Very Safe
Cabbagetown-South St.James Town (71),2022,251,0,36,202,26,13,11,2,246,82.2,103,Very Safe
Mimico-Queensway (160),2022,283,1,38,226,22,4,11,0,282,82.1,104,Very Safe
Bedford Park-Nortown (39),2022,330,0,35,287,13,7,2,0,328,82.0,105,Very Safe
Humber Bay Shores (161),2022,302,3,35,251,19,7,2,0,300,81.7,106,Very Safe
Islington (158),2022,307,1,32,252,23,13,3,1,303,81.7,106,Very Safe
Roncesvalles (86),2022,286,0,27,243,24,8,18,3,283,81.7,106,Very Safe
High Park-Swansea (87),2022,324,0,30,276,23,5,12,2,316,81.2,109,Very Safe
Newtonbrook West (36),2022,343,0,35,289,25,7,3,0,341,80.8,110,Very Safe
Bayview Village (52),2022,355,0,31,306,28,2,5,1,353,80.7,111,Very Safe
Rockcliffe-Smythe (111),2022,354,0,33,310,15,9,5,0,354,80.6,112,Very Safe
Flemingdon Park (44),2022,322,0,44,256,35,7,4,0,322,79.7,113,Safe
Eglinton East (138),2022,298,0,45,226,51,11,3,1,294,79.0,114,Safe
The Beaches (63),2022,338,1,20,285,63,4,11,4,335,78.7,115,Safe
East End-Danforth (62),2022,329,0,34,262,56,6,9,5,325,78.2,116,Safe
Fort York-Liberty Village (163),2022,331,0,41,264,32,10,14,5,320,77.9,117,Safe
Downsview (155),2022,395,1,36,342,21,8,5,1,393,77.8,118,Safe
Glenfield-Jane Heights (25),2022,403,0,38,333,34,5,5,0,400,77.7,119,Safe
Thorncliffe Park (55),2022,349,0,42,287,41,10,7,0,346,77.5,120,Safe
Bathurst Manor (34),2022,384,1,47,315,24,9,2,0,381,77.2,121,Safe
Mount Olive-Silverstone-Jamestown (2),2022,380,1,45,311,25,13,3,0,379,77.0,122,Safe
Don Valley Village (47),2022,391,0,41,314,51,6,2,1,389,76.7,123,Safe
Malvern East (146),2022,369,0,60,284,45,9,1,0,367,75.2,124,Safe
Tam O'Shanter-Sullivan (118),2022,420,0,42,351,49,4,5,3,417,74.8,125,Safe
Oakdale-Beverley Heights (154),2022,429,1,40,351,42,18,5,2,422,73.7,126,Safe
Stonegate-Queensway (16),2022,430,1,49,356,26,14,6,3,425,73.5,127,Safe
St.Andrew-Windfields (40),2022,475,0,47,405,31,8,4,1,474,73.1,128,Safe
Junction Area (90),2022,504,0,38,443,24,5,18,2,498,72.1,129,Safe
Old East York (58),2022,442,2,59,354,39,5,4,1,442,72.1,129,Safe
Agincourt North (129),2022,432,1,53,348,49,10,4,5,428,71.8,131,Safe
Humber Summit (21),2022,529,0,44,456,34,7,1,2,526,71.6,132,Safe
Rosedale-Moore Park (98),2022,489,1,40,418,43,12,17,2,481,70.0,133,Safe
West Hill (136),2022,418,0,79,313,53,21,2,3,416,68.1,134,Safe
Downtown Yonge East (168),2022,451,1,45,367,53,21,30,3,442,67.6,135,Safe
Golfdale-Cedarbrae-Woburn (141),2022,475,2,62,365,81,9,1,1,475,67.5,136,Safe
Moss Park (73),2022,520,0,63,423,47,16,20,3,514,65.1,137,Safe
Kensington-Chinatown (78),2022,543,0,53,454,56,22,26,3,533,63.2,138,Safe
South Parkdale (85),2022,632,2,54,534,52,14,8,2,627,62.6,139,Safe
Morningside Heights (144),2022,551,0,89,411,85,11,3,0,550,61.2,140,Safe
Clairlea-Birchmount (120),2022,558,2,80,434,77,12,5,1,554,61.1,141,Safe
Harbourfront-CityPlace (165),2022,652,0,59,546,57,14,16,3,636,60.6,142,Safe
Agincourt South-Malvern West (128),2022,602,0,92,483,51,12,5,0,599,60.2,143,Safe
Bendale-Glen Andrew (156),2022,602,1,68,474,115,12,3,5,594,58.4,144,Moderate
Annex (95),2022,670,0,56,567,60,17,27,3,659,58.2,145,Moderate
South Riverdale (70),2022,608,0,73,489,84,20,17,4,598,57.4,146,Moderate
Woburn North (142),2022,698,0,76,578,78,6,3,2,696,57.4,146,Moderate
Wellington Place (164),2022,624,1,52,511,78,23,35,6,603,57.2,148,Moderate
Yorkdale-Glen Park (31),2022,755,0,60,639,71,14,5,0,751,57.1,149,Moderate
Banbury-Don Mills (42),2022,726,1,75,608,72,5,3,4,726,56.3,150,Moderate
Etobicoke City Centre (159),2022,764,2,72,655,39,18,7,5,759,54.9,151,Moderate
Yonge-Bay Corridor (170),2022,674,1,79,548,73,26,39,5,655,50.8,152,Moderate
Milliken (130),2022,772,0,99,631,93,12,16,6,767,47.3,153,Moderate
Dorset Park (126),2022,859,0,112,687,102,16,6,5,856,42.9,154,Moderate
York University Heights (27),2022,992,1,111,828,62,23,14,3,984,38.5,155,Risky
St Lawrence-East Bayfront-The Islands (166),2022,1054,0,87,903,95,19,17,6,1047,36.8,156,Risky
West Humber-Clairville (1),2022,1284,2,147,1069,78,22,8,4,1278,21.5,157,Risky
Wexford/Maryvale (119),2022,1493,0,193,1212,172,24,13,4,1485,0.0,158,Very Risky
Lambton Baby Point (114),2023,22,0,2,19,2,2,0,0,22,100.0,1,Very Safe
Humewood-Cedarvale (106),2023,65,0,5,43,17,1,3,1,63,97.4,2,Very Safe
Blake-Jones (69),2023,56,0,8,33,16,3,4,0,55,97.2,3,Very Safe
Centennial Scarborough (133),2023,77,0,10,56,13,1,1,0,77,96.8,4,Very Safe
Princess-Rosethorn (10),2023,102,0,13,76,13,1,1,1,100,95.6,5,Very Safe
Caledonia-Fairbank (109),2023,88,0,15,56,17,3,4,0,86,95.3,6,Very Safe
Guildwood (140),2023,91,0,18,54,20,1,0,1,90,95.3,6,Very Safe
Westminster-Branson (35),2023,105,0,11,73,21,4,0,1,104,95.2,8,Very Safe
Markland Wood (12),2023,115,0,14,78,23,5,2,0,115,94.3,9,Very Safe
Avondale (153),2023,134,0,14,97,24,3,0,0,134,94.0,10,Very Safe
Woodbine-Lumsden (60),2023,96,0,17,52,31,4,3,2,93,94.0,10,Very Safe
Bendale South (157),2023,107,0,16,61,34,3,2,1,107,93.9,12,Very Safe
Etobicoke West Mall (13),2023,106,1,22,66,17,6,1,0,102,93.7,13,Very Safe
Long Branch (19),2023,138,0,14,91,33,2,3,0,137,93.3,14,Very Safe
Taylor-Massey (61),2023,127,1,11,85,35,6,3,0,126,93.1,15,Very Safe
Weston-Pelham Park (91),2023,146,0,16,94,36,1,2,0,146,93.0,16,Very Safe
Willowdale West (37),2023,137,0,16,96,27,3,5,1,137,92.9,17,Very Safe
Woodbine Corridor (64),2023,117,0,17,65,41,5,3,2,114,92.8,18,Very Safe
Henry Farm (53),2023,147,0,11,94,45,2,2,2,144,92.7,19,Very Safe
West Queen West (162),2023,147,0,16,101,32,3,8,1,143,92.1,20,Very Safe
New Toronto (18),2023,133,1,21,80,32,7,1,2,130,92.0,21,Very Safe
Maple Leaf (29),2023,147,0,28,102,19,6,2,0,147,91.7,22,Very Safe
North St.James Town (74),2023,126,0,17,82,36,7,11,0,121,91.7,22,Very Safe
Edenbridge-Humber Valley (9),2023,154,0,23,107,24,4,5,1,153,91.6,24,Very Safe
Eringate-Centennial-West Deane (11),2023,134,0,30,79,26,5,4,1,132,91.5,25,Very Safe
Kingsway South (15),2023,165,1,20,118,28,2,3,1,160,91.5,25,Very Safe
Danforth East York (59),2023,164,0,17,119,36,9,1,0,164,91.2,27,Very Safe
Bayview Woods-Steeles (49),2023,188,1,20,146,24,1,1,1,185,91.1,28,Very Safe
Victoria Village (43),2023,184,0,21,129,36,3,1,0,182,90.9,29,Very Safe
Yonge-St.Clair (97),2023,189,0,18,134,41,2,1,1,188,90.8,30,Very Safe
Yonge-Eglinton (100),2023,210,0,14,159,40,1,2,0,209,90.7,31,Very Safe
Forest Hill South (101),2023,180,1,23,127,29,3,4,0,179,90.6,32,Very Safe
Broadview North (57),2023,181,0,20,127,41,4,2,1,178,90.5,33,Very Safe
Mount Dennis (115),2023,149,0,33,87,30,9,0,1,149,90.5,33,Very Safe
Pleasant View (46),2023,192,0,20,149,28,6,2,0,190,90.5,33,Very Safe
North Toronto (173),2023,195,0,15,139,45,8,0,0,193,90.4,36,Very Safe
South Eglinton-Davisville (174),2023,174,3,12,117,44,6,4,1,174,90.3,37,Very Safe
O'Connor-Parkview (54),2023,204,0,22,146,42,3,3,1,204,89.5,38,Very Safe
Oakwood Village (107),2023,198,1,22,137,40,5,3,0,198,89.5,38,Very Safe
Rexdale-Kipling (4),2023,200,0,33,133,34,3,1,0,199,89.3,40,Very Safe
Alderwood (20),2023,180,2,27,117,35,5,3,3,180,89.2,41,Very Safe
Greenwood-Coxwell (65),2023,188,0,30,133,32,3,7,0,187,89.2,41,Very Safe
Beechborough-Greenbrook (112),2023,194,0,33,125,37,6,2,0,193,88.9,43,Very Safe
Flemingdon Park (44),2023,209,0,24,144,46,6,2,1,209,88.8,44,Very Safe
East Willowdale (152),2023,198,0,30,135,35,8,4,0,196,88.7,45,Very Safe
Lawrence Park South (103),2023,209,0,26,140,46,6,4,1,206,88.4,46,Very Safe
Morningside (135),2023,200,0,23,121,67,8,0,1,199,88.3,47,Very Safe
Regent Park (72),2023,172,0,23,117,34,14,17,1,167,88.3,47,Very Safe
North Riverdale (68),2023,202,0,28,123,58,4,5,0,200,88.1,49,Very Safe
Englemount-Lawrence (32),2023,219,1,22,144,59,8,1,0,217,87.8,50,Very Safe
Scarborough Village (139),2023,191,1,31,114,54,8,1,1,190,87.8,50,Very Safe
Parkwoods-O'Connor Hills (149),2023,224,0,29,152,47,6,1,2,221,87.7,52,Very Safe
Church-Wellesley (167),2023,204,0,21,143,43,7,19,1,200,87.6,53,Very Safe
Lansing-Westgate (38),2023,230,0,29,166,43,4,2,2,227,87.6,53,Very Safe
Bridle Path-Sunnybrook-York Mills (41),2023,247,0,26,179,45,6,3,0,246,87.4,55,Very Safe
Humbermede (22),2023,226,0,38,146,42,4,2,0,226,87.4,55,Very Safe
Humber Heights-Westmount (8),2023,225,1,38,155,31,5,3,0,224,87.3,57,Very Safe
Elms-Old Rexdale (5),2023,242,0,32,169,41,5,2,2,242,87.2,58,Very Safe
Playter Estates-Danforth (67),2023,221,0,22,147,62,1,14,0,221,87.2,58,Very Safe
Runnymede-Bloor West Village (89),2023,240,0,33,168,39,6,5,0,235,87.0,60,Very Safe
Steeles (116),2023,241,0,28,174,44,9,4,1,240,86.8,61,Very Safe
Yonge-Doris (151),2023,257,0,28,183,47,4,4,2,256,86.7,62,Very Safe
Little Portugal (84),2023,213,1,25,137,52,5,18,1,209,86.6,63,Very Safe
Danforth (66),2023,244,0,30,181,35,7,8,3,242,86.5,64,Very Safe
West Rouge (143),2023,247,0,34,168,51,6,1,0,245,86.4,65,Very Safe
Ionview (125),2023,246,0,34,175,48,2,5,2,244,86.2,66,Very Safe
Keelesdale-Eglinton West (110),2023,241,0,31,163,49,11,4,1,239,86.2,66,Very Safe
Pelmo Park-Humberlea (23),2023,232,0,46,142,45,2,2,2,229,86.2,66,Very Safe
Highland Creek (134),2023,236,0,40,155,49,5,3,0,236,86.1,69,Very Safe
East L'Amoreaux (148),2023,248,1,33,176,44,7,3,2,248,85.9,70,Very Safe
Oakridge (121),2023,233,0,36,154,51,5,9,0,230,85.9,70,Very Safe
Palmerston-Little Italy (80),2023,205,0,32,130,46,6,26,0,196,85.8,72,Very Safe
Wychwood (94),2023,248,1,28,180,42,10,8,2,243,85.8,72,Very Safe
Thistletown-Beaumond Heights (3),2023,261,0,46,176,40,3,1,1,259,85.4,74,Very Safe
Briar Hill-Belgravia (108),2023,224,2,39,140,43,11,7,2,221,85.2,75,Very Safe
Humber Bay Shores (161),2023,295,0,39,210,47,2,1,0,294,85.0,76,Very Safe
Rustic (28),2023,265,0,47,175,44,5,2,0,264,84.9,77,Very Safe
Lawrence Park North (105),2023,303,0,31,223,55,4,3,3,303,84.3,78,Very Safe
Kennedy Park (124),2023,262,0,44,172,61,8,4,2,259,83.5,79,Very Safe
Weston (113),2023,246,0,52,147,48,16,4,0,243,83.5,79,Very Safe
Clanton Park (33),2023,318,0,30,221,68,10,0,2,316,83.4,81,Very Safe
Casa Loma (96),2023,336,0,34,259,46,1,8,3,333,83.1,82,Very Safe
The Beaches (63),2023,324,0,27,225,82,2,8,0,322,82.9,83,Very Safe
Bay-Cloverhill (169),2023,250,0,45,164,46,9,22,2,242,82.7,84,Very Safe
Fenside-Parkwoods (150),2023,327,0,41,231,60,4,1,1,326,82.7,84,Very Safe
Mount Pleasant East (99),2023,325,1,28,235,65,11,2,3,320,82.7,84,Very Safe
Islington (158),2023,315,1,44,228,44,7,5,2,310,82.3,87,Very Safe
Cliffcrest (123),2023,279,1,43,182,63,11,3,5,275,82.2,88,Very Safe
Malvern East (146),2023,315,0,34,211,85,8,4,3,308,81.7,89,Very Safe
University (79),2023,307,0,34,224,54,7,23,2,295,81.7,89,Very Safe
Malvern West (145),2023,314,1,46,204,69,9,2,0,311,81.5,91,Very Safe
Brookhaven-Amesbury (30),2023,327,0,49,214,64,8,3,1,326,81.3,92,Very Safe
Hillcrest Village (48),2023,357,0,35,252,78,5,3,1,355,81.3,92,Very Safe
High Park North (88),2023,306,0,49,204,54,9,14,1,297,81.1,94,Very Safe
Dufferin Grove (83),2023,336,0,44,238,55,11,15,0,333,80.3,95,Very Safe
L'Amoreaux West (147),2023,312,0,53,204,66,15,4,1,309,80.1,96,Very Safe
Dovercourt Village (172),2023,343,0,44,244,58,5,19,1,337,80.0,97,Safe
High Park-Swansea (87),2023,368,0,44,258,70,6,6,1,366,79.9,98,Safe
Mimico-Queensway (160),2023,348,0,55,239,55,4,6,5,345,79.9,98,Safe
Cabbagetown-South St.James Town (71),2023,329,0,43,227,70,17,9,1,322,79.7,100,Safe
Corso Italia-Davenport (92),2023,378,0,43,263,73,6,6,2,372,79.6,101,Safe
Kingsview Village-The Westway (6),2023,312,1,62,193,56,14,5,1,309,79.6,101,Safe
Willowridge-Martingrove-Richview (7),2023,357,0,58,249,52,8,6,1,354,79.4,103,Safe
Junction-Wallace Emerson (171),2023,344,0,47,226,71,8,19,1,341,79.0,104,Safe
Birchcliffe-Cliffside (122),2023,355,0,45,240,87,11,3,2,351,78.9,105,Safe
Fort York-Liberty Village (163),2023,367,0,49,254,66,7,15,5,359,78.2,106,Safe
Mount Olive-Silverstone-Jamestown (2),2023,386,1,51,265,71,10,4,1,385,78.1,107,Safe
Forest Hill North (102),2023,430,0,55,337,40,6,3,2,428,78.0,108,Safe
Newtonbrook West (36),2023,375,0,53,243,83,12,5,0,374,77.9,109,Safe
Eglinton East (138),2023,373,0,53,245,90,10,2,1,370,77.8,110,Safe
Rockcliffe-Smythe (111),2023,378,0,59,251,69,13,6,3,374,77.2,111,Safe
Bedford Park-Nortown (39),2023,448,0,53,339,58,8,3,3,444,76.6,112,Safe
Black Creek (24),2023,390,0,62,247,83,13,4,1,390,76.4,113,Safe
Newtonbrook East (50),2023,415,0,69,300,49,8,5,3,413,76.1,114,Safe
Thorncliffe Park (55),2023,428,0,32,279,133,14,2,3,423,75.9,115,Safe
Roncesvalles (86),2023,365,0,55,233,79,15,21,5,355,75.7,116,Safe
Glenfield-Jane Heights (25),2023,421,0,55,259,108,12,4,1,419,75.3,117,Safe
Leaside-Bennington (56),2023,452,0,51,329,82,11,6,5,450,74.7,118,Safe
Trinity-Bellwoods (81),2023,384,0,53,245,90,8,34,0,379,74.7,118,Safe
East End-Danforth (62),2023,424,0,52,288,90,11,16,4,424,74.5,120,Safe
Golfdale-Cedarbrae-Woburn (141),2023,443,1,53,291,120,9,2,5,443,73.4,121,Safe
Tam O'Shanter-Sullivan (118),2023,481,0,56,337,102,11,6,0,478,72.9,122,Safe
Bayview Village (52),2023,520,0,45,356,127,7,2,2,518,72.6,123,Safe
Downsview (155),2023,467,0,72,298,99,15,8,0,466,71.6,124,Safe
Agincourt North (129),2023,481,0,69,336,91,13,8,0,477,71.4,125,Safe
Don Valley Village (47),2023,531,0,48,362,136,7,4,0,529,71.4,125,Safe
Stonegate-Queensway (16),2023,476,0,70,316,92,16,12,2,474,71.0,127,Safe
Oakdale-Beverley Heights (154),2023,457,2,69,281,108,23,5,1,454,70.6,128,Safe
West Hill (136),2023,495,0,78,327,104,10,5,0,493,70.2,129,Safe
Humber Summit (21),2023,571,0,71,404,96,10,3,2,567,69.1,130,Safe
Old East York (58),2023,503,0,85,337,91,11,7,6,499,68.9,131,Safe
Bathurst Manor (34),2023,594,0,93,430,74,9,6,3,589,66.3,132,Safe
Clairlea-Birchmount (120),2023,562,0,82,378,123,15,7,4,558,65.4,133,Safe
St.Andrew-Windfields (40),2023,634,0,82,451,112,9,2,1,634,65.1,134,Safe
Rosedale-Moore Park (98),2023,580,1,76,407,105,12,37,3,568,63.4,135,Safe
Harbourfront-CityPlace (165),2023,668,0,76,476,126,18,14,2,661,61.8,136,Safe
Downtown Yonge East (168),2023,561,1,70,367,133,22,42,9,540,61.5,137,Safe
Kensington-Chinatown (78),2023,582,0,69,368,154,23,37,5,569,61.4,138,Safe
Junction Area (90),2023,671,1,84,461,126,17,17,8,666,60.0,139,Moderate
Agincourt South-Malvern West (128),2023,670,0,103,428,158,14,11,4,664,58.0,140,Moderate
Moss Park (73),2023,715,0,97,512,110,24,32,3,701,56.1,141,Moderate
Wellington Place (164),2023,694,0,72,478,161,18,43,9,676,56.1,141,Moderate
South Parkdale (85),2023,785,1,103,539,152,11,12,4,773,54.4,143,Moderate
Morningside Heights (144),2023,735,1,135,472,150,30,2,4,732,51.5,144,Moderate
Yorkdale-Glen Park (31),2023,870,0,87,555,238,15,3,2,868,51.2,145,Moderate
South Riverdale (70),2023,782,1,97,512,196,15,34,3,763,50.5,146,Moderate
Bendale-Glen Andrew (156),2023,845,1,105,557,218,12,10,4,840,49.0,147,Moderate
Yonge-Bay Corridor (170),2023,864,0,93,609,177,22,39,5,845,47.9,148,Moderate
Annex (95),2023,847,0,98,607,158,28,44,3,826,47.7,149,Moderate
Etobicoke City Centre (159),2023,919,0,118,618,187,17,5,4,914,47.6,150,Moderate
Woburn North (142),2023,902,0,141,622,166,22,4,0,900,45.7,151,Moderate
Milliken (130),2023,915,0,116,612,215,12,17,3,911,45.5,152,Moderate
Banbury-Don Mills (42),2023,990,1,113,710,188,16,6,6,985,44.5,153,Moderate
St Lawrence-East Bayfront-The Islands (166),2023,1080,1,102,804,182,21,23,7,1060,40.7,154,Moderate
Dorset Park (126),2023,1098,0,142,770,214,27,5,1,1092,36.4,155,Risky
York University Heights (27),2023,1150,1,179,768,208,29,13,6,1145,29.8,156,Risky
West Humber-Clairville (1),2023,1366,2,224,902,245,30,11,2,1359,16.4,157,Very Risky
Wexford/Maryvale (119),2023,1669,3,209,1175,341,33,20,9,1667,0.0,158,Very Risky
Lambton Baby Point (114),2024,30,0,7,14,9,2,1,0,30,100.0,1,Very Safe
Blake-Jones (69),2024,57,0,5,36,16,1,2,1,56,99.0,2,Very Safe
Humewood-Cedarvale (106),2024,62,0,4,32,26,2,0,0,61,98.9,3,Very Safe
Princess-Rosethorn (10),2024,102,0,8,71,23,1,2,0,100,97.3,4,Very Safe
Caledonia-Fairbank (109),2024,83,0,13,48,22,4,1,0,83,97.2,5,Very Safe
Centennial Scarborough (133),2024,107,0,8,80,19,2,1,1,107,97.1,6,Very Safe
Guildwood (140),2024,100,0,14,64,25,1,1,0,100,96.7,7,Very Safe
Woodbine-Lumsden (60),2024,99,0,17,59,24,1,4,0,98,96.3,8,Very Safe
Woodbine Corridor (64),2024,128,0,15,86,27,1,1,1,127,95.7,9,Very Safe
Bendale South (157),2024,124,0,15,73,36,2,0,2,122,95.5,10,Very Safe
Alderwood (20),2024,145,0,12,107,27,2,0,1,145,95.4,11,Very Safe
Westminster-Branson (35),2024,116,0,15,64,37,3,4,0,114,95.4,11,Very Safe
Willowdale West (37),2024,138,0,14,91,33,3,2,0,137,95.1,13,Very Safe
Maple Leaf (29),2024,120,0,23,64,34,4,2,0,118,94.7,14,Very Safe
Markland Wood (12),2024,111,0,30,62,19,5,3,1,111,94.5,15,Very Safe
Avondale (153),2024,138,0,24,86,28,7,0,0,137,94.2,16,Very Safe
Eringate-Centennial-West Deane (11),2024,157,0,24,104,29,2,3,0,157,93.7,17,Very Safe
Taylor-Massey (61),2024,150,0,14,91,47,9,1,1,146,93.7,17,Very Safe
Edenbridge-Humber Valley (9),2024,153,0,26,102,25,3,4,0,152,93.6,19,Very Safe
Etobicoke West Mall (13),2024,138,0,36,86,16,1,5,0,138,93.5,20,Very Safe
Kingsway South (15),2024,152,0,27,104,22,2,5,2,152,93.4,21,Very Safe
New Toronto (18),2024,145,0,22,90,33,6,5,2,144,93.4,21,Very Safe
Lawrence Park South (103),2024,164,0,25,108,33,4,1,1,164,93.1,23,Very Safe
North St.James Town (74),2024,133,0,22,79,34,11,9,1,130,93.0,24,Very Safe
Danforth East York (59),2024,162,0,23,105,35,7,4,0,161,92.9,25,Very Safe
Broadview North (57),2024,155,0,37,95,24,4,4,1,154,92.4,26,Very Safe
West Queen West (162),2024,155,0,19,95,41,6,13,2,145,92.4,26,Very Safe
South Eglinton-Davisville (174),2024,176,0,19,118,40,9,5,1,175,92.3,28,Very Safe
Weston-Pelham Park (91),2024,165,0,30,99,40,2,6,1,163,92.1,29,Very Safe
Greenwood-Coxwell (65),2024,185,0,19,118,51,3,4,4,183,92.0,30,Very Safe
Henry Farm (53),2024,180,1,20,116,45,6,4,1,178,92.0,30,Very Safe
North Riverdale (68),2024,186,0,22,129,36,5,9,0,184,92.0,30,Very Safe
O'Connor-Parkview (54),2024,194,0,24,138,34,7,1,1,191,92.0,30,Very Safe
Victoria Village (43),2024,205,0,21,136,48,2,1,1,203,92.0,30,Very Safe
Yonge-St.Clair (97),2024,212,0,16,151,46,2,3,2,210,92.0,30,Very Safe
Bayview Woods-Steeles (49),2024,204,0,28,139,37,3,0,0,203,91.9,36,Very Safe
Long Branch (19),2024,158,0,35,89,34,10,6,1,155,91.4,37,Very Safe
Regent Park (72),2024,157,2,23,106,29,9,13,2,155,91.4,37,Very Safe
Forest Hill South (101),2024,214,0,22,151,41,6,3,1,213,91.3,39,Very Safe
Morningside (135),2024,199,0,26,120,56,7,0,0,198,91.2,40,Very Safe
Mount Dennis (115),2024,171,0,37,89,45,7,4,3,169,90.8,41,Very Safe
Englemount-Lawrence (32),2024,203,2,25,125,51,6,1,1,200,90.7,42,Very Safe
East Willowdale (152),2024,197,0,43,125,29,3,3,1,196,90.6,43,Very Safe
North Toronto (173),2024,239,0,14,164,62,6,3,2,234,90.5,44,Very Safe
Pleasant View (46),2024,208,0,34,133,43,4,4,0,207,90.5,44,Very Safe
Yonge-Eglinton (100),2024,220,0,28,152,41,6,5,0,217,90.5,44,Very Safe
Little Portugal (84),2024,207,0,23,126,59,8,7,1,204,90.3,47,Very Safe
Yonge-Doris (151),2024,218,0,31,149,39,7,3,2,217,90.2,48,Very Safe
Rexdale-Kipling (4),2024,225,0,41,156,28,3,1,1,224,90.1,49,Very Safe
Playter Estates-Danforth (67),2024,202,0,35,124,45,3,13,0,199,89.8,50,Very Safe
Oakwood Village (107),2024,208,0,38,123,47,7,4,2,204,89.6,51,Very Safe
Parkwoods-O'Connor Hills (149),2024,229,0,38,138,55,2,0,2,228,89.5,52,Very Safe
Runnymede-Bloor West Village (89),2024,225,0,36,146,43,4,6,3,220,89.4,53,Very Safe
Steeles (116),2024,226,0,40,153,37,5,5,0,225,89.3,54,Very Safe
Keelesdale-Eglinton West (110),2024,209,1,39,126,44,7,6,0,206,89.2,55,Very Safe
Bay-Cloverhill (169),2024,213,0,34,136,45,8,13,1,208,89.0,56,Very Safe
Scarborough Village (139),2024,218,0,36,136,50,10,5,1,216,89.0,56,Very Safe
Humber Heights-Westmount (8),2024,214,0,54,126,34,8,5,0,210,88.3,58,Very Safe
Beechborough-Greenbrook (112),2024,233,0,49,139,45,5,2,2,230,88.2,59,Very Safe
Church-Wellesley (167),2024,218,0,29,138,53,12,16,3,214,88.2,59,Very Safe
Flemingdon Park (44),2024,253,0,43,167,46,6,0,1,253,88.2,59,Very Safe
Highland Creek (134),2024,252,0,43,157,54,4,4,1,250,87.9,62,Very Safe
Briar Hill-Belgravia (108),2024,243,0,48,160,35,7,5,3,240,87.8,63,Very Safe
Humbermede (22),2024,233,0,51,122,60,4,4,2,231,87.5,64,Very Safe
The Beaches (63),2024,281,0,26,187,71,6,5,4,277,87.4,65,Very Safe
Oakridge (121),2024,251,1,35,156,62,11,6,1,249,87.3,66,Very Safe
West Rouge (143),2024,260,1,42,162,57,2,4,3,260,87.3,66,Very Safe
Ionview (125),2024,266,0,43,176,53,4,5,2,261,87.2,68,Very Safe
Elms-Old Rexdale (5),2024,281,1,34,181,65,6,4,1,276,87.1,69,Very Safe
Bridle Path-Sunnybrook-York Mills (41),2024,293,0,33,197,64,8,4,0,292,87.0,70,Very Safe
Lansing-Westgate (38),2024,271,0,41,178,54,11,1,2,270,87.0,70,Very Safe
Thistletown-Beaumond Heights (3),2024,252,0,56,142,54,5,4,0,249,86.7,72,Very Safe
Kennedy Park (124),2024,266,1,41,176,52,10,4,3,263,86.6,73,Very Safe
Mount Pleasant East (99),2024,337,0,29,251,58,4,0,4,335,86.5,74,Very Safe
Wychwood (94),2024,272,0,38,164,71,7,12,0,269,86.3,75,Very Safe
Pelmo Park-Humberlea (23),2024,261,0,54,152,56,7,5,1,260,86.2,76,Very Safe
Weston (113),2024,262,0,43,149,72,13,4,1,260,86.2,76,Very Safe
Danforth (66),2024,265,1,30,160,75,10,14,3,260,86.1,78,Very Safe
Cabbagetown-South St.James Town (71),2024,272,0,35,173,68,14,12,1,266,85.8,79,Very Safe
Humber Bay Shores (161),2024,275,0,58,166,51,8,3,2,273,85.6,80,Very Safe
Brookhaven-Amesbury (30),2024,297,0,48,187,62,7,6,2,295,85.3,81,Very Safe
East L'Amoreaux (148),2024,295,0,52,199,50,9,4,0,292,85.3,81,Very Safe
Rustic (28),2024,271,0,67,159,45,9,4,0,271,85.0,83,Very Safe
Cliffcrest (123),2024,290,0,50,174,70,11,1,3,289,84.9,84,Very Safe
Palmerston-Little Italy (80),2024,250,0,42,146,65,12,26,1,246,84.9,84,Very Safe
Kingsview Village-The Westway (6),2024,309,0,56,190,63,9,0,2,307,84.5,86,Very Safe
Lawrence Park North (105),2024,329,0,42,214,74,10,2,2,329,84.5,86,Very Safe
Willowridge-Martingrove-Richview (7),2024,318,0,57,207,54,4,5,1,316,84.5,86,Very Safe
High Park North (88),2024,271,0,54,162,55,16,13,1,267,84.4,89,Very Safe
L'Amoreaux West (147),2024,306,0,51,189,67,18,3,0,304,84.0,90,Very Safe
Casa Loma (96),2024,370,0,38,269,66,4,13,0,366,83.6,91,Very Safe
Hillcrest Village (48),2024,348,0,53,229,66,8,0,2,343,83.6,91,Very Safe
Black Creek (24),2024,330,0,61,201,68,5,4,0,328,83.4,93,Very Safe
Fenside-Parkwoods (150),2024,347,1,55,229,64,7,2,1,346,83.2,94,Very Safe
University (79),2024,298,0,46,186,69,9,25,3,286,83.1,95,Very Safe
Malvern East (146),2024,333,1,50,194,93,6,6,0,331,82.9,96,Very Safe
Malvern West (145),2024,332,1,51,204,79,14,1,3,328,82.8,97,Very Safe
Mimico-Queensway (160),2024,351,0,60,234,58,4,8,2,350,82.7,98,Very Safe
Birchcliffe-Cliffside (122),2024,364,0,47,236,88,12,4,3,364,81.9,99,Very Safe
Corso Italia-Davenport (92),2024,340,1,55,207,77,11,10,1,339,81.9,99,Very Safe
Junction-Wallace Emerson (171),2024,328,0,52,194,84,10,19,2,322,81.8,101,Very Safe
Roncesvalles (86),2024,329,1,42,195,94,14,17,3,318,81.8,101,Very Safe
Mount Olive-Silverstone-Jamestown (2),2024,347,0,59,200,88,10,8,0,345,81.7,103,Very Safe
Clanton Park (33),2024,365,0,60,226,80,9,4,1,362,81.6,104,Very Safe
Rockcliffe-Smythe (111),2024,352,1,70,205,77,12,6,0,350,80.5,105,Very Safe
Bedford Park-Nortown (39),2024,402,1,60,276,67,9,5,4,399,80.2,106,Very Safe
High Park-Swansea (87),2024,364,1,63,221,80,10,17,3,357,79.6,107,Safe
Eglinton East (138),2024,370,1,65,224,86,18,3,3,367,79.4,108,Safe
Dufferin Grove (83),2024,361,0,54,205,104,14,18,6,351,79.3,109,Safe
Fort York-Liberty Village (163),2024,399,1,61,252,85,10,9,4,394,79.2,110,Safe
Newtonbrook West (36),2024,399,0,63,238,98,20,3,0,395,78.9,111,Safe
Dovercourt Village (172),2024,361,1,58,213,89,11,26,6,355,78.7,112,Safe
Thorncliffe Park (55),2024,439,0,50,269,121,11,5,1,432,78.7,112,Safe
Islington (158),2024,404,1,76,253,75,11,8,1,399,78.2,114,Safe
Forest Hill North (102),2024,447,0,74,316,57,8,8,4,440,78.0,115,Safe
Leaside-Bennington (56),2024,453,0,70,315,72,8,6,3,451,77.8,116,Safe
Tam O'Shanter-Sullivan (118),2024,466,2,62,298,112,11,4,2,461,76.3,117,Safe
Agincourt North (129),2024,490,0,66,329,102,9,5,2,488,76.2,118,Safe
Stonegate-Queensway (16),2024,469,0,74,299,99,8,12,2,462,75.7,119,Safe
Newtonbrook East (50),2024,468,1,90,305,73,8,8,1,464,75.3,120,Safe
East End-Danforth (62),2024,456,1,73,300,85,19,14,2,451,75.2,121,Safe
Golfdale-Cedarbrae-Woburn (141),2024,459,0,73,277,116,18,6,1,454,75.2,121,Safe
Glenfield-Jane Heights (25),2024,405,1,90,189,126,18,5,2,397,74.9,123,Safe
Don Valley Village (47),2024,507,0,63,334,112,20,6,0,503,74.8,124,Safe
Old East York (58),2024,504,1,80,348,77,9,6,4,502,74.8,124,Safe
Trinity-Bellwoods (81),2024,431,0,66,264,105,14,36,4,413,74.5,126,Safe
Bayview Village (52),2024,504,0,75,322,109,13,4,4,503,74.4,127,Safe
Downsview (155),2024,450,0,94,257,101,18,10,3,443,73.6,128,Safe
Oakdale-Beverley Heights (154),2024,475,0,90,262,125,18,6,2,469,72.9,129,Safe
West Hill (136),2024,525,0,84,338,106,19,4,1,520,72.7,130,Safe
Clairlea-Birchmount (120),2024,580,0,94,387,103,19,12,4,576,69.1,131,Safe
Downtown Yonge East (168),2024,539,0,79,349,117,25,38,5,523,68.2,132,Safe
Humber Summit (21),2024,598,0,113,369,117,12,4,0,595,68.2,132,Safe
St.Andrew-Windfields (40),2024,691,0,100,499,94,12,6,3,687,66.8,134,Safe
Bathurst Manor (34),2024,584,0,143,345,96,14,4,3,580,66.1,135,Safe
Kensington-Chinatown (78),2024,639,0,59,399,184,27,32,4,621,65.5,136,Safe
Rosedale-Moore Park (98),2024,603,1,96,405,104,15,44,3,593,65.5,136,Safe
Junction Area (90),2024,655,1,88,418,150,14,20,4,648,65.4,138,Safe
Agincourt South-Malvern West (128),2024,711,0,103,484,132,12,4,1,706,64.9,139,Safe
Moss Park (73),2024,617,0,101,392,128,13,31,10,607,64.8,140,Safe
Harbourfront-CityPlace (165),2024,741,0,94,515,141,16,6,8,736,63.3,141,Safe
Wellington Place (164),2024,685,0,88,435,170,20,41,2,670,61.7,142,Safe
Morningside Heights (144),2024,801,1,148,511,152,16,4,3,795,56.5,143,Moderate
South Riverdale (70),2024,789,1,115,497,181,17,27,8,779,56.5,143,Moderate
Yonge-Bay Corridor (170),2024,809,0,104,541,169,20,52,9,784,54.9,145,Moderate
Yorkdale-Glen Park (31),2024,928,0,120,537,273,19,2,3,924,51.9,146,Moderate
St Lawrence-East Bayfront-The Islands (166),2024,961,5,106,657,202,12,22,3,950,51.6,147,Moderate
Etobicoke City Centre (159),2024,923,1,144,558,221,18,3,5,914,51.0,148,Moderate
South Parkdale (85),2024,962,0,153,667,144,12,14,6,952,51.0,148,Moderate
Bendale-Glen Andrew (156),2024,975,1,130,621,228,20,9,2,968,49.9,150,Moderate
Annex (95),2024,916,2,115,604,198,22,54,3,893,49.4,151,Moderate
Woburn North (142),2024,965,0,154,643,180,24,8,2,957,49.2,152,Moderate
Banbury-Don Mills (42),2024,1035,0,153,686,202,13,7,8,1029,47.3,153,Moderate
Milliken (130),2024,997,3,153,627,222,27,19,2,991,45.1,154,Moderate
Dorset Park (126),2024,1135,0,191,758,191,20,9,5,1131,40.5,155,Moderate
York University Heights (27),2024,1053,0,194,628,233,26,14,5,1047,40.5,155,Moderate
West Humber-Clairville (1),2024,1397,2,272,806,320,29,7,5,1387,19.9,157,Very Risky
Wexford/Maryvale (119),2024,1961,0,260,1334,394,28,19,7,1951,0.0,158,Very Risky
Lambton Baby Point (114),2025,18,0,2,9,7,1,1,0,18,100.0,1,Very Safe
Blake-Jones (69),2025,54,0,9,26,21,4,4,0,53,97.3,2,Very Safe
Woodbine-Lumsden (60),2025,74,0,12,52,10,0,5,0,73,97.0,3,Very Safe
Humewood-Cedarvale (106),2025,70,0,12,43,15,5,1,0,69,96.9,4,Very Safe
Princess-Rosethorn (10),2025,93,0,10,67,16,1,0,1,92,96.7,5,Very Safe
Caledonia-Fairbank (109),2025,95,0,11,62,23,1,0,1,94,96.3,6,Very Safe
Markland Wood (12),2025,96,0,16,70,10,3,0,0,96,96.2,7,Very Safe
Centennial Scarborough (133),2025,99,0,15,69,15,3,1,0,99,96.0,8,Very Safe
Guildwood (140),2025,104,0,17,72,16,3,1,0,104,95.6,9,Very Safe
Avondale (153),2025,119,0,13,84,24,3,1,0,118,95.2,10,Very Safe
Willowdale West (37),2025,120,0,12,82,26,3,2,0,117,95.2,10,Very Safe
Etobicoke West Mall (13),2025,131,0,23,89,19,5,1,0,126,94.0,12,Very Safe
Maple Leaf (29),2025,138,1,19,95,23,3,2,0,136,93.8,13,Very Safe
New Toronto (18),2025,128,0,20,75,34,3,4,1,126,93.7,14,Very Safe
Alderwood (20),2025,136,0,22,82,32,2,4,1,134,93.4,15,Very Safe
Taylor-Massey (61),2025,137,0,16,81,41,4,3,2,136,93.4,15,Very Safe
Bendale South (157),2025,143,0,24,85,34,5,0,0,143,93.1,17,Very Safe
Woodbine Corridor (64),2025,145,0,19,83,43,4,2,1,143,93.1,17,Very Safe
Weston-Pelham Park (91),2025,160,0,19,106,35,4,3,0,157,92.9,19,Very Safe
Kingsway South (15),2025,142,0,28,87,27,4,5,0,140,92.7,20,Very Safe
Westminster-Branson (35),2025,131,0,26,74,32,9,3,0,130,92.7,20,Very Safe
Long Branch (19),2025,133,0,24,77,32,6,7,2,128,92.6,22,Very Safe
Broadview North (57),2025,147,0,34,92,21,1,4,0,147,92.5,23,Very Safe
North St.James Town (74),2025,153,0,23,99,31,5,5,1,149,92.5,23,Very Safe
Danforth East York (59),2025,164,0,20,105,39,6,1,1,164,92.4,25,Very Safe
Edenbridge-Humber Valley (9),2025,174,0,25,117,32,2,0,0,174,92.4,25,Very Safe
South Eglinton-Davisville (174),2025,160,0,19,98,43,7,3,1,159,92.3,27,Very Safe
Henry Farm (53),2025,159,0,20,89,52,9,1,0,158,92.0,28,Very Safe
Mount Dennis (115),2025,169,0,27,100,42,4,4,0,167,91.6,29,Very Safe
Victoria Village (43),2025,187,0,24,124,42,2,2,1,186,91.5,30,Very Safe
Forest Hill South (101),2025,197,0,26,134,37,3,1,0,197,91.3,31,Very Safe
Keelesdale-Eglinton West (110),2025,182,0,28,113,41,3,3,0,182,91.3,31,Very Safe
O'Connor-Parkview (54),2025,179,0,24,113,45,6,2,1,175,91.3,31,Very Safe
Bayview Woods-Steeles (49),2025,196,0,25,137,35,7,0,0,194,91.2,34,Very Safe
West Queen West (162),2025,136,1,26,69,42,7,14,1,128,91.1,35,Very Safe
Greenwood-Coxwell (65),2025,185,0,23,110,53,3,5,2,183,90.9,36,Very Safe
Runnymede-Bloor West Village (89),2025,191,0,24,127,40,6,4,2,186,90.9,36,Very Safe
Yonge-St.Clair (97),2025,205,0,21,138,46,7,5,0,202,90.5,38,Very Safe
North Toronto (173),2025,200,1,22,131,46,8,3,0,198,90.4,39,Very Safe
Englemount-Lawrence (32),2025,195,0,32,118,45,7,0,0,192,90.3,40,Very Safe
Eringate-Centennial-West Deane (11),2025,168,3,34,99,34,5,2,3,164,90.2,41,Very Safe
Rexdale-Kipling (4),2025,200,1,34,138,27,4,3,1,197,90.2,41,Very Safe
Bay-Cloverhill (169),2025,203,0,27,141,35,3,13,1,199,89.9,43,Very Safe
Lawrence Park South (103),2025,205,0,30,129,47,6,3,0,204,89.9,43,Very Safe
East Willowdale (152),2025,205,0,34,138,33,7,4,0,205,89.8,45,Very Safe
Pleasant View (46),2025,176,0,46,100,31,5,5,0,176,89.8,45,Very Safe
Little Portugal (84),2025,199,0,23,117,59,5,12,0,194,89.7,47,Very Safe
Morningside (135),2025,208,0,30,138,42,10,1,1,205,89.7,47,Very Safe
Yonge-Eglinton (100),2025,225,0,22,158,46,9,6,3,223,89.3,49,Very Safe
Bridle Path-Sunnybrook-York Mills (41),2025,243,0,26,162,58,1,2,1,242,89.2,50,Very Safe
North Riverdale (68),2025,181,0,36,97,48,9,8,2,176,89.2,50,Very Safe
Playter Estates-Danforth (67),2025,204,0,33,126,45,6,9,1,201,89.2,50,Very Safe
Regent Park (72),2025,171,0,29,98,46,11,16,2,165,89.2,50,Very Safe
Beechborough-Greenbrook (112),2025,207,1,39,128,40,6,2,0,205,89.1,54,Very Safe
Oakwood Village (107),2025,197,0,42,114,41,11,0,1,194,89.0,55,Very Safe
Highland Creek (134),2025,219,0,37,140,44,5,3,1,219,88.9,56,Very Safe
Parkwoods-O'Connor Hills (149),2025,218,0,36,127,57,5,0,2,217,88.9,56,Very Safe
Wychwood (94),2025,229,0,32,148,49,7,8,0,224,88.5,58,Very Safe
Yonge-Doris (151),2025,240,1,31,164,44,7,4,0,239,88.5,58,Very Safe
Humbermede (22),2025,231,0,40,139,53,3,2,0,231,88.4,60,Very Safe
Elms-Old Rexdale (5),2025,226,0,42,133,52,6,1,2,223,88.1,61,Very Safe
Oakridge (121),2025,224,0,35,141,48,6,11,2,219,88.0,62,Very Safe
Humber Heights-Westmount (8),2025,219,0,51,131,37,6,2,1,217,87.9,63,Very Safe
Scarborough Village (139),2025,226,1,33,144,50,10,4,3,225,87.9,63,Very Safe
Ionview (125),2025,244,0,38,157,49,10,2,0,243,87.7,65,Very Safe
Lansing-Westgate (38),2025,258,0,36,159,64,5,2,0,257,87.5,66,Very Safe
Mount Pleasant East (99),2025,291,0,34,221,39,7,2,0,291,87.2,67,Very Safe
Steeles (116),2025,237,0,46,146,45,7,7,0,234,87.2,67,Very Safe
Thistletown-Beaumond Heights (3),2025,236,0,47,146,44,10,4,1,236,87.0,69,Very Safe
West Rouge (143),2025,263,0,35,162,67,4,5,1,260,87.0,69,Very Safe
Lawrence Park North (105),2025,285,0,29,198,58,8,5,0,281,86.9,71,Very Safe
Rustic (28),2025,260,0,48,182,31,4,5,2,257,86.9,71,Very Safe
Humber Bay Shores (161),2025,280,0,39,185,57,3,5,0,276,86.6,73,Very Safe
Briar Hill-Belgravia (108),2025,262,0,39,161,62,11,4,0,260,86.4,74,Very Safe
Church-Wellesley (167),2025,223,0,46,133,46,12,13,2,216,86.3,75,Very Safe
Palmerston-Little Italy (80),2025,223,0,37,120,67,5,23,2,214,86.3,75,Very Safe
Cliffcrest (123),2025,273,0,42,169,64,8,3,0,273,86.1,77,Very Safe
Flemingdon Park (44),2025,277,1,41,178,60,8,0,0,277,86.1,77,Very Safe
Pelmo Park-Humberlea (23),2025,246,1,55,139,51,5,3,1,244,86.1,77,Very Safe
Dufferin Grove (83),2025,262,0,35,162,65,9,15,3,257,85.6,80,Very Safe
Kennedy Park (124),2025,283,0,47,176,61,11,2,0,281,85.3,81,Very Safe
University (79),2025,239,0,46,138,55,10,22,1,230,85.1,82,Very Safe
Weston (113),2025,261,0,56,148,58,12,3,1,260,84.9,83,Very Safe
High Park-Swansea (87),2025,319,0,33,198,88,2,9,4,314,84.5,84,Very Safe
Danforth (66),2025,260,0,48,150,65,7,19,1,258,84.4,85,Very Safe
High Park North (88),2025,273,0,47,155,71,8,18,1,265,84.0,86,Very Safe
Brookhaven-Amesbury (30),2025,304,0,50,193,61,13,1,4,299,83.9,87,Very Safe
Willowridge-Martingrove-Richview (7),2025,333,0,47,229,58,8,5,1,329,83.7,88,Very Safe
Casa Loma (96),2025,365,0,46,274,45,4,12,0,357,83.1,89,Very Safe
Fenside-Parkwoods (150),2025,339,0,51,214,76,6,2,1,337,83.1,89,Very Safe
Rockcliffe-Smythe (111),2025,330,0,44,211,75,12,6,3,327,83.0,91,Very Safe
East L'Amoreaux (148),2025,303,0,67,188,50,8,8,0,301,82.9,92,Very Safe
Cabbagetown-South St.James Town (71),2025,323,0,48,223,53,5,19,4,317,82.8,93,Very Safe
Kingsview Village-The Westway (6),2025,332,1,58,214,61,7,3,1,330,82.7,94,Very Safe
Junction-Wallace Emerson (171),2025,317,1,41,193,83,10,14,4,309,82.5,95,Very Safe
Islington (158),2025,353,0,53,232,68,7,6,1,348,82.3,96,Very Safe
Corso Italia-Davenport (92),2025,351,0,41,224,86,12,9,1,349,82.2,97,Very Safe
The Beaches (63),2025,356,0,37,208,111,6,7,3,354,82.2,97,Very Safe
Birchcliffe-Cliffside (122),2025,387,0,40,264,88,5,4,3,385,81.9,99,Very Safe
Mimico-Queensway (160),2025,318,1,66,200,51,6,15,1,312,81.7,100,Very Safe
L'Amoreaux West (147),2025,338,0,55,206,78,15,5,1,334,81.6,101,Very Safe
Malvern West (145),2025,372,1,46,243,87,9,3,3,368,81.3,102,Very Safe
Newtonbrook East (50),2025,362,0,65,243,54,10,6,0,359,81.2,103,Very Safe
Malvern East (146),2025,361,1,56,220,85,8,5,0,359,81.1,104,Very Safe
Black Creek (24),2025,356,0,61,217,78,15,2,0,351,80.9,105,Very Safe
Dovercourt Village (172),2025,346,0,47,216,84,10,23,2,336,80.7,106,Very Safe
Roncesvalles (86),2025,329,0,59,192,78,14,18,3,316,80.3,107,Very Safe
Clanton Park (33),2025,380,2,60,232,87,7,2,0,378,80.2,108,Very Safe
Newtonbrook West (36),2025,357,0,69,222,66,14,6,1,353,80.2,108,Very Safe
Hillcrest Village (48),2025,388,0,61,254,73,15,4,0,381,79.9,110,Safe
Thorncliffe Park (55),2025,393,0,47,232,115,13,3,2,389,79.8,111,Safe
Glenfield-Jane Heights (25),2025,372,0,66,206,100,6,6,3,369,79.5,112,Safe
Mount Olive-Silverstone-Jamestown (2),2025,380,1,61,220,98,10,4,1,377,79.5,112,Safe
Fort York-Liberty Village (163),2025,394,0,59,250,86,10,12,2,386,79.1,114,Safe
Leaside-Bennington (56),2025,464,0,53,339,75,7,3,0,461,79.0,115,Safe
Eglinton East (138),2025,377,2,59,225,94,15,6,1,370,78.9,116,Safe
Bedford Park-Nortown (39),2025,416,0,71,280,65,11,9,0,412,78.3,117,Safe
Forest Hill North (102),2025,440,0,70,303,67,11,3,0,436,78.2,118,Safe
Oakdale-Beverley Heights (154),2025,428,0,67,254,108,11,4,0,422,77.5,119,Safe
Downsview (155),2025,454,0,64,293,97,12,4,2,443,77.0,120,Safe
Trinity-Bellwoods (81),2025,431,0,54,279,98,13,29,3,417,76.2,121,Safe
Tam O'Shanter-Sullivan (118),2025,486,1,68,323,95,11,3,1,484,75.7,122,Safe
Old East York (58),2025,496,0,84,345,70,6,4,2,493,75.2,123,Safe
Golfdale-Cedarbrae-Woburn (141),2025,465,0,73,281,111,19,3,0,460,75.1,124,Safe
Bayview Village (52),2025,517,0,65,334,118,8,3,1,517,75.0,125,Safe
East End-Danforth (62),2025,485,0,65,321,100,21,13,3,477,74.2,126,Safe
Agincourt North (129),2025,492,1,78,313,104,14,4,2,491,73.8,127,Safe
Don Valley Village (47),2025,511,0,64,313,137,12,6,2,506,73.8,127,Safe
Bathurst Manor (34),2025,505,1,99,336,69,10,10,2,502,72.5,129,Safe
Stonegate-Queensway (16),2025,547,0,78,363,107,12,7,2,541,72.4,130,Safe
Downtown Yonge East (168),2025,493,1,61,313,119,26,36,9,475,70.4,131,Safe
Junction Area (90),2025,575,0,75,367,134,13,14,4,564,70.1,132,Safe
West Hill (136),2025,528,4,87,347,96,23,7,4,523,70.0,133,Safe
Rosedale-Moore Park (98),2025,557,0,91,370,97,8,26,3,538,69.7,134,Safe
Clairlea-Birchmount (120),2025,610,2,72,402,137,14,4,2,605,69.6,135,Safe
St.Andrew-Windfields (40),2025,591,0,94,403,98,9,11,3,587,69.6,135,Safe
Harbourfront-CityPlace (165),2025,629,0,75,452,103,16,11,5,621,69.3,137,Safe
Kensington-Chinatown (78),2025,543,0,77,323,145,27,40,2,525,67.0,138,Safe
Moss Park (73),2025,610,1,108,388,115,24,37,3,597,63.3,139,Safe
Humber Summit (21),2025,674,1,128,407,139,14,8,2,665,62.5,140,Safe
South Riverdale (70),2025,726,0,101,470,157,14,22,4,719,61.6,141,Safe
Agincourt South-Malvern West (128),2025,760,0,120,486,159,11,6,2,754,60.6,142,Safe
Wellington Place (164),2025,701,1,93,466,146,24,46,6,683,59.8,143,Moderate
Yorkdale-Glen Park (31),2025,859,0,94,520,246,10,5,2,853,57.6,144,Moderate
Etobicoke City Centre (159),2025,837,1,108,524,205,15,3,7,832,57.3,145,Moderate
Yonge-Bay Corridor (170),2025,793,0,92,550,152,32,52,6,766,56.0,146,Moderate
Morningside Heights (144),2025,800,1,153,493,159,16,11,0,796,55.4,147,Moderate
Bendale-Glen Andrew (156),2025,843,0,126,502,218,23,1,3,839,55.1,148,Moderate
South Parkdale (85),2025,866,1,134,574,159,19,8,6,856,54.7,149,Moderate
St Lawrence-East Bayfront-The Islands (166),2025,904,1,117,603,186,18,28,6,893,52.5,150,Moderate
Annex (95),2025,829,0,123,554,154,26,60,5,805,52.0,151,Moderate
Woburn North (142),2025,936,1,143,634,165,21,7,2,932,51.7,152,Moderate
Banbury-Don Mills (42),2025,969,0,148,618,210,10,5,5,965,50.1,153,Moderate
Milliken (130),2025,982,1,134,649,205,20,12,2,979,49.5,154,Moderate
Dorset Park (126),2025,1093,0,173,736,192,23,6,3,1089,43.5,155,Moderate
York University Heights (27),2025,1113,0,194,677,245,18,10,2,1103,39.7,156,Risky
West Humber-Clairville (1),2025,1345,0,245,813,288,24,10,6,1337,25.9,157,Risky
Wexford/Maryvale (119),2025,1966,1,267,1345,360,41,19,8,1948,0.0,158,Very Risky
